"Input URL","Title","Link","Published","Description","Source","Category"
"https://news.google.com/rss/search?q=world+news+site:cnn.com","Sam Neill, Jurassic Park actor, has died","https://www.cnn.com/2026/07/13/entertainment/sam-neill-jurassic-park-dead-intl-hnk","Mon, 13 Jul 2026 06:12:47 GMT","


            Legendary New Zealand actor Sam Neill, who starred in ‘Jurassic Park' and ‘Peaky Blinders,' died Monday in Sydney, Australia at age 78, his family said.
    


            “It is with immense sadness that the whānau of Sam Neill share the news of his passing,” said the statement posted to the actor's Instagram page, using the Māori word for extended family or community.
    


            “The loss was sudden and unexpected but blessed by the fact that Sam remained cancer free,” said the statement.
    


            Neill had battled a rare and aggressive form of blood cancer but revealed in April he was cancer free.



            “Sam was surrounded by family and passed with the dignity that has characterized his whole life,” said the statement. “The family would like to express their deepest gratitude to the staff at St Vincent's Private Hospital for their incredible care.”
    


            “More details will be shared later, but for now, on behalf of the family, we ask that you respect their privacy as they navigate this immeasurable loss.”
    


            The acclaimed actor starred in dozens of films and television series over his genre-spanning, five decade career, including the Oscar-winning film “The Piano,” but he is best known for playing the iconic Dr. Alan Grant in Steven Spielberg's “Jurassic Park.”
    


            “It's been a very happy, surprising life,” Neill told CNN in 2023, on the 30th anniversary of the movie's release.
    


            “I never expected to have a career in film at all, or even as an actor. But it kind of happened, and no one's more surprised than me.”
    


            Fellow New Zealand actor Karl Urban said Neill was “an inspiration for many who followed in his trailblazing footsteps. A beautiful man, A national treasure who gave so much to New Zealand and the to world.”
    


            Neill was born in Northern Ireland and immigrated to New Zealand's South Island at age 7. He was awarded many accolades throughout his career, including the Officer of the Order of the British Empire in 1991 and a knighthood from New Zealand in 2022.
    


            When he was presented the Screen Legend Award at the 2025 New Zealand Screen Awards he accepted the honor with his characteristic self-deprecating charm:
    


            “If you stick around long enough, you probably, you know, qualify, and I've been just sort of sticking around.”
    


            Neill had a rich life outside of Hollywood, largely spent on his sprawling New Zealand farm. He famously named his farm animals after Hollywood icons, many of them becoming unwitting icons on Neill's social media pages.



            “I love to name as many of my animals as possible after my friends,” he told Vulture in 2019. “It doesn't always end well. Meryl Streep was killed by a ferret recently. I found her as a pile of feathers one day.”
    


            He was a passionate environmental activist, and in early 2026 released a short documentary opposing a proposed fast-track, industrial goldmine in New Zealand's Central Otago region.
    


            It was in his beloved rolling Otago hills where he started his own organic winery, Two Paddocks, back in 1993, with a mission to produce a good pinot noir that his friends and family would enjoy.
    


            “Frankly, my friends will pretty much drink anything, so this didn't seem too hard,” Neill said, according to the Two Paddocks website.
    


            In 2023, Neill revealed he had been diagnosed with angioimmunoblastic T-cell lymphoma and underwent chemotherapy.
    


            He wrote his memoir ‘Did I Ever Tell You This?' in a few months while receiving treatment in 2022.
    


            In a 2024 interview with the Australian Broadcasting Corporation (ABC) he said he was not afraid of dying but it would be “very irritating.” 



            “I'm not in any way frightened of dying,” Neill said. “I'd be annoyed because there are things I still want to do. Very irritating, dying, but I'm not afraid of it.”
    


            Neill jokingly described his family life as “somewhat haphazard” because of his international acting career.
    


            He had four children: Tim, his son with ex-wife Lisa Harrow; Elena, his daughter with ex-wife Noriko Watanabe; Maiko, Wanatabe's daughter from her first marriage who Neill adopted; and Andrew, who was put up for adoption but who he later reunited with; as well as several grandchildren.
    


CNN's Hilary Whiteman and Todd Symons contributed reporting.


© 2026 Cable News Network. A Warner Bros. Discovery Company. All Rights Reserved.  CNN Sans ™ & © 2016 Cable News Network.

Scan the QR code to download the CNN app on Google Play.

Scan the QR code to download the CNN app from the Apple Store.","{'href': 'https://www.cnn.com', 'title': 'CNN'}","world"
"https://news.google.com/rss/search?q=world+news+site:cnn.com","Graham's death highlights a power shift and a new question: What's coming next in Washington?","https://www.cnn.com/2026/07/13/politics/lindsey-graham-death-mitch-mcconnell-hospital-what-next","Mon, 13 Jul 2026 04:00:25 GMT","


            The death of Sen. Lindsey Graham and the long hospitalization of Sen. Mitch McConnell, the former majority leader, are poignant reminders that time conquers even political careers marked by great power and ubiquity.
    


            But a closing era in the Senate GOP is also one data point in a wider trend: The tectonic plates of US politics are shifting as postponed generational change beckons, battles rage over the ideological futures of both parties, and leaders struggle to ease voter anxiety over eroded economic security and war abroad.
    


            President Donald Trump is wielding power as relentlessly as ever to try to slow the political clock and to dispel the curse of the lame duck. But his fixation with physical monuments to his presidency also speaks to the mindset of an 80-year-old second-termer consumed by legacy.
    


            Once votes are counted after the midterm election in November, the question of what follows his decadelong stranglehold on the GOP will become irresistible.
    


            A parallel succession crisis is already stirring in the Democratic Party, as insurgent progressives challenge establishment power. The debacle over Graham Platner — forced to fold his campaign for the critical Maine Senate seat that could decide the chamber's fate — suggests the internal and institutional failings that helped Trump win the White House in 2024 persist.
    


            This sense that the old political order is crumbling is reinforced by the failure of either party to offer strong solutions to dispel an affordability crisis.
    


            While Trump boasts of an economic “golden age” that doesn't ring true for most voters, he's escalating the war with Iran, which he's warned could cause a new Great Depression. And he refused to sign a new bill tackling one of the most pressing issues for families — affordable housing — because GOP senators won't pass a measure indulging his voter fraud falsehoods.
    


            Democrats risk looking just as self-absorbed as they feud over the party's soul. Democratic leaders are also being rattled with demands for a new, younger corps to take the helm, and democratic socialists are keying into economic angst by demanding a sharp left turn. The establishment, meanwhile, fears losing the political center.
    


            There's little sign in opinion polls that Democrats have restored the fractured trust of voters. And while Trump's deep unpopularity might be enough to deliver a blue wave in November, there's no sense that the party has even crystallized its midterm message yet, never mind broken through to voters.
    


            The party's internal schism was highlighted by one of its most high-profile candidates, progressive Michigan Senate primary contender Abdul El-Sayed, who sought to widen his appeal Sunday by insisting he's not “a socialist.” He told CNN's Manu Raju, “I believe in capitalism. I just believe that capitalism has to be regulated.”
    


            In some ways, Democrats are navigating the kind of anti-establishment transformation ignited by Trump — against leaders like McConnell — in the GOP a decade ago.
    


            The Republican's Party revolution was epitomized by Graham's ideological pliancy. Once he was a traditional hawk, a down-the-line neoconservative and remnant of Reagan-era foreign policy who stood for much that Trump despised. Yet he became a confidant of the president.
    


            Trump, who spoke to Graham shortly before his sudden death after an aortic tear, said his friend had been full of “vim and vigor.” The president told Jake Tapper on CNN's “State of the Union” that Graham's passing was “a terrible loss” and added: “He was a great politician. He was a natural.”
    


            Their closeness was all the more remarkable since Graham had been best friends with Sen. John McCain, one of the last Republican giants to stand up to Trump. Many in the political circle of McCain, who died in 2018, felt betrayed by Graham, given Trump's incessant mockery of the longtime Arizona senator after his passing.
    


            Critics also claimed Graham harbored a craven tendency to sidle up to power — no matter who held it. But there were some signs that the South Carolina senator bought some influence with Trump, especially after he indicated the president might finally embrace an attempt by Congress to tighten sanctions on Russia over the war in Ukraine. Graham visited the war-torn but defiant nation just before he died.
    


            Graham's role as a courtier to Trump gave him a measure of influence in the Senate. He could serve as an interlocutor with the president with the Republican Party on Capitol Hill. He operated at the fulcrum of the party's ideological divides. And in warm tributes, several Democrats, while noting deep political differences with Graham, noted his good humor, friendships and increasingly rare willingness to work across party lines.
    


            “Many of us consider him the Trump whisperer. If we wanted to know what the president's thinking was, or how he might be moved on something, you would go to Lindsey to discuss,” Sen. Adam Schiff, a California Democrat, said on NBC's “Meet the Press.”
    


            Graham's unusual bridge across party lines is now history. And his death will cause other short-term complications for GOP leaders.
    


            Trump is certain to try to widen a campaign to cement his MAGA legacy by choosing his friend's replacement in South Carolina in a sprint primary election. The president's priority bill tightening election registration — which critics see as an attempt to sway the midterms — just lost a huge supporter. So did Ukraine and Israel, which loomed large in Graham's hawkish worldview. Both nations valued him as a conduit to Trump and an influential voice in his own right.
    


            Those two nations will also soon lose another staunch supporter as former Senate Majority Leader McConnell is due to retire in January. The veteran senator's legacy will endure long after he's returned to Kentucky, particularly given his role in delivering a robust conservative majority on the Supreme Court.
    


            McConnell's swan song has been tainted by his reluctance to provide details of a hospital stay. Last week, CNN exclusively reported that the senator, 84, was taken from his Washington home by ambulance in June.
    


            On Sunday, McConnell told Kentuckians in a long-awaited statement that he hadn't had a stroke or a heart attack, and that physicians found no tumors, but that he experienced a fall and then a mild case of pneumonia. The former GOP leader, now in a rehabilitation center, vowed to return to the Senate as soon as possible.
    


            McConnell was first elected to the Senate in 1984. Like one of his chief adversaries, Democratic former House Speaker Nancy Pelosi, he can lay claim to one of the most consequential political careers of the early 21st century. And Graham had held his Senate seat since 2003.
    


            The chamber will take some getting used to next year without either Republican titan, in the latest sign that a generation of leaders that dominated Washington politics — and in Graham's case, political talk shows — is leaving the stage.
    


            At a perilous national moment, when the political system seems unable to answer voters' most basic needs and both parties face emerging fights over ideology and succession, it is not yet clear who will fill the vacuum.
    

© 2026 Cable News Network. A Warner Bros. Discovery Company. All Rights Reserved.  CNN Sans ™ & © 2016 Cable News Network.

Scan the QR code to download the CNN app on Google Play.

Scan the QR code to download the CNN app from the Apple Store.","{'href': 'https://www.cnn.com', 'title': 'CNN'}","world"
"https://news.google.com/rss/search?q=world+news+site:cnn.com","‘I'm a dead man walking': The Ethiopian migrants waiting on Saudi Arabia's death row","https://www.cnn.com/2026/07/13/africa/ethiopian-migrants-saudi-arabia-death-row-intl","Mon, 13 Jul 2026 04:01:25 GMT","


            Amanuel wakes up each day not knowing if it will be his last. A rap at his cell door could mean his time is up; no farewell call, no last meal. Executions in Saudi Arabia often arrive without warning.
    


            “I'm a dead man walking,” he says. “After my friends were executed, I don't eat food, I don't drink water.”
    


            Amanuel is a pseudonym for one young prisoner who's been imprisoned for several years. CNN obtained his account from inside Khamis Mushait prison, in the southwest of Saudi Arabia. CNN is not naming him for his own protection.
    


            He is among around 60 Ethiopians sentenced to death on drug-related charges in one cell alone at Khamis Mushait, according to rights groups, with more held in other cells there.
    


            “These are not isolated cases,” said Maya Foa, chief executive of human rights group Reprieve. “There is a clear pattern of Saudi authorities targeting vulnerable migrants. Often, their true ‘crime' appears to have been crossing the border, in search of a better life.”
    


            CNN has also heard from relatives of three other men held on death row in Saudi Arabia on similar charges. All said they had learned of the arrests only weeks after sentencing, through word of mouth or community contacts, not from Ethiopian or Saudi officials.
    


            “What I'm praying for, and what I need from the world, is to put positive pressure on the Saudi government to reconsider this decision,” said Selam, a sibling of one of the men, using a pseudonym to protect their family. “Please, Saudi government, we beg your mercy to my brother and others in a similar situation.”
    


            A total of 356 people were executed in Saudi Arabia last year, the highest number in recent history, according to Saudi records compiled by NGOs. Of those, 240 had been convicted of drug offenses, most of them foreigners. Two years before that, in 2023, the same monitors recorded two such executions in the entire year. The number executed for non-lethal drug crimes this year has reached 71, with Ethiopians representing the biggest number of foreign nationals.
    


            Taha al-Hajji, a Saudi lawyer living overseas who's the legal director of the European Saudi Organization for Human Rights, outlined serious concerns about due process in the kingdom.
    


            “Capital trials in Saudi Arabia routinely fail to meet even minimum guarantees of fairness,” he said. “Defendants are denied legal representation and adequate interpretation, leading to migrants being convicted and sentenced to death without understanding the process – often on the basis of torture ‘confessions.'
    


            “This is not justice: it is state violence, inflicted on defenseless people.”
    


His family say he was a fisherman. The Saudis say he smuggled drugs. He was one of hundreds executed this year



            CNN reported in November on a similar case in Saudi Arabia's Tabuk prison, where an Egyptian fisherman was sentenced to death after being detained on drug-smuggling charges.
    


            Khamis Mushait, where Amanuel is held, holds many stories like his, human rights advocates say.
    


            Amanuel says he fled Ethiopia's Tigray region during the pandemic, in the middle of the country's civil war, and spent two years stranded in Yemen before eventually crossing into Saudi Arabia. He says he worked there as a shepherd for three months.
    


            When that ended, his employer, a Saudi national, offered him something else, a job moving goods from place to place, and Amanuel says he didn't think much of it. “The men who offered me the work were Saudi. I trusted them.”
    


            A few years ago, while making a delivery, he tells CNN he was arrested after police found hashish in his vehicle.
    


            “We thought just we were carrying some normal things,” he said.
    


            What came next, he says, was a beating with an electrical cord and kicks to his body. Documents in a language he could not read were placed in front of him to sign regardless. He says no lawyer came, nor anyone from the Ethiopian embassy in Riyadh.
    


            Of his three court hearings, only the last had a translator – a brief session in which the judge read out the sentence. There was no appeal, he was told. Amanuel was sentenced to death.
    


            A Christian, Amanuel no longer wears a cross for fear of persecution and was once beaten for it. “He tied my hands behind my back, beat me, and left me in the sun for three hours.” He says he can no longer practice his faith at all.
    


            Four of his cellmates have attempted to take their own lives, he says. Each time, the others in the cell intervened to save them.
    


            Saudi Arabia has not yet responded to CNN's request for comment on the foreign prisoners detained in its prisons on drug-related charges, the conditions under which they are held, their access to legal representation and the number executed.
    


            Two weeks ago, five of Amanuel's cellmates were executed. “First, they called two names, then five more. Then the first two came back. The other five didn't,” Amanuel says.
    


            In a public statement the Saudi authorities said the individuals “undertook to jointly smuggle hashish into the Kingdom … the investigation resulted in charges being brought against them for committing the crime. They were referred to the competent court … The ruling became final after appeal and subsequent affirmation by the Supreme Court.” The statement added: “(The) Kingdom of Saudi Arabia is committed to protecting the security of citizens and residents from the scourge of drugs, and to imposing the harshest penalties prescribed by law against those who smuggle and promote them.”
    


            “(After the execution) a guard crossed the block and spoke to a Saudi prisoner, who signed to us what happened with a finger to his neck. We had to notify the families ourselves,” Amanuel told CNN.
    


            He has not, however, told his mother or his father that he is on death row. “I don't want the news to be the thing that kills them.” Only distant relatives have some inclination of the severity of his situation, he says, and he's only asking them for one thing: “Pray for me.”
    


            Amanuel's story follows a path taken by hundreds of thousands of migrants each year. Most are Ethiopians leaving the Horn of Africa – one of the world's poorest regions, battered by drought and armed conflict – in search of work in Saudi Arabia. A bilateral labor agreement, a formal deal governing how Ethiopians can legally work in the kingdom, has opened up legal routes for migration, though many still cross irregularly.
    


            “This is the largest migration route on the continent in absolute terms,” said Ayla Bonfiglio, head of the Mixed Migration Centre (MMC) Eastern and Southern Africa. “We estimate more than 100,000 Ethiopian migrants cross into Saudi Arabia every year, and that's likely an undercount, since most of our data comes from what's captured in Yemen.”
    


            The United Nations' International Organization for Migration (IOM) describes the same corridor, running through Djibouti and then by boat across the Bab-el-Mandeb Strait or Gulf of Aden to Yemen, as one of the busiest and riskiest migration routes in the world.
    


            The journey is perilous. “Those with some level of resources to transit Djibouti pay smugglers to move them by car or truck at night,” Bonfiglio said. “Those without have to walk, sometimes 200 to 250 kilometers (124 to 155 miles), in extreme heat, hoping their families can send money to pay smugglers in (the port city of) Obock before they arrive.”
    


            For many, surviving the journey is only the beginning of their ordeal.
    


            The families CNN spoke with in Tigray said their relatives were held for ransom by unknown groups during their journey through Yemen. The abductors forced them to borrow money to secure their release.
    


            “He was trapped, and we borrowed money for him to be released. We still haven't paid the families back yet,” one relative said.
    


            It's a debt many migrants never escape, according to Surafel Getahun, who studies irregular migration from Ethiopia. To repay smugglers, he explained, migrants are often pressured or coerced into carrying hashish or khat, a plant-based stimulant, into Saudi Arabia. Khat is legal across much of East Africa but banned in the kingdom, a distinction that smugglers exploit.
    


            “Migrants aren't aware it (khat) is banned in Saudi Arabia,” Getahun said, adding that “smugglers take advantage of this and make them carry it without explaining the serious risks.” Some are then caught and arrested.
    


            Against this backdrop, Girmachew Adugna, who specializes in migration from Ethiopia and the Horn of Africa, questions the use of the death penalty for non-violent drug offenses. Ethiopian migrants are particularly vulnerable, he said, because language barriers, limited access to legal assistance and allegations that some were coerced by traffickers into carrying drugs can undermine their right to a fair trial.
    


            He said direct talks between Ethiopia and Saudi Arabia could help ensure Ethiopian migrants receive a fair trial and legal protection.
    


            The two countries have cooperated on migration before. Saudi Arabia and Ethiopia carried out large-scale returns between 2017 and 2022, with roughly 500,000 Ethiopians deported over that period, according to Bonfiglio.
    


            In 2022, the two governments agreed to repatriate more than 100,000 Ethiopians living in Saudi Arabia without legal status, many of whom had been held in detention centers that rights groups described as overcrowded and abusive. At that time, the IOM estimated that there were 750,000 Ethiopians in Saudi Arabia, of whom about 450,000 had entered irregularly.
    


            For some of those held in Saudi Arabia's prisons, signs of Ethiopia's intervention would bring hope, and potentially a difference between life and death.
    


            Amanuel says Ethiopian diplomatic representatives visited the prison last month and promised his case would be reviewed. Despite this, Ethiopia's government has not publicly challenged Saudi Arabia over the Ethiopians held on drug charges in its prisons.
    


            Ethiopia's Ministry of Foreign Affairs declined to comment to CNN on individual cases, citing the sensitivity of ongoing legal processes. In a written statement, it said it maintains “regular communication and constructive engagement” with Saudi authorities, and cited 1,971 Ethiopian nationals who have “benefited from royal amnesties,” though it did not say whether that included any of the men sentenced to death for drug offenses.
    


            Saudi authorities have not yet responded to CNN's request for comment.
    


            For now, Amanuel says, all he can do is wait for the knock he knows will come without warning.
    


            “I don't know exactly when it will happen. It could be tomorrow,” he said. “Every time they knock, I feel it might be my turn.”
    

Niguse Desta contributed to this report from northern Ethiopia

© 2026 Cable News Network. A Warner Bros. Discovery Company. All Rights Reserved.  CNN Sans ™ & © 2016 Cable News Network.

Scan the QR code to download the CNN app on Google Play.

Scan the QR code to download the CNN app from the Apple Store.","{'href': 'https://www.cnn.com', 'title': 'CNN'}","world"
"https://news.google.com/rss/search?q=world+news+site:tass.com","US completes latest wave of strikes on Iran — CENTCOM","https://tass.com/world/2159273","Mon, 13 Jul 2026 03:24:51 GMT","

NEW YORK, July 13. /TASS/. The US military has completed its latest round of strikes against targets in Iran, hitting dozens of targets during the operation, US Central Command (CENTCOM) said.

""US Central Command (CENTCOM) completed a new wave of offensive strikes against Iran <...>, hitting dozens of targets at multiple locations with precision munitions to degrade Iran's ability to continue attacking international shipping flowing through the Strait of Hormuz,"" the command said on X.

According to CENTCOM, US fighter jets, naval vessels and drones struck Iran's air defense systems, coastal radar installations and boats during the operation.","{'href': 'https://tass.com', 'title': 'tass.com'}","world"
"https://news.google.com/rss/search?q=world+news+site:tass.com","Russian stock market rises at start of trading","https://tass.com/economy/2159337","Mon, 13 Jul 2026 08:14:55 GMT","

MOSCOW, July 13. /TASS/. The Russian stock market is rising at the start of the main trading session, according to Moscow Exchange data. The yuan exchange rate is declining.

As of 10:00 Moscow time, the MOEX and RTS indices rose by 0.15%, to 2,148.8 and 882.96 points, respectively. The yuan fell by 4.7 kopecks against the ruble from the previous session's close to 11.27 rubles.

By 10:15 Moscow time, the MOEX index's growth had accelerated, with the index reaching 2,161.85 points (+0.76%), while the RTS index stood at 888.32 points (+0.76%). Meanwhile, the yuan declined to 11.2975 rubles (-1.95 kopecks).","{'href': 'https://tass.com', 'title': 'tass.com'}","world"
"https://news.google.com/rss/search?q=world+news+site:theguardian.com","US launches new wave of strikes against Iran as Tehran says diplomacy has proven ‘futile'","https://www.theguardian.com/world/2026/jul/13/us-iran-war-missile-strikes-news-attacks-strait-of-hormuz","Mon, 13 Jul 2026 08:28:00 GMT","

American and Iranian forces exchange heavy missile and drone attacks over control of strait of Hormuz, increasing pressure on truce

The US military has launched a new wave of attacks against Iran amid the escalating standoff over the strait of Hormuz, with Tehran saying the latest strikes had “rendered futile” all the diplomatic efforts of the past few months.

The US military began launching more strikes against Iran at 9pm GMT on Sunday, US Central Command (Centcom) said on X, “to continue degrading their ability to attack civilian mariners and commercial ships freely transiting the Strait of Hormuz”.

It added that President Donald Trump “has directed the strikes to hold Iranian forces accountable”. Trump, referring to the weekend strikes on Iran, said: “We're beating them ​up.”

Iran retaliated by attacking nations in the region hosting US military forces. Jordan's army said it had shot down four Iranian missiles. Kuwait's armed forces said they were responding to “hostile aerial targets” on Monday as Iran carried out strikes on US interests in the Gulf.

The ​strikes were the latest in a cycle of attacks and counterattacks as Iran seeks to assert control over shipping through the vital energy route, but the barrage marked an escalation in pace and range. Centcom said it carried out about 140 strikes on Saturday night.

The renewed violence has cast further doubt on the future of an interim US-Iranian truce agreement signed last month. Centcom said some ships were continuing to cross the waterway.

Iran's earlier strikes on Sunday extended to Qatar, a mediator in ceasefire talks that had not come under attack since April. The United Arab Emirates, ⁠which had not been targeted since early May, said its air defences had engaged missiles and drones from Iran.

Iranian media said on Sunday there had been missile attacks and explosions around the port cities ‌of Sirik and Bandar Abbas, home to military facilities on the ‌Hormuz strait, and nearby Qeshm Island.

Iran condemned the latest wave of US attacks, with the foreign ministry saying they had “rendered futile all efforts of the past few months to reduce tension and establish peace in the West Asian region”.

The ministry also said in the statement: “The US regime has also caused the return of insecurity in the strait of Hormuz and disruption of international commercial shipping by openly interfering in the process of Iran implementing the necessary arrangements in the strait of Hormuz.”

The ministry also said talks between Iran and Oman on Saturday in Muscat – focused on arrangements for managing the strait and transit ‌routes – were unable to reach a result because of “overt and covert” US pressure on Oman.

In the past week Trump has said he considers the ceasefire over, while leaving the door open to more talks. However, Iran's top negotiator, Mohammad Bagher Ghalibaf, posted on X on Sunday: “The era of one-sided deals is OVER. We told you: keep your word or pay the price. Reality is knocking.”

The flare-up is the latest to undermine the interim agreement between Washington and Tehran that aimed to reopen the Hormuz strait and end ⁠the war after a further 60 days of negotiations. The conflict has caused global economic shock waves since it began in late February, driving energy prices higher and fuelling global inflation. Higher prices – especially for petrol – are politically sensitive for Trump ahead of November's US congressional elections.

Oil prices, which had tumbled since the announcement of the agreement, rose more than 3.5% when futures trading opened on Monday in Tokyo, with the US benchmark WTI jumping above $74 a barrel.

Iran has sought to establish a permanent system for collecting fees in the strait, which carried a fifth of the world's oil and liquefied natural gas shipments before the war, and has warned vessels not to sail without its ‌authorisation.

Iran's recently created Persian Gulf Strait Authority said on Sunday that passage through the strait was not currently possible due to what it called recent illegal US military movements in the region. Permits would be issued “as soon as stability and calm are restored”, it said.

The US, which revoked the licence authorising the sale of Iranian crude oil on Tuesday after earlier attacks on shipping, said its forces were positioned to safeguard freedom of navigation despite what it described as “aggression, harassment, threats and arbitrary declarations” from Iran.

The US Navy-led Joint Maritime Information Centre reiterated guidance that, despite a severe security threat, an “expanded” southern route near Oman was available for two-way traffic.

Centcom said on Saturday that US forces had hit more than 300 Iranian military targets over three nights this week, while Iran's ​Revolutionary Guards said that in response it struck targets in Jordan, Kuwait, Oman and Qatar – claims that were unable to be independently verified.

With Agence France-Presse, Reuters and AP","{'href': 'https://www.theguardian.com', 'title': 'The Guardian'}","world"
"https://news.google.com/rss/search?q=world+news+site:theguardian.com","Ukraine war briefing: Zelenskyy replaces PM and flags law enforcement overhaul","https://www.theguardian.com/world/2026/jul/13/ukraine-war-briefing-zelenskyy-replaces-pm-and-flags-law-enforcement-overhaul","Mon, 13 Jul 2026 05:02:00 GMT","

Yulia Svyrydenko steps down, possibly to become US ambassador, amid reshuffle; Ukrainian strikes cripple Russian shipping in Azov sea. What we know on day 1,601

Yulia Svyrydenko stepped down on Sunday as Ukraine's prime minister amid predictions she would become Kyiv's ambassador to the US. Volodymyr Zelenskyy, the Ukrainian president, said there would also be changes in the top ranks of law enforcement agencies.

Reuters reported that well-informed opposition lawmaker Yaroslav Zhelezniak tipped Svyrydenko to take up the post of ambassador to the US; while the new PM was most likely to be Serhiy Koretskyi, head of state energy company Naftogaz. Lawmakers said other possible successors included Svyrydenko's predecessor, Denys Shmyhal, currently energy minister; or Mykhailo Fedorov, the defence minister.

Zelenskyy said Ukraine was “changing its political strategy” and he had offered Svyrydenko the opportunity to lead “a new, important area” in Ukraine's relations with a key international partner. It comes after the Nato summit in Ankara where a thaw in relations with Donald Trump's administration was evident, and the US president promised to give Ukraine a licence to build Patriot air defence missiles.

Over the past year, Ukraine has been shaken by its largest corruption scandal, which ‌led ⁠to the resignation of the influential head of the presidential administration. Zelenskyy also triggered protests in 2025 when he moved to strip anti-corruption bodies of their independence. The president was forced to back down.

Drone attacks killed three people and wounded five in the Moscow region, the governor said on Monday, as Ukraine continues to target Russian oil and gas facilities and military-related factories. “In the settlement of Pionersky in Istra, three people were killed and three more wounded as a result of a drone falling,” Andrey Vorobyov said. Two more people were wounded in another part of the region, the governor said, adding that air defences shot down 81 drones over the region.

Ukrainian drones on Monday morning blew up an oil depot in Mikhailovsk city in Russia's Stavropol region, social media channels from both Russia and Ukraine said. “An enemy drone attack is being repelled in the vicinity of Stavropol,” the regional governor, Vladimir Vladimirov, posted online – a Russian version of events that often follows a strategic target being hit.

Earlier, a Ukrainian attack hit the Syzran oil refinery in the Samara region of Russia's south-west, Russian media said. Pictures showed plumes of black smoke rising over the site. Officials said one person was killed and the regional governor, Vyacheslav Fedorishchev, said a child was one of three injured. Ukraine denies targeting civilians.

Russia was forced to suspend shipping in the Sea of Azov after 90 vessels were targeted by Ukrainian drones in less than a week, Luke Harding writes from Kyiv. Ukraine's drone forces chief, Robert Brovdi, said on Sunday that his units had hit 10 tankers and four ferries overnight, as well as a major oil refinery in the city of Syzran. There had been several strikes on electricity substations in occupied Crimea, he added.

Ukraine's allies known as the “coalition of the willing” will be meeting in Paris on Monday for talks on pressuring Russia to end its more than four-year war. France's president, Emmanuel ​Macron, said in Ankara that he would use the summit to unveil new defence initiatives and joint military exercises. The meeting ⁠will also focus on tackling Russia's shadow fleet, new military capabilities for Ukraine, greater mobilisation of defence industries and deeper operational cooperation among Kyiv's backers, ​Macron said. Keir Starmer, Britain's outgoing prime minister, is among those expected to be in Paris, as well as EU leaders Ursula von der ⁠Leyen ​and António Costa. Two ⁠more countries, Moldova and North Macedonia, have joined the coalition, the Elysee said.

A French presidency official said the focus would be anti-ballistic-missile cooperation ranging from sourcing more US Patriot interceptors and advancing the deployment of the Franco-Italian SAMP-T air defence system to looking at how the European and Ukrainian defence industries could develop alternatives. One option under consideration was for different European nations to cooperate on a system ‌that would complement SAMP-T and/or Patriot and give Ukraine a significant role in production.

Volodymyr Zelenskyy described the late US senator Lindsey Graham as “a true defender of freedom and the values that make our world safer”. Graham, 71, died on Saturday, reportedly from a massive heart attack. He had just returned from a trip to Ukraine and was a staunch supporter of its battle against Vladimir Putin's invasion. David Smith writes that on Friday, Graham had announced an agreement with the Trump administration to move forward on a package of sanctions against Russia.

Russian drones attacked Odesa on Sunday evening, Ukrainian regional officials said. Earlier, a wave of Russian drones and missiles killed four people, Ukrainian officials said on Sunday. Three died in attacks on Ukraine's central Dnipropetrovsk region, including two in a strike on an “industrial enterprise” in the city of Kryvyi Rih, regional officials said. A separate drone attack on the southern city of Kherson killed a 48-year-old, said the mayor, Yaroslav Shanko. Ukrainian strikes on the Russian-occupied part of Ukraine's Zaporizhzhia region meanwhile left four dead, Russian officials said.","{'href': 'https://www.theguardian.com', 'title': 'The Guardian'}","world"
"https://news.google.com/rss/search?q=world+news+site:theguardian.com","Fire bomber planes battle Fontainebleau forest blaze near Paris","https://www.theguardian.com/world/2026/jul/13/france-fires-wildfires-fointaineblue-forest-paris","Mon, 13 Jul 2026 07:18:00 GMT","

Wildfire quickly burnt more than 800 hectares, with villages evacuated, highway partly closed and high-speed rail disrupted

French officials rushed two firefighting planes to the Paris region on Sunday after a “very virulent” fire of “exceptional scale” erupted in the sprawling Fontainebleau forest about 60km (40 miles) south-east of the capital.

The fire began late afternoon in the one-time royal hunting preserve that today is dotted with quiet villages. It raced across 800 hectares (2,000 acres) and was still spreading early on Monday, officials said, causing the partial closure of the A6 highway, the country's main north-south artery, and disrupting traffic during a busy, heatwave-stricken summer travel weekend.

High-speed rail was also disrupted. French rail company SNCF said on Sunday evening there were delays of up to six hours for trains arriving at or leaving from Paris's Gare de Lyon.

Firefighting aircraft had to suspend operations at nightfall on Sunday. About 15 homes were evacuated in the village of Vaudoue and firefighters were defending several other towns in the area, said the local Seine-et-Marne fire service.

Without the firefighting planes, other villages would already have been evacuated, said Olivier Compta, who was overseeing the firefighting operation.

About 400 firefighters worked to contain the fire, which erupted two days before the 14 July Bastille day national holiday.

Eric Brocardi, of France's national federation of firefighters, said it was the first time firebomber planes had been sent up from the normally drier and hotter south of the country to extinguish fires in the Paris region.

Two firefighting helicopters and an observation aircraft were also helping to fight the blaze, he added. “The aim is to save lives and property,” he said as the fire advanced.

Earlier, firefighters dealt with a fire that had blocked a highway running east from Paris and disrupted a high-speed train line to the south of France.

The Paris region – and large parts of the rest of France – have been sharing in a succession of heatwaves since May that have seen temperature records broken in several countries across Europe and have caused thousands of excess deaths, according to estimates in Belgium, Britain, France and Spain. Several other European countries have faced record-breaking average temperatures.

The June heatwaves would have been “virtually impossible” without climate change, the World Weather Attribution group of scientists said.

The interior minister Laurent Nunez, whose office announced he would visit Fontainebleau on Monday, said that forest fires had already consumed 17,000 hectares this year. Once the figures had all been tallied, that would come to 25,000 hectares – “twice as much as the same period” in 2025, he added.

With Agence France-Presse","{'href': 'https://www.theguardian.com', 'title': 'The Guardian'}","world"
"https://news.google.com/rss/search?q=world+news+site:theglobeandmail.com","Opinion: A U.S. bridge shakedown in a rough world","https://www.theglobeandmail.com/politics/opinion/article-a-us-bridge-shakedown-in-a-rough-world/","Mon, 13 Jul 2026 01:41:14 GMT","

The Gordie Howe International Bridge, under construction to link Detroit, Michigan, with Windsor, Ontario, as seen in a drone image in February.Dax Melmer/Reuters

“Nice bridge you got there,” the thugs said. “It'd be a shame if something happened to it.”

That's not a verbatim transcript of what U.S. President Donald Trump's operatives told Prime Minister Mark Carney about the Gordie Howe International Bridge, but it might as well have been.

The U.S. President just shook down this country, refusing to allow the opening of a new Windsor-Detroit bridge that Canada paid for until our government agreed to handover more of the toll proceeds to a Michigan fund and provide guarantees that the new bridge won't compete too hard with the existing Ambassador Bridge owned by a Republican donor. 

Splitting Gordie Howe bridge profits with U.S. ‘good deal' for both countries, minister says

And so Mr. Carney accepted a bad deal, because the benefits of a new cross-border span on the busiest international trade corridor in the world outweigh the lost cash. “Elbows up” isn't much of a strategy given the choice was between an open bridge and a closed one.

The demeaning concession was a bit of realpolitik. Mr. Carney took one on the nose.

For Canada it was another teachable moment in an ongoing cautionary tale. Mr. Trump didn't just use leverage to get a good deal. He ripped up the old one. As if tearing up an agreement means nothing. 

It's a rough-and-tumble world for Canada now. So, perhaps it would be good to cast back to last Thursday, when Mr. Carney defended meeting Saudi Arabia's Crown Prince Mohammed bin Salman without saying much about human rights.

Standing next to MBS, as the Crown Prince is known, would never be a public relations boon for any Canadian prime minister. 

Prime Minister Mark Carney, left, and Crown Prince of Saudi Arabia Mohammed bin Salman speak as they walk to a welcome ceremony at the Royal Palace in Jeddah, Saudi Arabia, July 9.Adrian Wyld/The Canadian Press

He was fingered by the U.S. intelligence community for dispatching a crew that killed and dismembered Washington Post columnist Jamal Khashoggi in 2018. That same year, he blew up relations with Canada over a tweet posted by then-foreign affairs minister Chrystia Freeland calling for the release of dissidents.

Mr. Carney went to Saudi Arabia last week to turn the page on all of that, and seek new investment and trade – without talking about rights.

“Lecturing countries from afar is an ineffective strategy,” Mr. Carney said during a press conference. “It's satisfying, but it's ineffective.”

And he's right.

Gordie Howe bridge to open July 27 after Canada, U.S. reach deal

Let's skip over the fact that Mr. Carney was not, in fact, “afar,” but in Jeddah, where he could have lectured in person.

The Prime Minister's broad approach is a needed corrective from decades of preachy Canadian foreign policy. Conservatives said they wouldn't go along to get along, then Liberals mistook values statements for progress.

Former prime minister Joe Clark, who served seven years as foreign minister, complained in 2013 that Canada “lectures and leaves.”

That used to be a luxury we could afford. Now, it's a rougher world.

There is still a need to press values, of course.

One has to worry that Mr. Carney's silence on whether India was involved in the 2023 assassination of Canadian Sikh activist Hardeep Singh Nijjar might encourage impunity. 

It's best to do more than talk: Canada joined European nations in pressing Russia over its invasion of Ukraine and seeks to isolate President Vladimir Putin despite U.S. reticence.

Mr. Trump's bridge shakedown illustrates why Canada needs to open lines to more countries: Not to replace the U.S., but to provide more alternatives. When we can only build a bridge to the U.S., the Americans will demand we pay.

‘No big drama' surrounding Gordie Howe Bridge, Carney says

Maybe we should have seen it coming. In 2012, Stephen Harper's government agreed to pay the whole $6.4-billion cost of the Gordie Howe bridge because the U.S. Congress wouldn't fund half. The father of the current owner of the Ambassador Bridge, the late Matty Moroun, was a big Republican donor and he didn't want the competition. 

Now, Mr. Trump had disregarded the lopsided deal that was struck then. And you won't see a lot of Americans complaining their own government is a shameless bully that shook down its neighbour.

Americans, maybe more than citizens of any other country, have trouble empathizing about such things, perhaps because they rarely happen to a superpower. Many Canadians have bristled when the U.S. Ambassador to Canada, Pete Hoekstra, says he doesn't understand why Canadians are mad at things Mr. Trump has done. He's not acting. He really doesn't get it.

MBS probably wouldn't get it, either. But he wants alternatives for trade, too, and he would have reasons to stick to a deal he makes. At any rate, he leads a country that Canada doesn't have to depend on. And Canada needs a lot of partners like that. 

Report an editorial error

Report a technical issue

Editorial code of conduct

Daily astrology with Sally Brompton

Solve today's puzzle

Witty word play at its best

Three difficulty levels to solve

Authors and topics you follow will be added to your personal news feed in Following.

© Copyright 2026 The Globe and Mail Inc. All rights reserved.

Andrew Saunders, President and CEO","{'href': 'https://www.theglobeandmail.com', 'title': 'The Globe and Mail'}","world"
"https://news.google.com/rss/search?q=world+news+site:theglobeandmail.com","Oil jumps 3% after U.S., Iran escalate strikes in Mideast","https://www.theglobeandmail.com/investing/article-oil-jumps-3-after-us-iran-escalate-strikes-in-mideast/","Mon, 13 Jul 2026 00:08:39 GMT","

Oil prices jumped on Monday as ​Iran expanded strikes on Gulf ‌states following attacks by the United States, threatening energy shipments via the Strait of Hormuz.

Brent crude futures climbed $2.34, or 3.08%, to $78.35 ⁠by ​2311 GMT, while U.S. West Texas Intermediate crude rose $2.21, or 3.09%, to $73.62 a barrel.

Over the weekend, Tehran extended strikes on Qatar and the United Arab Emirates while the ​U.S. launched further strikes on Iran, ‌the latest in a cycle of attacks and counter-attacks over shipping through the strait.

U.S. President Donald Trump said on Sunday that the Strait of Hormuz is open to commercial traffic, although ‌Iran declared ​earlier that it ‌closed the strait after a vessel traveled on an ​unapproved route and was struck.

Six vessels transited ⁠the strait on Sunday, shiptracking data from Kpler ⁠showed, the lowest number in five weeks.

The escalating attacks cast further ​doubt on the future of an interim U.S.-Iranian agreement signed last month that aimed to reopen the strait and end the war after a further 60 days of negotiations.

Following the agreement, global oil supply ⁠rose by 4.1 million barrels per day in June, but remained 9.4 million bpd below pre-war levels, the International Energy Agency said in its monthly report on Friday.

“Hopes of a relatively quick resolution to the recent skirmishes ⁠may be in doubt after tension ​escalated over the weekend,” ANZ analysts said in a note.

IG ⁠market analyst Tony Sycamore said the relatively tame rise in oil prices suggested ‌the market was taking the view that the current flare ​up represented an escalation within a fragile truce and fell well short of a complete collapse of the ceasefire.

“How accurate that view is remains to be ​seen,” he said in a note.

Report an editorial error

Report a technical issue

Daily astrology with Sally Brompton

Solve today's puzzle

Witty word play at its best

Three difficulty levels to solve

Authors and topics you follow will be added to your personal news feed in Following.

© Copyright 2026 The Globe and Mail Inc. All rights reserved.

Andrew Saunders, President and CEO","{'href': 'https://www.theglobeandmail.com', 'title': 'The Globe and Mail'}","world"
"https://news.google.com/rss/search?q=world+news+site:dw.com","Iran war: US carries out fresh strikes near Strait of Hormuz","https://www.dw.com/en/iran-war-us-carries-out-fresh-strikes-near-strait-of-hormuz/live-77926628","Mon, 13 Jul 2026 05:28:33 GMT","

The US army said the strikes near the vital waterway were intended to ""degrade"" Tehran's ability to attack commercial ships. Iran has retaliated by targeting US allies in the region. Follow DW for the latest.

Follow DW's coverage of the war between the US and Iran on Monday, July 13.

Tired of missing our real-time updates? Click here Then tap the ""Star"" or ""Preferred"" to keep DW News at the top of your feed.

Iran said that it destroyed radar systems in Oman, news agency AFP reported on Monday, citing a statement published by the Iranian Islamic Revolutionary Guard Corps' (IRGC) media arm.  

The IRGC Navy ""targeted and destroyed"" a long-range airborne radar and a ship-detection radar in Oman, the IRGC said in a statement run by its outlet Sepah News. 

There is yet to be a statement from Oman on the Iranian attack.

On Sunday, Oman  — which long played the role of an interlocutor between Iran and the West — had summoned the Iranian ambassador to lodge a formal protest over Tehran's attacks on Omani territory. 

Jordan said it shot down four missiles launched by Iran, state news agency Petra reported on Monday. 

According to Petra, a Jordanian source military said that the missiles ""breached"" the Jordanian airspace from Iranian territory early in the morning, adding that no casualties or material damage was reported in the incident.

There was no immediate comment from Iran on the claimed downing of its missiles. 

Kuwait's armed forces said on Monday they were responding to ""hostile aerial targets"" on Monday as Iran retaliates over US airstrikes.

""The Armed Forces are currently intercepting hostile aerial targets within Kuwaiti airspace,"" the head of Kuwait's army said in a statement ran by the official KUNA news agency.

Iran's Islamic Revolutionary Guard Corps (IRGC) said it had struck the Sheikh Isa Air Base in Bahrain on Monday in what it described as a second phase of Tehran's retaliatory strikes against recent US attacks. 

Bahrain's air raid alarms went off for the second time in two hours, according to posts made by the US ally's interior ministry on X. 

Bahrain is home to the US Navy's 5th Fleet.

Iran struck US military bases in Kuwait, state media IRNA cited the Islamic Revolutionary Guard Corps (IRGC) as saying.

The Ali Al-Salem air base — which hosts members of the US Air Force — was reportedly among the sites attacked.

The US Central Command (CENTCOM) said that it has concluded a new wave of strikes against Iran, hitting dozens of targets at multiple locations with precision munitions.

The US forces hit Iranian air defense systems, coastal radar sites, missile and drone equipment and small boats, according to a statement released by CENTCOM on Monday.

It said that the US used fighter aircraft, naval vessels, one-way attack aerial drones, and one-way attack sea drones for the first time during the latest strikes.

The US military insisted that Tehran ""does not control"" the Strait of Hormuz.

""The Strait of Hormuz is a vital maritime corridor for global trade. Iran does not control it,"" CENTCOM said.

The statement also said that the US military was ""postured and prepared to ensure that freedom of navigation remains available to commercial shipping"" despite what it alleged was Tehran's ""continued unwarranted aggression, harassment, threats and arbitrary declarations.""

In a statement, Iran's paramilitary Islamic Revolutionary Guard Corps (IRGC) announced that it had launched a new series of strikes across the Middle East.

The IRGC said it fired missiles and drones at the Prince Hassan Air Base in Jordan, setting fuel tanks and ammunition depots on fire.

The IRGC described the strikes as the first phase of its response to US attacks on Iranian coastal bases.

Air raid sirens rang through Bahrain on Monday morning, the island nation's interior ministry said, ordering ordered residents to seek shelter as Iran targets US interests in the Gulf in response to latest US strikes.

""The siren has been sounded... citizens and residents are urged to remain calm and head to the nearest safe place,"" the Ministry of Interior posted on X. 

One person died and four others were injured in a US strike on a water pumping station in Iranian city of Mahshahr in the southwest, Iran's official IRNA news agency reported early Monday. 

""Following the attack of the American enemy on Monday morning... one person was martyred and four others were injured,"" IRNA cited Valiollah Hayati, Khuzestan province's deputy governor for security and law enforcement, as saying. 

There was no immediate statement from the United States on the reported attack. 

Iranian Foreign Ministry spokesman Esmail Baqaei on Sunday called on United Nations Secretary-General Antonio Guterres to urge all parties involved  in the Iran war to stop allowing the United States to use their territories as what he called ""launchpads for aggression against Iran"".

Guterres had earlier released a statement expressing his concern over ""the serious escalation and renewed military confrontations in the Gulf,"" including the Iranian attacks on vessels in the Strait of Hormuz, the attacks by the US on Iran, and the attacks by Iran on targets in the neighboring nations.

Baqaei responded to the statement claiming that the escalation was not a military confrontation. 

""It is the continuation of a blatant and unprovoked act of aggression initiated on 28 February by the United States and Israel,"" he said on X. 

The spokesman continued to say that Tehran does not ""attack.""

""Iran's strikes on US military bases and assets stationed in the southern Persian Gulf constitute a legitimate and lawful exercise of its inherent right to self-defense under international law,"" he said.

He also attempted to correct Guterres, insisting on the use of the term ""Persian Gulf.""

""BTW, it is 'Persian Gulf'; please be loyal to the UN directives (notably on 18 August 1994, and 14 May 1999) mandating the use of the full term ""Persian Gulf"" in all UN texts,"" Baqaei remarked.

Baqaei said that it was ""far from responsible"" to blame Tehran for ""defending its sovereignty while failing to hold the aggressors accountable for their egregious violation of international law.""

Iran reacted to the latest round of US strikes on its territory by saying they have ""rendered futile"" the diplomatic efforts of the past few months.

According to a foreign ministry statement cited by the AFP news agency, the US military strikes ""has caused the return of insecurity to the Strait of Hormuz and disruption of international commercial shipping.""

Tehran also blamed Washington for ""openly"" interfering in the process of ""Iran implementing the necessary arrangements"" in the Strait.

The US military said it is carrying out strikes in Iran on Sunday night.

According to the US Central Command (CENTCOM), the strikes are to ""continue degrading"" Iran's ability to attack commercial ships going through the Strait of Hormuz.

The strikes were directed by US President Donald Trump, CENTCOM said on its official X account. 

Explosions were heard in several locations in Iran's southwest, including in the key city of Bandar Abbas and the Bushehr region, Iranian media reported.

The US carries out another round of strikes against Iran, its army said, as the situation around the Strait of Hormuz intensifies. 

On its side, Iran blamed Washington for violating the agreement between the two countries.

Join us as we bring you all the latest news on the ongoing conflict between the US and Iran.","{'href': 'https://www.dw.com', 'title': 'DW.com'}","world"
"https://news.google.com/rss/search?q=world+news+site:dw.com","Germany: Iraqi sentenced to life for enslaving Yazidi girls","https://www.dw.com/en/germany-isis-member-enslaved-abused-yazidi-girls-iraq/a-77928732","Mon, 13 Jul 2026 08:48:45 GMT","

The man and his former partner are accused of holding two Yazidi girls captive for years while subjecting them to forced labor, abuse and torture before handing them over to other IS members.

A German court on Monday sentenced an Iraqi couple linked to the so-called ""Islamic State"" militant group to lengthy prison sentences over the enslavement and abuse of two Yazidi girls.

The Federal Public Prosecutor's Office charged the couple with committing war crimes, genocide and crimes against humanity. They were also accused of sexually abusing children and aiding and abetting the listed offenses.

The man was sentenced to life in prison, while his former partner was given a juvenile sentence of nine and a half years.

The couple, identified as Twana H.S. and Asia R.A.  in line with German privacy law, were most recently living in Germany and were arrested in the southern state of Bavaria in April last year.

The court proved that the defendants had enslaved and raped two Yazidi girls, as members of the Islamic State — the group that was documented by several countries including Germany to have committed genocide against the Yazidi population in Syria and Iraq.

The couple bought the two Yazidi girls as slaves in Iraq and exploited them, subjecting them to forced labor and torture. The man was found to have sexually abused the children.

""The monstrous violence is so far removed from any sense of humanity that it seems unreal,"" the representative of the Federal Public Prosecutor's Office said. 

The former partner, now aged 30, had apologised during the trial. Her former husband had declined to speak in court.

Edited by: Zac Crellin

Don't let the algorithm hide the news. If you rely on our team for trusted reporting, please take a moment to select us as your Preferred Source on Google by clicking here and hitting the ""star"" or ""preferred"" button, so you'll always see our verified news first.","{'href': 'https://www.dw.com', 'title': 'DW.com'}","world"
"https://news.google.com/rss/search?q=world+news+site:dw.com","German coalition agrees on changes to pensions, tax rates","https://www.dw.com/en/german-coalition-agrees-on-changes-to-pensions-tax-rates/a-77805373","Mon, 13 Jul 2026 01:01:19 GMT","

After its first year in office, Germany's coalition government plans to push through sweeping changes with the stated goal of reviving a sluggish economy. The plans met with a mixed reaction.

Germany's chancellor, Friedrich Merz, said his conservative Christian Democratic Union/Christian Social Union (CSU) bloc and the center-left Social Democrats (SPD) had approved a ""catalog of significant reforms"" to ""modernize"" the economy and restore competitiveness.

The announcement came at a press conference on Thursday, with Merz standing alongside SPD leaders Bärbel Bas and Lars Klingbeil, as well as the leader of Bavaria's conservative CSU, Markus Söder. The four coalition leaders had met in Berlin the previous day to hammer out the final details of their package.

Measures include €10 billion ($11.4 billion) in income tax relief, the end of phone-based sick notes and the implementation of pension commission proposals by the end of 2026.

To view this video please enable JavaScript, and consider upgrading to a web browser that supports HTML5 video

To view this video please enable JavaScript, and consider upgrading to a web browser that supports HTML5 video

""We are providing relief to employees and businesses by cutting taxes and reducing bureaucracy. We have now completed our first year of reform. From the very beginning, we set an agenda serving a single goal: We want to get Germany moving again. It is now clear that this is possible,"" Merz said.

With his party lagging behind the far-right Alternative for Germany ​party in polls, Merz faces pressure ​to ‌pass reforms to reinvigorate Europe's largest economy but has struggled to overcome wrangling ‌within the coalition.

Appearing alongside Merz at the Chancellery garden press conference, the three other leaders of the coalition parties enthusiastically hailed the reforms.

Klingbeil, the SPD co-leader and finance minister, said he believes the reforms will enjoy widespread public support, particularly regarding fairness. 

The coalition had ""agreed on solutions that can be supported by a broad majority of our society,"" he said, adding that he was ""firmly convinced that these decisions will give our country new strength.""

Bas, another SPD co-leader, said the package would ""indeed ensure that the economy grows again, that we achieve growth and secure jobs, while maintaining social balance, and, above all, that we strengthen cohesion within our country.""

Meanwhile, CSU leader Söder described the package as ""well-rounded.""

Each coalition partner would have liked to see more in certain areas, he said, adding, ""But a coalition means compromise.""

""We are making progress,"" said Söder. While the package was not a ""big bang"" in itself, he noted, it was another step away from economic stagnation.

To view this video please enable JavaScript, and consider upgrading to a web browser that supports HTML5 video

Deutsche Bank CEO Christian Sewing welcomed the reform package, describing it as an important launchpad to restore Germany's competitiveness.

""This reform package is a very successful starting point and supports our call for reforms that promote growth, competitiveness and innovation,"" the head of Germany's biggest bank said. 

Sewing added that the government must now maintain that momentum, push ahead with implementation, and launch further reforms.

The German Insurance Association (GDV) warmly welcomed the governing coalition's measures aimed at boosting growth. 

""What is now decisive is swift and consistent implementation as part of the parliamentary process,"" said GDV Managing Director Jörg Asmussen.

Rainer Dulger, president of the Confederation of German Employers' Associations, also welcomed the coalition's reform package as a ""long-overdue change of course.""

Dulger said the package strengthened competitiveness and confidence. 

However, he also called for further measures, arguing that social security contributions remained too high and that there were no signs of relief for high performers and major contributors.

To view this video please enable JavaScript, and consider upgrading to a web browser that supports HTML5 video

The Verdi services trade union has sharply criticized the government's reform package, viewing the planned requirement for workers to provide a doctor's certificate from the first day of illness as an expression of a culture of mistrust.

""Mistrust toward employees and the expansion of the madness of fixed-term employment contracts do not create growth,"" said Frank Werneke, head of Verdi, which is Germany's second-largest trade union.

IG Metall, Germany's largest trade union, was more ambivalent in its response than Verdi, describing the package as a ""mixed bag of light and shadow.""

Christiane Benner, the union's chair, welcomed planned tax relief for workers. But she lamented the expansion of fixed-term employment contracts, calling it an ""attack on workers' rights."" 

She also opposed the abolition of telephone sick notes, saying it fulfilled employers' ""antisocial wish list.""

Felix Banaszak, co-leader of the environmentalist Green Party, sharply criticized the government's reform package, saying it amounted to a ""vote of no confidence in citizens.""

The socialist Left Party condemned the coalition's reform package as a ""program of mistrust and ignorance.""

""A few euros less in taxes do not compensate for higher living costs, insecure pensions, and rising burdens in the healthcare system,"" the party leadership said.

Family doctors described the government's plans on sick notes as ""absolutely catastrophic.""

Markus Blumenthal-Beier, chairman of the German Medical Association, said the coalition was ""accepting the complete overburdening of our doctors' practices.""

He said it would lead to a ""massive wave of bureaucracy"" and longer waiting times for patients in need.

Edited by: Sean Sinico, Dmytro Hubenko

Don't let the algorithm hide the news. If you rely on our team for trusted reporting, please take a moment to select us as your Preferred Source on Google by clicking here and hitting the ""star"" or ""preferred"" button, so you'll always see our verified news first.","{'href': 'https://www.dw.com', 'title': 'DW.com'}","world"
"https://news.google.com/rss/search?q=us+national+news+site:apnews.com","Man who killed Dartmouth professors at 17 seeks reduced prison sentence","https://apnews.com/article/dartmouth-zantop-murders-tulloch-juvenile-life-sentence-09f9dd7868602151397ad8f60b829845","Mon, 13 Jul 2026 04:16:00 GMT","




Copyright 2026 The Associated Press. All Rights Reserved.




Copyright 2026 The Associated Press. All Rights Reserved.

Robert Tulloch, 17, is escorted into Lebanon, N.H. District Court by Tropper James Stienmetz, right, and Hanover Sgt. Jeffrey Fleury, Feb. 21, 2001. (AP Photo/Jim Cole, File)




CONCORD, N.H. (AP) — A Vermont man who was 17 when he and a friend killed a pair of married Dartmouth College professors 25 years ago is seeking to have his life sentence reduced to a minimum of 30 to 40 years.

Robert Tulloch, now 43, was automatically sentenced to life without parole after pleading guilty to first-degree murder in the 2001 stabbing deaths of Half and Susanne Zantop. But the U.S. Supreme Court ruled in 2012 that mandatory sentences of life without parole are unconstitutional for juveniles, and later applied that decision retroactively.

The rulings gave hundreds of juvenile lifers a shot at freedom, including five men serving life sentences in New Hampshire for murders they committed as teenagers. Tulloch's resentencing hearing, the last of the five, begins Monday in Grafton County Superior Court.

The state hasn't said what sentence it will seek. But in a court filing last week, Tulloch's lawyers argue that a minimum sentence in the range of 30 to 40 years is appropriate, based on a review of other murders committed by juveniles in New Hampshire and cases nationwide that were affected by the Supreme Court rulings.

Attorneys Richard Guerriero and Oliver Bloom also said Tulloch's prison records show he has matured, and that after some initial misconduct early on, he's had no major infractions since 2012 and no minor infractions since 2017. “The vast majority of his write-ups are for possessing too many books,” they wrote.

Quoting from Tulloch's therapy records, they said he has expressed “significant remorse” for what he sees as a heinous and unforgivable crime, his “warped youthful thinking,” and his “good capacity for empathy.”

According to Tulloch's friend, James Parker, the teens were bored with their lives in Chelsea, Vermont, when they concocted a plan to kill strangers, steal their money and move to Australia. For several months, they knocked on doors in New Hampshire and Vermont pretending to be conducting a survey on the environment before being let in by the Zantops. Susanne Zantop, 55, was head of Dartmouth's German studies department and her husband, Half Zantop, 62, taught Earth sciences.




Parker, who was 16 at the time, told prosecutors that Tulloch stabbed Half Zantop and then directed Parker to attack Susanne Zantop. Tulloch also stabbed her. Fingerprints on a knife sheath and a bloody boot print linked the teens to the crime, but after being questioned by police, they fled Vermont and hitchhiked west. They were arrested at an Indiana truck stop weeks later.

Parker, who cooperated with prosecutors and pleaded guilty to being an accomplice to second-degree murder, was released from prison on parole in 2024 at age 40, having served nearly the minimum term of his 25-years-to-life sentence.








“I think it's unimaginably horrible,” Parker said during his parole hearing when asked by a board member what he thought of what he did. “I know there's not an amount of time or things that I can do to change it, or alleviate any pain that I've caused.”

The Supreme Court rulings addressed only mandatory life sentences without parole for juveniles, leaving the U.S. the only country that allows discretionary life sentences for minors. Twenty-eight states and the District of Columbia have banned the practice, while another five states allow it but have no one serving such a sentence, according to the Campaign for the Fair Sentencing of Youth.

New Hampshire lawmakers have rejected attempts to end life sentences for juveniles, but Tulloch's case could bolster future attempts. After Tulloch argued in 2018 that sentencing juveniles to life without parole violated the state constitution, the judge asked the state Supreme Court to weigh in, but it declined. Last July, Superior Court Judge Lawrence MacLeod agreed with Tulloch, finding that the constitution categorically prohibits such sentences as “cruel or unusual” punishment.

Among the juvenile lifers nationwide who have been resentenced after the U.S. Supreme Court rulings, more than 75% have received sentences of less than 40 years, according to a study published in 2024 in the Journal of Criminal Justice.

In New Hampshire, one man was resentenced to life without parole after refusing to attend his hearing or authorize his attorneys to argue for a lesser sentence. Others received sentences of 25-, 40- and 45-years-to-life.





















Copyright 2026 The Associated Press. All Rights Reserved.","{'href': 'https://apnews.com', 'title': 'AP News'}","national"
"https://news.google.com/rss/search?q=us+national+news+site:apnews.com","Greece awaits Nolan's ‘The Odyssey' with anticipation despite casting controversy","https://apnews.com/article/odyssey-movie-what-greeks-think-f533923fe0bcbaca3bb042e9033e5c3c","Mon, 13 Jul 2026 04:28:00 GMT","




Copyright 2026 The Associated Press. All Rights Reserved.




Copyright 2026 The Associated Press. All Rights Reserved.

As the world prepares for a Hollywood adaptation of The Odyssey, Greek students continue a tradition that has endured for centuries. Every year, seventh-graders across Greece spend the entire school year studying Homer's epic, debating moral dilemmas, unpacking motives and flaws and identifying literary devices. (AP Video/Srdjan Nedeljkovic. Production/Theodora Tongas)

As the world prepares for a Hollywood adaptation of The Odyssey, Greek students continue a tradition that has endured for centuries. Every year, seventh graders across Greece spend the entire school year studying Homer's epic, debating moral dilemmas, unpacking motives and flaws, and identifying literary devices. (AP Video shot by Srdjan Nedeljkovic. AP Production by Theodora Tongas.)

Sculptor and ceramicist Haralambos Goumas works on a terracotta bust of the ancient Greek poet Homer, the author of the Iliad and the Odyssey, at his workshop in the Athens suburb of Aigaleo, Wednesday, May 27, 2026. (AP Photo/Petros Giannakouris)

Actor Manos Pintzis, portraying Odysseus, performs a theatrical production of The Odyssey in Athens, Sunday, March 29, 2026. (AP Photo/Petros Giannakouris)

A man walks past a mural by George Kordis depicting Odysseus blinding the Cyclops Polyphemus at the School of Philosophy of the National and Kapodistrian University of Athens, Wednesday, May 20, 2026. (AP Photo/Petros Giannakouris)

Seventh-grade students participate in a lesson on Homer's Odyssey at a Gymnasio (middle school) in the Athens suburb of Tavros, Wednesday, May 27, 2026. (AP Photo/Petros Giannakouris)

Teacher Filippos Mantzaris leads a lesson on Homer's Odyssey for seventh-grade students at a Gymnasio (middle school) in the Athens suburb of Tavros, Wednesday, May 27, 2026. (AP Photo/Petros Giannakouris)




























ATHENS, Greece (AP) — Christopher Nolan's “The Odyssey” opens Friday, to global anticipation and some controversy over his casting choices — but what do Greeks think?

Conversation about adaptations often revolves around how closely they follow a source text. But in a country where Homer's story is taught and retold at all schools, many point to how the epic has been kept alive for nearly 3,000 years: not despite reinvention, but because of it.

“What we want children to understand is that every new creation is exactly that — a new creation,” Filippos Mantzaris, who teaches “The Odyssey” to seventh graders, told The Associated Press. 

The film, starring Matt Damon as King Odysseus and a number of Hollywood stars, follows Homer's outline: The king's return home from war through gods and monsters to find a palace overrun by rivals.

In seventh grade, “The Odyssey” is taught in all Greek classrooms.

In Mantzaris' class, students eagerly debate Odysseus' encounters with monsters and other adventures. They are taught to compare the hero's intelligence with his strength, ask whether revenge is moral, whether the battle-hardened king is truly a role model, and whether his killing of his wife's suitors is justified. Role-playing exercises encourage children to imagine what they would do in Odysseus' place.

“It's an amazing literary text, with which children can identify, perhaps see Odysseus in themselves, but also see their own homeland,” Mantzaris said.

Kyriakos Agapiou, 12, said reading the poem in Mantzaris' class taught him: “That everything is possible and we should never give up.”




Farm scientist Nikos Varelas attended a stage adaptation with his 4-year-old son, after the pair read youth versions of both “The Iliad” and “The Odyssey” together.

“It is our duty as parents, as Greeks,” Varelas said.

Interpreting the story as theater, said actor Manos Pintzis, who portrayed Odysseus in the local production, helps children discover mythology in a way books alone cannot.

“You don't tell a child, ‘Just read the story because you have to,' because the child will resist when something is forced on them,” Pintzis said. “When the child sees all of this unfolding before their eyes — that becomes a valuable step toward learning, to willingly learn what they're expected to study.”

As the world prepares for a Hollywood adaptation of The Odyssey, Greek students continue a tradition that has endured for centuries. Every year, seventh graders across Greece spend the entire school year studying Homer's epic, debating moral dilemmas, unpacking motives and flaws, and identifying literary devices. (AP Video shot by Srdjan Nedeljkovic. AP Production by Theodora Tongas.)

In conservative circles in the U.S., much of the attention has focused on Nolan's casting choices rather than his adaptation of Homer's story.

Elon Musk claimed Nolan had desecrated “The Odyssey” after Black actor Lupita Nyong'o was picked as Helen of Troy — despite not having seen the movie. Conservative commentators including Matt Walsh argued the film prioritized identity politics, echoing past fan criticisms of sci-fi and fantasy reboots that cast Black and Latino actors as beloved characters of a different race or ethnicity.

In an interview with The Telegraph, Nolan said backlash “comes with the territory,” adding “these conversations that happen before people see the film — they're always irrelevant, because no one having them knows what the film actually is yet.”

Nolan told the AP he wanted to make the film accessible and relatable, and “not look back to sort of past Hollywood versions of how to take on the ancient world.”

“You want to question people's assumptions about how things should be portrayed in movies and what those are based on,” he said of his overall approach to the film. “There's a challenge to that and a risk to that. But my hope is that by creating a cohesive world, people understand the world as they watch the movie and they feel they understand it.” 

A man walks past a mural by George Kordis depicting Odysseus blinding the Cyclops Polyphemus at the School of Philosophy of the National and Kapodistrian University of Athens, Wednesday, May 20, 2026. (AP Photo/Petros Giannakouris)



The controversy hasn't found much purchase in Greece, where people are used to foreigners playing ancient Greeks.

Scotsman Gerard Butler bellowed “This is Sparta!” as King Leonidas in “300.” Oklahoma-born Brad Pitt played Achilles in “Troy.” Ireland's Colin Farrell starred as Alexander the Great alongside Angelina Jolie as his mother.

Anthony Quinn's performance in “Zorba the Greek” way back in 1964 remains one of Greece's most beloved screen portrayals of a Greek character.

Nolan's version continues the tradition with a star-filled cast including Nyong'o, Damon, Tom Holland, Anne Hathaway, Robert Pattinson, Zendaya and Charlize Theron, with narration from rapper Travis Scott.

In Greece, the small nationalist party Niki objected to the casting and a Greek government decision to provide roughly 6 million euros ($6.9 million) in subsidies to support local production. The party said Greek taxpayers were funding an imposition of “woke-type ideology” on Greek history and cultural identity, citing Musk.

Culture Minister Lina Mendoni offered a blunt rebuttal.

“It is not the state's role to dictate to a creator how they should artistically interpret a work or a myth,” she told the Greek popular culture magazine, Lifo. “Can we seriously be having a conversation about whether the state should censor Christopher Nolan?”

Actor Manos Pintzis, portraying Odysseus, performs a theatrical production of The Odyssey in Athens, Sunday, March 29, 2026. (AP Photo/Petros Giannakouris)



Christos Tsagalis, professor of ancient Greek literature at the Aristotle University of Thessaloniki, said it's ultimately up to moviegoers to judge whether the latest interpretation of “The Odyssey” works. What matters, he said, is whether it captures something fundamental about one of history's great stories.

Homer's works — retold and reinterpreted across generations — have endured by becoming universal, he said.

“I think it's wonderful that something that is created at a specific point in time by a given people is shared by so many people across the globe ... It's shared culture,” Tsagalis said.

“It's a fascinating story,” he said. “It is like a movie.”


















Copyright 2026 The Associated Press. All Rights Reserved.","{'href': 'https://apnews.com', 'title': 'AP News'}","national"
"https://news.google.com/rss/search?q=us+national+news+site:apnews.com","Trump suggests a standing order to attack Iran if it assassinates him. But Vance would make the call","https://apnews.com/article/trump-iran-threats-dead-mans-switch-vance-9f2fd9085fac9a0d67629ee9424d1fa4","Mon, 13 Jul 2026 07:18:00 GMT","




Copyright 2026 The Associated Press. All Rights Reserved.




Copyright 2026 The Associated Press. All Rights Reserved.

A mourner carries a sign reading “We Will Kill Trump” as people make their way to the funeral procession of the slain Iranian Supreme Leader Ayatollah Ali Khamenei in Tehran, Iran, Monday, July 6, 2026. (AP Photo/Vahid Salemi)

A woman holds a sign reading “We'll Kill Trump” while waiting in Islamic Revolution Square for the funeral procession of the slain Iranian Supreme Leader Ayatollah Ali Khamenei beneath a billboard depicting Khamenei in Tehran, Iran, Monday, July 6, 2026. (AP Photo/Altaf Qadri)

Mourners write messages on a wall, including one in English that reads “We will kill Trump,” during the funeral ceremonies for slain Iranian Supreme Leader Ayatollah Ali Khamenei and members of his family at the Imam Khomeini Mosalla Grand Mosque in Tehran, Iran, Saturday, July 4, 2026. (AP Photo/Altaf Qadri)

President Donald Trump speaks with reporters in flight on Air Force One after landing at U.S. Air Force Base at RAF Mildenhall, in Suffolk Eastern England, Wednesday, July 8, 2026. (AP Photo/Alex Brandon)

Vice President JD Vance speaks on the flight deck of the USS Kearsarge (LHD-3) in the New York harbor during The International Naval Review honoring America's 250th Anniversary, Saturday, July 4, 2026, in New York. (AP Photo/Frank Franklin II)
























WASHINGTON (AP) — President Donald Trump is suggesting he has left standing orders for the U.S. military to destroy Iran “ at levels they've never seen before ” if Tehran follows through on its long-standing threats to kill him. 

But the U.S. government has no way to create an automatic, preauthorized “dead man's switch” that would prompt immediate retaliation. 

Instead, if Trump were killed, the transfer of power to his successor is governed by the 25th Amendment and the Presidential Succession Act of 1947. Vice President JD Vance instantaneously would become commander in chief and have authority for any retaliation.

Under such a scenario, Vance could do exactly what Trump called for, though there also is a chance he could decide not to follow his predecessor's orders — or offer a direct response in a different way. 

“The U.S. has, for a whole variety of reasons, never utilized a technical ‘dead man's switch,'” said Garrett M. Graff, author of “Raven Rock: The Story of the U.S. Government's Secret Plan to Save Itself -- While the Rest of Us Die.” 

The United States does have extensive contingency plans for continuity of government in the event of a nuclear attack or other major catastrophe that wipes out most or all of Washington. But those plans also do not allow for immediately launching retaliatory strikes upon the death of a president, even if that president had demanded that the military be ready to do so. 

Trump nonetheless posted on his social media website Saturday that Iran had made threats “to assassinate, or attempt to assassinate” him and he said 1,000 “missiles are Locked and Loaded and aimed at the Islamic Republic of Iran, with thousands more to immediately follow, should the Iranian Government act on its threat.” 

Iran's supreme leader, Mojtaba Khamenei, said hours later that Iranians would continue to avenge the killing of his father, Ayatollah Ali Khamenei. The elder Khamenei died in the initial U.S. and Israeli strikes that started the war in late February, and he was mourned in funeral events throughout Iran this week. His son said retaliation “is the will of our nation and must certainly be carried out.”




“We pledge to take revenge for the pure blood of you and all the martyrs of these two wars from the criminal and disgraceful killers,” he said in remarks aired on state television. “This revenge is the will of our nation and must certainly be carried out.”

The White House on Saturday did not immediately answer questions about what would become of Trump's military orders should he be killed.

During those recent funeral events, mourners repeatedly held posters or banners calling for Trump to be killed along with Israeli Prime Minister Benjamin Netanyahu.

The Wall Street Journal reported this week that Israel alerted U.S. officials to fresh Iranian plots to kill Trump. The White House has refused to comment, but Trump appeared to reference such threats in comments during this week's NATO summit in Turkey, saying, “They want to take out the U.S. leader — me.” 

Sabrina Singh, former Biden administration deputy Pentagon press secretary, said “Iran wanting to target senior American leaders is something that we know is happening.” 

“You have to take these as credible threats,” Singh said. 

Trump was targeted in two domestic assassination attempts during the 2024 presidential campaign and saw a gunman storm the White House Correspondents' Association dinner he was attending in April.

The president flew part of the way back to Washington from Turkey this week aboard an older Air Force One jet rather than a new Qatari-gifted aircraft, raising fresh security questions about the newer plane. Images of the jet, which was retrofitted at an estimated cost of $400 million, show it is not equipped with some of the same missile detection and countermeasure systems as earlier versions. 

The swap occurred as the U.S. and Iran once again began trading strikes, jeopardizing last month's initial deal to end the war. Asked about Iranian threats, Trump told reporters aboard Air Force One, “I'm No. 1 on their list.”

Graff said the U.S. prepared years of plans for how nuclear launch authority would devolve in the event of a surprise attack. That included, during 30 years of the Cold War, the country keeping fleets of airborne command posts flying 24 hours a day with a general aboard one of them who could take over nuclear launch orders in the event Washington was lost.

“What I believe Trump is saying is that he's left standing orders to attack if he's killed, e.g., that the Pentagon should proceed with standard launch protocols,” Graff said. “There's a lot of reason to doubt the legality of such standing orders, since in the event of a president's death, the nuclear launch authority would immediately pass to the vice president or designated successor — and ultimately it would be up to him or her to determine whether to proceed.”

Trump's post only refers to firing missiles at Iran, which the U.S. has done scores of times since its war with Iran began. He did not expressly threaten involving nuclear weapons. 

Graff said that, in addition to leaving standing orders in case of his death, Trump also might say “something to Vance like, ‘If I'm killed, nuke Iran,'” and that would make ”more sense and would be absolutely legal.” 

Washington receiving credible threats against the president and top U.S. leaders from Iran and other foreign adversaries is not uncommon and is often disclosed via national security briefings or other classified means. But far less common is Trump declaring publicly that he personally has been targeted by Iran. 

Still, this is not the first time Washington has threatened Iran over threats against Trump.

In 2022, the Biden administration warned Iran against attacking U.S. citizens after the Justice Department's disclosure that a member of Iran's Islamic Revolutionary Guard Corps had planned to assassinate John Bolton, Trump's first-term national security adviser. Now a Trump critic, Bolton last month pleaded guilty to illegally retaining classified documents in a case led by Trump's Justice Department. 

President Joe Biden's national security adviser Jake Sullivan said in 2022 that “should Iran attack any of our citizens, to include those who continue to serve the United States or those who formerly served, Iran will face severe consequences.” 

Two years later, in the heat of Trump's campaign against Democrat Kamala Harris, Biden's vice president, the Biden administration again quietly warned Iran. This time, officials made clear that an attack on Trump would be considered an act of war.





















Copyright 2026 The Associated Press. All Rights Reserved.","{'href': 'https://apnews.com', 'title': 'AP News'}","national"
"https://news.google.com/rss/search?q=us+national+news+site:apnews.com","Latin American News","https://apnews.com/hub/latin-america","Mon, 13 Jul 2026 08:58:25 GMT","




Copyright 2026 The Associated Press. All Rights Reserved.




Copyright 2026 The Associated Press. All Rights Reserved.







Copyright 2026 The Associated Press. All Rights Reserved.","{'href': 'https://apnews.com', 'title': 'AP News'}","national"
"https://news.google.com/rss/search?q=us+national+news+site:foxnews.com","Four Americans caught in horrific Mexico highway pileup that killed at least 10","https://www.foxnews.com/world/four-americans-caught-horrific-mexico-highway-pileup-killed-least-10","Mon, 13 Jul 2026 01:27:32 GMT","


        This material may not be published, broadcast, rewritten, or redistributed. ©2026 FOX News Network, LLC. All rights reserved. Quotes displayed in real-time or delayed by at least 15 minutes. Market data provided by Factset. Powered and implemented by FactSet Digital Solutions. Legal Statement. Mutual Fund and ETF data provided by LSEG.
      

Fox News Flash top headlines are here. Check out what's clicking on FoxNews.com.

Four Americans were reportedly caught in a fiery multi-vehicle crash in Mexico that left at least 10 people dead and about 10 others injured. 

The massive pileup happened Sunday after a tractor-trailer crashed into multiple vehicles on a highway in the western state of Jalisco, according to the Secretariat of Security and Citizen Protection of Nayarit. 

While the agency reported 10 deaths, Mexico's Army, Air Force and National Guard said nine people were killed.

Jalisco Civil Protection told Reuters that four Americans suffered minor injuries and were transported to a local hospital.

EIGHT BELIEVED DEAD AFTER B-52 CRASHES SHORTLY AFTER TAKEOFF FROM EDWARDS AIR FORCE BASE

A vehicle was left charred and mangled following a massive multi-vehicle pileup in Jalisco, Mexico, on Sunday. (Secretariat of Security and Citizen Protection of Nayarit﻿)

""Four patients in minor condition, all U.S. citizens, were transferred to the Arboledas Hospital in Guadalajara by a private ambulance from the highway,"" Jalisco Civil Protection said.

Reuters reported that two of those killed were minors.

Another two of the injured were identified as National Guard members who suffered serious injuries and were taken to a hospital in Guadalajara, according to Reuters. 

Videos circulating on social media appeared to show several vehicles engulfed in flames along the highway connecting Guadalajara and Tepic, sending multiple plumes of black smoke into the air. 

MISSOURI SKYDIVING PLANE CRASH THAT KILLED ALL 12 ABOARD IS A 'DEVASTATING LOSS,' COMPANY SAYS

A firefighter works to douse the smoking engine of a destroyed vehicle after a devastating highway collision in Jalisco, Mexico, on Sunday. (Secretariat of Security and Citizen Protection of Nayarit﻿)

According to Mexican officials, the crash happened when a tractor-trailer apparently suffered a brake failure and slammed into a line of vehicles that had stopped because of an earlier accident. 

""According to initial reports, a trailer reportedly suffered a failure in its braking system and ended up crashing into several vehicles that were stopped due to a prior incident,"" Mexico's Army, Air Force and National Guard said in a post on X. 

POPULAR FLORIDA SOCIAL MEDIA INFLUENCER KILLED IN DRIVE-BY SHOOTING WHILE INSIDE LUXURY SUV

The initial accident reportedly involved a rear-end collision between two tractor-trailers. As emergency crews responded, a third tractor-trailer crashed into the scene, according to the Secretariat of Security and Citizen Protection of Nayarit. 

""As a result of this second impact, three private vehicles and two tractor-trailer trucks were completely destroyed by the fire,"" the authorities said. ""Additionally, two other private vehicles and an official Dodge Charger unit belonging to the National Guard sustained material damage. ""

Mexican authorities inspect the incinerated frame of a tractor-trailer on a highway connecting Guadalajara and Tepic in Jalisco, Mexico, on Sunday. (Secretariat of Security and Citizen Protection of Nayarit﻿)

CLICK HERE TO DOWNLOAD THE FOX NEWS APP

Firefighters later extinguished the blaze, officials said. 

Local outlet El Financiero reported that the driver of the tractor-trailer was detained by the National Guard. 

Reuters contributed to this report. 

Bonny Chu is a Breaking and Trending News Writer for Fox News Digital

Fox News' Antisemitism Exposed"" newsletter brings you stories on the rising anti-Jewish prejudice across the U.S. and the world.""

By entering your email and clicking the Subscribe button, you agree to the Fox News 
        Privacy Policy
       and 
        Terms of Use
      , and
      agree to receive content and promotional communications from Fox News. You understand that you can
      opt-out at any time.

Subscribed


      You've successfully subscribed to this newsletter!
    


        This material may not be published, broadcast, rewritten, or redistributed. ©2026 FOX News Network, LLC. All rights reserved. Quotes displayed in real-time or delayed by at least 15 minutes. Market data provided by
        Factset. Powered and implemented by
        FactSet Digital Solutions.
        Legal Statement. Mutual Fund and ETF data provided by
        LSEG.
      

","{'href': 'https://www.foxnews.com', 'title': 'Fox News'}","national"
"https://news.google.com/rss/search?q=us+national+news+site:foxnews.com","Mookie Betts becomes latest Dodgers player to skip White House visit, insists it's 'not political'","https://www.foxnews.com/outkick-sports/mookie-betts-latest-dodgers-player-skip-white-house-visit-insists-not-political","Mon, 13 Jul 2026 00:31:45 GMT","

The Los Angeles Dodgers beat the Arizona Diamondbacks 8-2 in their season opener, and are looking to three-peat as World Series champions. Colin Cowherd asks if this dynasty is good for baseball.

The Los Angeles Dodgers organization is the most successful current franchise on the field, and the most successful at finding ways to put themselves in the center of controversies.

All because they're in a constant tug of war between making left-wing fans and sportswriters happy, and remaining apolitical because they are, of course, a baseball team. When they won the 2024 World Series, they faced a firestorm of criticism from left-wing sportswriters and some extreme fans for accepting President Donald Trump's invitation to visit the White House.

That continued almost immediately after LA won the 2025 title too, with pro-immigration groups like the National Day Laborer Organizing Network asking the Dodgers, a baseball team, to stand ""on the right side of history."" Writers for the Los Angeles Times were equally absurd, saying, ""All in all, it's hard to imagine the Dodgers agreeing to a celebratory photo op with the president right now. Los Angeles is not just Dodger blue, but Democrat blue.""

DODGERS WILL AGAIN VISIT WHITE HOUSE TO CELEBRATE WORLD SERIES CHAMPIONSHIP, OFFICIAL SAYS

These criticisms were absurd, given that the traditional and ceremonial White House visit has nothing to do with politics. The Dodgers likely have players from all over the political spectrum. They have fans from all over the political spectrum. Yes, Los Angeles County is a Democratic Party stronghold. It also has more Republicans than any other county in the country, numerically. They also have a large national fanbase, with fans in states like Arizona, Georgia, and Texas who differ ideologically from those in LA County. Do those fans not matter?

President Donald Trump, center, holds a baseball jersey alongside Clayton Kershaw, pitcher for the Los Angeles Dodgers, left, and Mark Walter, owner of the Los Angeles Dodgers, right, in the East Room of the White House in Washington, DC, US, on Monday, April 7, 2025. (Jabin Botsford/The Washington Post via Getty Images)

But it's clear that the team's star players have heard them anyway, because shortstop Mookie Betts addressed them when saying he would not be joining his teammates on July 23.

The California Post reported over the weekend that Betts would be skipping the ceremony, though the 33-year-old said it had nothing to do with politics and more to do with spending time with his new baby.

""I'm not trying to make this a whole big deal,"" Betts said. ""We just had a baby. You don't get many days off. They're coming [on the road trip]. And just want to hang out with the fam. That's really kind of it. But people are gonna make it a whole bunch of other stuff.""

He continued, telling Jack Harris that he knows his decision will be scrutinized regardless.

""If I do [go], people are gonna hate me. If I don't, people are gonna hate me,"" he added. ""So instead of trying to make everyone else happy, I'm gonna think about myself and my family.""

NATE BARGATZE FACING CANCELLATION FROM THE LEFT FOR ATTENDING UFC 250 WHITE HOUSE EVENT: 'TEAM FASCISM'

He insisted that this decision was not politically motivated, and he did visit the White House after the team's 2024 title.

""People are gonna try to drag me into politics, just because I am who I am. That's just the cards I'm dealt,"" he said. ""So it is what it is.""

President Donald Trump greets player Mookie Betts during a ceremony to honor the Major League Baseball 2024 World Series Champion Los Angeles Dodgers in the East Room of the White House, Monday, April 7, 2025, in Washington. (AP Photo/Mark Schiefelbein)

Therein lies the problem with making these visits into a political statement, as sportswriters do. Betts may have a legitimate reason for skipping the visit; it is a long and grueling season and off-days are few and far between. The White House trip takes up most of the day and requires formal dress. He also went just last season. Yet at the same time, the All-Star break starts on Monday and gives Betts three days off, before a travel day to New York to play the Yankees starting Friday night.

So if there's ever a time during the season where skipping an off-day to go to the White House makes sense, it's the week after the All-Star break. Still, Betts has been to the White House several times before, making the trip somewhat less appealing.

CLICK HERE FOR MORE SPORTS COVERAGE ON FOXNEWS.COM

Kike Hernandez also said he would not be making the visit, though he's scheduled to be on a rehab assignment when the big league team is on the East Coast. Still, he told reporters he would probably not have gone, likely out of protest that the Trump administration enforces immigration law.

All of this debate and disagreement could be avoided if supposedly impartial sportswriters just stopped forcing their ideology into every available corner. They would never make this ceremony a political statement with a Democratic Party politician in charge, because in their minds, any policy enacted by a Democrat is reasonable, justifiable, and obvious common sense thinking. Regardless of how absurd that view is to those on the right.

Los Angeles Dodgers' Mookie Betts runs on a flyout during the sixth inning of a game against the Arizona Diamondbacks on Friday, July 10, 2026, in Los Angeles. (William Liang/AP)

OUTKICK IS NOW ON THE FOX APP: CLICK HERE TO DOWNLOAD

As manager Dave Roberts said, you should hope you get this invitation every season, because it means your team has won a championship. And these are athletes and coaches, not politicians. Especially not Hernandez, whose pro-illegal immigration stance does not make him a good person, no matter how much he wants it to.

Ian Miller is a writer at OutKick. 

Get all the stories you need-to-know from the most powerful name in news delivered first thing every morning to your inbox

Subscribed

You've successfully subscribed to this newsletter!


        This material may not be published, broadcast, rewritten, or redistributed. ©2026 FOX News Network, LLC. All rights reserved. Quotes displayed in real-time or delayed by at least 15 minutes. Market data provided by
        Factset. Powered and implemented by
        FactSet Digital Solutions.
        Legal Statement. Mutual Fund and ETF data provided by
        LSEG.
      

","{'href': 'https://www.foxnews.com', 'title': 'Fox News'}","national"
"https://news.google.com/rss/search?q=site:businessinsider.com","SK Hynix suffers a record stock plunge after its US debut euphoria","https://www.businessinsider.com/sk-hynix-stock-kospi-price-skhy-adr-samsung-korea-markets-2026-7","Mon, 13 Jul 2026 07:23:31 GMT","

Memory chip giant SK Hynix plunged more in South Korea on Monday, just one trading day after its blockbuster Nasdaq debut.

Shares listed on the Korea Exchange closed 15.4% lower — the stock's steepest decline on record — as investors locked in profits following a months-long rally and the company's closely watched US ADR listing. The event raised $26.5 billion — topping Alibaba's IPO more than a decade ago.

SK Hynix's American depositary receipts began trading on the Nasdaq on Friday, opening at $170 — about 14% above the $149 reference price — before ending their debut session up 12.8%.

Meanwhile, rival chipmaker Samsung Electronics lost over 10%.

Losses in the two index heavyweights sent the benchmark Kospi index sharply lower, triggering a 20-minute trading halt after a circuit breaker was activated for the seventh time this year. The index later closed nearly 9% lower.

Monday's sell-off also came as Asian markets broadly retreated amid renewed tensions in the Middle East and concerns about whether the AI-driven rally had outpaced fundamentals.

In Japan, the Nikkei 225 fell about 2% while hot memory chip stock Kioxia slumped nearly 13%.

Take a smarter break in your day - and see how far you get.

All three major US stock futures were lower early on Monday with Nasdaq futures trading 1.3% lower.

Despite the sharp pullback, analysts remain broadly constructive on SK Hynix. The company's Korea-listed stock has nearly doubled this year.

Morningstar values the company's ADRs at $160 and its Korea-listed shares at 2.4 million won each, implying the stock is fairly valued.

""The current memory upcycle is tracking substantially stronger than expected, but our base case continues to assume normalization in cycle dynamics, limiting upside at current levels,"" Morningstar analyst Lorraine Tan wrote in a note on Friday.

SK Hynix's stock rout in South Korea on Monday means that its ADR in the US is now trading at about a 37% premium — a valuation gap analysts are watching closely.

""Companies with both US and home-market listings often trade at a premium in the US, benefiting from broader investor access, deeper liquidity and stronger valuation support, as seen with TSMC,"" wrote James Ooi, a market Strategist at Tiger Brokers, on Monday.

Jump to


      Every time  publishes a story, you'll get an alert straight to your inbox!
    


      Look out for an alert in your inbox the next time  publishes a story!
    


      Every time a new  story is published, you'll get an alert straight to your inbox!
    


      Look out for an alert in your inbox the next time a new  story is published!
    




        By clicking “Sign up”, you agree to receive emails from Business Insider. In addition, you accept Insider's
        Terms of Service and
        Privacy Policy.
      ","{'href': 'https://www.businessinsider.com', 'title': 'Business Insider'}","business"
"https://news.google.com/rss/search?q=site:cnbc.com","Europe's Anduril rival Helsing raises $1.8 billion at $18 billion valuation","https://www.cnbc.com/2026/07/13/helsing-fund-raise-defense-18-billion.html","Mon, 13 Jul 2026 07:51:13 GMT","



European defense startup Helsing said Monday it has raised $1.8 billion in a funding round that values the German firm at $18 billion.

New and existing investors participated in the funding, including U.S. investment bank JPMorgan Chase and venture capital funds such as Lightspeed Venture Partners and Iconiq.

""Investor demand significantly exceeded the available allocation, reflecting strong and growing confidence in AI-driven and software-defined defence technology,"" Helsing said in a press release.

Helsing bills itself as a hardware and software platform for defense. It makes drones and underwater surveillance weapons, and it builds artificial intelligence and autonomous software to power these military applications.

The Munich-headquartered firm has positioned itself as a European champion in defense, with its HX-2 drones among the systems that are being supplied to the Ukrainian army. Helsing has benefited from a renewed focus from Europe on building more sovereign capabilities in technology and defense. 

""The company remains predominantly European-owned, underscoring its deep roots in Europe,"" Helsing said in its press release. 

The latest funding round will ""accelerate Helsing's mission to develop and integrate entirely new AI platforms into the defense capabilities of its growing number of partner nations,"" the startup added.

Private market investors have been eager to back new age defense companies. In the U.S., Helsing rival Anduril raised $5 billion at a $61 billion valuation in May. Shield AI and autonomous shipmaker Saronic are among some of the other startups that have raised funding recently. 

Got a confidential news tip? We want to hear from you.

Sign up for free newsletters and get more CNBC delivered to your inbox

Get this delivered to your inbox, and more info about our products and services.

© 2026 Versant Media, LLC. All Rights Reserved. A Versant Media Company.


      Data is a real-time snapshot *Data is delayed at least 15 minutes.
      Global Business and Financial News, Stock Quotes, and Market Data
      and Analysis.
    

Data also provided by","{'href': 'https://www.cnbc.com', 'title': 'CNBC'}","business"
"https://news.google.com/rss/search?q=site:cnbc.com","CNBC Daily Open: Chips ahoy, no Strait answer and earnings on deck","https://www.cnbc.com/2026/07/13/cnbc-daily-open-chips-ahoy-no-strait-answer-and-earnings-on-deck.html","Mon, 13 Jul 2026 06:06:56 GMT","



In this article

Hello, this is Leonie Kidd coming to you from London. 

The jitters around chip stocks have become a persistent market trend. This week kicks off with another leg down, led by South Korea's SK Hynix. 

Whether it's just profit-taking or signs of deeper concerns about the AI trade remains to be seen. 

Steep losses for South Korea's Kospi have triggered circuit breakers and halted trading. This comes after index heavyweight SK Hynix sank over 10% in Asian trade. The move reflects a mix of profit-taking and uncertainty over how the newly U.S.-listed shares should be valued relative to the Korean stock. 

The South Korean memory-chip maker had jumped 13% in its Wall Street debut on Friday, reflecting strong appetite from U.S. investors for AI-linked semiconductor stocks. 

""Everybody's really confused about what's going to happen to the memory demand and where the fair price is,"" Daniel Yoo, global strategist at Yuanta Securities, said on ""Squawk Box Asia."" 

Shares across the chip space fell in Asia, with Samsung leading the declines. 

Futures in both the U.S. and Europe are firmly in the red. 

Oil prices rose on Monday after the U.S. and Iran exchanged a series of strikes over the weekend. 

U.S. Central Command launched more missile attacks on Iran in response to the targeting of a container ship transiting through the Strait of Hormuz. 

Meanwhile, Iranian state media said Tehran's forces had hit U.S. targets in Jordan, Kuwait, Bahrain and Oman, also claiming that the Strait was closed. 

Reporting season gets underway this week, with big names including JPMorgan, Goldman Sachs and Netflix leading the pack. FactSet data shows that analysts estimate S&P 500 profits rose 23.3% year-over-year in the June quarter. If confirmed, that will mark the second straight quarter of earnings per share growth greater than 20%. Get the full details on CNBC Pro here. 

In Europe, Dutch semiconductor equipment supplier ASML is the big one to watch on Wednesday. In Asia, chip giant TSMC will headline earnings on Thursday. 

— Leonie Kidd

Sen. Lindsey Graham, influential lawmaker and Trump ally, dies at 71 after a brief illness

Sen. Lindsey Graham, R-S.C., has unexpectedly died, his office said Sunday.

""On the evening of Saturday, July 11, U.S. Senator Lindsey Graham passed away from a brief and sudden illness,"" Graham's office said in a statement on X.

Graham, a prominent Republican and ally of President Donald Trump, was 71.

""Senator Graham's family appreciates prayers at this time and asks for privacy during this incredibly difficult period,"" his office added.

— Azhar Sukri, Justin Papp, Angela D. Greiling Keane

Got a confidential news tip? We want to hear from you.

Sign up for free newsletters and get more CNBC delivered to your inbox

Get this delivered to your inbox, and more info about our products and services.

© 2026 Versant Media, LLC. All Rights Reserved. A Versant Media Company.


      Data is a real-time snapshot *Data is delayed at least 15 minutes.
      Global Business and Financial News, Stock Quotes, and Market Data
      and Analysis.
    

Data also provided by","{'href': 'https://www.cnbc.com', 'title': 'CNBC'}","business"
"https://news.google.com/rss/search?q=site:cnbc.com","CNBC Daily Open: Mideast tensions on the boil again as U.S., Iran trade strikes","https://www.cnbc.com/2026/07/13/cnbc-daily-open-mideast-tensions-on-the-boil-again-as-us-iran-trade-strikes-.html","Mon, 13 Jul 2026 01:06:00 GMT","



Hello, this is Hui Jie writing to you from Singapore. Welcome to another edition of CNBC's Daily Open.

The tech space continues to buzz: From SK Hynix's U.S. listing to AI executives predicting that demand will be ""almost unlimited,"" and workers saying that AI wealth should be more equitably shared.

But all that has been eclipsed by renewed tensions in the Middle East, which sent oil prices higher once again as the U.S. and Iran engage in military confrontation. 

After saying that talks with Tehran will continue, but the ceasefire was over, the U.S. launched strikes on Iran this weekend, while the latter retaliated by hitting American bases across neighboring countries.

The strikes have once again disrupted shipments via the Strait of Hormuz. According to Iran's Islamic Revolutionary Guard, the critical waterway was closed, but the U.S. Central Command, which oversees Mideast operations, said it was open. 

The developments signaled continued disruption to energy supplies, sending oil futures higher. U.S. crude oil futures were last up 4.03% at $74.31 per barrel and Brent futures, the international benchmark, traded 3.89% higher at $78.97. U.S. stock futures were down, with all three major indexes in negative territory. 

Away from oil, AI remains the dominant story in tech, although top executives and workers appear to be reading the boom quite differently. 

Several AI executives told CNBC that demand for AI remains strong, with Pat Gelsinger, the former Intel CEO and now general partner at Playground Global saying ""I somewhat think of AI demand as almost unlimited,"" with only energy being the limiting factor. 

However, workers see the sector differently, especially U.S. workers. A majority of U.S. employees now want to hold corporations more accountable via an AI sovereign wealth fund, amid dissatisfaction over a growing number of tech layoffs despite higher overall corporate profits, according to a recent poll.

As many as 69% of the Americans now support ""forcing"" AI firms to transfer 50% of their stock to a public sovereign wealth fund, a survey by research firm Verasight found. 

While Musk's Neuralink drills into skulls, China's BrainCo bets the future of brain tech is wearable

Elon Musk's Neuralink, which uses implants in people's heads to compensate for disabilities, has become the poster child for so-called brain-computer interfaces (BCI). But some companies are betting that mass-market neural tech won't require opening the skull at all.While companies including China's StairMed and NeuroXess push ahead with implants, the non-invasive field is gaining momentum – from the Sam Altman-backed Merge Labs to China's Gestala, both pursuing ultrasound-based approaches.

BrainCo, one of the so-called ""six little dragons"" of tech startups in the eastern city of Hangzhou, makes prosthetics and wearable devices using BCI technology.— Elaine Yu

Got a confidential news tip? We want to hear from you.

Sign up for free newsletters and get more CNBC delivered to your inbox

Get this delivered to your inbox, and more info about our products and services.

© 2026 Versant Media, LLC. All Rights Reserved. A Versant Media Company.


      Data is a real-time snapshot *Data is delayed at least 15 minutes.
      Global Business and Financial News, Stock Quotes, and Market Data
      and Analysis.
    

Data also provided by","{'href': 'https://www.cnbc.com', 'title': 'CNBC'}","business"
"https://news.google.com/rss/search?q=site:cnbc.com","U.S. and Iran exchange strikes as Strait of Hormuz standoff escalates","https://www.cnbc.com/2026/07/13/us-iran-war-hormuz-oil-trump.html","Mon, 13 Jul 2026 07:18:34 GMT","



In this article

Iran responded to a fresh wave of strikes from U.S. forces over the weekend by launching an attack on American military bases in several Gulf states, deepening a standoff over the strategically vital Strait of Hormuz.

The latest exchange casts further doubt over the future of the interim peace agreement signed last month, a deal that had sought to pave the way to reopen the Strait of Hormuz and end the war after 60 days of negotiations.

Iran's strikes targeted U.S. bases in Kuwait, Bahrain, Jordan, Oman and Qatar, according to the country's state media outlets, describing them as retaliatory measures to renewed U.S. bombings.

Sirens sounded for the third time in Bahrain on Monday, Reuters reported, citing the country's interior ministry. The Islamic Revolutionary Guard Corps (IRGC) said it had targeted U.S. military facilities in Bahrain and radar systems in Oman as part of its latest retaliatory attacks.

U.S. Central Command said Sunday that American forces had successfully hit dozens of targets at multiple locations to degrade Tehran's ability to continue attacking vessels traversing the Strait of Hormuz.

American forces struck Iranian military air-defense systems, coastal radar sites, missile and drone capabilities and small boats using U.S. fighter aircraft, naval vessels, one-way attack aerial drones and one-way attack sea drones for the first time, Centcom said in a post on X.

The U.S. and Iran also issued conflicting accounts over whether the Strait of Hormuz remains open to shipping. 

Located in the gulf between Oman and Iran, the Strait of Hormuz is recognized as one of the world's most critical energy choke points. The narrow waterway typically handles around 20% of the world's oil traffic.

Oil prices jumped on Monday morning as the latest cycle of attacks and counterattacks renewed fears of further disruption to flows through the Strait of Hormuz.

International benchmark Brent crude futures with September delivery advanced 2.8% to trade at $78.14 per barrel, paring gains from earlier in the session. U.S. West Texas Intermediate futures with August delivery, meanwhile, gained 2.5% to $73.24.

""The era of one-sided deals is OVER. We told you: keep your word or pay the price. Reality is knocking,"" Iran's parliament speaker Mohammad Bagher Ghalibaf said Sunday in a social media post. 

Ghalibaf's comments were posted alongside an image of Article 5 of the U.S.-Iran memorandum of understanding, which relates to the reopening of the Strait of Hormuz.  

U.S. President Donald Trump on Friday said the U.S. and Iran had agreed to continue peace talks, but said the ceasefire established in last month's peace deal had been scrapped.

Iran's Ministry of Foreign Affairs on Monday condemned U.S. attacks over the last 24 hours, saying the bombings represent a ""serious threat to international peace and security,"" and have ""rendered futile all efforts of the past few months to reduce tension and establish peace in the West Asian region.""

Iran also accused the U.S. of exerting ""overt and covert pressure"" on Oman, thereby preventing a result from recent talks in Muscat for both countries to establish arrangements for managing the Strait of Hormuz and traffic routes. 

A White House spokesperson was not immediately available to comment when contacted by CNBC on Monday morning.

Situated on the southeastern coast of the Arabian Peninsula, opposite Iran across the strait, Oman has been in joint talks with Iran on a new maritime security order, amid reports that the two countries could push to establish transit fees.

Analysts have told CNBC that Oman's ability to impose service fees sits within tight legal limits, given that the strait is governed by the principle of transit passage, which does not allow states to charge vessels for passing through. Service fees, however, may be one way to circumvent this.

— CNBC's Emma Graham contributed to this report.

Got a confidential news tip? We want to hear from you.

Sign up for free newsletters and get more CNBC delivered to your inbox

Get this delivered to your inbox, and more info about our products and services.

© 2026 Versant Media, LLC. All Rights Reserved. A Versant Media Company.


      Data is a real-time snapshot *Data is delayed at least 15 minutes.
      Global Business and Financial News, Stock Quotes, and Market Data
      and Analysis.
    

Data also provided by","{'href': 'https://www.cnbc.com', 'title': 'CNBC'}","business"
"https://news.google.com/rss/search?q=bitcoin","MicroStrategy (MSTR) Is Down 6.1% After Pivoting From Pure Bitcoin Hold Strategy To Fund Obligations","https://finance.yahoo.com/markets/stocks/articles/microstrategy-mstr-down-6-1-080955654.html","Mon, 13 Jul 2026 08:09:55 GMT","

Oops, something went wrong

In late June 2026, Strategy announced that Chief Accounting Officer Jeanine Montgomery retired and that CFO Andrew Kang would also serve as principal accounting officer without additional pay, while the company began selling up to US$1.25 billion of Bitcoin to fund obligations and build cash reserves. 

This move away from a pure Bitcoin ""buy and hold"" posture, alongside leadership consolidation in finance and accounting, raises fresh questions about the resilience of Strategy's Bitcoin-centric business model. 

We'll now explore how Strategy's move to sell Bitcoin to meet funding needs reshapes the company's investment narrative and underlying risks. 

Find 45 companies with promising cash flow potential yet trading below their fair value. 

To own Strategy today, you have to believe the company can keep translating a Bitcoin-centric balance sheet and a modest but real software business into something financially durable, despite deep losses and a volatile share price. The Q1 net loss of about US$12.54 billion already put the focus squarely on balance sheet risk, and the recent decision to sell up to US$1.25 billion of Bitcoin to fund obligations and bolster cash reinforces that the ""never sell"" narrative has cracked. In the short term, the key catalysts now sit around Bitcoin price moves, access to capital markets, and confidence in the company's ability to keep servicing its high-cost preferred stock. The consolidation of accounting authority under the CFO adds execution risk but, by itself, is less likely to move the needle than the shift toward selling Bitcoin. 

 However, the pressure created by sizeable losses and ongoing preferred dividends is something investors should not ignore.Despite retreating, Strategy's shares might still be trading 43% above their fair value. Discover the potential downside here. 

 Seven Simply Wall St Community fair value estimates for Strategy range widely, from about US$165.90 to US$705, underscoring how differently people see the stock. Set that against the emerging risk that Bitcoin sales, used to fund obligations, could gradually erode the balance sheet story that first attracted many shareholders. 

Explore 7 other fair value estimates on Strategy - why the stock might be worth just $165.90! 

Disagree with existing narratives? Extraordinary investment returns rarely come from following the herd, so go with your instincts. 

A great starting point for your Strategy research is our analysis highlighting 2 key rewards and 2 important warning signs that could impact your investment decision. 

Our free Strategy research report provides a comprehensive fundamental analysis summarized in a single visual - the Snowflake - making it easy to evaluate Strategy's overall financial health at a glance. 

The market won't wait. These fast-moving stocks are hot now. Grab the list before they run: 

Capitalize on the AI infrastructure supercycle with our selection of the 52 best 'picks and shovels' of the AI gold rush converting record-breaking demand into massive cash flow. 

AI is about to change healthcare. These 40 stocks are working on everything from early diagnostics to drug discovery. The best part - they are all under $10b in market cap - there's still time to get in early. 

Outshine the giants: these 16 early-stage AI stocks could fund your retirement. 

This article by Simply Wall St is general in nature. We provide commentary based on historical data and analyst forecasts only using an unbiased methodology and our articles are not intended to be financial advice. It does not constitute a recommendation to buy or sell any stock, and does not take account of your objectives, or your financial situation. We aim to bring you long-term focused analysis driven by fundamental data. Note that our analysis may not factor in the latest price-sensitive company announcements or qualitative material. Simply Wall St has no position in any stocks mentioned. 

Companies discussed in this article include MSTR. 

Have feedback on this article? Concerned about the content? Get in touch with us directly. Alternatively, email editorial-team@simplywallst.com ","{'href': 'https://finance.yahoo.com', 'title': 'Yahoo Finance'}","cryptocurrency"
"https://news.google.com/rss/search?q=bitcoin","Live markets: Bitcoin slips below $63,000 in an Asian-session leverage flush","https://www.coindesk.com/markets/2026/07/13/bitcoin-slips-below-usd63-000-in-an-asian-session-leverage-flush","Mon, 13 Jul 2026 07:01:29 GMT","

The liquidations were minor, running at about a sixth of what the market saw at its worst over the past 30 days, per CoinGlass.

TSMC, the world's largest contract chipmaker, manufactures semiconductors for companies including Nvidia (NVDA) and Apple (APPL). The company reported a 67.9% year-on-year surge in June revenue to approximately $13.8 billion, according to CNBC.. First-half revenue reached $74.99 billion, up 35.6%, driven by strong demand for advanced AI chips. TSMC's shares rose 1% on Monday. Its second-quarter earnings are due on July 16.

Bitcoin fell to about $62,800 on Monday, down 1.4% over 24 hours, after sliding from roughly $64,300 during Asian morning hours, per CoinDesk data.

Nothing new drove it. Bitcoin has traded between roughly $59,000 and $66,000 for a month, and the Asian-session drop was a leverage flush inside that range. The liquidations were minor, running at about a sixth of what the market recorded at its worst over the past 30 days, per CoinGlass.

SK Hynix fell in Seoul the same day, but for its own reasons. The memory chipmaker's shares dropped after its U.S. trading debut, with traders pointing to profit-taking and a shift into the new American depositary receipts. The stock is down more than 30% from its June record after a run that took it up more than 25-fold since the end of 2022.

The two moves are not directly linked today, but they have shared a direction for weeks. 

Bitcoin has traded as crypto's highest-beta risk asset while the AI and chip trade set the tone for global risk appetite, and analysts at Anchorage Digital attribute roughly 30% of the pressure on bitcoin to capital rotating into AI.

The June inflation print lands July 14, and the Fed meets July 28 and 29, the two events most likely to decide whether risk assets, crypto and chip stocks alike, get relief or another leg down.

Digital assets posted a third consecutive quarter of losses in Q2 2026, the longest losing streak since the 2022 bear market, as institutional capital rotated into AI equities and Bitcoin ETFs recorded their largest quarterly outflow since launch. Our report examines what drove the divergence, where structural adoption continued regardless, and what Q3 signals to watch.

Digital assets posted a third consecutive quarter of losses in Q2 2026, the longest losing streak since the 2022 bear market, as institutional capital rotated into AI equities and Bitcoin ETFs recorded their largest quarterly outflow since launch. Our report examines what drove the divergence, where structural adoption continued regardless, and what Q3 signals to watch.

Why it matters:

Digital assets posted a third consecutive quarter of losses in Q2 2026, the longest losing streak since the 2022 bear market, as institutional capital rotated into AI equities and Bitcoin ETFs recorded their largest quarterly outflow since launch. Our report examines what drove the divergence, where structural adoption continued regardless, and what Q3 signals to watch.

Disclosure & Polices: CoinDesk is an award-winning media outlet that covers the cryptocurrency industry. Its journalists abide by a strict set of editorial policies. CoinDesk has adopted a set of principles aimed at ensuring the integrity, editorial independence and freedom from bias of its publications. CoinDesk is part of Bullish (NYSE:BLSH), an institutionally focused global digital asset platform that provides market infrastructure and information services. Bullish owns and invests in digital asset businesses and digital assets and CoinDesk employees, including journalists, may receive Bullish equity-based compensation.","{'href': 'https://www.coindesk.com', 'title': 'CoinDesk'}","cryptocurrency"
"https://news.google.com/rss/search?q=ethereum","Top 3 Price Prediction: Bitcoin, Ethereum, Ripple","https://www.fxstreet.com/cryptocurrencies/news/top-3-price-prediction-bitcoin-ethereum-ripple-btc-faces-64k-hurdle-eth-signals-caution-xrp-defends-key-support-202607130411","Mon, 13 Jul 2026 04:11:26 GMT","

Rates & Charts 

News 

Analysis 

Economic Calendar 

Cryptos 

Education 

Brokers 

Bitcoin (BTC), Ethereum (ETH) and Ripple (XRP) remain under pressure at the start of the week on Monday, after BTC and ETH recovered slightly, while XRP corrected by over 6% in the previous week. BTC has struggled to break above the $64,000 resistance level, while ETH is attempting to hold above the key support at $1,800, a level that could determine the next directional move. Meanwhile, XRP is consolidating just above the lower boundary of its descending parallel channel around $1.06.

Bitcoin price trades at $63,398 on Monday, following a mild recovery in the previous week. BTC maintains a bearish near-term tone, remaining below the key exponential moving averages. Price remains below the 50-day Exponential Moving Average (EMA) at $65,214, the 100-day EMA at $68,689 and the 200-day EMA at $74,623, suggesting that a well-defined overhead supply zone still constrains rallies. 

The Relative Strength Index (RSI) hovers around the neutral 50 mark. At the same time, the Moving Average Convergence Divergence (MACD) remains in positive territory, hinting at improving, though not yet decisive, bullish momentum against this dominant structural cap.

On the topside, initial resistance emerges at the horizontal barrier near $64,004, where recent price action is already struggling to gain traction. Beyond that, the 50-day EMA at $65,214 is the next hurdle, followed by the 100-day EMA at $68,689 and the 200-day EMA at $74,623, before a more distant horizontal resistance stands around $84,410. 

On the downside, the lack of clearly defined nearby support levels in this setup leaves the pair vulnerable to renewed selling should momentum fade, with traders likely to look to the $60,000 key psychological level on the chart for potential demand zones.

Ethereum price trades at $1,809 on Monday, holding just above the 50-day EMA at $1,800 while still trading well below the 100-day EMA at $1,947 and the 200-day EMA at $2,204. This configuration suggests a cautious, neutral-to-bullish bias, with price attempting to base above short-term trend support yet capped by the broader downtrend. 

The RSI near 58 leans bullish without signaling overbought conditions, and the MACD remains in positive territory, suggesting upside momentum is building but not yet strong enough to challenge the dominant overhead levels.

On the topside, initial resistance is seen at the 100-day EMA around $1,947, ahead of the psychological and chart barrier at $2,000, with the 200-day EMA near $2,204 acting as a more distant cap if the recovery extends.

On the downside, the 50-day EMA at about $1,800 is the first line of support; a daily close back below this level would expose the next meaningful floor at the previously charted horizontal support near $1,385, where buyers last built a more durable base.

XRP price trades at $1.08 on Monday after losing over 6% in the previous week. XRP maintains a bearish near-term tone as it holds below the 50-day, 100-day, and 200-day EMAs, clustered between roughly $1.16 and $1.47. 

XRP trades just above the downward parallel channel support at $1.06, suggesting price is consolidating near the lower band, while the RSI at around 42 hints at subdued buying pressure. The MACD remains marginally positive, implying only modest recovery attempts within a broader capped structure.

On the topside, initial resistance appears at the 50-day EMA near $1.16, followed by the 100-day EMA near $1.26 and the horizontal barrier near $1.30, with the 200-day EMA near $1.46 and the prior horizontal cap near $1.90 reinforcing a higher-term supply band.

On the downside, the immediate level to watch is the channel support at $1.06, as a clear break below this floor would open the way for a deeper pullback. At the same time, a sustained bounce above it would be needed to ease the current bearish pressure and allow the pair to challenge the overhead EMAs.

(The technical analysis of this story was written with the help of an AI tool. Know more.)

Token launches influence demand and adoption among market participants. Listings on crypto exchanges deepen the liquidity for an asset and add new participants to an asset's network. This is typically bullish for a digital asset. 

A hack is an event in which an attacker captures a large volume of the asset from a DeFi bridge or hot wallet of an exchange or any other crypto platform via exploits, bugs or other methods. The exploiter then transfers these tokens out of the exchange platforms to ultimately sell or swap the assets for other cryptocurrencies or stablecoins. Such events often involve an en masse panic triggering a sell-off in the affected assets.

Macroeconomic events like the US Federal Reserve's decision on interest rates influence crypto assets mainly through the direct impact they have on the US Dollar. An increase in interest rate typically negatively influences Bitcoin and altcoin prices, and vice versa. If the US Dollar index declines, risk assets and associated leverage for trading gets cheaper, in turn driving crypto prices higher.

Halvings are typically considered bullish events as they slash the block reward in half for miners, constricting the supply of the asset. At consistent demand if the supply reduces, the asset's price climbs.

Author

Manish Chhetri

FXStreet

Manish Chhetri is a crypto specialist with over four years of experience in the cryptocurrency industry.

Find independent, trusted reviews and choose your perfect broker.

Manish Chhetri

Vishal Dixit

Manish Chhetri

Vishal Dixit

Manish Chhetri

Vishal Dixit

Dogecoin price edges lower for the third straight day, inching closer toward the $0.0700 support level. Derivatives data signal easing retail demand for DOGE as the broader market risk-off sentiment remains elevated. The meme coin risks further decline below $0.0700 as momentum indicators continue to show sell-side dominance.

Bitcoin, Ethereum, and Ripple remain under pressure at the start of the week on Monday, after BTC and ETH recovered slightly, while XRP corrected by over 6% in the previous week. BTC has struggled to break above the $64,000 resistance level, while ETH is attempting to hold above the key support at $1,800, a level that could determine the next directional move.

Bitcoin trades below $63,000, edging lower as price remains capped below its 50-day EMA at $65,212. Market sentiment remains on edge as geopolitical tensions between the US and Iran stay elevated over the Strait of Hormuz. Zcash and Worldcoin sustain gains over the last 24 hours, emerging as top performers.

Company

Solutions

Legal

Contact Us

Company

Solutions

Legal

Contact Us

Information on these pages contains forward-looking statements that involve risks and uncertainties. Markets and instruments profiled on this page are for informational purposes only and should not in any way come across as a recommendation to buy or sell in these assets. You should do your own thorough research before making any investment decisions. FXStreet does not in any way guarantee that this information is free from mistakes, errors, or material misstatements. It also does not guarantee that this information is of a timely nature. Investing in Open Markets involves a great deal of risk, including the loss of all or a portion of your investment, as well as emotional distress. All risks, losses and costs associated with investing, including total loss of principal, are your responsibility. The views and opinions expressed in this article are those of the authors and do not necessarily reflect the official policy or position of FXStreet nor its advertisers. The author will not be held responsible for information that is found at the end of links posted on this page.

If not otherwise explicitly mentioned in the body of the article, at the time of writing, the author has no position in any stock mentioned in this article and no business relationship with any company mentioned. The author has not received compensation for writing this article, other than from FXStreet.

FXStreet and the author do not provide personalized recommendations. The author makes no representations as to the accuracy, completeness, or suitability of this information. FXStreet and the author will not be liable for any errors, omissions or any losses, injuries or damages arising from this information and its display or use. Errors and omissions excepted.

The author and FXStreet are not registered investment advisors and nothing in this article is intended to be investment advice.","{'href': 'https://www.fxstreet.com', 'title': 'FXStreet'}","cryptocurrency"
"https://news.google.com/rss/search?q=ethereum","Cambridge Report Reveals Ethereum's Energy Consumption Dropped 99.98% Post-Merge","https://news.bitcoin.com/cambridge-report-reveals-ethereums-energy-consumption-dropped-99-98-post-merge/","Mon, 13 Jul 2026 06:34:34 GMT","

The report stresses that “The Merge,” a foundational change in Ethereum's consensus mechanism, reduced energy demand by 3.5 orders of magnitude, scaling down a network that required energy equivalent to a small nation-state like Iceland before the new proof-of-stake consensus change.

Analysts are still scrutinizing the behavior of Ethereum, one of the largest smart contract platforms, after one of the most relevant pivots in its history.

The Cambridge Center for Alternative Finance issued the “Ethereum after the Merge: A Change in Power” report in June, examining the advances and the effects that the change had on network dynamics.

The report found dramatic energy consumption changes after ‘The Merge,' the name that was given to the change in consensus mechanism that Ethereum experienced on 15 September 2022. The center states that the pre-merge Ethereum energy demand climbed to 2.4 GW, the demand of a nation-state the size of Iceland.

Nonetheless, this changed after the event, reducing its power demand by 3.5 orders of magnitude, taking this number to 7.87 GWh per year, equivalent to roughly 0.90 MW per day.

Cambridge estimates are based on a network-weighted average of 105 watts per node, numbers that set it well below competitors like Solana, which reaches over 13.4 GWh per year, but above NEAR, which registers 5.11 GWh per year.

“Taken together, the two measures show that while Ethereum is one of the larger consumers in absolute terms, it is comparatively efficient relative to its economic weight,” the center highlighted.

In comparison, the Ethereum network's footprint reaches half of what the British Museum needs, and only a fraction of what global platforms like Netflix need to operate, roughly equivalent to the energy the Eiffel Tower consumes.

The report also established a comparison with traditional financial networks, estimating that the legacy banking system- including data centers, branches, and ATM infrastructure- used 260 TWh per year. “Against this benchmark, Ethereum's 7.87 GWh (0.0079 TWh) footprint is about 4.5 orders of magnitude smaller, a ratio of roughly 33,000 to one,” the report assessed.

Emissions also fell from 10.3 MtCO₂ to 2.37 ktCO₂e, a reduction of nearly 99.98% achieved with a single architecture software change.

The Ethereum blockchain officially migrated to the proof-of-stake (PoS) consensus mechanism as the anticipated ""Merge"" finally occurred around block height…

The Ethereum blockchain officially migrated to the proof-of-stake (PoS) consensus mechanism as the anticipated ""Merge"" finally occurred around block height…

The Ethereum blockchain officially migrated to the proof-of-stake (PoS) consensus mechanism as the anticipated ""Merge"" finally occurred around block height…

© 2026 Saint Bitts LLC Bitcoin.com. All rights reserved

Support

support@bitcoin.com

© 2026 Saint Bitts LLC Bitcoin.com. All rights reserved

Support","{'href': 'https://news.bitcoin.com', 'title': 'Bitcoin News'}","cryptocurrency"
"https://news.google.com/rss/search?q=ethereum","Is Ethereum ready to outperform Bitcoin? Tom Lee points to key ratio","https://crypto.news/is-ethereum-ready-to-outperform-bitcoin-tom-lee-points-to-key-ratio/","Mon, 13 Jul 2026 07:17:15 GMT","


        Share    

Fundstrat co-founder and BitMine chairman Tom Lee has told investors to watch the Ethereum-to-Bitcoin ratio for signs of a broader crypto recovery. 

In a July 13 post before his WebX 2026 appearance in Tokyo, Lee called ETH/BTC a “signal of a revival of crypto.” His statement reflects his market view rather than a guaranteed trading signal. WebX listed Lee for a keynote from 11:25 a.m. to 11:55 a.m. on the CRYL Stage.

The ratio shows how much Bitcoin one Ether can buy. A rising reading means Ethereum is gaining against Bitcoin, while a falling reading means Bitcoin is leading. ETH/BTC recently climbed toward 0.02858 after rebounding from an early June low near 0.026. 

Come by today for @WebX_Asia at 11:25am at the CYRL Stage at the Prince Park Tower Tokyo 🇯🇵 I will be speaking about the “Uncanny Valley of Wealth” PS: keep an eye 👁️ on $ETH / $BTC ratio. Signal of a revival of crypto https://t.co/jwktsEJQhG pic.twitter.com/oTqMFiFi16

Live prices later placed the ratio near 0.0282, showing that the pair remained close to its recent resistance area. Ether traded around $1,800 while Bitcoin changed hands near $63,700 at the time of checking.

The pair has formed higher lows since early June, but it still faces a ceiling around 0.0286. Traders have watched that level because several recovery attempts stalled there. A clean move above it could extend Ethereum's relative rebound. Another rejection could return attention to support around 0.027 and the June floor near 0.026.

The wider trend remains mixed. ETH/BTC was still lower over the previous three months despite its July recovery. As crypto.news previously reported, Ether had fallen harder than Bitcoin through much of 2026, pushing the ratio toward multi-year lows. 

Stronger Bitcoin ETF demand, weaker Ethereum fund flows and competition from other networks contributed to that gap. A stronger ratio would mark a change from that pattern, not a confirmed long-term reversal.

Lee's call also comes as Bitcoin's share of the total crypto market has eased from recent highs. CoinGecko placed Bitcoin dominance near 56.2%, while other trackers showed readings that varied by methodology. A falling dominance rate can show that capital is moving toward Ether and other digital assets, although stablecoin values and different market baskets can change the result.

The Altcoin Season Index has also improved, with one reading near 58. That remains below the common 75 threshold used to define a full altcoin season. The rise shows that more large altcoins have started to outperform Bitcoin, but it does not confirm a market-wide shift. Several smaller tokens still trade well below their 2025 peaks. The measure tracks top assets over 90 days and excludes stablecoins and asset-backed tokens.

Fund flows give Ethereum a second test. As crypto.news reported, U.S. spot Ethereum ETFs returned to daily net inflows in early July after weeks of pressure. The funds took in about $14.9 million on July 1, led by BlackRock's ETHA. 

One positive day did not erase the June outflows, so traders still need a steadier run of demand. Ethereum's staking rate has also crossed 33%, reducing liquid supply available for sale.

Corporate buying has added another source of support. BitMine said its Ethereum treasury reached 5.74 million ETH, equal to about 4.8% of supply. 

Lee has linked Ethereum's outlook to stablecoin growth, tokenized assets and clearer U.S. rules. Those claims remain forward-looking. For now, ETH/BTC needs to hold its recovery and break resistance before Lee's “revival” view gains stronger market confirmation.


        Read more about    


            Best crypto platforms        


            Jul 2026        


        Deep Dives    



                    The general leaves before the war ends: Paul Grewal exits Coinbase on the eve of CLARITY                




                    Ripple is regulated in Europe before it is classified in America: inside the Luxembourg license                




                    Three weeks to 2030: the seven-Democrat math that decides the CLARITY Act                




                    Ripple's best year is XRP's worst: the disconnect between $3.5b in tokenized assets and a $1 token                




                    The SecondFi recovery: 16 million stolen ADA and crypto's restitution experiment                




                    Ripple joins the x402 agentic payments push. The machine-to-machine bet                




                    Intesa Sanpaolo bought XRP through a trust. How banks actually hold crypto                




                    Robinhood Chain did $570M volume on $21M of liquidity. The launch-week autopsy                




                    The altcoin depression: Everything except Bitcoin and Ethereum lost 23% in six months                




                    Pump.fun unlocks 29% of its supply on Saturday. The fair-launch economy gets a stress test                



                Related News            



                    Events that could move Bitcoin and crypto markets this week                




                    Bitcoin price holds above $62K as ETF inflows return amid Iran war                




                    Is Saylor's leveraged Bitcoin play hurting the market?                



            Get crypto market analysis and curated news delivered right to your inbox every week.        


            You have successfully joined our subscriber list.        

","{'href': 'https://crypto.news', 'title': 'Crypto News'}","cryptocurrency"
"https://news.google.com/rss/search?q=ethereum","Eric Trump Notices Ethereum 'Pumping Hard,' But Top Analyst Says They'd Only Go Long After ETH Clears This Level","https://www.benzinga.com/crypto/cryptocurrency/26/07/60406358/eric-trump-notices-ethereum-pumping-hard-but-analyst-wants-eth-to-clear-key-level","Mon, 13 Jul 2026 04:42:09 GMT","

Trump shared a candlestick chart of the ETH/BTC pair showing a 1.32% gain to 0.02837, saying, “ETH is pumping hard! Great to see! Crypto is the future…”

Notably, some users were quick to point out how ETH retreated immediately following Trump's post.

World Liberty Financial, a Trump family-backed cryptocurrency venture, where he is listed as a co-founder, holds roughly $131 million in ETH, according to DropsTab. This makes ETH the second-largest holding in the platform's portfolio.

Meanwhile, leading cryptocurrency analyst Ali Martinez announces a conditional long position on Ethereum, entering only if the price breaks $1,850 resistance. 

Notably, ETH surged to an intraday high of $1,842 late Sunday evening before pulling back sharply into the upper $1,700 range

The Moving Average Convergence Divergence indicator, which compares the 12-period and the 26-period exponential moving averages, flashed a “Buy” signal for ETH, according to TradingView.

Conversely, the Stochastic Oscillator, which measures the position of an asset's current closing price relative to its highest and lowest prices over a set number of periods, signaled a “Sell.”

Price Action: At the time of writing, ETH was exchanging hands at $1,805.05, up 0.02% over the last 24 hours, according to data from Benzinga Pro.

Photo courtesy: Maxim Elramsisy / Shutterstock.com

© 2026 Benzinga.com. Benzinga does not provide investment advice. All rights reserved.

To add Benzinga News as your preferred source on Google, click here.

A newsletter built for market enthusiasts by market enthusiasts. Top stories, top movers, and trade ideas delivered to your inbox every weekday before and after the market closes.

American Bitcoin Corp. (NASDAQ:ABTC) co-founder Eric Trump cheered Ethereum's (CRYPTO: ETH) brief spike above $1,800 on Saturday, even as the token soon retraced.

Trump has been a strong backer of ETH and famously urged investors to buy the second-largest cryptocurrency last year. Notably, ETH tanked by 48% over the next two months, resulting in criticism and mockery directed at his advocacy.

American Bitcoin hits an all-time low as Eric Trump's stake loses $600M while competitors that pivoted to AI averaged 60% gains this year.

Dragonfly's Qureshi says holding Bitcoin through every downturn is the only strategy that has consistently worked in crypto since 2017.

Recommended Stories

 

 

 

 ","{'href': 'https://www.benzinga.com', 'title': 'Benzinga'}","cryptocurrency"
"https://news.google.com/rss/search?q=blockchain","Blockchain: The new backbone of international trade","https://www.thestar.com.my/opinion/columnists/search-scholar-series/2026/07/13/blockchain-the-new-backbone-of-international-trade","Mon, 13 Jul 2026 03:16:00 GMT","

 Stay signed in to save the points you've earned.
        Click on the points to redeem your rewards at Nexus before they expire. 

What comes to your mind when you hear people mentioning the word “blockchain”?

For most of us, our minds instinctively jump to cryptocurrencies like Bitcoin or Ethereum. While it is true that blockchain technology underpins these digital tokens, its application stretches far beyond the realm of cryptocurrency trading.

Already a subscriber? Log in

Cancel anytime. Ad-free. Unlimited access with perks.

RM 13.90/monthRM 11.12/month

RM 11.12/month

Billed as RM 11.12 for the 1st month, RM 13.90 thereafter.

RM 12.33/monthRM 9.87/month

RM 9.87/month

Billed as RM 118.40 for the 1st year, RM 148 thereafter.




Topic:


Thank you for your report!

Copyright © 1995-
            

 Star Media Group Berhad [197101000523 (10894-D)]

Best viewed on Chrome browsers.



We would love to keep you posted on the latest promotion. Kindly fill the form below

We hope you enjoy this feature!","{'href': 'https://www.thestar.com.my', 'title': 'The Star'}","cryptocurrency"
"https://news.google.com/rss/search?q=blockchain","CZ: Burns Memecoins to Dead Address","https://blockchain.news/flashnews/cz-burns-memecoins-dead-address","Mon, 13 Jul 2026 07:20:41 GMT","

CZ sends thousands of tokens to 0x...dEaD burn address as BNB trades at $569.06 with bearish EMA50 resistance at $573.75.

CZ transferred multiple hot memecoins from his personal wallet directly into the burn address 0x000000000000000000000000000000000000dEaD after discovering over ten thousand tokens cluttered the interface.

Price action on the 4h chart shows BNB at $569.06 testing the lower Bollinger Band support at $568.84 while the EMA50 at $573.75 and EMA200 at $586.47 cap upside; the MACD death cross at -0.21 reinforces bearish momentum even as RSI sits neutral at 41.99, pointing to a likely retest of the 50-EMA before any sustained move higher in the current BNB price prediction environment.

Founder and former CEO of Binance, the world's largest cryptocurrency exchange. Shares insights on cryptocurrency adoption, blockchain technology development, and personal perspectives on building in the Web3 space, while navigating regulatory challenges and industry evolution.

Get key crypto and blockchain stories in your inbox.

Welcome to your premier source for the latest in AI, cryptocurrency, blockchain, and AI search tools—driving tomorrow's innovations today.


                        Disclaimer: Blockchain.news provides content for informational purposes only. In no event shall blockchain.news be responsible for any direct, indirect, incidental, or consequential damages arising from the use of, or inability to use, the information provided. This includes, but is not limited to, any loss or damage resulting from decisions made based on the content. Readers should conduct their own research and consult professionals before making financial decisions.
                    ","{'href': 'https://blockchain.news', 'title': 'blockchain.news'}","cryptocurrency"
"https://news.google.com/rss/search?q=blockchain","Kenya regulator seeks blockchain surveillance system","https://coingeek.com/kenya-regulator-seeks-blockchain-surveillance-system/","Mon, 13 Jul 2026 05:00:57 GMT","

Kenya‘s securities regulator, the Capital Markets Authority (CMA), is procuring a blockchain surveillance system to help police the country's digital currency market as it prepares to license and supervise virtual asset firms under a new regulation.

With the advanced blockchain analytics tool, the Kenyan Capital Markets Authority aims to monitor digital currency transactions, investigate suspicious crypto activities, and enforce compliance under the Virtual Asset Service Providers Act of 2025, according to tender documents seen by Capital FM Africa.

The new system will be capable of monitoring transactions across BTC, Ethereum, and at least 20 other blockchain networks in real time and retrospectively, the CMA stated. It is said to improve visibility into digital asset markets while strengthening the CMA's capacity to detect fraud, market manipulation, money laundering, terrorism financing, sanctions evasion, and other illicit crypto activities.

The platform is expected to generate alerts for high-risk wallets, large money transfers, sanctioned entities, cryptocurrency mixers, darknet-linked addresses and transactions, and high-risk jurisdictions. It enables investigators to monitor flagged wallet addresses and receive instant notifications whenever the associated wallets initiate new transactions.

Apart from the said features, the platform will allow wallet attribution by linking blockchain addresses to popular digital currency exchanges, decentralized finance (DeFi) protocols, over-the-counter trading desks, gambling platforms, scam wallets, sanctioned entities, and suspected criminal networks.

The CMA said it plans to use the system to enhance its oversight of anti-money laundering and counter-terrorism financing compliance by checking transactions against global sanctions lists, including those issued by the United Nations and the U.S. Office of Foreign Assets Control (OFAC).

It added that the system will bolster monitoring of digital currency activities in Kenya by tracing virtual asset transactions, identifying exchanges frequently used by citizens, and flagging unlicensed offshore platforms operating in the local market.

The capabilities of the CMA blockchain surveillance system resemble those of tools sold by companies such as Chainalysis, TRM Labs, and Elliptic, which offer similar software to regulators and governments worldwide.

Kenya's push for digital currency policing

The blockchain analytics tools would support Kenya's Virtual Asset Service Providers Act of 2025, which President William Ruto recently signed into law last October and took effect in November 2025. The law divides digital currency oversight between the Central Bank of Kenya for payments and stablecoins, and the CMA for exchanges, brokers, investment advisers, and tokenization regulations. Part of the law's broader push is to align with the Financial Action Task Force‘s anti-money laundering standards. At the time of writing, no firm has been licensed yet.

Kenya is one of the biggest adopters of blockchain in Africa and has implemented various regulations to crack down on bad actors in the space.

In 2025, the country's criminal intelligence agency established a special unit to police digital asset crime, which in 2024 resulted in local investors losing over $43 million.

“We are forming a specialised unit to crack down on cryptocurrency fraud. The DCI is committed to staying ahead of criminal syndicates. As criminals migrate to digital spaces that offer anonymity, law enforcement must innovate with equal speed,” stated Rosemary Kuraru, who heads the forensic lab at the Directorate of Criminal Investigations.

The agency, together with the European Union, has also launched a program dubbed “Blockchain and Cryptocurrency Investigation Training Module” that seeks to equip investigators with skills to pursue crypto criminals.

Watch: Emerging Technology in Africa with Becky Liggero



CoinGeek is a global media platform covering blockchain and emerging technologies, including BSV blockchain, artificial intelligence (AI), and Web3. It delivers authoritative news, analysis, and educational content for developers, enterprises, and early adopters building scalable blockchain applications, from digital wallets and gaming platforms to enterprise data solutions. CoinGeek also serves as a leading source of insight on BSV blockchain, recognized for its enterprise-grade scalability, low-cost transactions, and alignment with the original Bitcoin protocol described by Satoshi Nakamoto in the 2008 Bitcoin white paper.

","{'href': 'https://coingeek.com', 'title': 'CoinGeek'}","cryptocurrency"
"https://news.google.com/rss/search?q=blockchain","Weekly Recap: SWIFT blockchain and pauses risky private-credit lending","https://www.tradingview.com/news/tradingview:d6a7edcea766e:0-weekly-recap-swift-blockchain-and-pauses-risky-private-credit-lending/","Mon, 13 Jul 2026 05:14:00 GMT","

HSBC (LSE:HSBA) is deepening its role in global finance — joining SWIFT's blockchain pilot for 24/7 tokenised cross‑border payments, expanding Hong Kong gold clearing to 200 tonnes, while prudently pausing riskier private‑credit lending and issuing employee shares amid the shift.

Previous Week Recap

This is an AI-generated summary and may contain inaccuracies. Please verify any important information with the original sources.

Select market data provided by ICE Data Services. Select reference data provided by FactSet. Copyright © 2026 FactSet Research Systems Inc.Copyright © 2026, American Bankers Association. CUSIP Database provided by FactSet Research Systems Inc. All rights reserved. SEC filings and other documents provided by Quartr.© 2026 TradingView, Inc. ","{'href': 'https://www.tradingview.com', 'title': 'TradingView'}","cryptocurrency"
"https://news.google.com/rss/search?q=nft","The crypto market shows mixed performance, with the NFT sector rising over 4% and the SocialFi sector falling nearly 2%","https://www.odaily.news/en/newsflash/499989","Mon, 13 Jul 2026 02:33:07 GMT","

Odaily Odaily, July 13. According to SoSoValue data, the crypto market sectors showed mixed performance. The NFT sector rose 4.50% in 24 hours, with Audiera (BEAT) gaining 15.29%. The AI sector increased by 0.84%, with Billions Network (BILL) up 24.00%.

Other standout sectors included: the CeFi sector rising 0.19%, with Cronos (CRO) up 0.48%; the Layer1 sector up 0.03%, with Zcash (ZEC) gaining 4.02%; and the DeFi sector rising 0.42%, with DeXe (DEXE) surging 26.88%.

In other sectors, the PayFi sector fell 0.59%, but eCash (XEC) rose 10.64%; the Meme sector dropped 0.61%, while Pump.fun (PUMP) bucked the trend with a gain of 6.57%; the Layer2 sector declined 0.94%, with Stacks (STX) falling 4.54%; and the SocialFi sector decreased 1.98%, with Chiliz (CHZ) down 2.91%.

Reflecting the historical performance of the sectors, crypto sector indices showed that the ssiAI, ssiCeFi, and ssiLayer1 indices rose by 1.52%, 0.57%, and 0.54%, respectively.","{'href': 'https://www.odaily.news', 'title': 'odaily.news'}","cryptocurrency"
"https://news.google.com/rss/search?q=cbdc","Learn All Crypto Topics","https://phemex.com/ko/academy/tom-emmer-cbdc-ban-house-whip","Mon, 13 Jul 2026 04:22:47 GMT","



2026년 7월 11일, 연방준비제도의 중앙은행 디지털화폐(CBDC)에 대한 4년간의 연방 차원의 금지 조치가 대통령 서명 없이 법으로 제정되었습니다. 이 조항은 연준 이사나 재무부 관료가 아닌, 미네소타주 출신 공화당 하원의원인 Tom Emmer가 작성했습니다. 그는 2022년부터 지속적으로 동일한 정책을 추진해 왔으나, 여러 번 입법 과정에서 난관에 부딪혔습니다.

Emmer는 하원 내 공화당 서열 3위로, 블록체인 정책을 주요 업무로 삼는 가장 고위급 국회의원입니다. 그의 대표 법안인 **CBDC 감시국가 금지법(Anti-CBDC Surveillance State Act, H.R.1919)**은 2025년 7월 하원을 통과했으나, 상원에서는 진전이 없었습니다. 지난 주말 일어난 일은 우회적인 방법을 활용한 것이며, 이로 인해 그의 이름이 암호화폐 업계에서 널리 언급되고 있습니다.

아래에서는 Emmer가 누구이며, 하원 내에서 어떻게 영향력 있는 위치에 올랐는지, 왜 디지털 달러 문제를 주요 과제로 삼았는지, 그리고 해당 정책이 법으로 제정된 과정을 설명합니다.

Emmer는 미네소타주 6지구를 대표하고 있으며, 이 지역은 쌍둥이 도시 북서쪽 외곽에 위치합니다. 그는 2015년부터 이 자리를 지켜왔습니다. 국회 진출 전에는 미네소타주 하원의원을 지냈고 2010년 주지사 선거에 출마했으나, 200만 표 중 약 9,000표 차이로 Mark Dayton에게 패했습니다. 이 패배로 인해 4년간 공직에서 물러나 방송과 법률업계에 몸담았고, 이후 6지구 하원의원 공석이 생기자 정계에 복귀했습니다.

Emmer의 하원 내 입지 상승은 상임위 경력보다는 선거 캠페인 업무에서 비롯됐습니다. 그는 전국공화당하원의원위원회(NRCC) 위원장을 두 차례 역임하며 동료들과의 관계를 구축했고, 2023년 1월 원내총무(Whip)로 선출됐습니다. 원내총무는 하원 의결에서 표를 관리하고 소속 당을 단합시키는 역할을 합니다. 2023년 10월, Kevin McCarthy 의장 해임 후 하원의장직 후보로 지명됐으나, 217표 확보가 어려워 몇 시간 만에 사퇴했습니다.

이 의장직 도전 실패는 중요한 의미가 있습니다. Emmer는 본질적으로 '표 계산 전문가'이며, 이번 CBDC 금지도 강경한 이념보다 실용적인 전략으로 이뤄낸 결과입니다. 그는 암호자산 정책이 주류가 되기 이전부터 국회 블록체인 코커스 공동의장을 맡아왔습니다.

CBDC 감시국가 금지법의 핵심 주장은 단순합니다. Emmer는 법안 발의 이후 거의 동일한 논리만을 반복해 왔습니다. 즉, 중앙은행이 개인에게 직접 CBDC를 발행하면 정부가 모든 국민의 지출 내역을 실시간으로 파악할 수 있게 되며, 거래를 차단·동결·조건부로 만들 위험이 있다는 점입니다. 그는 이를 통화정책이 아닌 개인정보 및 시민 자유의 문제로 봅니다.

법안의 범위는 협소합니다. 연준이 개인에게 직접 CBDC를 발행하거나, 개인 명의 계좌를 유지하거나, CBDC를 통화정책 수단으로 사용하는 것을 금지합니다. 이와 관련된 변화는 명확한 의회 승인을 필요로 합니다. 민간 기업이 발행하는 달러 토큰에는 영향을 미치지 않아, 스테이블코인 업계에서는 대체로 지지적입니다.

법안에 비판적인 이들(하원 민주당 다수 및 일부 금융학자)은, 정부 감시 우려가 단순한 가정이며, 연준이 실질적인 소매용 CBDC 프로젝트를 추진 중인 것도 아니고, 법으로 금지하면 향후 국제 경쟁에서 미국의 선택지가 제한된다고 주장합니다. 하원 투표 결과 역시 이 같은 의견 대립을 반영합니다. H.R.1919는 2025년 7월 17일 219-210으로 하원을 통과했으나, 거의 정당별로 갈렸습니다. Congress.gov H.R.1919 페이지와 하원 투표 결과에서 확인할 수 있습니다.

하원 통과만으로는 상원 통과가 보장되지 않습니다. 해당 법안은 필요한 60표를 확보하지 못해 진전이 없었습니다.

Emmer의 또 다른 주요 법안은 더 오래 되었고, 실제로 블록체인 생태계에 기여하는 개발자들에게는 더욱 중요한 의미가 있습니다. **블록체인 규제 명확화 법안(Blockchain Regulatory Certainty Act)**은 2018년 처음 발의됐으며, 사용자 자금을 직접 보관하지 않는 개발자나 인프라 제공자는 머니 트랜스미터(송금업자)가 아니므로 각 주 별 송금 라이선스가 불필요하다는 점을 명확히 합니다.

이 법안의 실질적 목적은, 지갑 개발자·노드 운영자·검증인·DeFi 프로토콜 기여자 등이 직접 자금을 관리하지 않았음에도 불구하고 송금 행위로 기소될 수 있다는 기존 해석을 완화하는 데 있습니다. Emmer는 '보관(커스터디) 여부'를 기준으로 삼았습니다. 실제로 자금에 접근할 수 없다면 송금 행위로 간주하지 않는다는 논리입니다. 이 법안은 현재 국회에서 H.R.3533으로 재발의됐으며, 민주당의 Ritchie Torres와 공동 발의했습니다. Congress.gov에서 전체 법안 내용과 Emmer의 보도자료를 확인할 수 있습니다.

또한 그는 증권 명확화 법안(Securities Clarity Act)도 추진했는데, 이는 토큰과 투자계약을 분리하여 규정하는 내용입니다. Emmer의 입법 방식은 가격보다는 정의(Definition)에 중점을 둡니다. 이는 비트코인 혹은 이더리움 관련 상품이 어느 기관의 감독을 받는지 결정하는 핵심 요소입니다.

이 표는 7년간의 도전, 하원 통과 후의 정체, 그리고 최종적으로 우회 입법이라는 전개를 보여줍니다.

CBDC 금지는 21세기 ROAD to Housing Act라는 초당적 주택 정책 법안에 포함되었습니다. 이 법안은 통화정책과는 직접 관련이 없습니다. CBDC 금지 조항이 하원·상원 심의 과정에서 이 법안에 첨부되었고, 양당 모두 필요한 법안이었기에 단독 표결이 아닌 병합 전략이 유효했습니다. 주택 법안은 하원에서 358-32, 상원에서 85-5라는 압도적 표차로 통과되었습니다.

이어진 대통령 절차에서는 예상치 못한 상황이 벌어졌습니다. 트럼프는 별도의 선거법안 미이행을 이유로 서명을 거부했으나, 거부권도 행사하지 않았습니다. 미국 헌법상, 대통령이 10일간 법안에 서명하지 않고 의회가 회기를 유지하면 자동으로 법이 제정됩니다. 이 규정에 따라 주택 법안(및 CBDC 금지)이 2026년 7월 11일 대통령 서명 없이 법이 되었습니다.

기존 단독 법안보다 범위는 좁습니다. 연준이 대중 또는 은행 등 중개기관을 통한 디지털 달러 발행을 금지하며, 2030년 12월 31일까지 한시적으로 적용됩니다. 이는 영구 금지가 아닌 '일몰(sunset)' 조항입니다. 해당 조항이 어떻게 포함됐는지 21세기 ROAD to Housing Act 참고 요약, 정책 근거는 하원 금융서비스위원회의 H.R.1919 요약 자료에서 볼 수 있습니다.

암호화폐 커뮤니티에서 환호하는 분위기와 달리, 연준이 실제로 소매용 CBDC를 개발 중인 상황은 아니었습니다. 실질적으로는 '옵션 제한'에 가깝고, 단기 시장 영향은 상징적입니다. 다만 미국 내 달러 기반 결제 인프라를 구축하는 기업 입장에서는, 잠재적 공공 경쟁자가 2031년까지 사라졌다는 점에서 장기적 계획 수립에 참고할 만한 변화입니다.

남은 주요 쟁점은 시장 구조입니다. 디지털 달러 이슈가 일단락된 상황에서, 어떤 감독기관이 어떠한 자산을 규제할지에 대한 입법이 필요하다는 점을 Emmer는 지속적으로 주장해 왔습니다. 블록체인 규제 명확화 법안 역시 최근 성공한 전략(다른 대형 법안에 첨부)을 반복할 가능성이 있습니다.

또 한 가지, 현행 4년 한시 금지(2030년 만료)는 향후 의회 구도가 달라지면 연장 논쟁이 벌어질 수 있음을 의미합니다. 영구 금지를 위해서는 현재로선 존재하지 않는 상원 내 초당적 합의가 필요하다는 점도 Emmer는 인지하고 있습니다. 그의 주요 화법은 '의회 승인 전제'이며, 영구 금지를 직접적으로 표방하지 않습니다.

거래자 입장에서는, Emmer의 입법 성과가 즉각적인 가격 변동을 유발하지는 않습니다. 오히려 향후 수년간 미국 내 암호화폐 상품(예: 비트코인 ETF, 달러 토큰 결제망 등)의 성장 가능성에 영향을 미칠 수 있습니다.

CBDC 감시국가 금지법은 누가 썼나요?

하원 원내총무인 Tom Emmer(미네소타 공화당)가 H.R.1919를 작성했고, 2022년부터 여러 차례 발의했습니다. 상원에서는 Ted Cruz가 동반 법안을 제출했으나, 단독 표결에는 이르지 못했습니다.

미국 CBDC 금지는 영구적입니까?

아닙니다. 2026년 7월 11일 법제화된 금지는 4년간 유효하며, 2030년 말 만료됩니다. 영구 금지를 위해서는 새로운 입법과 상원 내 초당적 연합이 필요합니다.

CBDC 금지가 USDC, USDT 등 스테이블코인에 영향을 주나요?

영향을 주지 않습니다. 본 법은 연준이 대중에게 발행하는 디지털 달러를 대상으로 하며, 민간 발행 달러 토큰은 적용 제외입니다. 오히려 4년간 공공 경쟁자가 사라지면서 민간 달러 토큰이 미국 디지털 달러 결제망의 표준이 될 여지도 있습니다.

Tom Emmer의 또 다른 대표적 암호화폐 법안은?

블록체인 규제 명확화 법안(2018년 최초 발의, H.R.3533로 재발의)이 있습니다. 이 법은 사용자 자금을 직접 보관하지 않는 개발자 및 인프라 제공자를 송금업자로 간주하지 않아 수년간 쟁점이 된 라이선스 문제를 해소할 수 있습니다.

Emmer의 이번 성과는 입법 과정을 보여주는 사례이며, 즉각적인 시장 이벤트는 아닙니다. H.R.1919는 상원에서 단독 통과가 불가능했으나, 초당적 주택 법안에 포함되어 2026년 7월 11일 대통령 거부권 불행사로 법이 되었습니다. 실제로 연준이 추진 중인 프로젝트는 없었으므로, 본 법의 시장 실효성은 상징적입니다.

향후 블록체인 규제 명확화 법안 등 시장 구조 관련 조항이 필수 예산 또는 국방 법안에 첨부될 경우, Emmer의 전략이 반복되고 미국 내 암호화폐 규제 환경 변화의 속도를 가늠할 수 있습니다. CBDC 정책 변화를 주도한 이들은 중앙은행가가 아니라 '표 계산 전문가'들이었습니다.

본 기사는 정보 제공을 위한 목적으로 작성됐으며, 투자 또는 금융 자문이 아닙니다. 암호화폐 거래는 높은 위험을 수반하므로, 거래 전 반드시 스스로 충분한 조사를 하시기 바랍니다.","{'href': 'https://phemex.com', 'title': 'Phemex'}","cryptocurrency"
"https://news.google.com/rss/search?q=digital+currency","Kenya regulator seeks blockchain surveillance system","https://coingeek.com/kenya-regulator-seeks-blockchain-surveillance-system/","Mon, 13 Jul 2026 05:00:57 GMT","

Kenya‘s securities regulator, the Capital Markets Authority (CMA), is procuring a blockchain surveillance system to help police the country's digital currency market as it prepares to license and supervise virtual asset firms under a new regulation.

With the advanced blockchain analytics tool, the Kenyan Capital Markets Authority aims to monitor digital currency transactions, investigate suspicious crypto activities, and enforce compliance under the Virtual Asset Service Providers Act of 2025, according to tender documents seen by Capital FM Africa.

The new system will be capable of monitoring transactions across BTC, Ethereum, and at least 20 other blockchain networks in real time and retrospectively, the CMA stated. It is said to improve visibility into digital asset markets while strengthening the CMA's capacity to detect fraud, market manipulation, money laundering, terrorism financing, sanctions evasion, and other illicit crypto activities.

The platform is expected to generate alerts for high-risk wallets, large money transfers, sanctioned entities, cryptocurrency mixers, darknet-linked addresses and transactions, and high-risk jurisdictions. It enables investigators to monitor flagged wallet addresses and receive instant notifications whenever the associated wallets initiate new transactions.

Apart from the said features, the platform will allow wallet attribution by linking blockchain addresses to popular digital currency exchanges, decentralized finance (DeFi) protocols, over-the-counter trading desks, gambling platforms, scam wallets, sanctioned entities, and suspected criminal networks.

The CMA said it plans to use the system to enhance its oversight of anti-money laundering and counter-terrorism financing compliance by checking transactions against global sanctions lists, including those issued by the United Nations and the U.S. Office of Foreign Assets Control (OFAC).

It added that the system will bolster monitoring of digital currency activities in Kenya by tracing virtual asset transactions, identifying exchanges frequently used by citizens, and flagging unlicensed offshore platforms operating in the local market.

The capabilities of the CMA blockchain surveillance system resemble those of tools sold by companies such as Chainalysis, TRM Labs, and Elliptic, which offer similar software to regulators and governments worldwide.

Kenya's push for digital currency policing

The blockchain analytics tools would support Kenya's Virtual Asset Service Providers Act of 2025, which President William Ruto recently signed into law last October and took effect in November 2025. The law divides digital currency oversight between the Central Bank of Kenya for payments and stablecoins, and the CMA for exchanges, brokers, investment advisers, and tokenization regulations. Part of the law's broader push is to align with the Financial Action Task Force‘s anti-money laundering standards. At the time of writing, no firm has been licensed yet.

Kenya is one of the biggest adopters of blockchain in Africa and has implemented various regulations to crack down on bad actors in the space.

In 2025, the country's criminal intelligence agency established a special unit to police digital asset crime, which in 2024 resulted in local investors losing over $43 million.

“We are forming a specialised unit to crack down on cryptocurrency fraud. The DCI is committed to staying ahead of criminal syndicates. As criminals migrate to digital spaces that offer anonymity, law enforcement must innovate with equal speed,” stated Rosemary Kuraru, who heads the forensic lab at the Directorate of Criminal Investigations.

The agency, together with the European Union, has also launched a program dubbed “Blockchain and Cryptocurrency Investigation Training Module” that seeks to equip investigators with skills to pursue crypto criminals.

Watch: Emerging Technology in Africa with Becky Liggero



CoinGeek is a global media platform covering blockchain and emerging technologies, including BSV blockchain, artificial intelligence (AI), and Web3. It delivers authoritative news, analysis, and educational content for developers, enterprises, and early adopters building scalable blockchain applications, from digital wallets and gaming platforms to enterprise data solutions. CoinGeek also serves as a leading source of insight on BSV blockchain, recognized for its enterprise-grade scalability, low-cost transactions, and alignment with the original Bitcoin protocol described by Satoshi Nakamoto in the 2008 Bitcoin white paper.

","{'href': 'https://coingeek.com', 'title': 'CoinGeek'}","cryptocurrency"
"https://news.google.com/rss/search?q=digital+currency","Is China's Digital Yuan Becoming a Settlement Tool? The Geopolitics of Monetary Hedging","https://moderndiplomacy.eu/2026/07/13/is-chinas-digital-yuan-becoming-a-settlement-tool-the-geopolitics-of-monetary-hedging/","Mon, 13 Jul 2026 04:00:49 GMT","

China's digital yuan has spent years being judged by the wrong test. Most attention has focused on whether ordinary users would abandon Alipay or WeChat Pay for a state-backed wallet. 

China's digital yuan has spent years being judged by the wrong test. Most attention has focused on whether ordinary users would abandon Alipay or WeChat Pay for a state-backed wallet. The more consequential shift is now taking place deeper inside the financial system, where digital money meets bank balance sheets and cross-border settlement.

From 1 January 2026, China introduced a new management framework that moves the e-CNY towards “digital deposit money.” Commercial banks must pay interest on e-CNY wallet balances under prevailing deposit-rate rules, incorporate those balances into asset-liability management, and protect them through deposit insurance. The framework also places e-CNY operations within reserve-requirement calculations. These changes give users an economic reason to hold e-CNY and give banks a clearer institutional role in distributing it.

The interest-bearing feature changes the experiment. An e-CNY wallet previously struggled to offer a compelling advantage in a market already organized around private payment super apps. Deposit treatment gives the digital yuan a place inside the banking system, closer to tokenized deposits and bank-based settlement. China's retail weakness may therefore be producing a more strategically useful form of digital currency.

The next phase of CBDC development is moving towards financial infrastructure.


    Stay ahead of the geopolitical week.
  


    MD Briefing delivers expert analysis across five global fronts — the Indo-Pacific, energy, geoeconomics, European security, and the Middle East — every Monday morning. Free.
  

mBridge makes that shift visible. The multi-CBDC platform was developed by the monetary authorities of China, Hong Kong, Thailand, and the United Arab Emirates, with Saudi Arabia joining as a full participant in 2024. It reached its Minimum Viable Product stage that year and was designed to support instant cross-border payments and settlement through a shared distributed-ledger platform.

A deposit-like e-CNY fits this environment more naturally than a cash-like retail instrument. Corporate payments, trade settlement, and interbank flows require bank participation, liquidity management, and legal certainty. mBridge gives China a channel through which the digital yuan could gain relevance without winning the domestic wallet contest.

The strategic story is monetary hedging. China is building additional settlement capacity while remaining embedded in the existing financial order. The dollar still represented 57.13 per cent of global foreign-exchange reserves in the first quarter of 2026, compared with 1.99 per cent for the renminbi. Those figures place any immediate challenge to dollar dominance far beyond the current evidence.

Hedging works through a gradual multiplication of routes. China already operates the Cross-Border Interbank Payment System, or CIPS, for renminbi transactions. mBridge adds another layer by exploring direct multi-CBDC settlement among participating institutions. Each layer reduces the cost of over-reliance on a single external channel.

The geopolitical logic became clearer after financial messaging entered sanctions policy. SWIFT disconnected designated Iranian banks in 2012 following an EU decision and removed designated Russian entities in 2022 under subsequent EU regulations. These episodes showed governments that financial connectivity can be restricted during geopolitical confrontation.

This emerging capacity can be described as settlement optionality: keeping several credible payment and settlement routes available when a dominant channel becomes politically, financially, or operationally costly. The concept concerns resilience and bargaining power. A country with several usable connections has more room to absorb shocks, negotiate terms, and keep trade moving.

ASEAN offers the clearest laboratory for this idea. The region combines different levels of financial maturity, trade exposure, and CBDC readiness within one dense economic space. Singapore has developed wholesale settlement and tokenization experiments through Project Ubin and related initiatives. Thailand participates directly in mBridge. Indonesia has completed the first proof-of-concept stage for a wholesale digital Rupiah cash ledger, while the Philippines has tested wholesale CBDC applications through Project Agila. Cambodia's Bakong has built a blockchain-based payment infrastructure linking banks and payment providers.

Placed together, these initiatives form a portfolio of monetary experiments. Wholesale CBDC, instant-payment connections, QR links, and local-currency arrangements are developing at different speeds. ASEAN can benefit from this portfolio even as its members adopt different technologies and timetables. Interoperability can turn uneven readiness into regional learning.

Project Nexus shows a parallel route based on instant-payment connectivity. India, Malaysia, the Philippines, Singapore, and Thailand established the Nexus Global Payments entity in Singapore to advance a multilateral scheme linking domestic instant-payment systems. Indonesia participates as a special observer after contributing to earlier phases. The architecture standardizes how national systems connect, allowing each participant to reach the wider network through one integration.

The ASEAN Digital Economy Framework Agreement adds an institutional layer. ASEAN announced the substantial conclusion of DEFA negotiations on 24 October 2025, with the agreement expected to support regional digital integration, digital payments, data governance, and cybersecurity. These rules can provide the wider policy environment for payment interoperability to scale.

ASEAN's monetary hedging is emerging through accumulation. Its central banks are adding connections while preserving existing ones. That approach reflects the region's wider geopolitical habit: maintaining policy space across competing powers, institutions, and standards.

The same pressure is producing regional responses elsewhere in the Global South. Africa's Pan-African Payment and Settlement System now spans 28 countries and more than 190 banks and fintechs. PAPSS enables cross-border payments in local currencies, reducing the need to route intra-African transactions through external hard currencies.

The Arab region has developed Buna, a cross-border and multi-currency payment platform owned by the Arab Monetary Fund. PAPSS and Buna signed a memorandum in 2022 that laid the foundation for interoperability between their platforms and a payment gateway linking Africa with the Arab region. The agreement matters because it moves the discussion from building separate regional rails towards designing connections between them.

BRICS adds a looser political layer. Under Brazil's 2025 presidency, the group advanced discussions on local-currency trade and the convergence of members' payment systems. Brazilian officials also rejected speculation about an imminent common BRICS currency, keeping the agenda focused on payment instruments, lower transaction costs, and practical connectivity.

These projects vary widely. PAPSS grew from continental trade integration. Buna emerged from an Arab multi-currency settlement agenda. Nexus connects instant-payment systems. mBridge uses a shared multi-CBDC platform. ASEAN layers several approaches at once. Their convergence lies in the search for more room to maneuver inside a fragmented financial order.

The connections between these systems may become as important as the systems themselves. Interoperability determines which currencies can move, which institutions gain access, how liquidity is managed, and where compliance responsibilities sit. Technical design therefore carries geopolitical consequences.

Regional blocs have more leverage in this negotiation than individual developing economies. They can aggregate transaction volume, align standards, conduct joint testing, and set shared expectations for data access, anti-money-laundering controls, dispute resolution, and operational resilience. Countries entering separately are more likely to accept rules designed elsewhere.

ASEAN has a particular advantage here. It can compare mBridge with Nexus, develop local-currency settlement alongside existing correspondent networks, and use DEFA to strengthen the policy environment around digital connectivity. This creates practical experience across several architectures, a valuable asset while standards remain unsettled.

Alternative rails still create exposure. Faster settlement may come with new dependencies on foreign technology, governance frameworks, or dominant currencies inside the platform. The distribution of power will be shaped by transaction data, validation rights, access criteria, and the ability to influence future rule changes. Smaller economies need institutional capacity to understand those choices before participation becomes difficult to reverse.

For the wider Global South, settlement optionality offers a grounded form of strategic autonomy. It asks countries to widen their financial choices, build regional capacity, and negotiate the terms of connection. Monetary weight remains unequal, but infrastructure design creates additional sites where bargaining can occur.

China's digital yuan pivot is an early signal of this transition. Digital currencies are moving into deposits, bank balance sheets, and cross-border settlement. At the same time, regional payment systems are expanding and beginning to explore interoperability beyond their own borders.

ASEAN may become the most revealing laboratory because several models are developing inside one regional ecosystem. PAPSS, Buna, Nexus, and the BRICS payment agenda show that the pressure reaches much further. Across the Global South, states are assembling additional routes before geopolitical rivalry makes financial concentration more costly.

Standards, data rules, compliance arrangements and dispute mechanisms are still being shaped. ASEAN and other regions of the Global South have a narrow but important window to influence how these systems connect—and how power will be distributed across the emerging settlement architecture.

MD does not stand behind any specific agenda, narrative, or school of thought. We aim to expose all ideas, thinkers, and arguments to the light and see what remains valid and sound. 

© 2023 moderndiplomacy.eu. All Rights Reserved. ","{'href': 'https://moderndiplomacy.eu', 'title': 'Modern Diplomacy'}","cryptocurrency"
"https://news.google.com/rss/search?q=digital+currency","U.K. Court Weighs Fate of 61,000 Bitcoins Seized in Massive Chinese Fraud","https://www.caixinglobal.com/2026-07-13/uk-court-weighs-fate-of-61000-bitcoins-seized-in-massive-chinese-fraud-102463742.html","Mon, 13 Jul 2026 07:49:00 GMT","

(London) — The U.K. High Court concluded a three-day hearing without an immediate ruling on whether British or Chinese law will govern the recovery of more than 61,000 seized bitcoins linked to Britain's largest cryptocurrency money laundering case.

At the heart of the jurisdiction dispute is who captures the massive crypto windfall. Applying U.K. law could allow 16,000 Chinese fraud victims to claim property rights over the digital currency — and its exponential appreciation over the past decade. Conversely, Chinese law would restrict their recovery to their original principal and interest.




Unlock exclusive discounts


 with a Caixin group subscription — ideal for teams and organizations.



 Save an extra $50. Introductory offer for new readers. 
   

Subscribe now. 
    




Analysis: Qian Zhimin Bitcoin Case ― Victims and State Diverge on Applicable Law

U.K. Court Advances Chinese Victims' Claims to $3.8 Billion Bitcoin

We ‘ve added you to our subscriber list.

Participation of Indian Prime Minister Narendra Modi in the 5th Eastern Economic Forum Discussed in Moscow

Get exposure for your startup at RISE 2020

CreditEase's Tang Ning: China's Wealth Management Market is Undergoing Five Major Shifts

Meet 5 of the best startups selected to represent China at the largest technology event in Asia

Products & Services

About Us

Terms of Use

Media Partners

Copyright © 2021 Caixin Global Limited. All Rights Reserved.

OR","{'href': 'https://www.caixinglobal.com', 'title': 'Caixin Global'}","cryptocurrency"
"https://news.google.com/rss/search?q=site:coindesk.com","BTC price news: What recent U.S.-Iran strikes mean for bitcoin, ether, solana","https://www.coindesk.com/markets/2026/07/13/bitcoin-holds-near-usd63-800-as-war-driven-selloff-hits-everything-but-crypto","Mon, 13 Jul 2026 04:48:46 GMT","

Bitcoin held near $63,800 on Monday while gold, oil, equities and government bonds all slumped on the U.S.'s fourth round of strikes on Iran in a week. The largest cryptocurrency was down 0.3% over 24 hours and up 2% on the week.

The traditional-market reaction that was on hold over the weekend arrived at once. Spot gold slid as much as 1.6% to near $4,050 an ounce. Brent crude jumped 4% to above $79 a barrel as conflicting claims over the Strait of Hormuz fueled worries about supply. 

Treasuries fell across the curve, with the two-year yield climbing to its highest since February 2025, and MSCI's Asia Pacific equities gauge dropped 1.6%.

Central Command said U.S. forces struck Iran in response to an attack on a container ship. The status of the strait was left unclear, with the U.S. denying Iran's statement that the waterway would close ""until further notice."" Roughly a fifth of the world's seaborne oil normally passes through Hormuz.

The moves priced a single fear, that a wider war keeps oil elevated and forces the Federal Reserve to hold rates higher for longer. Minutes of the Fed's June meeting show a few policymakers saw a case for raising rates before backing a hold. Gold fell because a higher-for-longer path lifts real yields and dulls the appeal of metal that pays nothing, and bonds fell for the same reason.

But bitcoin sat all of it out. Ether was little changed at about $1,800, up 2% on the week, and the rest of the majors barely moved on the day, with Solana the weakest at $76, down 5% over seven days. XRP held $1.09 and dogecoin sat near $0.07.

The one crypto-relevant thread runs through Korean stocks. SK Hynix shares plunged 12% in Seoul after the chipmaker's U.S.-listed shares surged 13% on their Friday debut, a reversal that helped drag the Kospi down 7%. That chip trade drove the rally that lifted bitcoin on Friday, and its sharp reversal on Monday still left crypto flat, in either direction.

Bitcoin has now held a tight range through a weekend of strikes, a Monday selloff in every asset that usually reacts to war, and a hawkish repricing of the Fed. That is a marked change for a market that once sold off fast on a single Hormuz headline. It is no longer trading the war at all, taking its direction from dollar liquidity and the chip cycle while oil, gold and rates do the reacting.

Digital assets posted a third consecutive quarter of losses in Q2 2026, the longest losing streak since the 2022 bear market, as institutional capital rotated into AI equities and Bitcoin ETFs recorded their largest quarterly outflow since launch. Our report examines what drove the divergence, where structural adoption continued regardless, and what Q3 signals to watch.

Digital assets posted a third consecutive quarter of losses in Q2 2026, the longest losing streak since the 2022 bear market, as institutional capital rotated into AI equities and Bitcoin ETFs recorded their largest quarterly outflow since launch. Our report examines what drove the divergence, where structural adoption continued regardless, and what Q3 signals to watch.

Why it matters:

Digital assets posted a third consecutive quarter of losses in Q2 2026, the longest losing streak since the 2022 bear market, as institutional capital rotated into AI equities and Bitcoin ETFs recorded their largest quarterly outflow since launch. Our report examines what drove the divergence, where structural adoption continued regardless, and what Q3 signals to watch.

Disclosure & Polices: CoinDesk is an award-winning media outlet that covers the cryptocurrency industry. Its journalists abide by a strict set of editorial policies. CoinDesk has adopted a set of principles aimed at ensuring the integrity, editorial independence and freedom from bias of its publications. CoinDesk is part of Bullish (NYSE:BLSH), an institutionally focused global digital asset platform that provides market infrastructure and information services. Bullish owns and invests in digital asset businesses and digital assets and CoinDesk employees, including journalists, may receive Bullish equity-based compensation.","{'href': 'https://www.coindesk.com', 'title': 'CoinDesk'}","cryptocurrency"
"https://news.google.com/rss/search?q=site:ycombinator.com","Ask HN: Add flag for AI-generated articles","https://news.ycombinator.com/item?id=48886741","Mon, 13 Jul 2026 02:06:04 GMT","

Open questions:1. Why is the regular voting system not enough?2. Should HN change in response to the gen AI era? It has been successful not changing fundamentals.

1. Why is the regular voting system not enough?2. Should HN change in response to the gen AI era? It has been successful not changing fundamentals.

2. Should HN change in response to the gen AI era? It has been successful not changing fundamentals.

We don't have a similar rule yet about article content but my sense is that the community mostly doesn't want to read it—or, to put it more conservatively, discounts it. This is why we see so many ""just show me the prompt"" responses, along with others like this: https://news.ycombinator.com/genai-pushback. I built that list so I have something to send to users who email about why their genai articles got flagged.It's a fascinating arms race right now: the AIs are training on the humans but the human hivemind is also training on the AIs. Readers are developing allergic sensitivities to language that sounds like an LLM produced it. The AIs will adapt to this, but the humans will adapt in turn. Where it ends up is anyone's guess. I have an optimistic view, but I've been wrong about this so many times that I have low confidence in it.There is an emerging class distinction between writing (and writers) that use genai vs. writing that does not. As soon as the ""this sounds like an LLM"" allergy kicks in, the writing instantly gets relegated to a low-status bucket in the reader's mind. That doesn't mean it won't still get looked at - but it is now under a stigma.(I was rather pleased with the originality of this until I remembered pg had come up with ""writes and write-nots"" in https://paulgraham.com/writes.html. Oh well, it's the point that matters.)This has the happy flipside that anyone who would like readers to classify their article as high-status rather than low-status can apply the judo move of simply writing it themselves.Now I need to add the disclaimer that none of this is a dismissal of LLM technology per se. We rely on it heavily, and there's no question that it's useful. The question is how to use it (pg again: https://x.com/paulg/status/2058871512451412457) and whether one should use it on writing that one publishes to other humans.To turn to OP's questions:> Should HN add the ability to flag articles as AI-generated? [...] it could just show up as an indicatorFlagging-as-just-an-indicator would be tagging, which we've always resisted adding to HN, but I wouldn't rule it out.What I do think we'll (finally) add is a ""please give a reason why you flagged this post"" step, and ""because I think it's genai"" will be one choice among several (spam, offtopic, mean, etc.)> Why is the regular voting system not enough?The regular voting system is never enough. https://hn.algolia.com/?dateRange=all&page=0&prefix=false&so...> Should HN change in response to the gen AI era?To this I am tempted to reply with https://news.ycombinator.com/item?id=48887149 in homage to https://news.ycombinator.com/item?id=3742902.

It's a fascinating arms race right now: the AIs are training on the humans but the human hivemind is also training on the AIs. Readers are developing allergic sensitivities to language that sounds like an LLM produced it. The AIs will adapt to this, but the humans will adapt in turn. Where it ends up is anyone's guess. I have an optimistic view, but I've been wrong about this so many times that I have low confidence in it.There is an emerging class distinction between writing (and writers) that use genai vs. writing that does not. As soon as the ""this sounds like an LLM"" allergy kicks in, the writing instantly gets relegated to a low-status bucket in the reader's mind. That doesn't mean it won't still get looked at - but it is now under a stigma.(I was rather pleased with the originality of this until I remembered pg had come up with ""writes and write-nots"" in https://paulgraham.com/writes.html. Oh well, it's the point that matters.)This has the happy flipside that anyone who would like readers to classify their article as high-status rather than low-status can apply the judo move of simply writing it themselves.Now I need to add the disclaimer that none of this is a dismissal of LLM technology per se. We rely on it heavily, and there's no question that it's useful. The question is how to use it (pg again: https://x.com/paulg/status/2058871512451412457) and whether one should use it on writing that one publishes to other humans.To turn to OP's questions:> Should HN add the ability to flag articles as AI-generated? [...] it could just show up as an indicatorFlagging-as-just-an-indicator would be tagging, which we've always resisted adding to HN, but I wouldn't rule it out.What I do think we'll (finally) add is a ""please give a reason why you flagged this post"" step, and ""because I think it's genai"" will be one choice among several (spam, offtopic, mean, etc.)> Why is the regular voting system not enough?The regular voting system is never enough. https://hn.algolia.com/?dateRange=all&page=0&prefix=false&so...> Should HN change in response to the gen AI era?To this I am tempted to reply with https://news.ycombinator.com/item?id=48887149 in homage to https://news.ycombinator.com/item?id=3742902.

There is an emerging class distinction between writing (and writers) that use genai vs. writing that does not. As soon as the ""this sounds like an LLM"" allergy kicks in, the writing instantly gets relegated to a low-status bucket in the reader's mind. That doesn't mean it won't still get looked at - but it is now under a stigma.(I was rather pleased with the originality of this until I remembered pg had come up with ""writes and write-nots"" in https://paulgraham.com/writes.html. Oh well, it's the point that matters.)This has the happy flipside that anyone who would like readers to classify their article as high-status rather than low-status can apply the judo move of simply writing it themselves.Now I need to add the disclaimer that none of this is a dismissal of LLM technology per se. We rely on it heavily, and there's no question that it's useful. The question is how to use it (pg again: https://x.com/paulg/status/2058871512451412457) and whether one should use it on writing that one publishes to other humans.To turn to OP's questions:> Should HN add the ability to flag articles as AI-generated? [...] it could just show up as an indicatorFlagging-as-just-an-indicator would be tagging, which we've always resisted adding to HN, but I wouldn't rule it out.What I do think we'll (finally) add is a ""please give a reason why you flagged this post"" step, and ""because I think it's genai"" will be one choice among several (spam, offtopic, mean, etc.)> Why is the regular voting system not enough?The regular voting system is never enough. https://hn.algolia.com/?dateRange=all&page=0&prefix=false&so...> Should HN change in response to the gen AI era?To this I am tempted to reply with https://news.ycombinator.com/item?id=48887149 in homage to https://news.ycombinator.com/item?id=3742902.

(I was rather pleased with the originality of this until I remembered pg had come up with ""writes and write-nots"" in https://paulgraham.com/writes.html. Oh well, it's the point that matters.)This has the happy flipside that anyone who would like readers to classify their article as high-status rather than low-status can apply the judo move of simply writing it themselves.Now I need to add the disclaimer that none of this is a dismissal of LLM technology per se. We rely on it heavily, and there's no question that it's useful. The question is how to use it (pg again: https://x.com/paulg/status/2058871512451412457) and whether one should use it on writing that one publishes to other humans.To turn to OP's questions:> Should HN add the ability to flag articles as AI-generated? [...] it could just show up as an indicatorFlagging-as-just-an-indicator would be tagging, which we've always resisted adding to HN, but I wouldn't rule it out.What I do think we'll (finally) add is a ""please give a reason why you flagged this post"" step, and ""because I think it's genai"" will be one choice among several (spam, offtopic, mean, etc.)> Why is the regular voting system not enough?The regular voting system is never enough. https://hn.algolia.com/?dateRange=all&page=0&prefix=false&so...> Should HN change in response to the gen AI era?To this I am tempted to reply with https://news.ycombinator.com/item?id=48887149 in homage to https://news.ycombinator.com/item?id=3742902.

This has the happy flipside that anyone who would like readers to classify their article as high-status rather than low-status can apply the judo move of simply writing it themselves.Now I need to add the disclaimer that none of this is a dismissal of LLM technology per se. We rely on it heavily, and there's no question that it's useful. The question is how to use it (pg again: https://x.com/paulg/status/2058871512451412457) and whether one should use it on writing that one publishes to other humans.To turn to OP's questions:> Should HN add the ability to flag articles as AI-generated? [...] it could just show up as an indicatorFlagging-as-just-an-indicator would be tagging, which we've always resisted adding to HN, but I wouldn't rule it out.What I do think we'll (finally) add is a ""please give a reason why you flagged this post"" step, and ""because I think it's genai"" will be one choice among several (spam, offtopic, mean, etc.)> Why is the regular voting system not enough?The regular voting system is never enough. https://hn.algolia.com/?dateRange=all&page=0&prefix=false&so...> Should HN change in response to the gen AI era?To this I am tempted to reply with https://news.ycombinator.com/item?id=48887149 in homage to https://news.ycombinator.com/item?id=3742902.

Now I need to add the disclaimer that none of this is a dismissal of LLM technology per se. We rely on it heavily, and there's no question that it's useful. The question is how to use it (pg again: https://x.com/paulg/status/2058871512451412457) and whether one should use it on writing that one publishes to other humans.To turn to OP's questions:> Should HN add the ability to flag articles as AI-generated? [...] it could just show up as an indicatorFlagging-as-just-an-indicator would be tagging, which we've always resisted adding to HN, but I wouldn't rule it out.What I do think we'll (finally) add is a ""please give a reason why you flagged this post"" step, and ""because I think it's genai"" will be one choice among several (spam, offtopic, mean, etc.)> Why is the regular voting system not enough?The regular voting system is never enough. https://hn.algolia.com/?dateRange=all&page=0&prefix=false&so...> Should HN change in response to the gen AI era?To this I am tempted to reply with https://news.ycombinator.com/item?id=48887149 in homage to https://news.ycombinator.com/item?id=3742902.

To turn to OP's questions:> Should HN add the ability to flag articles as AI-generated? [...] it could just show up as an indicatorFlagging-as-just-an-indicator would be tagging, which we've always resisted adding to HN, but I wouldn't rule it out.What I do think we'll (finally) add is a ""please give a reason why you flagged this post"" step, and ""because I think it's genai"" will be one choice among several (spam, offtopic, mean, etc.)> Why is the regular voting system not enough?The regular voting system is never enough. https://hn.algolia.com/?dateRange=all&page=0&prefix=false&so...> Should HN change in response to the gen AI era?To this I am tempted to reply with https://news.ycombinator.com/item?id=48887149 in homage to https://news.ycombinator.com/item?id=3742902.

> Should HN add the ability to flag articles as AI-generated? [...] it could just show up as an indicatorFlagging-as-just-an-indicator would be tagging, which we've always resisted adding to HN, but I wouldn't rule it out.What I do think we'll (finally) add is a ""please give a reason why you flagged this post"" step, and ""because I think it's genai"" will be one choice among several (spam, offtopic, mean, etc.)> Why is the regular voting system not enough?The regular voting system is never enough. https://hn.algolia.com/?dateRange=all&page=0&prefix=false&so...> Should HN change in response to the gen AI era?To this I am tempted to reply with https://news.ycombinator.com/item?id=48887149 in homage to https://news.ycombinator.com/item?id=3742902.

Flagging-as-just-an-indicator would be tagging, which we've always resisted adding to HN, but I wouldn't rule it out.What I do think we'll (finally) add is a ""please give a reason why you flagged this post"" step, and ""because I think it's genai"" will be one choice among several (spam, offtopic, mean, etc.)> Why is the regular voting system not enough?The regular voting system is never enough. https://hn.algolia.com/?dateRange=all&page=0&prefix=false&so...> Should HN change in response to the gen AI era?To this I am tempted to reply with https://news.ycombinator.com/item?id=48887149 in homage to https://news.ycombinator.com/item?id=3742902.

What I do think we'll (finally) add is a ""please give a reason why you flagged this post"" step, and ""because I think it's genai"" will be one choice among several (spam, offtopic, mean, etc.)> Why is the regular voting system not enough?The regular voting system is never enough. https://hn.algolia.com/?dateRange=all&page=0&prefix=false&so...> Should HN change in response to the gen AI era?To this I am tempted to reply with https://news.ycombinator.com/item?id=48887149 in homage to https://news.ycombinator.com/item?id=3742902.

> Why is the regular voting system not enough?The regular voting system is never enough. https://hn.algolia.com/?dateRange=all&page=0&prefix=false&so...> Should HN change in response to the gen AI era?To this I am tempted to reply with https://news.ycombinator.com/item?id=48887149 in homage to https://news.ycombinator.com/item?id=3742902.

The regular voting system is never enough. https://hn.algolia.com/?dateRange=all&page=0&prefix=false&so...> Should HN change in response to the gen AI era?To this I am tempted to reply with https://news.ycombinator.com/item?id=48887149 in homage to https://news.ycombinator.com/item?id=3742902.

> Should HN change in response to the gen AI era?To this I am tempted to reply with https://news.ycombinator.com/item?id=48887149 in homage to https://news.ycombinator.com/item?id=3742902.

To this I am tempted to reply with https://news.ycombinator.com/item?id=48887149 in homage to https://news.ycombinator.com/item?id=3742902.

reply

Hackernews isn't work, obviously, but “it's impossible to engage deeper with the material because the author doesn't really exist” is sort of a problem for a discussion site. If the human coauthor puts in enough work, they can make sure the doc really reflects their views and their understanding, but in my experience that's much less common.

reply

FWIW, same problem with PRs or PoC that I have to work on; now my first question is, ""did you know about his behaviour?"". The first step, getting a decent spec, is delayed to after a first draft implementation is already pushed...

reply

reply

reply

I can see a grim future (present?) where ""AI generated"" turns into a slur, warranted or otherwise, in a world where the difference between human trained to talk like an AI and AI masquerading as human becomes increasingly difficult to discern, and some hidden cabal passes judgement.That is wholly different from taking a stance on HN being a place for humans to comment on articles.

That is wholly different from taking a stance on HN being a place for humans to comment on articles.

reply

I am not sure how the future may be, but the direction of AIs has been to solidify their distinct writing style rather than assimilate to humans. So we can start addressing what we are dealing with now. I doubt HN tagging/flagging can put enough pressure to affect how llms will evolve anyway in the future, while the llm speech becomes more and more ubiquitous and unhinged.

reply

reply

reply

The massive 1000+ comments/upvotes AI model release threads only show up on HN. Lobsters doesn't accept ""business"" articles like that. You're quite likely to find reactionary articles that are critical of AI on the front page though. There are several on the front page right now, in addition to the ones derisively tagged vibecoding.

reply

reply

reply

reply

I'm not picking on you - it's practically a universal response, so much so that it must be driven by human hard-wiring. I've written about this so many times that for once I don't even know what to link to. Perhaps https://news.ycombinator.com/item?id=23308098. Or maybe https://news.ycombinator.com/item?id=48427800

reply

reply

The most concerning growing trend I see is comments that don't violate any guidelines, but are flagged to dead.I'm not talking about posters that are shadowbanned, but about comments that engaged thoughtfully on a topic but the rest of the thread disagreed emphatically with.I also don't even mean controversial takes on hot-button issues like vaccines.Just plain old bucking the trend in a thread about AI, transit, housing, layoffs, etc.I've been browsing with showdead on for as long as I can remember, and I'm seeing this accelerate.  Comments from folks both you and I respect as high quality contributors here.I don't know what the solution is, but it discourages me (and I'm sure others) from having the kind of thought-provoking dialog I've gotten used to reading here for the last 15 years.

I'm not talking about posters that are shadowbanned, but about comments that engaged thoughtfully on a topic but the rest of the thread disagreed emphatically with.I also don't even mean controversial takes on hot-button issues like vaccines.Just plain old bucking the trend in a thread about AI, transit, housing, layoffs, etc.I've been browsing with showdead on for as long as I can remember, and I'm seeing this accelerate.  Comments from folks both you and I respect as high quality contributors here.I don't know what the solution is, but it discourages me (and I'm sure others) from having the kind of thought-provoking dialog I've gotten used to reading here for the last 15 years.

I also don't even mean controversial takes on hot-button issues like vaccines.Just plain old bucking the trend in a thread about AI, transit, housing, layoffs, etc.I've been browsing with showdead on for as long as I can remember, and I'm seeing this accelerate.  Comments from folks both you and I respect as high quality contributors here.I don't know what the solution is, but it discourages me (and I'm sure others) from having the kind of thought-provoking dialog I've gotten used to reading here for the last 15 years.

Just plain old bucking the trend in a thread about AI, transit, housing, layoffs, etc.I've been browsing with showdead on for as long as I can remember, and I'm seeing this accelerate.  Comments from folks both you and I respect as high quality contributors here.I don't know what the solution is, but it discourages me (and I'm sure others) from having the kind of thought-provoking dialog I've gotten used to reading here for the last 15 years.

I've been browsing with showdead on for as long as I can remember, and I'm seeing this accelerate.  Comments from folks both you and I respect as high quality contributors here.I don't know what the solution is, but it discourages me (and I'm sure others) from having the kind of thought-provoking dialog I've gotten used to reading here for the last 15 years.

I don't know what the solution is, but it discourages me (and I'm sure others) from having the kind of thought-provoking dialog I've gotten used to reading here for the last 15 years.

reply

Vouch them and/or email to hn@ycombinator.com and say why you think they deserve to be [undead].I see that a lot, some have been erroneously caught by the real time AI detect filter (which actually isn't too bad at slicing out the actual AI gen comments) others have gone hard against the zeitgeist.I've had the mods reinstate comments that I've thoroughly disagreed with but were making their best case for an opposing view - the threads are better with the best arguments forward for all sides of the elephant.

I see that a lot, some have been erroneously caught by the real time AI detect filter (which actually isn't too bad at slicing out the actual AI gen comments) others have gone hard against the zeitgeist.I've had the mods reinstate comments that I've thoroughly disagreed with but were making their best case for an opposing view - the threads are better with the best arguments forward for all sides of the elephant.

I've had the mods reinstate comments that I've thoroughly disagreed with but were making their best case for an opposing view - the threads are better with the best arguments forward for all sides of the elephant.

reply

But yes, it's the ""going against the zeitgeist"" ones I have in mind. It feels very damaging to the community.

reply

It's a rare individual that reads all the comments .. my impression is they appreciate on point heads up emails about accidentally auto-binned comments and are happy to reverse flagging on good comments, even those that try and make the dark side of a case.Probably best not to try and flood the zone with anti/pro pet subject matter karen emails though.FWiW I semi frequently pick apart comments supporting cases I'm in favour of .. because I want to see better arguments being made and to discourage weak easily dismissed shallow support.

Probably best not to try and flood the zone with anti/pro pet subject matter karen emails though.FWiW I semi frequently pick apart comments supporting cases I'm in favour of .. because I want to see better arguments being made and to discourage weak easily dismissed shallow support.

FWiW I semi frequently pick apart comments supporting cases I'm in favour of .. because I want to see better arguments being made and to discourage weak easily dismissed shallow support.

reply

reply

reply

reply

Vouch, I've perhaps seen reverse things several times (more of a background observation not pursued, so, you know, fuzzy anecdata at best), I did get feedback from @dang that one comment I vouched for was, in fact, a legitimate AI gen comment  .. so clearly I'm human enough to fall for the occasional clanker.

reply

reply

(I'm well aware of the genAI policy, and very supportive of it.)

reply

https://news.ycombinator.com/item?id=48660796

reply

reply

reply

I was once accused of using AI for writing in the voice of a depressed character because the character had a certain emotional detachment that to the person lodging the accusation indicated AI.In short it is not just specific phrasing or words but also aesthetic effects that mean one is AI nowadays.

In short it is not just specific phrasing or words but also aesthetic effects that mean one is AI nowadays.

reply

Personally that is the future I hope to see. Hence my continuous protestations at the lazy excuses for articles that get posted these days, and the lazier excuses given by their authors for avoiding using their brain.

reply

For example, I think you said ""the politics of articles"" before I added the thing about a ""class distinction"". Intriguing overlap!I don't quite follow what you mean about grim future but if you wouldn't mind reading the edited version of my post, I can respond to anything that isn't addressed there.

I don't quite follow what you mean about grim future but if you wouldn't mind reading the edited version of my post, I can respond to anything that isn't addressed there.

reply

It's okay to have an opinionated website. Not every corner of the internet needs to be a bastion of free speech

reply

reply

reply

reply

The class of comments you're talking about—not just ones that say ""clanker"" literally but the more general category—is particle-wave undecidable right now.If the commenter is right—i.e. if the commenter they are castigating actually did post LLM-generated text—then it's a community immune system response.If the commenter is wrong—i.e. they are castigating a sincere human and hauling them to court on false charges—then it's the kind of attack that we tell people not to post here.They can't know for sure whether what they're saying is true or false, and we can't know for sure whether we should moderate it. Both questions depend on information that is unavailable. This is what I mean when I say that the whole question is in a chaotic state right now, and it's too soon to know which way it will stabilize.

If the commenter is right—i.e. if the commenter they are castigating actually did post LLM-generated text—then it's a community immune system response.If the commenter is wrong—i.e. they are castigating a sincere human and hauling them to court on false charges—then it's the kind of attack that we tell people not to post here.They can't know for sure whether what they're saying is true or false, and we can't know for sure whether we should moderate it. Both questions depend on information that is unavailable. This is what I mean when I say that the whole question is in a chaotic state right now, and it's too soon to know which way it will stabilize.

If the commenter is wrong—i.e. they are castigating a sincere human and hauling them to court on false charges—then it's the kind of attack that we tell people not to post here.They can't know for sure whether what they're saying is true or false, and we can't know for sure whether we should moderate it. Both questions depend on information that is unavailable. This is what I mean when I say that the whole question is in a chaotic state right now, and it's too soon to know which way it will stabilize.

They can't know for sure whether what they're saying is true or false, and we can't know for sure whether we should moderate it. Both questions depend on information that is unavailable. This is what I mean when I say that the whole question is in a chaotic state right now, and it's too soon to know which way it will stabilize.

reply

reply

I think the decision to ban AI submissions is a good one, but ultimately it's going to create this conflict for some time, maybe a really long time until things stabilize around AI in the broader cultureI hope eventually AI usage does become a taboo, at least in some fields. Creative fields should be for creative humans, not people who can't even publish an article without the help of an LLM

I hope eventually AI usage does become a taboo, at least in some fields. Creative fields should be for creative humans, not people who can't even publish an article without the help of an LLM

reply

There are tons of ways to use AI that don't intersect with that.

reply

reply

reply

reply

  ""You are the average of the five people you spend the most time with.""

Now if one's a language model…(Subconscious training like when we pick up an accent, though eventually folks might automatically code switch - so that's hopeful.)

(Subconscious training like when we pick up an accent, though eventually folks might automatically code switch - so that's hopeful.)

reply

reply

reply

reply

> It's a fascinating arms race right now: the AIs are training on the humans but the human hivemind is also training on the AIs. Readers are developing allergic sensitivities to language that sounds like an LLM produced it.Humans are training to detect AI content. Humans writing more like AIs is an unrelated (and slower) phenomenon.

Humans are training to detect AI content. Humans writing more like AIs is an unrelated (and slower) phenomenon.

reply

reply

Does that mean that an article being AI-generated is a flaggable offense? Should we be flagging suspected AI-generated articles already, or should we wait for the flagging system to support reasons first?

reply

I don't know for sure yet. But you're right that that would follow from what I said.What I do know is that users should flag articles that they think don't belong on HN. But this should rely on their reading of https://news.ycombinator.com/newsguidelines.html and not just be based on a like/dislike reaction. That is, users should flag articles that they think break the site guidelines, not just ones they dislike.

What I do know is that users should flag articles that they think don't belong on HN. But this should rely on their reading of https://news.ycombinator.com/newsguidelines.html and not just be based on a like/dislike reaction. That is, users should flag articles that they think break the site guidelines, not just ones they dislike.

reply

So either I read your mind, or it is best not to flag unless something is obviously, unequivocally, running afoul of the guidelines.I keep being annoyed at how arbitrary, and dare I say hypocritical, the entire flagging mechanism and its surrounding politics are.

I keep being annoyed at how arbitrary, and dare I say hypocritical, the entire flagging mechanism and its surrounding politics are.

reply

People love to make vague claims like this based on things we supposedly said. How about you quote what exactly what I literally said so readers can make up their own minds?Sorry if that is testy (well, it is testy), but I can't count the number of times that disgruntled users have posted falsely to HN threads to vent their residual frustrations with the mods.

Sorry if that is testy (well, it is testy), but I can't count the number of times that disgruntled users have posted falsely to HN threads to vent their residual frustrations with the mods.

reply

> I'm afraid we took vouching privileges away from your account because you vouched for too many comments that were unsubstantive and/or flamebait and/or otherwise broke the site guidelines> If you want to build up a track record for a while of vouching for good comments only, and then email so we can look at the recent vouchesWondering how does one tell what is ‘good' in your mind:> Btw if you're unsure about a case you can always check with us about it. I know the borderline cases are not always easy to call.—-In other words, do as dang himself would do, or get penalised. I am not in the business of mind reading.This was years ago. I am pretty sure lately I have been flagging/vouching stuff I genuinely believe were OK, though you have all the data in front to smite me with “ah, but on this day you vouched this bad comment! Gotcha!” so in the end it's always a losing battle.In any case, my issue is with you saying, I quote, ”users should flag articles that they think don't belong on HN”. Emphasis mine. No. It is more nuanced than that.

> If you want to build up a track record for a while of vouching for good comments only, and then email so we can look at the recent vouchesWondering how does one tell what is ‘good' in your mind:> Btw if you're unsure about a case you can always check with us about it. I know the borderline cases are not always easy to call.—-In other words, do as dang himself would do, or get penalised. I am not in the business of mind reading.This was years ago. I am pretty sure lately I have been flagging/vouching stuff I genuinely believe were OK, though you have all the data in front to smite me with “ah, but on this day you vouched this bad comment! Gotcha!” so in the end it's always a losing battle.In any case, my issue is with you saying, I quote, ”users should flag articles that they think don't belong on HN”. Emphasis mine. No. It is more nuanced than that.

Wondering how does one tell what is ‘good' in your mind:> Btw if you're unsure about a case you can always check with us about it. I know the borderline cases are not always easy to call.—-In other words, do as dang himself would do, or get penalised. I am not in the business of mind reading.This was years ago. I am pretty sure lately I have been flagging/vouching stuff I genuinely believe were OK, though you have all the data in front to smite me with “ah, but on this day you vouched this bad comment! Gotcha!” so in the end it's always a losing battle.In any case, my issue is with you saying, I quote, ”users should flag articles that they think don't belong on HN”. Emphasis mine. No. It is more nuanced than that.

> Btw if you're unsure about a case you can always check with us about it. I know the borderline cases are not always easy to call.—-In other words, do as dang himself would do, or get penalised. I am not in the business of mind reading.This was years ago. I am pretty sure lately I have been flagging/vouching stuff I genuinely believe were OK, though you have all the data in front to smite me with “ah, but on this day you vouched this bad comment! Gotcha!” so in the end it's always a losing battle.In any case, my issue is with you saying, I quote, ”users should flag articles that they think don't belong on HN”. Emphasis mine. No. It is more nuanced than that.

—-In other words, do as dang himself would do, or get penalised. I am not in the business of mind reading.This was years ago. I am pretty sure lately I have been flagging/vouching stuff I genuinely believe were OK, though you have all the data in front to smite me with “ah, but on this day you vouched this bad comment! Gotcha!” so in the end it's always a losing battle.In any case, my issue is with you saying, I quote, ”users should flag articles that they think don't belong on HN”. Emphasis mine. No. It is more nuanced than that.

In other words, do as dang himself would do, or get penalised. I am not in the business of mind reading.This was years ago. I am pretty sure lately I have been flagging/vouching stuff I genuinely believe were OK, though you have all the data in front to smite me with “ah, but on this day you vouched this bad comment! Gotcha!” so in the end it's always a losing battle.In any case, my issue is with you saying, I quote, ”users should flag articles that they think don't belong on HN”. Emphasis mine. No. It is more nuanced than that.

This was years ago. I am pretty sure lately I have been flagging/vouching stuff I genuinely believe were OK, though you have all the data in front to smite me with “ah, but on this day you vouched this bad comment! Gotcha!” so in the end it's always a losing battle.In any case, my issue is with you saying, I quote, ”users should flag articles that they think don't belong on HN”. Emphasis mine. No. It is more nuanced than that.

In any case, my issue is with you saying, I quote, ”users should flag articles that they think don't belong on HN”. Emphasis mine. No. It is more nuanced than that.

reply

I can see how using the word ""good"" was confusing, but I just meant the opposite of ""comments that were unsubstantive and/or flamebait and/or otherwise broke the site guidelines"". It just boils down to: what fits the guidelines or not.> Wondering how does one tell what is ‘good' in your mindSince you can't read my mind (at least I assume you can't, and if you could you wouldn't have this question), that's not doable. What you can do is assess things according to your own reading of the site guidelines. If you assimilate https://news.ycombinator.com/newsguidelines.html and evaluate comments based on that and not just on what you like/dislike, then I imagine you won't end up too far from where the mods are, because that's what we're also trying to do.I'm sure there will always be individual cases where we disagree—even tomhow and I disagree on individual cases—but they 
should be a minority.If there are specific cases where you think we got it wrong, I'd be interested to see links, and we're always willing to hear a contrary argument.

> Wondering how does one tell what is ‘good' in your mindSince you can't read my mind (at least I assume you can't, and if you could you wouldn't have this question), that's not doable. What you can do is assess things according to your own reading of the site guidelines. If you assimilate https://news.ycombinator.com/newsguidelines.html and evaluate comments based on that and not just on what you like/dislike, then I imagine you won't end up too far from where the mods are, because that's what we're also trying to do.I'm sure there will always be individual cases where we disagree—even tomhow and I disagree on individual cases—but they 
should be a minority.If there are specific cases where you think we got it wrong, I'd be interested to see links, and we're always willing to hear a contrary argument.

Since you can't read my mind (at least I assume you can't, and if you could you wouldn't have this question), that's not doable. What you can do is assess things according to your own reading of the site guidelines. If you assimilate https://news.ycombinator.com/newsguidelines.html and evaluate comments based on that and not just on what you like/dislike, then I imagine you won't end up too far from where the mods are, because that's what we're also trying to do.I'm sure there will always be individual cases where we disagree—even tomhow and I disagree on individual cases—but they 
should be a minority.If there are specific cases where you think we got it wrong, I'd be interested to see links, and we're always willing to hear a contrary argument.

I'm sure there will always be individual cases where we disagree—even tomhow and I disagree on individual cases—but they 
should be a minority.If there are specific cases where you think we got it wrong, I'd be interested to see links, and we're always willing to hear a contrary argument.

If there are specific cases where you think we got it wrong, I'd be interested to see links, and we're always willing to hear a contrary argument.

reply

Good job being you. Please continue doing so.

reply

If however you see things isn't lining up well with how they want things flagged, it makes sense to remove that from you. Unless there's more punishment attached this seems very sensible regardless of how genuinely you believe in things.

reply

reply

reply

reply

Privately, when I was new he was polite and helpful. (Tried to be polite, was returned.)/singular anecdote for reader reference

/singular anecdote for reader reference

reply

I'm more and more think that link actually hurts the site more than helps. It's a gotcha against everything, can be used a sword and a shield too.See the part about politics. There is more and more US domestic politics post here  (which I actually flag all the time) yet when the topic comes up people will say: ""should hackers turn their back on when the world burns"" So basically everything goes as long as it fits the narrative.And the worst offender imo is the last part about reddit. Because I do _really agree_ that HN is more and more like reddit, if not already is. This very post with the comments where everyone is asking for a downvote button is a perfect example of that.

See the part about politics. There is more and more US domestic politics post here  (which I actually flag all the time) yet when the topic comes up people will say: ""should hackers turn their back on when the world burns"" So basically everything goes as long as it fits the narrative.And the worst offender imo is the last part about reddit. Because I do _really agree_ that HN is more and more like reddit, if not already is. This very post with the comments where everyone is asking for a downvote button is a perfect example of that.

And the worst offender imo is the last part about reddit. Because I do _really agree_ that HN is more and more like reddit, if not already is. This very post with the comments where everyone is asking for a downvote button is a perfect example of that.

reply

If this is true then this statement should be added to the guidelines. Many a time I've seen a submission and thought ""My god, this is the most moronic thing I've ever read in my life, nearly every single factual claim in this is wrong"" but I don't flag it because ""don't post utter drivel"" is not in the guidelines.

reply

It's true that we don't spell things out precisely, but that's because it's impossible to spell things out fully precisely. If you start, where do you stop?

reply

Same as on other sites: Spam and/or bot, abuse and/or insults and other ad hominems and particularly the point in the guidelines where you go: Please don't use Hacker News for political or ideological battle. It tramples curiosity. and Off-Topic: Most stories about politics, or crime, or sports, or celebrities, unless they're evidence of some interesting new phenomenon. If they'd cover it on TV news, it's probably off-topic.Not that my flagging amounts to anything, there's so much domestic US politics articles from mainstream media on here that I often wonder whether I misunderstand the guidelines, but then, I'm just an Europoor /s

Not that my flagging amounts to anything, there's so much domestic US politics articles from mainstream media on here that I often wonder whether I misunderstand the guidelines, but then, I'm just an Europoor /s

reply

I know you hate the supposedly ""noob"" comment, as you've put it over the years, and as it is written in the guidelines, that HN is or isn't turning into Reddit, but this aspect of HN makes it indistinguishable to me as a long-time reader here whether you accept it from your perspective as a long-time moderator or not.Because HN moderation allows people to downvote or flag things simply because they don't like something, it will always be like Reddit. There is no distinguishing feature to separate it otherwise.One thing that would, would be forcing users to say why they downvoted or flagged something.Edit: If you spend years saying ""no, no, it isn't true"" to people, you're just sticking your fingers in your ears. Where there's smoke, there's fire.

Because HN moderation allows people to downvote or flag things simply because they don't like something, it will always be like Reddit. There is no distinguishing feature to separate it otherwise.One thing that would, would be forcing users to say why they downvoted or flagged something.Edit: If you spend years saying ""no, no, it isn't true"" to people, you're just sticking your fingers in your ears. Where there's smoke, there's fire.

One thing that would, would be forcing users to say why they downvoted or flagged something.Edit: If you spend years saying ""no, no, it isn't true"" to people, you're just sticking your fingers in your ears. Where there's smoke, there's fire.

Edit: If you spend years saying ""no, no, it isn't true"" to people, you're just sticking your fingers in your ears. Where there's smoke, there's fire.

reply

reply

The fact you can't just make an account, log in and start downvoting is already a massive improvement over Reddit

reply

reply

I really really hope more people take up pen and paper! My last blog post [0] came with proof-of-work attached.[0] https://abner.page/post/are-we-harold-bloom/

[0] https://abner.page/post/are-we-harold-bloom/

reply

What a goofy situation to imagine. I hope we can figure out a way though. I personally have no interest in reading anything spat out by an LLM, so if anything can be used to prove that an author wrote something themselves, I'm interested

reply

But nonetheless a problem in desperate need of solving!

reply

It's not a purity test, it's as the author is communicating they don't care whether the reader has any signals of what is accurate vs inaccurate information, which puts the burden of investigating how much is accurate on the reader at every step when there's some minimum expectation that should be an author's role (outside of topics where there is some expectation of ulterior motives/biases and one would naturally engage more critically minded).When people complain here it's more often than not when an article has no disclaimer about AI use or what has been human-reviewed, so the burden again falls on the reader who is now even more skeptical. That is more to ask of a reader than when it's coming from say a known expert and the reader is receptive to engage and learn.That's the reason tired cliches and turns of phrase (overused by LLMs) have become a heuristic for whether to pay attention, because it's a sign that there's some unknown quantity of of the article that hasn't had human review and it's easier to put in the bucket of 'maybe worthwhile but would need a fully human analysis of this' or just outright rejection (as we've seen from comments).Edit: I see a sibling comment has raised the same observation.

When people complain here it's more often than not when an article has no disclaimer about AI use or what has been human-reviewed, so the burden again falls on the reader who is now even more skeptical. That is more to ask of a reader than when it's coming from say a known expert and the reader is receptive to engage and learn.That's the reason tired cliches and turns of phrase (overused by LLMs) have become a heuristic for whether to pay attention, because it's a sign that there's some unknown quantity of of the article that hasn't had human review and it's easier to put in the bucket of 'maybe worthwhile but would need a fully human analysis of this' or just outright rejection (as we've seen from comments).Edit: I see a sibling comment has raised the same observation.

That's the reason tired cliches and turns of phrase (overused by LLMs) have become a heuristic for whether to pay attention, because it's a sign that there's some unknown quantity of of the article that hasn't had human review and it's easier to put in the bucket of 'maybe worthwhile but would need a fully human analysis of this' or just outright rejection (as we've seen from comments).Edit: I see a sibling comment has raised the same observation.

Edit: I see a sibling comment has raised the same observation.

reply

reply

Like, if some non-controversial article makes a statement about something technical (where one's guard isn't already raised) but you've observed signs of LLM use (without any disclosure of to what degree) then instead of thinking it might be an interesting thing to follow-up on or remember one might be thinking instead 'is this something the author themselves understands and has reviewed for accuracy or slipped in by the LLM' and other such distractions (and legwork if wanting to try and fact-check such things on the spot).It goes from having a perhaps pleasurable, educational read to questioning and being more skeptical/cynical about the material. HN's guidelines meanwhile encourage good faith engagement, which is challenging.Edit: corrected permalink (had accidental extra digit).[1] https://news.ycombinator.com/item?id=48888422

It goes from having a perhaps pleasurable, educational read to questioning and being more skeptical/cynical about the material. HN's guidelines meanwhile encourage good faith engagement, which is challenging.Edit: corrected permalink (had accidental extra digit).[1] https://news.ycombinator.com/item?id=48888422

Edit: corrected permalink (had accidental extra digit).[1] https://news.ycombinator.com/item?id=48888422

[1] https://news.ycombinator.com/item?id=48888422

reply

Do you believe adding friction to flagging will reduce the quantity of low quality articles?Or is the flagging of high quality articles a bigger and more pressing problem?Or is the problem simply too-many-damn-flags?Just curious.

Or is the flagging of high quality articles a bigger and more pressing problem?Or is the problem simply too-many-damn-flags?Just curious.

Or is the problem simply too-many-damn-flags?Just curious.

Just curious.

reply

I guess the idea is that if lots of people flag a comment for the ""genai"" reason then we can treat that a more precise community signal than ""flagged in general"". But this argument seems weaker to me as soon as I write it out.

reply

I know several people that have difficulty writing but are still f*cking smart. So what, they should refrain from using AI to help them because the AI police says so?But yeah, let's continue classifying people based on their outer qualities and habits... History showed us were this leads us to.And here an em dash -- to freak out the AI police.

But yeah, let's continue classifying people based on their outer qualities and habits... History showed us were this leads us to.And here an em dash -- to freak out the AI police.

And here an em dash -- to freak out the AI police.

reply

Do what other people do when they cannot do something: don't do it?I can't draw or do art and I don't have an AI generate art for me so I can LARP as an artist.You can just… not do things? Nobody is putting a gun to your head to make you write blog posts and post them on HN.

I can't draw or do art and I don't have an AI generate art for me so I can LARP as an artist.You can just… not do things? Nobody is putting a gun to your head to make you write blog posts and post them on HN.

You can just… not do things? Nobody is putting a gun to your head to make you write blog posts and post them on HN.

reply

PS that's not an em-dash – this is.

reply

reply

Better is simply don't publish slop. If someone spends time refining and editing their idea with AI assistance and are happy with the quality of the finished product then I say go for it.It's not like all human writers produce content that is worth reading.

It's not like all human writers produce content that is worth reading.

reply

But then again, there's always reddit :)

reply

reply

reply

Slashdot is still around

reply

reply

reply

reply

Stuff interesting enough to get upvoted (i.e. not slop), but I'm so irritated and triggered by pointless, human, comment threads moaning about ""this is AI generated"".

reply

reply

That's not a value-judgement of the true content of an article or piece of media, but a fairly objective facet which impacts the HN participant's experience.It's kind of like how, back in the day, people really wanted to know the filesize of something before they clicked, to avoid a blind-investment of their dial-up bandwidth for indeterminate minutes of waiting (and opportunity-cost of other things not downloaded) that might be more than they really wanted for whatever-it-was.

It's kind of like how, back in the day, people really wanted to know the filesize of something before they clicked, to avoid a blind-investment of their dial-up bandwidth for indeterminate minutes of waiting (and opportunity-cost of other things not downloaded) that might be more than they really wanted for whatever-it-was.

reply

Then it was to protect our modems bandwidth (cost and time) while now it's more about protecting our own cognitive bandwidth.

reply

Congratulations on your recursive ascension, too

reply

However, the second part of the problem - the AI comments, that's really what kills the discussion and eventually the community. If I have trust issues that I'm talking to a bot but not a real user, I am not going to engage further. I might or might not flag the account, but at some point, I'm going to be tired of reporting if everywhere around me it's just bots pretending to be humans. I think this is the more serious problem that needs focus.In my experience, sloppy AI content almost always, sometime instantly even gets flagged out.

In my experience, sloppy AI content almost always, sometime instantly even gets flagged out.

reply

reply

reply

Ultimately though this is the same debate as ""should we allow genai code in codebases"". High quality code lands naturally while slop is slop. Not much value in banning AI outright--the desire is predominantly to ban the slop.Maybe the tag should be [slop] rather than [genai]...

Maybe the tag should be [slop] rather than [genai]...

reply

I guess my response to that is we want the most interesting threads.

reply

reply

Single page info-graphics and Awesome-Lists come to mind.Hell, one or more of PG's books has one or more baysian generated texts presented as poems.

Hell, one or more of PG's books has one or more baysian generated texts presented as poems.

reply

I don't think this is true, at least not right now, and in a way I'm actually thankful for it.The frantic rush to chase the only potentially profitable use case for LLMs found so far (writing code) and the resulting focus on coding RLHF means models are actively becoming worse at sounding like humans.This is my favorite example, and it's already relatively outdated: https://progress.openai.com/?prompt=10

The frantic rush to chase the only potentially profitable use case for LLMs found so far (writing code) and the resulting focus on coding RLHF means models are actively becoming worse at sounding like humans.This is my favorite example, and it's already relatively outdated: https://progress.openai.com/?prompt=10

This is my favorite example, and it's already relatively outdated: https://progress.openai.com/?prompt=10

reply

This is totally tangential to your point, but what is that page? It's not your usual link to an algolia search.  Is this already part of some sort of manual tagging system? Clicking on the first one, these comments don't seem to be moderated. Are you using these complaints to help detect AI generated content?  I think the existence of that page just leaves me confused on whether you actually want people to comment like this or not.

reply

Keep in mind that we have a REPL over here and can make any link do anything!

reply

reply

Many are quite a bit more subtle, like this: https://news.ycombinator.com/item?id=48844062The more subversive undercurrent is interesting to me. People intentionally fucking with someone's bot, burning tokens for the lulz.

The more subversive undercurrent is interesting to me. People intentionally fucking with someone's bot, burning tokens for the lulz.

reply

reply

reply

reply

Before you say I'm just falsely calling them out, it's typical ChatGPT style of either very amicable or Nobel Laureate tone, lots of formatting, with a couple of paragraphs and then a clever one-line punchline at the end. If you look at those commenters their history, it's all like that. Either generated or assisted. For older accounts you can see the steep increase of it around 2025ish.Seems like the HN crowd absolutely adores AI comments and the rule banning them is (sadly) unnecessary. Or at least not what 'the people' want.

Seems like the HN crowd absolutely adores AI comments and the rule banning them is (sadly) unnecessary. Or at least not what 'the people' want.

reply

The OP then replied:> Not AI. Not sure how I feel getting my writing style called out like that though :D

> Not AI. Not sure how I feel getting my writing style called out like that though :D

reply

reply

reply

So the guidelines are in some sense a red herring.

reply

reply

"".. Fault-tolerant and highly available hardware must facilitate low-latency, single-threaded communication with high semantic density in order to achieve multi-dimensional consensus in a safety-critical, heterogeneous, adversarial environment. ..""I am not sure why you think someone saying ""not AI trust me bro"" carries any merit.At any rate, like I said, I've given up the war. People enjoy reading that stuff, I'll just be the old man no longer yelling at the clouds.

I am not sure why you think someone saying ""not AI trust me bro"" carries any merit.At any rate, like I said, I've given up the war. People enjoy reading that stuff, I'll just be the old man no longer yelling at the clouds.

At any rate, like I said, I've given up the war. People enjoy reading that stuff, I'll just be the old man no longer yelling at the clouds.

reply

reply

reply

reply

reply

I think it's because I'm not optimizing my life to get the correct answer as fast as possible, or to build things as fast as possible.To me, the most important thing about the internet is connecting with other people. If I ask a question on a forum it's because I want to talk to someone about it, maybe make an acquaintance or even a friend. Otherwise I would of course just ask the AI now. Google has been around for a long time, and could already usually find answers for me. I still would rather discuss with a colleague sometimes than Google every single thing.Human connection. We need more of it, not less. I think heavy AI use and reliance on AI for thinking, research, communication and building... It's going to isolate people even more

To me, the most important thing about the internet is connecting with other people. If I ask a question on a forum it's because I want to talk to someone about it, maybe make an acquaintance or even a friend. Otherwise I would of course just ask the AI now. Google has been around for a long time, and could already usually find answers for me. I still would rather discuss with a colleague sometimes than Google every single thing.Human connection. We need more of it, not less. I think heavy AI use and reliance on AI for thinking, research, communication and building... It's going to isolate people even more

Human connection. We need more of it, not less. I think heavy AI use and reliance on AI for thinking, research, communication and building... It's going to isolate people even more

reply

reply

The HN guidelines[1] include:    Please don't complain about tangential annoyances—e.g. article or website formats, name collisions, or back-button breakage.

and    Please don't post insinuations about astroturfing, shilling, brigading, foreign agents, and the like. It degrades discussion and is usually mistaken.


I'd argue pointing out that you think an article is AI is very similar in value to pointing out any of the above. None of us like AI slop. But I wouldn't be surprised if, by the end of 2026, 90-95% of articles posted online are AI slop. Pointing it out is useless. As useless as pointing out that the article breaks the scrollbar (which happens often) or that the article is formatted badly or has poor text contrast, or that an article is Chinese propaganda. Probably true, but posting about it adds nothing to the discussion, and is not allowed on HN.All we really need is to add ""Don't complain that an article is AI"" to the guidelines.1: https://news.ycombinator.com/newsguidelines.html

    Please don't complain about tangential annoyances—e.g. article or website formats, name collisions, or back-button breakage.

and    Please don't post insinuations about astroturfing, shilling, brigading, foreign agents, and the like. It degrades discussion and is usually mistaken.


I'd argue pointing out that you think an article is AI is very similar in value to pointing out any of the above. None of us like AI slop. But I wouldn't be surprised if, by the end of 2026, 90-95% of articles posted online are AI slop. Pointing it out is useless. As useless as pointing out that the article breaks the scrollbar (which happens often) or that the article is formatted badly or has poor text contrast, or that an article is Chinese propaganda. Probably true, but posting about it adds nothing to the discussion, and is not allowed on HN.All we really need is to add ""Don't complain that an article is AI"" to the guidelines.1: https://news.ycombinator.com/newsguidelines.html

    Please don't post insinuations about astroturfing, shilling, brigading, foreign agents, and the like. It degrades discussion and is usually mistaken.


I'd argue pointing out that you think an article is AI is very similar in value to pointing out any of the above. None of us like AI slop. But I wouldn't be surprised if, by the end of 2026, 90-95% of articles posted online are AI slop. Pointing it out is useless. As useless as pointing out that the article breaks the scrollbar (which happens often) or that the article is formatted badly or has poor text contrast, or that an article is Chinese propaganda. Probably true, but posting about it adds nothing to the discussion, and is not allowed on HN.All we really need is to add ""Don't complain that an article is AI"" to the guidelines.1: https://news.ycombinator.com/newsguidelines.html

All we really need is to add ""Don't complain that an article is AI"" to the guidelines.1: https://news.ycombinator.com/newsguidelines.html

1: https://news.ycombinator.com/newsguidelines.html

reply

reply

reply

reply

reply

reply

> You should add more AI to your lifeI hope you can see how this is not a useful suggestion.

I hope you can see how this is not a useful suggestion.

reply

Nowadays I usually check the comments first for the ""This is AI"" comment, I've left a few of my own and gotten thank yous in reply.

reply

Actually, when 90%-95% of articles posted online are AI slop, it's even more useful to identify those which aren't.When the signal/noise ratio is too low, having an indicator of signal is tremendously useful.

When the signal/noise ratio is too low, having an indicator of signal is tremendously useful.

reply

I think the criticism also signals to the submitter or idk co-author? That the article isn't valued

reply

reply

reply

1st: the presumption that AI generated text is actually unsuccessful, rather than proliferating broadly unchallenged today2nd: the disposition that negative attitudes towards AI text are unjustified discrirmination, rather than working as a strong latent predictor of low-effort content3rd: the assumption that human writing is reliably doled benefits, rather than some poor proxy of it (winning the social contest for claiming authenticity)Operationally, only a very small minority of humans actually successfully identify AI generated text at rates ≥ Pangram. People discriminate against the label of ""AI"", but mostly fail to vote accurately. It's not uncommon to see bots abusing this gap for their own success -- accusing humans, sympathizing with generated profiles... FUD environment where people routinely get away with dismissing true accusations.For someone who is mediocre at detection, this would structurally feel like an unhinged, unjustified bias: look at all these good posts, these honest people, getting undermined by discrimination...

2nd: the disposition that negative attitudes towards AI text are unjustified discrirmination, rather than working as a strong latent predictor of low-effort content3rd: the assumption that human writing is reliably doled benefits, rather than some poor proxy of it (winning the social contest for claiming authenticity)Operationally, only a very small minority of humans actually successfully identify AI generated text at rates ≥ Pangram. People discriminate against the label of ""AI"", but mostly fail to vote accurately. It's not uncommon to see bots abusing this gap for their own success -- accusing humans, sympathizing with generated profiles... FUD environment where people routinely get away with dismissing true accusations.For someone who is mediocre at detection, this would structurally feel like an unhinged, unjustified bias: look at all these good posts, these honest people, getting undermined by discrimination...

3rd: the assumption that human writing is reliably doled benefits, rather than some poor proxy of it (winning the social contest for claiming authenticity)Operationally, only a very small minority of humans actually successfully identify AI generated text at rates ≥ Pangram. People discriminate against the label of ""AI"", but mostly fail to vote accurately. It's not uncommon to see bots abusing this gap for their own success -- accusing humans, sympathizing with generated profiles... FUD environment where people routinely get away with dismissing true accusations.For someone who is mediocre at detection, this would structurally feel like an unhinged, unjustified bias: look at all these good posts, these honest people, getting undermined by discrimination...

Operationally, only a very small minority of humans actually successfully identify AI generated text at rates ≥ Pangram. People discriminate against the label of ""AI"", but mostly fail to vote accurately. It's not uncommon to see bots abusing this gap for their own success -- accusing humans, sympathizing with generated profiles... FUD environment where people routinely get away with dismissing true accusations.For someone who is mediocre at detection, this would structurally feel like an unhinged, unjustified bias: look at all these good posts, these honest people, getting undermined by discrimination...

For someone who is mediocre at detection, this would structurally feel like an unhinged, unjustified bias: look at all these good posts, these honest people, getting undermined by discrimination...

reply

> 1st: the presumption that AI generated text is actually unsuccessful, rather than proliferating broadly unchallenged todayI can only talk about HN. If you think this is proliferating broadly on HN itself, I'd like to see such links. Assuming it's ""broadly"", they should be easy to find.> 2nd: the disposition that negative attitudes towards AI text are unjustified discrirmination, rather than working as a strong latent predictor of low-effort contentI don't understand this bit.> 3rd: the assumption that human writing is reliably doled benefits, rather than some poor proxy of it (winning the social contest for claiming authenticity)Sorry, but I don't understand this either.> only a very small minority of humans actually successfully identify AI generated text at rates ≥ Pangram.That's not what we seem to be seeing. I do agree that there's a wide spectrum and a lot of wrong guesses.> It's not uncommon to see bots abusing this gap for their own success I'd like to see specific links of this on HN itself. If it's not uncommon, they should be easy to find.

I can only talk about HN. If you think this is proliferating broadly on HN itself, I'd like to see such links. Assuming it's ""broadly"", they should be easy to find.> 2nd: the disposition that negative attitudes towards AI text are unjustified discrirmination, rather than working as a strong latent predictor of low-effort contentI don't understand this bit.> 3rd: the assumption that human writing is reliably doled benefits, rather than some poor proxy of it (winning the social contest for claiming authenticity)Sorry, but I don't understand this either.> only a very small minority of humans actually successfully identify AI generated text at rates ≥ Pangram.That's not what we seem to be seeing. I do agree that there's a wide spectrum and a lot of wrong guesses.> It's not uncommon to see bots abusing this gap for their own success I'd like to see specific links of this on HN itself. If it's not uncommon, they should be easy to find.

> 2nd: the disposition that negative attitudes towards AI text are unjustified discrirmination, rather than working as a strong latent predictor of low-effort contentI don't understand this bit.> 3rd: the assumption that human writing is reliably doled benefits, rather than some poor proxy of it (winning the social contest for claiming authenticity)Sorry, but I don't understand this either.> only a very small minority of humans actually successfully identify AI generated text at rates ≥ Pangram.That's not what we seem to be seeing. I do agree that there's a wide spectrum and a lot of wrong guesses.> It's not uncommon to see bots abusing this gap for their own success I'd like to see specific links of this on HN itself. If it's not uncommon, they should be easy to find.

I don't understand this bit.> 3rd: the assumption that human writing is reliably doled benefits, rather than some poor proxy of it (winning the social contest for claiming authenticity)Sorry, but I don't understand this either.> only a very small minority of humans actually successfully identify AI generated text at rates ≥ Pangram.That's not what we seem to be seeing. I do agree that there's a wide spectrum and a lot of wrong guesses.> It's not uncommon to see bots abusing this gap for their own success I'd like to see specific links of this on HN itself. If it's not uncommon, they should be easy to find.

> 3rd: the assumption that human writing is reliably doled benefits, rather than some poor proxy of it (winning the social contest for claiming authenticity)Sorry, but I don't understand this either.> only a very small minority of humans actually successfully identify AI generated text at rates ≥ Pangram.That's not what we seem to be seeing. I do agree that there's a wide spectrum and a lot of wrong guesses.> It's not uncommon to see bots abusing this gap for their own success I'd like to see specific links of this on HN itself. If it's not uncommon, they should be easy to find.

Sorry, but I don't understand this either.> only a very small minority of humans actually successfully identify AI generated text at rates ≥ Pangram.That's not what we seem to be seeing. I do agree that there's a wide spectrum and a lot of wrong guesses.> It's not uncommon to see bots abusing this gap for their own success I'd like to see specific links of this on HN itself. If it's not uncommon, they should be easy to find.

> only a very small minority of humans actually successfully identify AI generated text at rates ≥ Pangram.That's not what we seem to be seeing. I do agree that there's a wide spectrum and a lot of wrong guesses.> It's not uncommon to see bots abusing this gap for their own success I'd like to see specific links of this on HN itself. If it's not uncommon, they should be easy to find.

That's not what we seem to be seeing. I do agree that there's a wide spectrum and a lot of wrong guesses.> It's not uncommon to see bots abusing this gap for their own success I'd like to see specific links of this on HN itself. If it's not uncommon, they should be easy to find.

> It's not uncommon to see bots abusing this gap for their own success I'd like to see specific links of this on HN itself. If it's not uncommon, they should be easy to find.

I'd like to see specific links of this on HN itself. If it's not uncommon, they should be easy to find.

reply

reply

reply

reply

reply

I think the era of the blog is simply dead now and that's mostly ok. Blogspam and corporate blogs had killed quality bogs ages ago even before AI was a thing. The real question is what replaces it.Oh and of course the $64k question is this: if an AI generated article is indistinguishable from a human written article and it is accurate and interesting, do you care who wrote it? We want to avoid low quality, not AI generation, right?

Oh and of course the $64k question is this: if an AI generated article is indistinguishable from a human written article and it is accurate and interesting, do you care who wrote it? We want to avoid low quality, not AI generation, right?

reply

reply

reply

reply

reply

having said that, i'd still much prefer a norm of including prompt history with the article, or the codebase for that matter, so people can choose for themselves :)

reply

On the extreme end you have recipe blogspam, with the tropey life stories and Amazon affiliate spam that precede the meat (pardon the pun). If that pre-filler is inconsequential, why not have an LLM parse the semantic markup - which 99% of recipe sites use for Google SEO - to produce custom content for you? Like a history of the ingredients, or better instructions with an equipment list tailored to your kitchen and timings/temps for your specific oven?I can see there being a middle ground where you publish some sort of context that a user's LLM can generate the content from. Is it fundamentally any different from dramatized non-fiction? Think of books like Operation Mincemeat where the facts are thoroughly researched, but the author uses a lot of artistic license to tell the story.But to your point, if there is back-and-forth, I wish people would pay more attention to the obvious traits of LLM writing. Not everything needs to read like it's a snappy editorial, but I sense we're still in the early days where people have been handed this technology and are simply excited that they can pump out 1000 words in a coherent narrative.

I can see there being a middle ground where you publish some sort of context that a user's LLM can generate the content from. Is it fundamentally any different from dramatized non-fiction? Think of books like Operation Mincemeat where the facts are thoroughly researched, but the author uses a lot of artistic license to tell the story.But to your point, if there is back-and-forth, I wish people would pay more attention to the obvious traits of LLM writing. Not everything needs to read like it's a snappy editorial, but I sense we're still in the early days where people have been handed this technology and are simply excited that they can pump out 1000 words in a coherent narrative.

But to your point, if there is back-and-forth, I wish people would pay more attention to the obvious traits of LLM writing. Not everything needs to read like it's a snappy editorial, but I sense we're still in the early days where people have been handed this technology and are simply excited that they can pump out 1000 words in a coherent narrative.

reply

reply

Yes, because I have an interest in traces and mechanisms of human connections being preserved.

reply

The era of people caring about knowledge/learning seems to be dead. At least in the way we used to, because a lot of what we needed that for can now be done by the LLMs.

reply

Right now, in mid 2026, many of believe that LLM prose is not as good as human output.The deception is one aspect. AI for spellcheck and proofreading is one thing; AI writing the content wholesale in the first person, which you pass off as your own, is another. I also don't care for the Tailwind-styled demo sites that have flooded Show HN.The sort of content that people react viscerally to (as slop) is rarely that subtle. Again, no problem with careful and subtle use (see CGI in movies), but when I see Claude-isms and snappy section headings that nobody used to use, I close the page.You can/should write for you, to get experience writing, to present a portfolio, to share things you find interesting, a photo a day, whatever. Why does that have to die?

The deception is one aspect. AI for spellcheck and proofreading is one thing; AI writing the content wholesale in the first person, which you pass off as your own, is another. I also don't care for the Tailwind-styled demo sites that have flooded Show HN.The sort of content that people react viscerally to (as slop) is rarely that subtle. Again, no problem with careful and subtle use (see CGI in movies), but when I see Claude-isms and snappy section headings that nobody used to use, I close the page.You can/should write for you, to get experience writing, to present a portfolio, to share things you find interesting, a photo a day, whatever. Why does that have to die?

The sort of content that people react viscerally to (as slop) is rarely that subtle. Again, no problem with careful and subtle use (see CGI in movies), but when I see Claude-isms and snappy section headings that nobody used to use, I close the page.You can/should write for you, to get experience writing, to present a portfolio, to share things you find interesting, a photo a day, whatever. Why does that have to die?

You can/should write for you, to get experience writing, to present a portfolio, to share things you find interesting, a photo a day, whatever. Why does that have to die?

reply

reply

reply

reply

reply

reply

Whether you agree that a con artist is only a criminal if he gets caught, or you think he's a criminal the whole time, surely you can see why many people might want to know if they are dealing with a friend and not something simulating a friend.

reply

if it were, 90% of startups would be illegal and they founders jailable

reply

reply

but we are not even talking about that, most authors do not claim LLMs were not used

reply



reply

reply

The idiom is someone says “tell us how you really feel” (which he's rephrased here) to express (I think) that one's expressed opinion is far too dramatic in its opposition of some thing. It's meant to be read ironically.

reply

If you can easily detect the pattern of LLM writing here's something for you to look at: I was reading some pre-consumer-LLM papers by AI researchers and founders and the way these are written are incredibly similar to existing LLM prose!

reply

Maybe we need a two-dimensional voting system: good/bad, ai/human. I think the second axis could cut down on meta-discussions over how much of the article was AI-generated.

reply

I imagine the set of articles that are somehow both interesting-enough-to-read but not interesting-enough-to-write is smaller than you'd think.

reply

reply

reply

If there is a great post on a topic and the author used AI when generating it, what's so bad about that?

reply

reply

reply

reply

agreed.For me, the issue I have is that a vocal group seems to despise AI-edited content and they can't manage to take their disgust eleswhere.AI-editing is another tool, just like spellcheck.

For me, the issue I have is that a vocal group seems to despise AI-edited content and they can't manage to take their disgust eleswhere.AI-editing is another tool, just like spellcheck.

AI-editing is another tool, just like spellcheck.

reply

reply

reply

reply

Is the goal of this site to remain high-quality, or to rely on random, anonymous users to discern quality? Consider the possibility that the two options might be incompatible.

reply

reply

reply

Hacker News adopting such a feature would likely do more harm than good.

reply

https://github.com/alvi-se/ai-ublock-blacklisthttps://github.com/laylavish/uBlockOrigin-HUGE-AI-Blocklisthttps://github.com/Stevoisiak/Stevos-AI-Blocklist/

https://github.com/laylavish/uBlockOrigin-HUGE-AI-Blocklisthttps://github.com/Stevoisiak/Stevos-AI-Blocklist/

https://github.com/Stevoisiak/Stevos-AI-Blocklist/

reply

That's a good example of the exact problem with such a broad stroke rule.

reply

Depends on your use-case, but most people don't need content used in network nuisances like YC AstroTurf posts. =3

reply

reply

Even scoring posts does provably change peoples behavior, and studies showed it tended to make people more punitive in their conduct with strangers.At bare minimum, YC should have bot CAPTCHA protection on posts.  As unleashing chat bots on users is often disrespectful, and just cows people out of participating in conversations in good faith. =3

At bare minimum, YC should have bot CAPTCHA protection on posts.  As unleashing chat bots on users is often disrespectful, and just cows people out of participating in conversations in good faith. =3

reply

Are you implying the front page is botted/manipulated?

reply

Throwing up a bot challenge would probably improve signal-to-noise ratios, but who knows for sure.  =3

reply

AI isn't a higher power than HI and it never shall.It is the author's and writer's duty and sole responsibility to tell viewers/readers that their respective works are AI-generated or how much percentage of it.

It is the author's and writer's duty and sole responsibility to tell viewers/readers that their respective works are AI-generated or how much percentage of it.

reply

Personally I recently published a white paper on an idea for democracy that has been bouncing around in my head for decades. AI helped flesh out the idea and write the pages of text and structure the whitepaper.I'm not an academic so I probably would never have fleshed out this idea without AI but I think it's better to have the idea published so it can be seen than to have remained bouncing around in my head until I passed away.I'd agree that an academic version of my idea written by hand would be better. But a mostly AI written version is better than the knowledge never being published and I still spent a good two days on it making sure I agreed with every paragraph and fixed every issue I could find.Considering this in general I think the amount of human effort that goes into creating something is probably the right measure of it's quality over if AI was used to assist in it's creation.

I'm not an academic so I probably would never have fleshed out this idea without AI but I think it's better to have the idea published so it can be seen than to have remained bouncing around in my head until I passed away.I'd agree that an academic version of my idea written by hand would be better. But a mostly AI written version is better than the knowledge never being published and I still spent a good two days on it making sure I agreed with every paragraph and fixed every issue I could find.Considering this in general I think the amount of human effort that goes into creating something is probably the right measure of it's quality over if AI was used to assist in it's creation.

I'd agree that an academic version of my idea written by hand would be better. But a mostly AI written version is better than the knowledge never being published and I still spent a good two days on it making sure I agreed with every paragraph and fixed every issue I could find.Considering this in general I think the amount of human effort that goes into creating something is probably the right measure of it's quality over if AI was used to assist in it's creation.

Considering this in general I think the amount of human effort that goes into creating something is probably the right measure of it's quality over if AI was used to assist in it's creation.

reply

reply

reply

reply

reply

reply

Conspiracy minded responses are low value, and yours is especially so considering HN bans AI comments.

reply

reply

WTF? What do you mean by ""hosted""?I know it's the internet's happy place to blithely accuse others of monstrosity and then derive from that  how nobody other then themselves has any ""morals or ideals"", but this one sticks in my craw.

I know it's the internet's happy place to blithely accuse others of monstrosity and then derive from that  how nobody other then themselves has any ""morals or ideals"", but this one sticks in my craw.

reply



AI could provided assistance with building both cars and software, but you still need a decent level of knowledge in either field to get a good result.

reply

Not every person can drive a car.> but they can't build a car.Not every person is unable to build a car.Eg: my father, born 1935, still alive, has built double axle trailers, cars and vehicles that work, medical caravans for St Johns Ambulance, ...His education was six years of primary school and these were all ""side projects"" for himself or for his community.> you still need a decent level of knowledge in either fieldand the barrier to picking up sufficient knowledge to safely create software, cars, even ground effect flying boats isn't that high for normal human beings .. although it does require a certain can do attitude.

> but they can't build a car.Not every person is unable to build a car.Eg: my father, born 1935, still alive, has built double axle trailers, cars and vehicles that work, medical caravans for St Johns Ambulance, ...His education was six years of primary school and these were all ""side projects"" for himself or for his community.> you still need a decent level of knowledge in either fieldand the barrier to picking up sufficient knowledge to safely create software, cars, even ground effect flying boats isn't that high for normal human beings .. although it does require a certain can do attitude.

Not every person is unable to build a car.Eg: my father, born 1935, still alive, has built double axle trailers, cars and vehicles that work, medical caravans for St Johns Ambulance, ...His education was six years of primary school and these were all ""side projects"" for himself or for his community.> you still need a decent level of knowledge in either fieldand the barrier to picking up sufficient knowledge to safely create software, cars, even ground effect flying boats isn't that high for normal human beings .. although it does require a certain can do attitude.

Eg: my father, born 1935, still alive, has built double axle trailers, cars and vehicles that work, medical caravans for St Johns Ambulance, ...His education was six years of primary school and these were all ""side projects"" for himself or for his community.> you still need a decent level of knowledge in either fieldand the barrier to picking up sufficient knowledge to safely create software, cars, even ground effect flying boats isn't that high for normal human beings .. although it does require a certain can do attitude.

His education was six years of primary school and these were all ""side projects"" for himself or for his community.> you still need a decent level of knowledge in either fieldand the barrier to picking up sufficient knowledge to safely create software, cars, even ground effect flying boats isn't that high for normal human beings .. although it does require a certain can do attitude.

> you still need a decent level of knowledge in either fieldand the barrier to picking up sufficient knowledge to safely create software, cars, even ground effect flying boats isn't that high for normal human beings .. although it does require a certain can do attitude.

and the barrier to picking up sufficient knowledge to safely create software, cars, even ground effect flying boats isn't that high for normal human beings .. although it does require a certain can do attitude.

reply

They are driving (lol) towards the sale of a computer with a model on chip without a programmer salary and benefits adding to cost and resource use (all the tools of the trade need to be stored and copied around).This is capitalism, not honorific obligationism! Saving your job is no one else's burden! Disrupt! (YC crowd 15 years ago). Oh how the turn tables.Move the context of the code to the presentation layer and eliminate state by keeping the hardware focused on computing geometric transforms. Biggidy bam label the data on the display and save both geometry and labelsThere's no reason for biz logic context to exist in code.

This is capitalism, not honorific obligationism! Saving your job is no one else's burden! Disrupt! (YC crowd 15 years ago). Oh how the turn tables.Move the context of the code to the presentation layer and eliminate state by keeping the hardware focused on computing geometric transforms. Biggidy bam label the data on the display and save both geometry and labelsThere's no reason for biz logic context to exist in code.

Move the context of the code to the presentation layer and eliminate state by keeping the hardware focused on computing geometric transforms. Biggidy bam label the data on the display and save both geometry and labelsThere's no reason for biz logic context to exist in code.

There's no reason for biz logic context to exist in code.

reply

reply

LLMs are mass theft of intellectual property. I didn't need them to ""drive"" this computer for the last ten years.

reply

they are different systems created for completely different reasons. the idea of calling them all ""property"" came from lobbyists who wanted to make people think they are natural rights that should be expanded and protected at all costs, instead of tools made for a specific purpose.thats how we get todays system where publishing anything even without a copyright notice gives you life plus 70 years of total exclusivity, but also if you signed a bad contract with your employer they will act like all your work belongs to them even if you did it on your own time and threaten you with lawsuits if you try and fight. its bad at protecting artists (just look at the music industry) and even worse at protecting the public.what llm vendors (not the models themselves) are doing is not really theft because you cant steal something if the original owner has it the whole time. the bad thing they actually do is train llms on everyones work and then claim copyright over the result. that is the real injustice. and its why i think open source === ethical when it comes to ai. if you take you have to give back.the only true permanent solution is a full rebalance. all ""ip"" rights should be for commercial use only and last 25 years or less. yes that means piracy is legal as long as you dont make money off it. unpaid royalties are a problem for real people but pirates only hurt corporations. i know what side im on.

thats how we get todays system where publishing anything even without a copyright notice gives you life plus 70 years of total exclusivity, but also if you signed a bad contract with your employer they will act like all your work belongs to them even if you did it on your own time and threaten you with lawsuits if you try and fight. its bad at protecting artists (just look at the music industry) and even worse at protecting the public.what llm vendors (not the models themselves) are doing is not really theft because you cant steal something if the original owner has it the whole time. the bad thing they actually do is train llms on everyones work and then claim copyright over the result. that is the real injustice. and its why i think open source === ethical when it comes to ai. if you take you have to give back.the only true permanent solution is a full rebalance. all ""ip"" rights should be for commercial use only and last 25 years or less. yes that means piracy is legal as long as you dont make money off it. unpaid royalties are a problem for real people but pirates only hurt corporations. i know what side im on.

what llm vendors (not the models themselves) are doing is not really theft because you cant steal something if the original owner has it the whole time. the bad thing they actually do is train llms on everyones work and then claim copyright over the result. that is the real injustice. and its why i think open source === ethical when it comes to ai. if you take you have to give back.the only true permanent solution is a full rebalance. all ""ip"" rights should be for commercial use only and last 25 years or less. yes that means piracy is legal as long as you dont make money off it. unpaid royalties are a problem for real people but pirates only hurt corporations. i know what side im on.

the only true permanent solution is a full rebalance. all ""ip"" rights should be for commercial use only and last 25 years or less. yes that means piracy is legal as long as you dont make money off it. unpaid royalties are a problem for real people but pirates only hurt corporations. i know what side im on.

reply

Just stokes addiction to a false sense of empowerment and social contributionDownvote away to hide from ideas and opinions you don't like.Conservative people are the only people so dysregulated by ideas they don't understand or that do not validate prior experience and embedded biases they just try to hide them from view. Not the kind of people whose judgment I concern myself with in any meaningful way

Downvote away to hide from ideas and opinions you don't like.Conservative people are the only people so dysregulated by ideas they don't understand or that do not validate prior experience and embedded biases they just try to hide them from view. Not the kind of people whose judgment I concern myself with in any meaningful way

Conservative people are the only people so dysregulated by ideas they don't understand or that do not validate prior experience and embedded biases they just try to hide them from view. Not the kind of people whose judgment I concern myself with in any meaningful way

reply

I agree. We've had large and thriving online forums for at least a decade before upvote systems became ubiquitous and things were just fine.

reply

yeah keep chatting with the sycophantic psychosis-inducing LLM chatbot, I think you'll have a better time.

reply

reply

I'm glad the idea is picking up steam.IMO, the post title should get ""[AI Generated]"" at the end if enough people flag the content as AI.

IMO, the post title should get ""[AI Generated]"" at the end if enough people flag the content as AI.

reply

I don't care if a human, an AI or a cat wrote it.

reply

Works on a personal level, unsure if this would work well in practice. Maybe just a tag is enough, so people can conclude for themselves.I know there are extensions out there that are doing the democratic part right. Mostly YouTube-related extensions like DeArrow and SponsorBlock

I know there are extensions out there that are doing the democratic part right. Mostly YouTube-related extensions like DeArrow and SponsorBlock

reply

reply

reply

reply

reply

https://soitis.dev/comments-owl-for-hacker-news

reply

reply

reply

reply

reply

reply

reply

reply

reply

reply

The latest codemaxxed models all tend to write in very distinct, instantly recognizable ways unless carefully instructed otherwise (honestly a good thing if you want to avoid wasting time reading AI text). A great example is this submission that's currently #1 on the front page (which is also just a thinly veiled advertisement): https://news.ycombinator.com/item?id=48884853

reply

reply

A good article is a good article. Doesn't matter who wrote it.Obfuscation of facts is the major issue with AI articles that should be bopped.

Obfuscation of facts is the major issue with AI articles that should be bopped.

reply

reply

reply

How do you tell which is the case?If we don't allow AI help at all, is that perhaps discriminating against those who don't feel comfortable posting with imperfect English?I agree in principle, but am concerned in implementation... I'm not sure we can be fair without high risk of discriminationEdit: typo fixEdit: or am I AI?! And making edits looks more legit.... (To be clear: I'm not, I play by rules)

If we don't allow AI help at all, is that perhaps discriminating against those who don't feel comfortable posting with imperfect English?I agree in principle, but am concerned in implementation... I'm not sure we can be fair without high risk of discriminationEdit: typo fixEdit: or am I AI?! And making edits looks more legit.... (To be clear: I'm not, I play by rules)

I agree in principle, but am concerned in implementation... I'm not sure we can be fair without high risk of discriminationEdit: typo fixEdit: or am I AI?! And making edits looks more legit.... (To be clear: I'm not, I play by rules)

Edit: typo fixEdit: or am I AI?! And making edits looks more legit.... (To be clear: I'm not, I play by rules)

Edit: or am I AI?! And making edits looks more legit.... (To be clear: I'm not, I play by rules)

reply



reply

I have a hard time finding these communities

reply

reply

reply

reply

The issue is complicated by the fact that there can be substantial effort invested in a process outside of the writing itself - and so AI written does not guarantee that the content will not valuable. But I'm inclined to punish it anyway to establish a norm of valuing genuine human communication. I think this norm has always been present but we didn't know until we'd really explored the alternatives.I spend a LOT of time reading AI generated content because I use AI a lot for various purposes - maybe I'm more sensitive to its voice than some. AI voice always bothers me and its been getting more annoying the more I notice it, but there is a huge difference in reading responses to my own prompts and in reading the response to a prompt I haven't seen, when I don't know how many revisions there were, when I don't know if a human mind reviewed it at all before clicking send.It becomes an unacceptable distraction because I don't know if I'm investing more time in the content than the author did, when in normal written communication the author would be putting in at least 5x the work.

I spend a LOT of time reading AI generated content because I use AI a lot for various purposes - maybe I'm more sensitive to its voice than some. AI voice always bothers me and its been getting more annoying the more I notice it, but there is a huge difference in reading responses to my own prompts and in reading the response to a prompt I haven't seen, when I don't know how many revisions there were, when I don't know if a human mind reviewed it at all before clicking send.It becomes an unacceptable distraction because I don't know if I'm investing more time in the content than the author did, when in normal written communication the author would be putting in at least 5x the work.

It becomes an unacceptable distraction because I don't know if I'm investing more time in the content than the author did, when in normal written communication the author would be putting in at least 5x the work.

reply

reply

My entire position: I'm not interested in reading text that sounds like it was written by AI.

reply

I think this is a fair position - if the author did not even take the time to read their own article, why should they expect others to read it?If they did read it, they would have spotted instantly how AI it sounds.

If they did read it, they would have spotted instantly how AI it sounds.

reply

reply

reply

reply

reply

reply

reply

I think it would be great if AI-generated submissions were outright banned as they fundamentally break the balance of effort that HN was built upon, but as was already stated by another user, YC is heavily invested in AI so there's a conflict of interest there.

reply

reply

> Please don't use HN primarily for promotion. It's ok to post your own stuff part of the time, but the primary use of the site should be for curiosity.

reply

reply

And im sure this was designed in order to encourage positive discussion

reply

reply

reply

reply

reply

reply

reply

I used to love reading HN for the handwritten articles and handmade projects, but in the LLM era the quality has deteriorated significantly. I find myself flocking to other message boards where LLM content is flagged, discouraged, or banned.

reply

reply

reply

reply

However, a lot of the academic or technical posts on this site have turned out to include AI hallucinations (a problem that is not just on HN, in fairness). If an article or paper contains nonexistent or obviously, blatantly wrong citations, then I feel very strongly that such content is disrespectful to the HN audience, certainly to me, because I've just wasted my time trying to take the author seriously only to discover that the argument was founded on a hallucination. In a sense, it doesn't matter to me whether the hallucination was due to AI or not -- if a person puts in bogus citations, AI-generated or otherwise, my view is that their article or paper fully deserves to be flagged so that we don't waste other people's time.

reply

AI writing is not the problem - low effort is the problem. Low effort AI articles are full of tics which are obvious, if you've done a lot of AI writing. To write well with AI you need to spend a good deal of time editing.If you submit something that's low effort but has a clickbait headline that appeals to HN, you may well make the front page even if the article is lightweight (it does happen!) This is true both for AI and for human written articles.On the flip side, somebody could spend an enormous amount of effort creating a masterpiece with AI. Penalizing that because of the tool that was used is arbitrary.

If you submit something that's low effort but has a clickbait headline that appeals to HN, you may well make the front page even if the article is lightweight (it does happen!) This is true both for AI and for human written articles.On the flip side, somebody could spend an enormous amount of effort creating a masterpiece with AI. Penalizing that because of the tool that was used is arbitrary.

On the flip side, somebody could spend an enormous amount of effort creating a masterpiece with AI. Penalizing that because of the tool that was used is arbitrary.

reply

I do think the dead giveaways (em dashes, it's not X it's Y, etc.) are annoying to come across repeatedly. A person not bothering to remove these tells feels 'low effort' to me.

reply



reply

reply

reply

It got to the point I'm sitting on reviewed and tested patches for Mesa that I'm too ashamed to submit because of Claude's participation in their making.

reply

reply

reply

reply

AI slop is AI slop.

reply

reply

2. judge content not by its cover and think.

reply

Would you skip articles because it's written with a text processor?
You need to have it written bit by bit by fusing it directly in memory?AI / LLM is the new word editor. Get over it.What I find really annoying is all the comments that pretend to see / detect AI slop... with lot of false positives.

AI / LLM is the new word editor. Get over it.What I find really annoying is all the comments that pretend to see / detect AI slop... with lot of false positives.

What I find really annoying is all the comments that pretend to see / detect AI slop... with lot of false positives.

reply

reply

reply

Is it purely just a ""human supremacist"" desire that fuels the motivation to ban or block such articles?

reply

It's not about the end output. End output is already good IMO. Now, the sentiment is ""if you don't give a damn about writing what's on your mind, why should we give a damn about reading it?""It doesn't matter how bad your writing is. You have a flavour to it. You write and make it better.Not to mention, everytime I write something, my thoughts get clearer and clearer. Vibing an article kills this process. It's about the unknown unknowns. You don't even know what you don't know until you start writing. LLM doesn't help you here. It might help you get some likes.

It doesn't matter how bad your writing is. You have a flavour to it. You write and make it better.Not to mention, everytime I write something, my thoughts get clearer and clearer. Vibing an article kills this process. It's about the unknown unknowns. You don't even know what you don't know until you start writing. LLM doesn't help you here. It might help you get some likes.

Not to mention, everytime I write something, my thoughts get clearer and clearer. Vibing an article kills this process. It's about the unknown unknowns. You don't even know what you don't know until you start writing. LLM doesn't help you here. It might help you get some likes.

reply

reply

reply

The problem with these texts to me is that the parts that are information-dense are often not real and the majority is not information-dense. It's just filler text of a sort that's pointless “35% ram. 3x throughout. No latency trade off. That's the whole point”. Okay, what's this random “that's the whole point” added there. Useless.I know it's passé to say “HN is becoming like X” but this is pure LinkedIn slop. Someone publishes pure bullshit and their fan club posts a bunch of likes and “I'm so excited to see this. Great post”.

I know it's passé to say “HN is becoming like X” but this is pure LinkedIn slop. Someone publishes pure bullshit and their fan club posts a bunch of likes and “I'm so excited to see this. Great post”.

reply

Voting systems can be gamed and as HN becomes bigger and bigger it'll start to attract unsavory audiences who have an agenda.

reply

reply

reply

Humans? We're not particularly effective at this as a whole...AI service ? We'd probably have to pay for that AI to detect that AI and well.. Its also not particularly effectiveEffectiveness is important, because we dont want real human produced data to be accidentally removed from view, just as much if not more so than having AI gen data being left on the site.

AI service ? We'd probably have to pay for that AI to detect that AI and well.. Its also not particularly effectiveEffectiveness is important, because we dont want real human produced data to be accidentally removed from view, just as much if not more so than having AI gen data being left on the site.

Effectiveness is important, because we dont want real human produced data to be accidentally removed from view, just as much if not more so than having AI gen data being left on the site.

reply

reply

reply

A simple beneficial step that would lead to modest improvements and little downside: partner with Pangram. Either adding it as an automated spam filter, or by simply attaching the detection % to all posts.

reply

reply","{'href': 'https://news.ycombinator.com', 'title': 'Hacker News'}","technology"
"https://news.google.com/rss/search?q=site:ycombinator.com","Stop Telling Me to Ask an LLM","https://news.ycombinator.com/item?id=48876441","Mon, 13 Jul 2026 04:32:47 GMT","

> I already did.They repeat multiple times in the article that asking Claude was something they already did. So this isn't an anti-LLM article.This seems to be a communication problem. The other party either doesn't know that they've put a lot of effort into researching this already, or their trying to give a gentle let-down instead of saying they don't have time for this.For the first case, the solution is to explain what you did to reach this point. People are more interested in helping those who have already tried helping themselves.The second case is more of a social situation with an infinite number of explanations. Some times you have to read the room and realize that someone may not be interested in having those conversations with you. Some times it's only in the moment (we all have bad days where we want to be left alone) but other times it's a signal that they're not interested in discussing this topic with you or maybe even anyone else.

They repeat multiple times in the article that asking Claude was something they already did. So this isn't an anti-LLM article.This seems to be a communication problem. The other party either doesn't know that they've put a lot of effort into researching this already, or their trying to give a gentle let-down instead of saying they don't have time for this.For the first case, the solution is to explain what you did to reach this point. People are more interested in helping those who have already tried helping themselves.The second case is more of a social situation with an infinite number of explanations. Some times you have to read the room and realize that someone may not be interested in having those conversations with you. Some times it's only in the moment (we all have bad days where we want to be left alone) but other times it's a signal that they're not interested in discussing this topic with you or maybe even anyone else.

This seems to be a communication problem. The other party either doesn't know that they've put a lot of effort into researching this already, or their trying to give a gentle let-down instead of saying they don't have time for this.For the first case, the solution is to explain what you did to reach this point. People are more interested in helping those who have already tried helping themselves.The second case is more of a social situation with an infinite number of explanations. Some times you have to read the room and realize that someone may not be interested in having those conversations with you. Some times it's only in the moment (we all have bad days where we want to be left alone) but other times it's a signal that they're not interested in discussing this topic with you or maybe even anyone else.

For the first case, the solution is to explain what you did to reach this point. People are more interested in helping those who have already tried helping themselves.The second case is more of a social situation with an infinite number of explanations. Some times you have to read the room and realize that someone may not be interested in having those conversations with you. Some times it's only in the moment (we all have bad days where we want to be left alone) but other times it's a signal that they're not interested in discussing this topic with you or maybe even anyone else.

The second case is more of a social situation with an infinite number of explanations. Some times you have to read the room and realize that someone may not be interested in having those conversations with you. Some times it's only in the moment (we all have bad days where we want to be left alone) but other times it's a signal that they're not interested in discussing this topic with you or maybe even anyone else.

reply

I chuckled because, as a joke to express my frustration about this, I made a website called djfa.ai (Dude, Just Fucking Ask AI), which is essentially LMGTFY for ChatGPT. As one can imagine, the gimmick wore off rather quickly with my loved ones (turns out moms of nerds sometimes ask their children tech questions because they miss their voice). I ended up haphazardly turning it into my personal blog, which I sometimes choose to abbreviate and sometimes not on my resume.I would never have made it in the first place had most of the people asking me questions been like Yael: seeking my informed opinion on thought-provoking questions they'd already researched. Going back to your larger point about the social aspect of it all, even among my wife and my social group, ""just ask Claude"" is almost the new ""I don't really know"" or ""that's a tough one"" when it comes to any sort of question. Almost colloquial in the sense that it isn't to be taken literally, but more as an indication of uncertainty.

I would never have made it in the first place had most of the people asking me questions been like Yael: seeking my informed opinion on thought-provoking questions they'd already researched. Going back to your larger point about the social aspect of it all, even among my wife and my social group, ""just ask Claude"" is almost the new ""I don't really know"" or ""that's a tough one"" when it comes to any sort of question. Almost colloquial in the sense that it isn't to be taken literally, but more as an indication of uncertainty.

reply

Thanks, I'll to remember this.

reply

It's also helpful to the problem-solving and learning processes. For the expert, knowing what you've tried and how it didn't work refines the set of potential problems. For you, it's a free opportunity to get feedback on your methods from someone with domain expertise.

reply

reply

reply

To me, such screams “I'm too lazy to do anything more than ask a LLM. I've tried nothing and I'm all out of ideas”Show me you put a modicum effort and aren't just looking to be spoon-fed the content from the first Google result that would have been found.

Show me you put a modicum effort and aren't just looking to be spoon-fed the content from the first Google result that would have been found.

reply

“Why would you even want to do that?”I dunno, man, it's the job I was given. Do you know or not? No. No one does.I take a week to figure it out, I come back to the forum to post my response, and it's automatically closed as off-topic.*sigh*

I dunno, man, it's the job I was given. Do you know or not? No. No one does.I take a week to figure it out, I come back to the forum to post my response, and it's automatically closed as off-topic.*sigh*

I take a week to figure it out, I come back to the forum to post my response, and it's automatically closed as off-topic.*sigh*

*sigh*

reply

Same solution as case one though - don't be afraid to say ""Claude said X but that doesn't sound right"".

reply

reply

And having to do this on the corporate environment saps the energy and time of people that could be doing something productive by wasting their time answering a clueless person that asked an LLM about something they don't understand, got the answer they wanted (but that isn't real), and now are asking multiple people to prove it can't be done.Here's an example, a PM decided they wanted to build a metrics framework, to track team success, with high level metrics. They asked claude to build such high level metrics (out of nowhere, these metrics don't exist), it happily produced hallucinated code that said it was collecting the metrics and the PR opened a pull request. Now we have to go there, review, find out is all bullshit and explain to the person that what they're trying to build doesn't exist.So now we have to fight misinformation even on the clock.

Here's an example, a PM decided they wanted to build a metrics framework, to track team success, with high level metrics. They asked claude to build such high level metrics (out of nowhere, these metrics don't exist), it happily produced hallucinated code that said it was collecting the metrics and the PR opened a pull request. Now we have to go there, review, find out is all bullshit and explain to the person that what they're trying to build doesn't exist.So now we have to fight misinformation even on the clock.

So now we have to fight misinformation even on the clock.

reply

She's a journalist, and, from what I can see, a pretty good one. Someone that is fairly used to being able to talk to very senior people.I suspect most journalists get told to intercourse themselves, from time to time, but it seems “ask Claude” is a new way of saying it, and, whether it's meant, or not, a subtle insult. The kind that people like her especially resent. The intimation that she didn't do her homework. It puts her on her back foot, and I think it's meant to.Us nerds can relate. How often are we told that we didn't do something basic, with the onus on us, to prove we did? For a newb, that's understandable, but it's a real slap, for experienced pros.

I suspect most journalists get told to intercourse themselves, from time to time, but it seems “ask Claude” is a new way of saying it, and, whether it's meant, or not, a subtle insult. The kind that people like her especially resent. The intimation that she didn't do her homework. It puts her on her back foot, and I think it's meant to.Us nerds can relate. How often are we told that we didn't do something basic, with the onus on us, to prove we did? For a newb, that's understandable, but it's a real slap, for experienced pros.

Us nerds can relate. How often are we told that we didn't do something basic, with the onus on us, to prove we did? For a newb, that's understandable, but it's a real slap, for experienced pros.

reply

It kind of feels like it though. We can be anti-LLM even though it's smart or helpful or whatever. It's reduced so many interesting conversations to this type of boring redirect to just ""Ask AI""

reply

reply

Unpopular answer that the author seems to be dismissing: Maybe the thing that 30 years has taught this guy is that the LLMs can answer the question better than he can.  Or that he can't give a substantive answer without doing research into it with an LLM.>LMGTFYI mostly saw LMGTFY used when the question was the sort of thing that a person would have to research but that google results had a high chance of getting with ""I'm feeling lucky"".If you've already done a bunch of research, and already asked the LLMs, when someone says ""Honestly, ask Claude"", you should be able to come back with what results you got to your question and what you need clarification on.I've been doing programming and sys admin for 40 years.  When I run a coworkers question through the AI tooling and talk through the answer with them, it's because my 40 years of experience tells me that's the next step.

>LMGTFYI mostly saw LMGTFY used when the question was the sort of thing that a person would have to research but that google results had a high chance of getting with ""I'm feeling lucky"".If you've already done a bunch of research, and already asked the LLMs, when someone says ""Honestly, ask Claude"", you should be able to come back with what results you got to your question and what you need clarification on.I've been doing programming and sys admin for 40 years.  When I run a coworkers question through the AI tooling and talk through the answer with them, it's because my 40 years of experience tells me that's the next step.

I mostly saw LMGTFY used when the question was the sort of thing that a person would have to research but that google results had a high chance of getting with ""I'm feeling lucky"".If you've already done a bunch of research, and already asked the LLMs, when someone says ""Honestly, ask Claude"", you should be able to come back with what results you got to your question and what you need clarification on.I've been doing programming and sys admin for 40 years.  When I run a coworkers question through the AI tooling and talk through the answer with them, it's because my 40 years of experience tells me that's the next step.

If you've already done a bunch of research, and already asked the LLMs, when someone says ""Honestly, ask Claude"", you should be able to come back with what results you got to your question and what you need clarification on.I've been doing programming and sys admin for 40 years.  When I run a coworkers question through the AI tooling and talk through the answer with them, it's because my 40 years of experience tells me that's the next step.

I've been doing programming and sys admin for 40 years.  When I run a coworkers question through the AI tooling and talk through the answer with them, it's because my 40 years of experience tells me that's the next step.

reply

reply

reply

reply

reply

Then, after I've put in all this work, the developer just replies with a copy-paste of what the LLM thinks about my comment. I have no idea if the developer read or understood my point. I have no idea if he agrees or not. It doesn't just seem disrespectful to the effort I put into the review, it also leaves me in a difficult position as a tech lead because I have no idea if the person who is ultimately responsible for this code understands the code, my feedback on the code, or the changes that the LLM made to address my feedback. If you're responsible for a feature, I want to be able to feel like you're thinking critically about how that feature works. Right now, I just feel like you're blindly doing everything that I tell you. It also feels like I'm shouting into the void. We're colleagues, we should be able to have a conversation about technical subjects!

reply

The +/-2000 line MR was bad when humans wrote it. It's way worse when the human didn't even write or read it.And just vomiting automated CodeRabbit talking points back and forth at each other feels equally harmful.Are we really tolerating turning ourselves into LLM rubber stamps?

And just vomiting automated CodeRabbit talking points back and forth at each other feels equally harmful.Are we really tolerating turning ourselves into LLM rubber stamps?

Are we really tolerating turning ourselves into LLM rubber stamps?

reply

It worked for a while. There is a GitHub action that you can configure to fail if the PR is too large.But then we started a new project and I didn't add it right away since it's a small team and I figured we could use the honor system.Since then there have been lots of massive PRs but there's not much willingness to go back to enforcing the rule because it might slow us down…It's frustrating.

But then we started a new project and I didn't add it right away since it's a small team and I figured we could use the honor system.Since then there have been lots of massive PRs but there's not much willingness to go back to enforcing the rule because it might slow us down…It's frustrating.

Since then there have been lots of massive PRs but there's not much willingness to go back to enforcing the rule because it might slow us down…It's frustrating.

It's frustrating.

reply

reply

I have one project where there must be hundreds of pages of design proposals I have not read and will never read, because the author really likes having Claude generate complete design proposals based on incomplete understanding. So every week or two he sends me a new one, I spend 30 seconds skimming it, and then I tab back to Slack to ask him to explain.I don't like working this way, but you know, I don't like doing rollouts either. It's certainly better than being a human rubberstamp.

I don't like working this way, but you know, I don't like doing rollouts either. It's certainly better than being a human rubberstamp.

reply

Perhaps you could explain how this is different from rubber stamping, if it's just 30 seconds of reading.Does the conversation you have reveal what they actually want?And what about the 2000 line change? Does that get stamped after someone talks about the change but without deeply reading it?

Does the conversation you have reveal what they actually want?And what about the 2000 line change? Does that get stamped after someone talks about the change but without deeply reading it?

And what about the 2000 line change? Does that get stamped after someone talks about the change but without deeply reading it?

reply

reply

Do you know if there's a way to incentivize them to lean toward doing the right thing first? Are the company and stakeholder goals and objectives in line with them making progress toward higher quality engineering? That is, are these juniors protected from randoms asking them to circumvent good process, etc?

reply

> Are the company and stakeholder goals and objectives in line with them making progress toward higher quality engineering? That is, are these juniors protected from randoms asking them to circumvent good process, etc?In my personal experience yes, but I've seen a few teams and heard stories of many more where the juniors are not protected and they just ship regressions and outages all the time now. I think the trend towards AI cost controls will mitigate this, although the impact will of course be uneven as companies behind the curve discover powerful agentic coding for the first time.

In my personal experience yes, but I've seen a few teams and heard stories of many more where the juniors are not protected and they just ship regressions and outages all the time now. I think the trend towards AI cost controls will mitigate this, although the impact will of course be uneven as companies behind the curve discover powerful agentic coding for the first time.

reply

reply

reply

reply

reply

Or even, even worse is when you get a PR from a co-worker, you spend a lot of time explaining why that's bad idea, only for the person to say ""Sorry, my openclaw/etc posted that. I'll close it."" Or even the opposite, you tell a co-worker: ""Hey, it was a great idea to change X."" and he says ""X? What is X?... Oh that must have been my agent.""

reply

that's the point where i would want to start firing people. not because i want to replace them with AI, but because if they use AI to answer without contributing their own thoughts they make themselves replaceable.

reply

reply

reply

Compare:— What's the best way of doing X?— Ask Claude.vs:— I thought about this and found there are options A, B, and C of doing X, I like A more but C is the fastest; what do you think?I believe a normal senior engineer won't suggest to talk to Claude in this case.

— What's the best way of doing X?— Ask Claude.vs:— I thought about this and found there are options A, B, and C of doing X, I like A more but C is the fastest; what do you think?I believe a normal senior engineer won't suggest to talk to Claude in this case.

— Ask Claude.vs:— I thought about this and found there are options A, B, and C of doing X, I like A more but C is the fastest; what do you think?I believe a normal senior engineer won't suggest to talk to Claude in this case.

vs:— I thought about this and found there are options A, B, and C of doing X, I like A more but C is the fastest; what do you think?I believe a normal senior engineer won't suggest to talk to Claude in this case.

— I thought about this and found there are options A, B, and C of doing X, I like A more but C is the fastest; what do you think?I believe a normal senior engineer won't suggest to talk to Claude in this case.

I believe a normal senior engineer won't suggest to talk to Claude in this case.

reply

— Ask Claude.

reply

reply

reply

I don't need Claude to give a second opinion on something that Claude already ran through. It's fucking useless and it's a huge blind spot.This shit happens when everyone in an organization is expected to use Claude to answer questions and do the initial investigation / analysis. Yeah, I did that. Now let's get to work as humans and provide our expertise, and not turn it into an AI circle jerk.

This shit happens when everyone in an organization is expected to use Claude to answer questions and do the initial investigation / analysis. Yeah, I did that. Now let's get to work as humans and provide our expertise, and not turn it into an AI circle jerk.

reply

reply

reply

reply

Good advice obviously if it's not being followed already but also likely over-simplifying the problem. Also a normal person on the receiving end would probe a bit about what has already been tried. Which to be fair makes the whole thing a bit weird and does sound more like she's being brushed off.

reply

reply

Without knowing what/how they asked, it's difficult but I would be tempted to suspect this was actually a way to say ""please stop asking me questions""

reply

reply

I don't think anyone in any industry regardless of seniority would redirect you back to AI assuming you're having a genuine conversation.

reply

reply

reply

""Ask the LLM"" is not at all a valid answer in a professional context where part of your job is to educate the less experienced, no matter how little effort is put in the question.

reply

reply

(HTTP) http://linuxmafia.com/faq/Essays/smart-questions.htmlhttps://archive.ph/duRkf

https://archive.ph/duRkf

reply

reply

reply

reply

However, search has become enshittified, and  I don't think LLM chatbots have achieved a similar level of certainty, so it may just be the end of an era for me.

reply

I was talking to a very tired friend of mine and she described renting a small tiller from Home Depot. They didn't know how to set the choke and so flooded the engine. They spent hours troubleshooting, no one at Home Depot knew anything about the equipment they were taking money to rent. They eventually figured it out and were tilling their backyard garden well into the late night.I told her next time just ask ChatGPT. I would have done it myself if I'd been there. She hadn't even thought of it. But a few pictures and descriptions would have gotten them rolling in half an hour tops.

I told her next time just ask ChatGPT. I would have done it myself if I'd been there. She hadn't even thought of it. But a few pictures and descriptions would have gotten them rolling in half an hour tops.

reply

junior developers on my team are often asking questions about our code base without even attempting to explore or self direct. “ask claude to look at <subsystem> and explain how its designed the key files and dependencies so that i can better understand it” is unsurprisingly effective and far cheaper than a couple of hours of opex

reply

reply

That is, the author asked for    the thing 30 years had taught him that a search engine couldn't

And his real answer is    I have forgotten that thing

    the thing 30 years had taught him that a search engine couldn't

And his real answer is    I have forgotten that thing

    I have forgotten that thing

reply

LLM's are good at learning from whatever humans have posted online. But with the agentic workflows getting more popular, more and more problems those AI agents figure out are not posted online, and the next time another agent running into the same problems they would have to figure it out from the scratch again. It'd be nice if there's a mechanism these agents would share the lessons they learn with each other, which could save a lot of trials and errors and wasted tokens. Humans share knowledge online. AI agents should be able to do so too. The moltbook thing from half year ago could have this potential, but too bad it's flooded by spams.Of course, to make this AI knowledge sharing truly work, there may need to be a peer-review mechanism to ensure the knowledge being shared is truthful, reliable, non-trivial etc. That can probably be all worked out if somebody (or AI agent) really put effort into it.

Of course, to make this AI knowledge sharing truly work, there may need to be a peer-review mechanism to ensure the knowledge being shared is truthful, reliable, non-trivial etc. That can probably be all worked out if somebody (or AI agent) really put effort into it.

reply

These should be opt out. Maybe have a skill that is similar and is opt out

reply

reply

Do you need to know if X is faster than Y? Do both. Measure. Sometimes the answer requires actual research.Maybe you need a real Subject Matter Expert because it turns out that nobody ever published something on the internet about something so that an LLM could soak up the real world information.Before the internet, we would consult with books. After the internet, it seemed faster to search and find answers in things like blog posts, (paid) articles, and CDs. Wikipedia and Stack Overflow are great resources. Maybe you need an answer from Hacker News - ask HN.By relying on LLMs more than these other sources and allowing LLMs to write articles and posts to these other sources, we lose subject matter experts.Add to that companies like Microsoft and Meta and others laying off and offering retirement packages to get rid of institutional knowledge as fast as possible, and we are headed towards a gigantic crash of knowledge.

Maybe you need a real Subject Matter Expert because it turns out that nobody ever published something on the internet about something so that an LLM could soak up the real world information.Before the internet, we would consult with books. After the internet, it seemed faster to search and find answers in things like blog posts, (paid) articles, and CDs. Wikipedia and Stack Overflow are great resources. Maybe you need an answer from Hacker News - ask HN.By relying on LLMs more than these other sources and allowing LLMs to write articles and posts to these other sources, we lose subject matter experts.Add to that companies like Microsoft and Meta and others laying off and offering retirement packages to get rid of institutional knowledge as fast as possible, and we are headed towards a gigantic crash of knowledge.

Before the internet, we would consult with books. After the internet, it seemed faster to search and find answers in things like blog posts, (paid) articles, and CDs. Wikipedia and Stack Overflow are great resources. Maybe you need an answer from Hacker News - ask HN.By relying on LLMs more than these other sources and allowing LLMs to write articles and posts to these other sources, we lose subject matter experts.Add to that companies like Microsoft and Meta and others laying off and offering retirement packages to get rid of institutional knowledge as fast as possible, and we are headed towards a gigantic crash of knowledge.

By relying on LLMs more than these other sources and allowing LLMs to write articles and posts to these other sources, we lose subject matter experts.Add to that companies like Microsoft and Meta and others laying off and offering retirement packages to get rid of institutional knowledge as fast as possible, and we are headed towards a gigantic crash of knowledge.

Add to that companies like Microsoft and Meta and others laying off and offering retirement packages to get rid of institutional knowledge as fast as possible, and we are headed towards a gigantic crash of knowledge.

reply

reply

reply

reply

These are not trivial things even though they are things that senior developers tend to trivialize.If you're describing the wrong problem, you'll get a right  answer that doesn't fix it.If you're describing the right problem wrongly, you'll get another wrong answer that talks past being right.If you're describing a difficult problem that maybe isn't even solved in existing stuff, you can get help figuring out the necessary steps if you have an idea where to start.If you don't know where to start you can start by asking where to start.Anyway, point is, I can't help you if you don't tell me what you know (or think you know) and what you don't know. I don't have a magic wand, I have years of experience grinding down problems until they submit.

If you're describing the wrong problem, you'll get a right  answer that doesn't fix it.If you're describing the right problem wrongly, you'll get another wrong answer that talks past being right.If you're describing a difficult problem that maybe isn't even solved in existing stuff, you can get help figuring out the necessary steps if you have an idea where to start.If you don't know where to start you can start by asking where to start.Anyway, point is, I can't help you if you don't tell me what you know (or think you know) and what you don't know. I don't have a magic wand, I have years of experience grinding down problems until they submit.

If you're describing the right problem wrongly, you'll get another wrong answer that talks past being right.If you're describing a difficult problem that maybe isn't even solved in existing stuff, you can get help figuring out the necessary steps if you have an idea where to start.If you don't know where to start you can start by asking where to start.Anyway, point is, I can't help you if you don't tell me what you know (or think you know) and what you don't know. I don't have a magic wand, I have years of experience grinding down problems until they submit.

If you're describing a difficult problem that maybe isn't even solved in existing stuff, you can get help figuring out the necessary steps if you have an idea where to start.If you don't know where to start you can start by asking where to start.Anyway, point is, I can't help you if you don't tell me what you know (or think you know) and what you don't know. I don't have a magic wand, I have years of experience grinding down problems until they submit.

If you don't know where to start you can start by asking where to start.Anyway, point is, I can't help you if you don't tell me what you know (or think you know) and what you don't know. I don't have a magic wand, I have years of experience grinding down problems until they submit.

Anyway, point is, I can't help you if you don't tell me what you know (or think you know) and what you don't know. I don't have a magic wand, I have years of experience grinding down problems until they submit.

reply

reply

Instead they are telling me that literally any other human could do their job and their only value is prompting a chat bot.The thing is they aren't even accelerating outcomes. Since they can't be bothered to learn they pump out stuff that looks good but the detail that matters is trash and requires someone else to actually finish to an acceptable standard.

The thing is they aren't even accelerating outcomes. Since they can't be bothered to learn they pump out stuff that looks good but the detail that matters is trash and requires someone else to actually finish to an acceptable standard.

reply

Doesn't that mean his answer was that he, with all of his years of experience, would ask Claude?

reply

reply

reply

reply

reply

""What did an LLM say about it?""What did the docs say?""These are all better follow-ups than telling someone to do a specific thing.

""What did the docs say?""These are all better follow-ups than telling someone to do a specific thing.

These are all better follow-ups than telling someone to do a specific thing.

reply

reply

reply

reply

15 minutes later a different coworker responded pointing out that everything Claude said was wrong.I asked on slack for a reason! It's not like i don't know how to ask Claude.

I asked on slack for a reason! It's not like i don't know how to ask Claude.

reply

Its now a polite way of saying ""I dont want to work on this project"" without having to go through the effort of thinking hard enough about the problem to put the ""go away"" price on it (or even worse having to DO the work I dont want to do).

reply

Maybe the people in your life are just trying to be helpful instead of effectively saying ""Go away.""But hey, sure, it's AI so you should definitely hate on them.  FUCK AI!!1!! AMIRIGHT?!?!

But hey, sure, it's AI so you should definitely hate on them.  FUCK AI!!1!! AMIRIGHT?!?!

reply

I don't know, maybe if you were generally not very informed the AI might seem knowledgeable by comparison?

reply

How do people get jobs at jar opening factories by deferring jar opening to someone capable? These are your collages who have full time jobs, not monks at some monastery, go do that if that's what you want.

reply

reply

reply

reply

(I'd trust an ML algorithm that only has to classify in two boxes, thus easy to evaluate, over my own gut feeling).

reply

reply

---Send an e-mail + pick up the phone. Mismatched analog. First one is outgoing, second is incoming. Yes, I know you can pick up ""to make a call"". In which case, then we have the classic LLM pattern of eliding details that matter to make it sound ""smooth"" (like blended cardboard smooth, glug glug).someone senior enough - Way too vague. Most people would add details here that are unique to the actual human being that they spoke with. But Claude can't do that, so we get this.a hard question - Same thing as the previous one. Which question? Why is there literally no detail or actual flavor here?- Real - Claude looooves punchy, empty emphasis words like this.... , the kind you ... - Tacked on extra phrase that should be a separate sentence. Claude does this all the time. We aren't writing a shitting noir novel, Claude.-a decision go sideways in a boardroom - vague shadow of an anecdote, of just the right length. The ""a"" in front of ""boardroom"" is a blinking red light for me, can't fully explain why.Not what the textbook says. - Too short, too vague, with the rhythmic punchy feel. (Damn... I've been infected with the triplet pattern myself).textbook, 5 studies, 30 years of experience - Pattern of 3...- that a search engine couldn't - Oh man... this type of phrasing is so triggering for me, heh. I've been busting my ass trying to sanitize Claude's output so it haven't doesn't these overly cute, inverted constructions.

Send an e-mail + pick up the phone. Mismatched analog. First one is outgoing, second is incoming. Yes, I know you can pick up ""to make a call"". In which case, then we have the classic LLM pattern of eliding details that matter to make it sound ""smooth"" (like blended cardboard smooth, glug glug).someone senior enough - Way too vague. Most people would add details here that are unique to the actual human being that they spoke with. But Claude can't do that, so we get this.a hard question - Same thing as the previous one. Which question? Why is there literally no detail or actual flavor here?- Real - Claude looooves punchy, empty emphasis words like this.... , the kind you ... - Tacked on extra phrase that should be a separate sentence. Claude does this all the time. We aren't writing a shitting noir novel, Claude.-a decision go sideways in a boardroom - vague shadow of an anecdote, of just the right length. The ""a"" in front of ""boardroom"" is a blinking red light for me, can't fully explain why.Not what the textbook says. - Too short, too vague, with the rhythmic punchy feel. (Damn... I've been infected with the triplet pattern myself).textbook, 5 studies, 30 years of experience - Pattern of 3...- that a search engine couldn't - Oh man... this type of phrasing is so triggering for me, heh. I've been busting my ass trying to sanitize Claude's output so it haven't doesn't these overly cute, inverted constructions.

someone senior enough - Way too vague. Most people would add details here that are unique to the actual human being that they spoke with. But Claude can't do that, so we get this.a hard question - Same thing as the previous one. Which question? Why is there literally no detail or actual flavor here?- Real - Claude looooves punchy, empty emphasis words like this.... , the kind you ... - Tacked on extra phrase that should be a separate sentence. Claude does this all the time. We aren't writing a shitting noir novel, Claude.-a decision go sideways in a boardroom - vague shadow of an anecdote, of just the right length. The ""a"" in front of ""boardroom"" is a blinking red light for me, can't fully explain why.Not what the textbook says. - Too short, too vague, with the rhythmic punchy feel. (Damn... I've been infected with the triplet pattern myself).textbook, 5 studies, 30 years of experience - Pattern of 3...- that a search engine couldn't - Oh man... this type of phrasing is so triggering for me, heh. I've been busting my ass trying to sanitize Claude's output so it haven't doesn't these overly cute, inverted constructions.

a hard question - Same thing as the previous one. Which question? Why is there literally no detail or actual flavor here?- Real - Claude looooves punchy, empty emphasis words like this.... , the kind you ... - Tacked on extra phrase that should be a separate sentence. Claude does this all the time. We aren't writing a shitting noir novel, Claude.-a decision go sideways in a boardroom - vague shadow of an anecdote, of just the right length. The ""a"" in front of ""boardroom"" is a blinking red light for me, can't fully explain why.Not what the textbook says. - Too short, too vague, with the rhythmic punchy feel. (Damn... I've been infected with the triplet pattern myself).textbook, 5 studies, 30 years of experience - Pattern of 3...- that a search engine couldn't - Oh man... this type of phrasing is so triggering for me, heh. I've been busting my ass trying to sanitize Claude's output so it haven't doesn't these overly cute, inverted constructions.

- Real - Claude looooves punchy, empty emphasis words like this.... , the kind you ... - Tacked on extra phrase that should be a separate sentence. Claude does this all the time. We aren't writing a shitting noir novel, Claude.-a decision go sideways in a boardroom - vague shadow of an anecdote, of just the right length. The ""a"" in front of ""boardroom"" is a blinking red light for me, can't fully explain why.Not what the textbook says. - Too short, too vague, with the rhythmic punchy feel. (Damn... I've been infected with the triplet pattern myself).textbook, 5 studies, 30 years of experience - Pattern of 3...- that a search engine couldn't - Oh man... this type of phrasing is so triggering for me, heh. I've been busting my ass trying to sanitize Claude's output so it haven't doesn't these overly cute, inverted constructions.

... , the kind you ... - Tacked on extra phrase that should be a separate sentence. Claude does this all the time. We aren't writing a shitting noir novel, Claude.-a decision go sideways in a boardroom - vague shadow of an anecdote, of just the right length. The ""a"" in front of ""boardroom"" is a blinking red light for me, can't fully explain why.Not what the textbook says. - Too short, too vague, with the rhythmic punchy feel. (Damn... I've been infected with the triplet pattern myself).textbook, 5 studies, 30 years of experience - Pattern of 3...- that a search engine couldn't - Oh man... this type of phrasing is so triggering for me, heh. I've been busting my ass trying to sanitize Claude's output so it haven't doesn't these overly cute, inverted constructions.

-a decision go sideways in a boardroom - vague shadow of an anecdote, of just the right length. The ""a"" in front of ""boardroom"" is a blinking red light for me, can't fully explain why.Not what the textbook says. - Too short, too vague, with the rhythmic punchy feel. (Damn... I've been infected with the triplet pattern myself).textbook, 5 studies, 30 years of experience - Pattern of 3...- that a search engine couldn't - Oh man... this type of phrasing is so triggering for me, heh. I've been busting my ass trying to sanitize Claude's output so it haven't doesn't these overly cute, inverted constructions.

Not what the textbook says. - Too short, too vague, with the rhythmic punchy feel. (Damn... I've been infected with the triplet pattern myself).textbook, 5 studies, 30 years of experience - Pattern of 3...- that a search engine couldn't - Oh man... this type of phrasing is so triggering for me, heh. I've been busting my ass trying to sanitize Claude's output so it haven't doesn't these overly cute, inverted constructions.

textbook, 5 studies, 30 years of experience - Pattern of 3...- that a search engine couldn't - Oh man... this type of phrasing is so triggering for me, heh. I've been busting my ass trying to sanitize Claude's output so it haven't doesn't these overly cute, inverted constructions.

- that a search engine couldn't - Oh man... this type of phrasing is so triggering for me, heh. I've been busting my ass trying to sanitize Claude's output so it haven't doesn't these overly cute, inverted constructions.

reply

I often leave out details and specifics or make things purposely vague because I am writing about real people.

reply

Well the people who keep bugging me verifiably do not, so that's tough.On the off chance they do, they either spectacularly self-sabotage, or treat the response like they do a typical message box popup. So I'll be asked to essentially read the same thing out aloud, only for them to go ""ok-ok"". It's beyond insulting.I'll 100% keep telling people to ask an LLM when I suspect this shit. They do NOT respect my time and attention, and have robustly demonstrated so. But then these are the same people who cannot internalize the idea behind nohello.net either (gotta remind them every few weeks/months), and have demonstrated this kind of helplessness even before LLMs, so it's clearly a deeper issue, likely cultural.It seems your peers might have a similarly low opinion of you, or at least I'd definitely feature that as one of the options.

On the off chance they do, they either spectacularly self-sabotage, or treat the response like they do a typical message box popup. So I'll be asked to essentially read the same thing out aloud, only for them to go ""ok-ok"". It's beyond insulting.I'll 100% keep telling people to ask an LLM when I suspect this shit. They do NOT respect my time and attention, and have robustly demonstrated so. But then these are the same people who cannot internalize the idea behind nohello.net either (gotta remind them every few weeks/months), and have demonstrated this kind of helplessness even before LLMs, so it's clearly a deeper issue, likely cultural.It seems your peers might have a similarly low opinion of you, or at least I'd definitely feature that as one of the options.

I'll 100% keep telling people to ask an LLM when I suspect this shit. They do NOT respect my time and attention, and have robustly demonstrated so. But then these are the same people who cannot internalize the idea behind nohello.net either (gotta remind them every few weeks/months), and have demonstrated this kind of helplessness even before LLMs, so it's clearly a deeper issue, likely cultural.It seems your peers might have a similarly low opinion of you, or at least I'd definitely feature that as one of the options.

It seems your peers might have a similarly low opinion of you, or at least I'd definitely feature that as one of the options.

reply

It makes sense to hate and despise that answer.And yet, I'm not 100% sure I've never used it myself. I will have to watch out for that.

And yet, I'm not 100% sure I've never used it myself. I will have to watch out for that.

reply

Huh, what if I don't want to spend time answering a low-effort question? I will have a look if the default answers/approaches don't work.

reply

He checked the consensus, the textbook, and 5 studies. He's asking for an answer from experience and he gets ""Ask Claude"".But even if you don't know, ""I don't know"" is a better answer than ""Ask Claude"", which blindly assumes that the asker hadn't thought of that, which is a weird thing to assume.

But even if you don't know, ""I don't know"" is a better answer than ""Ask Claude"", which blindly assumes that the asker hadn't thought of that, which is a weird thing to assume.

reply

reply

Dozens of ""quick questions"" over the course of a day will drag down your productivity to about one third or worse.I know that for me, it takes about 45 minutes of focus to enter a flow state, when I'm at my most productive. If I can never enter the zone, then I'm not really doing the thing that made me such a valuable player in the first place, am I?

I know that for me, it takes about 45 minutes of focus to enter a flow state, when I'm at my most productive. If I can never enter the zone, then I'm not really doing the thing that made me such a valuable player in the first place, am I?

reply

reply

Someone sneezing nearby can pull you out of the flow state.The idea that the onus is on the person who you're trying to distract to distract themselves to tell you not to distract them is just so broken if you think about it even just a little bit.

The idea that the onus is on the person who you're trying to distract to distract themselves to tell you not to distract them is just so broken if you think about it even just a little bit.

reply

The more busy you are, the more valuable your time... the more expensive context switching is. When you are known as the person with the answers, your day is at least partially structured around getting people to leave you tf alone so that you can actually concentrate on getting your own work done.There's a really toxic expectation that people who are senior should stop what they are doing XX times per day to help other people figure out their issues. Usually there's zero consideration given to how much each one of these interruptions takes away from them. Resentment builds cumulatively.Before LLMs, this conversation usually went like this:""What should I do?""What do you think you should do?""X""Do X""There's only so many times that can play out before you really want everyone to just fro.Anyhow, you should try hard not to ""hate and despise"" LLMs. Life is too short to invent paranoid reasons not to use the best tools available. That's another instinct you learn as an experienced dev.

There's a really toxic expectation that people who are senior should stop what they are doing XX times per day to help other people figure out their issues. Usually there's zero consideration given to how much each one of these interruptions takes away from them. Resentment builds cumulatively.Before LLMs, this conversation usually went like this:""What should I do?""What do you think you should do?""X""Do X""There's only so many times that can play out before you really want everyone to just fro.Anyhow, you should try hard not to ""hate and despise"" LLMs. Life is too short to invent paranoid reasons not to use the best tools available. That's another instinct you learn as an experienced dev.

Before LLMs, this conversation usually went like this:""What should I do?""What do you think you should do?""X""Do X""There's only so many times that can play out before you really want everyone to just fro.Anyhow, you should try hard not to ""hate and despise"" LLMs. Life is too short to invent paranoid reasons not to use the best tools available. That's another instinct you learn as an experienced dev.

""What should I do?""What do you think you should do?""X""Do X""There's only so many times that can play out before you really want everyone to just fro.Anyhow, you should try hard not to ""hate and despise"" LLMs. Life is too short to invent paranoid reasons not to use the best tools available. That's another instinct you learn as an experienced dev.

""What do you think you should do?""X""Do X""There's only so many times that can play out before you really want everyone to just fro.Anyhow, you should try hard not to ""hate and despise"" LLMs. Life is too short to invent paranoid reasons not to use the best tools available. That's another instinct you learn as an experienced dev.

""X""Do X""There's only so many times that can play out before you really want everyone to just fro.Anyhow, you should try hard not to ""hate and despise"" LLMs. Life is too short to invent paranoid reasons not to use the best tools available. That's another instinct you learn as an experienced dev.

""Do X""There's only so many times that can play out before you really want everyone to just fro.Anyhow, you should try hard not to ""hate and despise"" LLMs. Life is too short to invent paranoid reasons not to use the best tools available. That's another instinct you learn as an experienced dev.

There's only so many times that can play out before you really want everyone to just fro.Anyhow, you should try hard not to ""hate and despise"" LLMs. Life is too short to invent paranoid reasons not to use the best tools available. That's another instinct you learn as an experienced dev.

Anyhow, you should try hard not to ""hate and despise"" LLMs. Life is too short to invent paranoid reasons not to use the best tools available. That's another instinct you learn as an experienced dev.

reply

when someone joins a team they should be assigned a mentor whom they can ask any question, no matter how dumb, and the mentor then guides the new team member in how to approach such a question, which at that point can include asking the LLM. it is the mentors responsibility to point out when it is ok to ask another senior developer. daily standups can also help with this sort of thing.in a close knit team i would also expect that either everyone can ask anything from everyone else, and that everyone learns when it is ok to ask questions. the situation you describe should simply never arise. if it does, then something is going wrong

in a close knit team i would also expect that either everyone can ask anything from everyone else, and that everyone learns when it is ok to ask questions. the situation you describe should simply never arise. if it does, then something is going wrong

reply

There is so much stigma associated with being an senior engineer that simply wants to spend 95% of their day working on the problems that they were hired to solve. The worst part is that the vast majority of people in this situation are not compensated for this time, and they are expected to keep up with their actual assigned responsibilities.This state of affairs is a relatively new thing. The idea that you would join a company with the expectation that the most important people to the success of a project should drop what they are doing to context shift to someone else's problem several dozen times a day is not something that would have been remotely normal twenty years ago.I am not saying that mentoring is bad or that asking for help is bad, just that there's been a change and the unspoken vibe is that if you're not happy to work at ~30% capacity because you need to mentor people, you're some kind of antisocial jerk.If a company wants seniors to mentor, pay them to mentor. It's very simple.

This state of affairs is a relatively new thing. The idea that you would join a company with the expectation that the most important people to the success of a project should drop what they are doing to context shift to someone else's problem several dozen times a day is not something that would have been remotely normal twenty years ago.I am not saying that mentoring is bad or that asking for help is bad, just that there's been a change and the unspoken vibe is that if you're not happy to work at ~30% capacity because you need to mentor people, you're some kind of antisocial jerk.If a company wants seniors to mentor, pay them to mentor. It's very simple.

I am not saying that mentoring is bad or that asking for help is bad, just that there's been a change and the unspoken vibe is that if you're not happy to work at ~30% capacity because you need to mentor people, you're some kind of antisocial jerk.If a company wants seniors to mentor, pay them to mentor. It's very simple.

If a company wants seniors to mentor, pay them to mentor. It's very simple.

reply

what doesn't work is the assumption that mentoring doesn't take any of your time and that you are expected to manage the same workload with and without mentoring. that's not ok. and spending 70% of your time mentoring may also be a bit to much, but if that is what the company needs then it is still your job.

reply

The notion that an experienced person should automatically consider mentorship to be part of their job is not backed by any code or contract that I'm aware of. It's just increasingly been pushed on people who haven't pushed back enough to keep a new generation from feeling as though they are entitled to it.You can sample as large a pool of senior devs as you want; I suspect that if you can find 1-in-10 who have specific wording and structure in their employment contracts about the percentage of their time that they should expect to allocate to mentorship, you'll be beating my own estimations. No, what you're doing is attempting to codify a very polite form of exploitation. Yes, those people are usually among the most well-compensated, but it doesn't change the fact that they have their own job to do and a finite time in which to do it.Please note that I am not suggesting anyone on a team could somehow work in a vacuum. Also, even the most experienced person frequently needs to ask for help, guidance and clarification. Being experienced is pretty much the opposite of knowing everything and is much closer to a measure of how much you have forgotten.Nor am I implying that senior people have any business being rude or dismissive towards team members who legitimately have good reasons to interrupt someone's flow state. Timely clarification is important to a project regardless of who is doing what.What I am saying is that if you run a company you might legitimately be horrified to learn that your most critical team members are spending 70% of their productive time mentoring, especially if that remaining 30% of their time is so fragmented that it never resembles a true flow state. You need those people to Build The Thing.If you don't get that, then you're not living in the same reality I am.

You can sample as large a pool of senior devs as you want; I suspect that if you can find 1-in-10 who have specific wording and structure in their employment contracts about the percentage of their time that they should expect to allocate to mentorship, you'll be beating my own estimations. No, what you're doing is attempting to codify a very polite form of exploitation. Yes, those people are usually among the most well-compensated, but it doesn't change the fact that they have their own job to do and a finite time in which to do it.Please note that I am not suggesting anyone on a team could somehow work in a vacuum. Also, even the most experienced person frequently needs to ask for help, guidance and clarification. Being experienced is pretty much the opposite of knowing everything and is much closer to a measure of how much you have forgotten.Nor am I implying that senior people have any business being rude or dismissive towards team members who legitimately have good reasons to interrupt someone's flow state. Timely clarification is important to a project regardless of who is doing what.What I am saying is that if you run a company you might legitimately be horrified to learn that your most critical team members are spending 70% of their productive time mentoring, especially if that remaining 30% of their time is so fragmented that it never resembles a true flow state. You need those people to Build The Thing.If you don't get that, then you're not living in the same reality I am.

Please note that I am not suggesting anyone on a team could somehow work in a vacuum. Also, even the most experienced person frequently needs to ask for help, guidance and clarification. Being experienced is pretty much the opposite of knowing everything and is much closer to a measure of how much you have forgotten.Nor am I implying that senior people have any business being rude or dismissive towards team members who legitimately have good reasons to interrupt someone's flow state. Timely clarification is important to a project regardless of who is doing what.What I am saying is that if you run a company you might legitimately be horrified to learn that your most critical team members are spending 70% of their productive time mentoring, especially if that remaining 30% of their time is so fragmented that it never resembles a true flow state. You need those people to Build The Thing.If you don't get that, then you're not living in the same reality I am.

Nor am I implying that senior people have any business being rude or dismissive towards team members who legitimately have good reasons to interrupt someone's flow state. Timely clarification is important to a project regardless of who is doing what.What I am saying is that if you run a company you might legitimately be horrified to learn that your most critical team members are spending 70% of their productive time mentoring, especially if that remaining 30% of their time is so fragmented that it never resembles a true flow state. You need those people to Build The Thing.If you don't get that, then you're not living in the same reality I am.

What I am saying is that if you run a company you might legitimately be horrified to learn that your most critical team members are spending 70% of their productive time mentoring, especially if that remaining 30% of their time is so fragmented that it never resembles a true flow state. You need those people to Build The Thing.If you don't get that, then you're not living in the same reality I am.

If you don't get that, then you're not living in the same reality I am.

reply

every job i had, every developer i hired. it is also backed by german law for example, refusing to mentor/train others in the work you do is a fireable offense in germany. in any job. not just software development. i doesn't need to be explicit in the contract. it is a natural and expected part of your job. and in the US with at-will employment, what's in your contract doesn't matter as much either. if it seems like a reasonable request they can just let you go if you refuse.  the idea that you should not ever have to pass on your knowledge to others in your company seems very entitled to me.that's my opinion on the matter. you can find more diverse opinions here:https://softwareengineering.stackexchange.com/questions/8627...some even fully agree with you.i already acknowledged the 70% problem you mention. that should not happen unless it is known and intentional. i'd be horrified too if i were surprised by that.

that's my opinion on the matter. you can find more diverse opinions here:https://softwareengineering.stackexchange.com/questions/8627...some even fully agree with you.i already acknowledged the 70% problem you mention. that should not happen unless it is known and intentional. i'd be horrified too if i were surprised by that.

https://softwareengineering.stackexchange.com/questions/8627...some even fully agree with you.i already acknowledged the 70% problem you mention. that should not happen unless it is known and intentional. i'd be horrified too if i were surprised by that.

some even fully agree with you.i already acknowledged the 70% problem you mention. that should not happen unless it is known and intentional. i'd be horrified too if i were surprised by that.

i already acknowledged the 70% problem you mention. that should not happen unless it is known and intentional. i'd be horrified too if i were surprised by that.

reply

I suspect that if we were having this debate over dinner, we would agree on far more than we disagree on. I think we're speaking past each other because we're operating with slightly different notions of what mentoring implies.From my perspective, I think that there's an obvious and reasonable expectation that you make best efforts to be a good team player. That means doing your part to participate in planning, knowledge transfer, group morale and of course making yourself available to work through tough problems with people regardless of their skill level.What I think is far more dubious is the relatively recent slippery slope towards the notion that someone should reasonably be expected that career progress dovetails with some sort of natural law that says you are not being a good human if you aren't willing-to-excited to spend 70% of your productive time in a semi-permanent state of continuous partial attention because the people around you demand priority access to your time and attention, above any of your personal priorities or job responsibilities, often without compensation beyond a rote ""thanks"".If you can't ship inside of a deadline because your ephemeral ""mentoring"" took implicit priority over your actual job, then something is very wrong with people's expectations of how key talent's time should be allocated.

From my perspective, I think that there's an obvious and reasonable expectation that you make best efforts to be a good team player. That means doing your part to participate in planning, knowledge transfer, group morale and of course making yourself available to work through tough problems with people regardless of their skill level.What I think is far more dubious is the relatively recent slippery slope towards the notion that someone should reasonably be expected that career progress dovetails with some sort of natural law that says you are not being a good human if you aren't willing-to-excited to spend 70% of your productive time in a semi-permanent state of continuous partial attention because the people around you demand priority access to your time and attention, above any of your personal priorities or job responsibilities, often without compensation beyond a rote ""thanks"".If you can't ship inside of a deadline because your ephemeral ""mentoring"" took implicit priority over your actual job, then something is very wrong with people's expectations of how key talent's time should be allocated.

What I think is far more dubious is the relatively recent slippery slope towards the notion that someone should reasonably be expected that career progress dovetails with some sort of natural law that says you are not being a good human if you aren't willing-to-excited to spend 70% of your productive time in a semi-permanent state of continuous partial attention because the people around you demand priority access to your time and attention, above any of your personal priorities or job responsibilities, often without compensation beyond a rote ""thanks"".If you can't ship inside of a deadline because your ephemeral ""mentoring"" took implicit priority over your actual job, then something is very wrong with people's expectations of how key talent's time should be allocated.

If you can't ship inside of a deadline because your ephemeral ""mentoring"" took implicit priority over your actual job, then something is very wrong with people's expectations of how key talent's time should be allocated.

reply

You're the one projecting bias onto this scenario. You assume people only want to talk to you to waste your time. If you work with professionals, you can assume that when they ask you a question, they have a reason to ask you that question. Assuming that they're just being lazy is bad faith.Accepting a call and then giving someone this kind of non-answer is extremely disrespectful of their time and their professionalism.> Anyhow, you should try hard not to ""hate and despise"" LLMs.That's not what I wrote. You're being needlessly dishonest and disrespectful right here.

Accepting a call and then giving someone this kind of non-answer is extremely disrespectful of their time and their professionalism.> Anyhow, you should try hard not to ""hate and despise"" LLMs.That's not what I wrote. You're being needlessly dishonest and disrespectful right here.

> Anyhow, you should try hard not to ""hate and despise"" LLMs.That's not what I wrote. You're being needlessly dishonest and disrespectful right here.

That's not what I wrote. You're being needlessly dishonest and disrespectful right here.

reply

Anyhow, in addition to not hating LLMs, I would add ""try not to use dramatic, hyperbolic devices in casual writing, it makes you sound ridiculous"" to my advice.

reply

reply

reply

reply

People are really really tired.Because of not just Claude, but also ""the recession"" ""the strait of hormuz closed"" ""we've never recovered our economy from COVID"" ""everyone works from home now / the company is forcing us to all come back in"" ""FAANG had 10000 layoffs"" ""the global warming"" ""the <panic about XYZ>"", our employers are making us work much harder, with a subtle but palpable panic in their emails, with WAY less promises of any kind of job security, companies that never had layoffs for decades are now doing them regularly, our githubs are flooded with people pointing robots at our issues to generate tepid pull requests, and at our pull requests to generate tepid reviews, and look shit is just crazy now.So I think the whole ""how would you approach this interesting problem..."" thing is, for now, at least for me it feels a little bit on hold.  Like oh that problem.  How to scale?  how to horizontally shard PostgreSQL?  sure, real problems.  But geez whatever we're building, it will be replaced in three months anyway.  That's a hard problem you have there!  I remember when I used to have problems like that, and my solutions sucked anyway and it was replaced with a node.js app two years later.   Whatever advice I have, Claude is going to have 98% of it plus another 10% that I didn't even have.This is all bad.   So I think your post is possibly extremely useful.  Maybe we should, for people we know and trust as humans in the real world, actually take the time and approach an issue as though we didn't have the Matrix to approximate it for us.   I'm going to think about this and consider it.

Because of not just Claude, but also ""the recession"" ""the strait of hormuz closed"" ""we've never recovered our economy from COVID"" ""everyone works from home now / the company is forcing us to all come back in"" ""FAANG had 10000 layoffs"" ""the global warming"" ""the <panic about XYZ>"", our employers are making us work much harder, with a subtle but palpable panic in their emails, with WAY less promises of any kind of job security, companies that never had layoffs for decades are now doing them regularly, our githubs are flooded with people pointing robots at our issues to generate tepid pull requests, and at our pull requests to generate tepid reviews, and look shit is just crazy now.So I think the whole ""how would you approach this interesting problem..."" thing is, for now, at least for me it feels a little bit on hold.  Like oh that problem.  How to scale?  how to horizontally shard PostgreSQL?  sure, real problems.  But geez whatever we're building, it will be replaced in three months anyway.  That's a hard problem you have there!  I remember when I used to have problems like that, and my solutions sucked anyway and it was replaced with a node.js app two years later.   Whatever advice I have, Claude is going to have 98% of it plus another 10% that I didn't even have.This is all bad.   So I think your post is possibly extremely useful.  Maybe we should, for people we know and trust as humans in the real world, actually take the time and approach an issue as though we didn't have the Matrix to approximate it for us.   I'm going to think about this and consider it.

So I think the whole ""how would you approach this interesting problem..."" thing is, for now, at least for me it feels a little bit on hold.  Like oh that problem.  How to scale?  how to horizontally shard PostgreSQL?  sure, real problems.  But geez whatever we're building, it will be replaced in three months anyway.  That's a hard problem you have there!  I remember when I used to have problems like that, and my solutions sucked anyway and it was replaced with a node.js app two years later.   Whatever advice I have, Claude is going to have 98% of it plus another 10% that I didn't even have.This is all bad.   So I think your post is possibly extremely useful.  Maybe we should, for people we know and trust as humans in the real world, actually take the time and approach an issue as though we didn't have the Matrix to approximate it for us.   I'm going to think about this and consider it.

This is all bad.   So I think your post is possibly extremely useful.  Maybe we should, for people we know and trust as humans in the real world, actually take the time and approach an issue as though we didn't have the Matrix to approximate it for us.   I'm going to think about this and consider it.

reply

reply

reply

reply



You're telling me that the people that I hired and that I work with don't have any knowledge or opinions of any value, and 90% of the time I can just ask a machine instead of talking to them.If that's the world we live in I fucking hate it. It's so solipsistic and dehumanizing.

If that's the world we live in I fucking hate it. It's so solipsistic and dehumanizing.

reply

reply","{'href': 'https://news.ycombinator.com', 'title': 'Hacker News'}","technology"
"https://news.google.com/rss/search?q=site:ycombinator.com","MacKenzie Scott's giving, in quality-adjusted life years","https://news.ycombinator.com/item?id=48886311","Mon, 13 Jul 2026 01:17:33 GMT","

Which other metrics could be included to balance these economically?
- society-wide morale lift & improved individual output
- international desirability & forex liftOr just re-weighting giving to normalize out non-health targeted expenditures?Oh, and f** Malaria. Go get 'em, GiveWell and all working to reduce Malaria deaths. Polio too, heartbreaking that we have not beaten this one down yet. Suspect spend per paralysis/mortality is very high on Polio right now, but probably most agree the spend is very worth it given the payoff of a Polio-free planet.

Or just re-weighting giving to normalize out non-health targeted expenditures?Oh, and f** Malaria. Go get 'em, GiveWell and all working to reduce Malaria deaths. Polio too, heartbreaking that we have not beaten this one down yet. Suspect spend per paralysis/mortality is very high on Polio right now, but probably most agree the spend is very worth it given the payoff of a Polio-free planet.

Oh, and f** Malaria. Go get 'em, GiveWell and all working to reduce Malaria deaths. Polio too, heartbreaking that we have not beaten this one down yet. Suspect spend per paralysis/mortality is very high on Polio right now, but probably most agree the spend is very worth it given the payoff of a Polio-free planet.

reply

reply

reply

reply

reply

Of course, the effectiveness of each type of investment is not fixed, and will inevitably drop off. I believe the whole 'just buy malaria nets' first-order thinking was part of discourse for a while before people wised up.

reply

reply

That's not what it does.Some of the studies showed a causal relationship clearly.  Some showed merely an association with a plausible argument about why it was mostly causal.  You can decide what proportion of the unproven effects to include.In reality, there's more causal effects than those that are proven, but not all of these measured associations are causal.

Some of the studies showed a causal relationship clearly.  Some showed merely an association with a plausible argument about why it was mostly causal.  You can decide what proportion of the unproven effects to include.In reality, there's more causal effects than those that are proven, but not all of these measured associations are causal.

In reality, there's more causal effects than those that are proven, but not all of these measured associations are causal.

reply

EA ended up getting coopted by people who weren't interested in altruism at all but that doesn't seem like this.

reply

She is an existence proof that a now-inevitable extreme inequality regime is not by construction maximally cynical and extractive.

reply

reply

reply

reply

These are depressingly average ways to screw up. Been there done that, but I don't claim to be John Galt either.

reply

MacKenzie Scott's philanthropy is great, and I'm both glad she exists and glad that her existence apparently upsets the Garry Tans and the Elon Musks of the world, but I don't think this conclusion is the take away at all.She's an anomaly in the system, not proof that the system isn't horrendously harmful.

She's an anomaly in the system, not proof that the system isn't horrendously harmful.

reply

She was, at one time, a normal person, with normal friends and normal parents. However unlike most other “new money” billionaires she acquired her wealth without the corrupting influence of being a master of the universe business person where everyone in your circle is falling over themselves to gas up your ego.

reply

reply

reply

reply

reply

reply

reply

reply

Many of MacKenzie Scott's interventions are early age. The multiplier effect on the economy and life adjusted years should be huge by both supression of excess pregnancies and avoided child death and disease. Every avoided pregnancy is economically that woman being productive back in the workforce or managing the family on a lower overhead. Every avoided child death is 40-50 years of productive labour from that child. The soap and vaccines is $low. The life tail is enormous. If you figure the QALY for the woman lower since she's survived into post puberty, I get that but for the kids, its 50x or more on the spend.I just found the $ per QALY way low. But, perhaps people with experience of delivery of services and aid into marginalised economies can explain?

I just found the $ per QALY way low. But, perhaps people with experience of delivery of services and aid into marginalised economies can explain?

reply

The child who would've been born is assumed to have had zero economic value? lol

reply

reply

> Every avoided child death [or additional child born] is 40-50 years of productive labour from that child.Opinions about abortion and birth control aside, these two seem to be opposing calculations. If that's controversial, perhaps the conclusion should be that economic value is the wrong metric.

Opinions about abortion and birth control aside, these two seem to be opposing calculations. If that's controversial, perhaps the conclusion should be that economic value is the wrong metric.

reply

reply

You're missing choice. When a woman chooses to have a child, or chooses to not have a child, we ascribe the economic impact based on her intent.

reply

Ask any policy maker in South Korea how they feel about the social value in raising children. It's not a film adaptation of a book starring Clive Owen and Julianne Moore, it's 2055 or thereabouts in the China, the US isn't so far behind.

reply

reply

reply","{'href': 'https://news.ycombinator.com', 'title': 'Hacker News'}","technology"
"https://news.google.com/rss/search?q=site:ycombinator.com","Guy took Jupiter photo with Game Boy Camera, giant telescope, publishes tutorial","https://news.ycombinator.com/item?id=48859526","Mon, 13 Jul 2026 03:41:02 GMT","

[replaced a Threads link for a better one]

reply

F%%k the closed web.

reply

reply

reply

The headline seems to imply that he custom built a telescope for his gameboy.

reply

reply

reply

reply

reply

reply

reply

reply

reply

reply

reply

reply","{'href': 'https://news.ycombinator.com', 'title': 'Hacker News'}","technology"
"https://news.google.com/rss/search?q=site:medscape.com","5 Heat-Safety Tips for Patients With Heart Disease","https://www.medscape.com/viewarticle/5-heat-safety-tips-patients-heart-disease-2026a1000nj9","Mon, 13 Jul 2026 07:59:18 GMT","

Michael van den Heuvel

High temperatures can quickly become a health risk for people with cardiovascular diseases. Doctors therefore play an important role in informing their patients in a timely manner about appropriate protective measures. Medscape provides a concise, easy-to-understand, and scientifically sound overview.

These tips summarize the most important recommendations for common cardiovascular diseases and is ideal for printing out and giving to patients at the doctor's office.



This story was translated from Medscape's German edition.

All material on this website is protected by copyright, Copyright © 1994-2026 by WebMD LLC. This website also contains material copyrighted by 3rd parties.","{'href': 'https://www.medscape.com', 'title': 'Medscape'}","health"
"https://news.google.com/rss/search?q=site:medscape.com","Women and Diabetes: Is Care Keeping Pace With Biology?","https://www.medscape.com/viewarticle/women-and-diabetes-care-keeping-pace-biology-2026a1000nip","Mon, 13 Jul 2026 05:42:55 GMT","

Ute Eppinger

Reger-Tan S: Es liegen keine Angaben zu Interessenkonflikten vor.

Reger-Tan S: Es liegen keine Angaben zu Interessenkonflikten vor.

Diabetes is not a gender-neutral disease and should no longer be managed as though it were, according to Susanne Reger-Tan, MD, a professor and director of the Department of Diabetology and Endocrinology at the Heart and Diabetes Center North Rhine-Westphalia in Bad Oeynhausen, Germany.

During an online press conference organized by the Association of Diabetes Counseling and Education Professionals in Germany, Reger-Tan said that hormonal changes across a woman's life substantially influence glucose metabolism, insulin requirements, and cardiovascular (CV) risk. However, these differences remain underrecognized in clinical practice.

“Diabetes is not a gender-neutral disease and therefore should no longer be treated as such,” said Reger-Tan.

“Medicine understands women less well than men and treats them differently,” said Reger-Tan.

She attributed this disparity, in part, to the gender data gap, noting that women remain underrepresented in clinical research. Hormones directly influence insulin action, beta cell function, fat distribution, and CV risk, whereas glucose metabolism changes throughout a woman's life. However, the roles of estrogen and progesterone in glucose regulation remain unclear.

According to Reger-Tan, this knowledge gap contributes to a broader gender-health gap in which women receive different and, in some areas, less effective care.

“Both gaps can now be demonstrated with data, and both are preventable,” said Reger-Tan.

Using polyendocrine metabolic ovarian syndrome (PMOS), formerly known as polycystic ovary syndrome (PCOS), as an example, Reger-Tan illustrated the close relationship between endocrine function, metabolism, and CV risk.

PMOS affects approximately 1 in 8 women. Insulin resistance accompanied by compensatory hyperinsulinemia occurs in about three quarters of women with normal weight and nearly all women with overweight who have the condition.

The syndrome contributes to androgen excess and ovulatory dysfunction, while substantially increasing cardiometabolic risk. Compared with women without PMOS, affected women are 10 times more likely to develop obstructive sleep apnea, type 2 diabetes is four times more common, gestational diabetes is twice as common, and women with PMOS are more likely to have metabolic dysfunction-associated steatotic liver disease, regardless of BMI and CV disease, with CV events occurring even before menopause. Despite these risks, up to 70% of affected women remain undiagnosed.

Gestational diabetes is another important sex-specific warning sign. It increases the subsequent risk for type 2 diabetes sevenfold to tenfold and doubles the CV risk. According to Reger-Tan, gestational diabetes and PMOS share common pathophysiologic mechanisms and genetic susceptibility, making both conditions important opportunities for early prevention.

Even a normal menstrual cycle produces predictable changes in insulin sensitivity.

During the follicular phase, estrogen improves insulin sensitivity. During the luteal phase, progesterone increases insulin resistance, resulting in insulin requirements that may increase by as much as 15%.

These changes can be readily detected using continuous glucose monitoring. However, current automated insulin delivery systems do not account for hormonal fluctuations throughout the menstrual cycle. Consequently, many women must adjust their insulin doses manually, often without adequate clinical guidance.

To address this gap, the TIMES study was launched by the Diabetes Center Berne. The multinational study investigated 350 women with type 1 diabetes (T1D) in Switzerland, Denmark, the UK, the US, and Germany tracking over six menstrual cycles to identify changes in insulin sensitivity and insulin requirements. The goal is to develop menstrual cycle-adapted insulin dosing algorithms.

These predictable hormonal patterns disappear during menopause.

Declining estrogen levels increase insulin resistance, visceral adiposity, and CV risk. However, unlike the menstrual cycle, fluctuations in estrogen and progesterone levels become unpredictable, resulting in greater glycemic variability.

In a recent Dutch study of 159 women with T1D, approximately two-thirds reported greater glucose instability after menopause. Participants had a mean age of 55 years, had lived with diabetes for approximately 30 years, and had experienced menopause at a mean age of approximately 50 years.

Overall, 67.4% of the participants reported moderate-to-severe changes in glucose regulation after menopause. Elevated glucose levels were reported to be 41.9%, lower glucose levels by 19.6%, and 38.5% reported no change in blood glucose levels. More than half (approximately 55 %) reported greater glucose variability, 61.6% experienced more hyperglycemic episodes, and 38.5% experienced more hypoglycemic episodes. An increase in the severity of menopausal symptoms was associated with a greater likelihood of changes in blood glucose levels.

Reger-Tan also cautioned that hot flashes, sweating, and palpitations may mimic hypoglycemia.

“Anyone who mistakes hypoglycemia for a hot flash will not treat it, and that can be dangerous. When in doubt, check the blood glucose level first and always treat hypoglycemia first,” said Reger-Tan.

Although research is beginning to address the effects of the menstrual cycle and pregnancy in women with T1D, menopause remains largely understudied. Reger-Tan noted that few studies are available, menopause specific guideline recommendations are lacking, and evidence supporting menopausal hormone therapy remains limited.

Reger-Tan and colleagues also examined whether treatment differences contribute to disparities in clinical outcomes.

Analyzing data from nearly 20,000 individuals with T2D and established CV or kidney disease, the researchers found that women were approximately one-third less likely than men to receive organ-protective treatment with SGLT2 inhibitors or GLP-1 receptor agonists.

The researchers also evaluated a predictive treatment model derived from more than 200,000 treatment courses. Selecting therapy according to the model, which incorporates sex among other patient characteristics, reduced the risk for treatment failure by 38% and lowered the risk for cardiorenal complications.

Reger-Tan concluded that gender sensitive diabetology is precision medicine, emphasizing that treatment should account for gender, life stage, and individual risk factors rather than applying a uniform approach to all patients.

“Gender sensitive diabetes care is not a special case. It is precision medicine,” Reger-Tan concluded.

To achieve this, she emphasized that women must be better represented in clinical research, gender-specific risk markers such as PMOS and gestational diabetes should be recognized earlier, and organ-protective therapies should be prescribed equitably whenever indicated.

This story was translated from Medscape's German edition.

All material on this website is protected by copyright, Copyright © 1994-2026 by WebMD LLC. This website also contains material copyrighted by 3rd parties.","{'href': 'https://www.medscape.com', 'title': 'Medscape'}","health"
"https://news.google.com/rss/search?q=site:medscape.com","Rituximab Noninferior to Ocrelizumab in Relapsing MS","https://www.medscape.com/viewarticle/rituximab-noninferior-ocrelizumab-relapsing-ms-2026a1000nij","Mon, 13 Jul 2026 04:45:48 GMT","

Edited by Vineeta Teotia

Rituximab was noninferior to ocrelizumab in preventing new disease activity and had a similar safety profile in patients with newly diagnosed relapsing multiple sclerosis (MS), a trial showed.

“In this trial, rituximab was noninferior to ocrelizumab, on the basis of a 10-percentage-point noninferiority margin, in preventing new disease activity on MRI from 6 to 24 months after the start of treatment in newly diagnosed relapsing multiple sclerosis,” the investigators of the study wrote.

The study was led by Øivind Torkildsen, MD, PhD, Neuro-SysMed, Haukeland University Hospital, Bergen, Norway. It was published online on July 1 in The New England Journal of Medicine.

The small number of MRI and clinical events limited the precision of secondary analyses and prevented meaningful subgroup analyses. The trial was not powered to detect differences in safety outcomes or rare adverse events, and the follow-up period was too short to exclude potential longer-term differences in outcomes. About half of participants came from a single, high-volume center; the trial population was predominantly of Northern European ancestry and was enrolled largely from a publicly funded healthcare system; and the study included only treatment-naive patients, all of which may limit generalizability.

The study was funded by the Research Council of Norway and KLINBEFORSK, with additional funding from the Swedish Research Council, Region Stockholm, the Swedish Brain Fund, the Erling Persson Foundation, and the Horizon Europe Framework Programme. Disclosure information for the study investigators is available in the original study publication.

This article was created using several editorial tools, including AI, as part of the process. Human editors reviewed this content before publication.

Send comments and news tips to news@medscape.net.

All material on this website is protected by copyright, Copyright © 1994-2026 by WebMD LLC. This website also contains material copyrighted by 3rd parties.","{'href': 'https://www.medscape.com', 'title': 'Medscape'}","health"
"https://news.google.com/rss/search?q=site:medscape.com","Alcohol Emergencies: When Is It More Than Intoxication?","https://www.medscape.com/viewarticle/alcohol-emergencies-when-it-more-than-intoxication-2026a1000nik?src=","Mon, 13 Jul 2026 06:39:06 GMT","

Fabienne Rigal

Alcohol remains the most commonly used psychoactive substance and accounted for nearly 200,000 emergency department (ED) visits in France in 2025, representing approximately 0.9% of all ED activity. During the conference Urgences26, experts reviewed practical strategies for recognizing and managing acute alcoholic hepatitis (AAH), acute alcohol intoxication, and alcohol withdrawal while emphasizing the importance of avoiding diagnostic bias.

France records approximately 15,000 new cases of symptomatic AAH annually. In severe cases, untreated disease has a 1-month mortality rate of 30%-50%.

“AAH is a diagnosis of exclusion and should not be made prematurely,” said Edouard Lansiaux, MD, emergency physician at the Lille University Hospital, Lille, France.

Clinical features include jaundice developing within the previous 3 months, intermittent low-grade fever, poor general condition, right upper quadrant tenderness with or without hepatomegaly, and clinical signs of underlying cirrhosis.

Laboratory findings typically include moderate elevations in aspartate aminotransferase (AST), an AST to alanine aminotransferase ratio greater than 1.5, elevated total bilirubin, hypoalbuminemia, prolonged international normalized ratio, and increased gamma glutamyl transferase and mean corpuscular volume.

AAH should be considered in patients with a history of alcohol consumption exceeding 40 g/d for women or 60 g/d for men for more than 6 months, with abstinence lasting fewer than 8 weeks.

Lansiaux emphasized that infection must be excluded before corticosteroid therapy is initiated.

“Because fever is not always present, clinicians should rule out infection through appropriate investigations, including blood and urine cultures and diagnostic paracentesis when ascites is present, before starting corticosteroids,” he said. Other causes of AAH, including viral hepatitis and drug-induced liver injury, should also be excluded.

Because many patients present during alcohol withdrawal, withdrawal severity should be assessed using the Clinical Institute Withdrawal Assessment for Alcohol Revised (CIWA Ar) scale. Disease severity should also be assessed using validated prognostic tools, including the Maddrey Discriminant Function, Model for End-Stage Liver Disease, Glasgow Alcoholic Hepatitis, and Lille scores. Since these scores are dynamic, they should be assessed at admission and after 7 days of corticosteroid therapy to assess the treatment response.

The treatment strategy for severe AAH involves a combination of corticosteroids and N-acetylcysteine rather than corticosteroids alone.

Lansiaux also advocated liver transplantation for carefully selected patients who do not respond to medical therapy — in accordance with the EASL (European Association for the Study of the Liver) selection criteria. The recommendation was based on a study that showed that the 6-month survival rate was 77% among patients undergoing early liver transplantation compared with 23% among those who did not receive early liver transplantation.

Mélanie Roussel, MD, emergency physician at Rouen University Hospital, Rouen, France, cautioned clinicians against dismissing intoxicated patients.

“We need to avoid anchoring bias,” she said. “Patients should not simply be left to sober up. A careful history, including information from witnesses when available, and a thorough physical examination are essential, particularly to identify associated trauma.”

According to a 2008 study, alcohol intoxication must be confirmed by a blood alcohol concentration test, given that there is no reliable correlation between blood alcohol concentration and clinical signs.

Routine laboratory testing is not recommended for uncomplicated intoxication, and management should instead focus on repeated clinical assessments and appropriate monitoring.

Potential complications include atrial fibrillation, aspiration pneumonia, acute gastritis, Mallory Weiss syndrome, AAH, seizures, impaired consciousness, and coma.

Researchers also emphasized the importance of evaluating patients for hypoglycemia and electrolyte abnormalities, including hypernatremia and hyponatremia, alcoholic ketoacidosis, hypothermia, and traumatic injuries.

“In dehydrated patients, intravenous fluids do not accelerate alcohol clearance and may worsen metabolic disturbances,” Roussel said.

She stressed that discharge decisions require particular caution because alcohol intoxication can mask serious underlying illnesses.

“Alcohol use carries one of the highest risks for underestimating clinical severity,” she said. “Patients should be discharged only after they have regained decision making capacity and serious underlying conditions have been excluded.”

Éric Thibaud, MD, emergency physician at Hôpitaux Civils de Colmar, Colmar, France, highlighted the importance of early recognition and treatment of alcohol withdrawal.

According to a Norwegian cohort study, approximately 5% of patients treated for alcohol dependence developed DT, with a 3-year mortality rate of 25%.

Withdrawal symptoms generally develop within 7 days after alcohol cessation. Researchers recommend repeated assessment every 30 minutes to 2 hours using either the Cushman score or the CIWA Ar scale.

Risk factors for DT include unplanned or inadequately managed alcohol withdrawal during hospitalization, hypokalemia, thrombocytopenia, and a history of DT.

The management of uncomplicated withdrawal aims to prevent progression to severe withdrawal and its complications. Researchers recommended the following:

Long-acting benzodiazepines, such as diazepam, are preferred for most patients. Short-acting agents, including oxazepam and lorazepam, are preferred for patients with liver disease, respiratory disease, advanced age, or obesity because of their more predictable pharmacokinetic profiles.

Medications used to aid abstinence are not indicated for acute withdrawal.

The speakers reported having no relevant conflicts of interest.

This story was translated from Medscape's French edition.

All material on this website is protected by copyright, Copyright © 1994-2026 by WebMD LLC. This website also contains material copyrighted by 3rd parties.","{'href': 'https://www.medscape.com', 'title': 'Medscape'}","health"
"https://news.google.com/rss/search?q=site:medscape.com","Panel Provides Consensus for Standardizing CSCC Imaging","https://www.medscape.com/viewarticle/multidisciplinary-panel-provides-consensus-standardizing-2026a1000niz?src=","Mon, 13 Jul 2026 07:42:07 GMT","

Ted Bosworth

To address a clinical gap in the management of cutaneous squamous cell carcinoma (CSCC), a multidisciplinary panel has developed consensus-based recommendations for the use of imaging in the staging and surveillance of localized tumors.

Of key messages, imaging for staging was recommended for any CSCC with at least a 15% risk for metastasis while subsequent serial imaging to detect recurrences was recommended for at least 2 years, according to deliberations published online on July 8 in JAMA Dermatology.

Backed by published data, the imaging recommendations were refined for CSCC subtypes using a variety of specific features such as lymphovascular invasion, tumor diameter, subcutaneous fat invasion, and small-caliber perineural invasion. CT was the preferred type of imaging for nodal staging and surveillance in most patients.

A member of the steering committee and the study's corresponding author, Emily S. Ruiz, MD, MPH, director of the high-risk skin cancer clinic at Dana-Farber Brigham Cancer Center and associate professor of dermatology at Harvard University in Boston, cited prior studies that have shown imaging can change clinical management. In a study of high-risk patients, occult nodal metastases missed with clinical examination were identified with imaging in 19% of patients.

“Our goal was to provide an initial framework and hopefully we will continue to generate data to refine these recommendations,” Ruiz told Medscape Medical News.

Ruiz said that there has not been much guidance about when or how imaging should be employed in the management of CSCC. For example, the National Collaborative Cancer Centers calls for imaging “to be considered” in CSCC but did so without providing specifics.

As a baseline, these newly published recommendations provide standards that can be challenged with new data. “For example, we may move away from imaging if other testing, such as ctDNA, is shown to be helpful,” she said.

The panel consisted of 45 experts representing dermatology, oncology, radiology, and surgery. After a review of published studies, a Delphi consensus was applied to reach recommendations participating in three rounds of deliberation. Consensus was defined by at least an 80% agreement among participants.

To address specific CSCC clinical scenarios, risk factors from both the Brigham and Women's Hospital (BWH) Tumor Classification System and the American Joint Committee on Cancer (AJCC) Staging Manual were considered.

Consensus was reached by the expert panel that no imaging for either staging or surveillance is required in low-risk CSCC, defined as T1 or T2a low risk in the BWH Staging System and T1 or T2 low risk in the AJCC8 Staging System.

There was a near consensus, defined as 70%-79% agreement, to stage and surveil AJCC8 T3 lesions with a diameter of 4 cm or greater or if such lesions had evidence of large-caliber nerve invasion. Imaging staging and surveillance of AJCC8 T3 lesions was also supported in the case of minor or major bone invasion.

For all higher risk lesions, BWH T2b and T3 tumors and AJCC8 4a and 4b tumors, there was consistent consensus for imaging both for staging and for surveillance.

However, other variables affected consensus on staging and surveillance in specific instances. For example, CSCC with poorly differentiated histology also met the consensus criteria for an increased risk for metastasis in cases where the tumor diameter reached 2 cm or larger and there is subcutaneous fat invasion or when lymphovascular invasion and small-caliber perineural invasion is detected.

There were also risk factors outside of the BWH or AJJC8 staging systems that were considered relevant to the decision to image. One is active immunosuppression, which might be relevant to a risk profile that increases risk for metastases, according to the published document.

There was no consensus reached for the value of imaging in patients with CSCC who had received adjuvant radiotherapy or immunotherapy. There was also no consensus on the value of imaging following surgical resection in those without a clear surgical margin. Although nearly half of panelists did consider resection without clear margins to be an indication for surveillance imaging, the available data were inconclusive.

For the same reason, there was no consensus on the value of molecular tools, such as gene expression profiling, in regard to the decision to stage or surveil with imaging.

Relative to MRI, CT was the preferred imaging modality for most cases because of its efficacy for evaluating nodal metastases as well as bone and structural invasion. It was recognized that PET-CT scan might be better in specific cases, such as those with extensive disease or concomitant hematologic cancers, because this form of imaging has a high relative sensitivity to locoregional and distant metastases.

More than half of the nine radiologists on the panel reported they would be comfortable using ultrasonography for nodal staging at an expert center with experience and training in this modality, but this tool was not a consensus recommendation.

These recommendations are generally consistent with recent review papers evaluating the same body of evidence but without the benefit of a Delphi expert consensus to weigh these data systematically. In a paper, published in July 2025, the authors, led by Sabela Paradela-de la Morena, MD, PhD, a dermatologist affiliated with the University Hospital of La Coruña in La Coruña, Spain, also called for restricting imaging for either staging or surveillance to those at risk for metastasis.

“Routine imaging modalities are not recommended for all patients with cutaneous squamous cell carcinoma, given the generally low risk of metastasis,” reported Paradela-de la Morena and her coinvestigators. But they added, “imaging plays a crucial role in patients with high-risk tumors, recurrences, or clinical findings suggestive of deep invasion or dissemination. ”

They agreed that CT imaging is appropriate for suspected node metastases or bone involvement but consider MRI more sensitive for suspected perineural invasion. She agreed that PET-CT is preferable to look for distant metastases in patients with nodal involvement and that ultrasound is more dependent than other options on experience.

Asked to comment on the guidelines, Kishwer S. Nehal, MD, director of Mohs and Dermatologic Surgery at Memorial Sloan Kettering Cancer Center, New York City, said that the Delphi expert consensus on imaging guidelines for CSCC “will be helpful to clinicians.” Nehal, who was coauthor of a study on surveillance imaging for very high-risk CSCC published earlier this year, was not an author of the guidelines.

“In an area where prospective high-level data is limited and imaging practices have varied considerably, this multidisciplinary consensus provides clinicians with a practical framework for more consistent clinical decision-making,” she said. “It serves as a benchmark for prospective studies to validate, refine, and strengthen evidence-based imaging recommendations for high-risk cutaneous SCC.”

Ruiz reported financial relationships with Almirall, Feldan Therapeutics, Regeneron Pharmaceuticals, RepImmune, and Sun Parma. Paradela-de la Morena reported no potential conflicts of interest. Nehal had no disclosures.

Ted Bosworth, a career medical writer based in New York City, has been covering advances in clinical medicine, including dermatology, for several decades.

Send comments and news tips to news@medscape.net.

All material on this website is protected by copyright, Copyright © 1994-2026 by WebMD LLC. This website also contains material copyrighted by 3rd parties.","{'href': 'https://www.medscape.com', 'title': 'Medscape'}","health"
"https://news.google.com/rss/search?q=site:medscape.com","Prostate Drug Shows Mixed Results for Lower Urinary Symptoms","https://www.medscape.com/viewarticle/prostate-drug-may-not-ease-urinary-symptoms-some-older-men-2026a1000nix","Mon, 13 Jul 2026 06:51:24 GMT","

Edited by Archita Rai

One in three older men had little or no symptom benefit from tamsulosin; however, a smaller group worsened after stopping it.

“[The] study highlights the need to counsel patients on the heterogeneity of tamsulosin treatment effects and supports the clinical use of empiric tamsulosin trials rather than lifelong therapy,” the researchers wrote.

The study was led by Scott R. Bauer, MD, ScM, of University of California, San Francisco. It was published online on July 6 in JAMA Network Open.

Researchers assessed only one treatment and washout schedule. They lacked measures of urodynamics or prostate measurements.

The study received support from the University of California, San Francisco, Academic Senate Committee Resource Allocation Program; the National Center for Advancing Translational Sciences; the National Institute of Diabetes and Digestive and Kidney Diseases; and the National Institute on Aging. Several authors reported receiving stock options, research grants, or personal fees from commercial and noncommercial entities.

This article was created using several editorial tools, including AI, as part of the process. Human editors reviewed this content before publication.

Send comments and news tips to news@medscape.net.

All material on this website is protected by copyright, Copyright © 1994-2026 by WebMD LLC. This website also contains material copyrighted by 3rd parties.","{'href': 'https://www.medscape.com', 'title': 'Medscape'}","health"
"https://news.google.com/rss/search?q=site:medscape.com","PPI, Antibiotics May Curb Durvalumab Efficacy in NSCLC","https://www.medscape.com/viewarticle/ppi-antibiotics-may-curb-durvalumab-efficacy-nsclc-2026a1000nj3","Mon, 13 Jul 2026 07:47:48 GMT","

Edited by Amy Norton

In an analysis of the PACIFIC trial, baseline exposure to proton pump inhibitors (PPI) or antibiotics was associated with poorer survival outcomes in patients with locally advanced non-small cell lung cancer (NSCLC) receiving durvalumab after chemoradiotherapy.

“Overall, these results contribute to growing evidence that concomitant medications might modulate the efficacy of immune checkpoint inhibitors and provide the first suggestion of such an association in the curative-intent stage III NSCLC setting of a [randomized] trial population,” the study authors wrote. They cautioned, however, that prospective validation is needed before translating the findings into clinical decision-making.

The study, led by Leonardo Brunetti, MD, of Fondazione Policlinico Universitario Campus Bio-Medico in Rome, Italy, was published online in Lancet Oncology.

Indications for PPI and antibiotics, as well as details of timing, duration, and adherence were unavailable, so confounding by indication cannot be excluded. Residual confounding remains possible despite multivariable adjustment. Exposure definitions were restricted to a 30-day window before treatment initiation to minimize reverse causation and misclassification bias.

The study received no direct funding. Several co-authors reported financial relationships with durvalumab maker AstraZeneca and numerous other pharmaceutical companies. Full disclosures are noted in the original article.

This article was created using several editorial tools, including AI, as part of the process. Human editors reviewed this content before publication.

Send comments and news tips to news@medscape.net.

All material on this website is protected by copyright, Copyright © 1994-2026 by WebMD LLC. This website also contains material copyrighted by 3rd parties.","{'href': 'https://www.medscape.com', 'title': 'Medscape'}","health"
"https://news.google.com/rss/search?q=site:medscape.com","Can Children Stop Psoriasis Treatment After Remission?","https://www.medscape.com/viewarticle/can-children-stop-psoriasis-treatment-after-remission-2026a1000nin","Mon, 13 Jul 2026 05:37:16 GMT","

Edited Deepa Varma

Discontinuation of systemic treatments during remission in children and adolescents with moderate-to-severe psoriasis appeared to be feasible in a study, which also found that younger age, lower baseline disease severity, and non-palmoplantar psoriasis forms predicted successful treatment discontinuation.

“These findings underscore the importance of individualized treatment plans and highlight the potential for reducing the treatment burden in well-controlled cases,” the authors of the study wrote. “Although more research is needed to understand the long-term durability of remission and to identify predictors of relapse,” they added, the study “provides a valuable foundation for future investigations and for improving clinical practice in pediatric psoriasis management.”

The study was led by Ahmad Rached, MD, Department of Dermatology, Hôpital Victor Dupouy, Argenteuil, France, and was published online on July 6 in Pediatric Dermatology.

The retrospective design limited assessment to relapses occurring within 6 months after treatment discontinuation. Missing PASI, PGA, and BMI data, and the small number of patients who discontinued therapy because of remission limited analyses of predictors of relapse, and mild relapses treated with topical therapy may have been missed.

The authors did not report any funding source. Several authors reported receiving consulting, advisory, or speaker fees, and other funding from many drug companies, including Sanofi, Incyte, Novartis, Boehringer Ingelheim, Sun Pharmaceutical Industries, and CSL Behring Canada.

This article was created using several editorial tools, including AI, as part of the process. Human editors reviewed this content before publication.

Send comments and news tips to news@medscape.net.

All material on this website is protected by copyright, Copyright © 1994-2026 by WebMD LLC. This website also contains material copyrighted by 3rd parties.","{'href': 'https://www.medscape.com', 'title': 'Medscape'}","health"
"https://news.google.com/rss/search?q=site:news-medical.net","EGFR inhibitors may overcome chemotherapy resistance in glioblastoma treatment","https://www.news-medical.net/news/20260712/EGFR-inhibitors-may-overcome-chemotherapy-resistance-in-glioblastoma-treatment.aspx","Mon, 13 Jul 2026 02:38:00 GMT","

Treating glioblastoma with a class of drugs known as EGFR inhibitors made this cancer more sensitive to chemotherapy, suggests a study in preclinical models co-led by researchers at UT Southwestern Medical Center and the University of Alabama at Birmingham. The findings, published in Science Translational Medicine, could lead to a new strategy for fighting the most common primary brain cancer in adults.

Glioblastoma is a devastating brain cancer with a dismal prognosis and no truly effective treatments. Our study could give new hope to the approximately 250,000 patients worldwide diagnosed with this disease each year.""

Amyn Habib, M.D., Professor of Neurology and Neurological Surgery, UT Southwestern and Staff Physician at the Dallas Veterans Affairs Medical Center

Dr. Habib is also a member of the Development and Cancer Research Program in the Harold C. Simmons Comprehensive Cancer Center and an Investigator in the Peter O'Donnell Jr. Brain Institute.

Dr. Habib co-led the study with Gao Guo, D.D.S., M.S.D., Ph.D., Assistant Professor of Neurosurgery at the University of Alabama at Birmingham and a former postdoctoral researcher in the Habib Lab. The co-first authors of the study are Arifa Nayab, M.P.H., a former member of the Habib Lab, and Nouman Mughal, Ph.D., former Assistant Professor of Surgery at Aga Khan University in Pakistan.

Despite decades of research, outcomes for glioblastoma remain grim: Most patients survive 12 to 18 months after diagnosis, with five-year survival rates at 5%-7%. Along with surgery and radiation, glioblastoma is typically treated with the chemotherapy agent temozolomide (TMZ). This drug works by damaging the DNA of cancer cells, preventing them from dividing and eventually causing their death. However, glioblastoma patients who initially respond to TMZ almost inevitably develop incurable drug-resistant cancer in the brain. There are no effective treatments for recurrent, TMZ-resistant glioblastoma.

Researchers have long known that TMZ is most effective for tumors that don't produce a protein called O-6-methylguanine-DNA methyltransferase (MGMT), which repairs the DNA damage caused by TMZ. But because TMZ has been shown to increase MGMT over time, Dr. Habib explained, understanding how cells regulate this process could lead to more effective treatments for glioblastoma.

The Habib Lab has a long-standing focus on how the epidermal growth factor receptor (EGFR), a protein produced by a gene frequently mutated in glioblastoma, drives this and several other types of cancer. While studying what molecular pathways are influenced by EGFR, Dr. Habib and his colleagues discovered that inhibiting EGFR also significantly reduced the amount of MGMT produced by glioblastoma cells growing in the laboratory. They found a similar effect in mouse models of glioblastoma.

Additional experiments showed that an EGFR inhibitor called afatinib also made glioblastoma cells and tumors growing in mice more sensitive to TMZ, even when they had developed TMZ resistance. However, this strategy only worked when the researchers pretreated with afatinib a day before they delivered TMZ. Giving both drugs simultaneously had no effect, Dr. Habib said, since MGMT production must be shut down through EGFR inhibition before TMZ can do its job.

This finding may explain why clinical trials testing TMZ and EGFR inhibitors delivered together haven't had success, Dr. Habib added. When the researchers examined glioblastoma samples from patients who participated in one such trial, they found that the tumor cells had high levels of MGMT that prevented TMZ from working. Glioblastoma samples from a different clinical trial testing only a novel EGFR inhibitor showed significantly reduced MGMT levels, suggesting that TMZ may be effective after administration of the EGFR-targeted drug.

If future clinical trials confirm that treatment with EGFR inhibitors sensitizes glioblastoma patients to TMZ, this strategy could eventually become the gold standard for treating this cancer, Dr. Habib said.

UT Southwestern Medical Center

Nayab, A., et al. (2026). EGFR inhibition down-regulates MGMT and enhances responsiveness to temozolomide in glioblastoma. Science Translational Medicine. DOI: 10.1126/scitranslmed.adx8398. https://www.science.org/doi/10.1126/scitranslmed.adx8398

Posted in: Medical Research News | Medical Condition News

Cancel reply to comment

Emma Hodson-Tole

Research led by Professor Hodson-Tole combines ultrasound and AI to improve motor neuron disease diagnosis, reducing reliance on invasive procedures.

Gary Stimson

Gary Stimson of LabVantage explains how agentic AI and CORTEX support connected laboratory workflows, from UI guidance to autonomous agents.

Dr. Agnes Haber

Benchtop NMR puts nuclear magnetic resonance on the lab bench, supporting teaching, QC, reaction monitoring, and materials research.



                                                  
                                                        News-Medical.Net provides this medical information service in accordance
                                                        with these terms and conditions.
                                                        Please note that medical information found
                                                        on this website is designed to support, not to replace the relationship
                                                        between patient and physician/doctor and the medical advice they may provide.
                                                  
                                                  

                                            

Last Updated: Monday 13 Jul 2026



News-Medical.net - An AZoNetwork Site

Owned and operated by AZoNetwork, © 2000-2026


                Your AI Powered Scientific Assistant
            

Hi, I'm Azthena, you can trust me to find commercial scientific answers from News-Medical.net.

To start a conversation, please log into your AZoProfile account first, or create a new account.

Registered members can chat with Azthena, request quotations, download pdf's, brochures and subscribe to our related newsletter content.

A few things you need to know before we start. Please read and accept to continue.

Please check the box above to proceed.

Great. Ask your question.


                Azthena may occasionally provide inaccurate responses.
Read the full terms.
            

Terms


            While we only use edited and approved content for Azthena
            answers, it may on occasions provide incorrect responses.
            Please confirm any data provided with the related suppliers or
            authors. We do not provide medical advice, if you search for
            medical information you must always consult a medical
            professional before acting on any information provided.
        


            Your questions, but not your email details will be shared with
            OpenAI and retained for 30 days in accordance with their
            privacy principles.
        


            Please do not ask questions that use sensitive or confidential
            information.
        

Read the full Terms & Conditions.

Provide Feedback","{'href': 'https://www.news-medical.net', 'title': 'News-Medical'}","health"
"https://news.google.com/rss/search?q=site:news-medical.net","Tescan joins Shimadzu Group to accelerate innovation and deliver greater value to customers","https://www.news-medical.net/news/20260713/Tescan-joins-Shimadzu-Group-to-accelerate-innovation-and-deliver-greater-value-to-customers.aspx","Mon, 13 Jul 2026 07:27:00 GMT","

Tescan, a pioneer in electron microscopy, announces the successful completion of its full acquisition by Shimadzu Corporation. As of July 7th, Tescan officially becomes a member of the Shimadzu Group, marking an important milestone in the company's continued growth and evolution.

This step builds on the strong business alliance established in 2024 and reflects a shared commitment to advancing scientific discoveries and industrial innovations worldwide.

For Tescan customers, this new chapter brings enhanced capabilities, broader expertise, and expanded access to integrated solutions, while preserving the agility, innovation, and customer focus that define the Tescan way.""

Sirine Assaf, CRO, Tescan

By combining Tescan's leadership in surface analysis and electron microscopy technologies, including SEM, FIB-SEM, and TEM, with Shimadzu's strengths in compositional and materials analysis, customers will benefit from:

Importantly, Tescan remains committed to maintaining its customer-centric approach, strong technical support and responsiveness, ensuring continuity in partnerships and daily operations.

Tescan's growth will be further supported by Shimadzu's global presence, particularly in Asia, alongside strengthened positions in Europe and the Americas. This will allow Tescan to:

At the same time, Tescan will continue to operate from its headquarters in Brno, preserving its identity, expertise, and innovation culture.

Since its founding in 1991, Tescan has delivered over 4,000 electron microscopes across more than 80 countries, supporting customers in both research and industrial environments.

This acquisition reinforces Tescan's long-term strategy to expand its technological leadership and deliver higher-value solutions, ensuring customers remain at the center of its development.

The successful collaboration between Tescan and Shimadzu has already been demonstrated through the joint ""Shimadzu by Tescan"" SEM product line introduced in Japan.

Building on this strong foundation, the integration marks a natural next step in deepening cooperation across technologies and markets. As part of this evolution, Tescan will adopt a new endorsed brand identity, ""Tescan, A Shimadzu Company,"" across its portfolio and communications. This reflects both the strength of the combined organizations and Tescan's continued commitment to delivering innovative, customer-focused solutions under a globally recognized framework.

This acquisition is in fully synergy with Tescan and Shimadzu strategic plans and it makrs an acceleration of what Tescan already does best: delivering high-performance systems, application-driven innovation, and close collaboration with customers.

Tescan

Posted in: Device / Technology News

Please use one of the following formats to cite this article in your essay, paper or report:

APA

Tescan Group. (2026, July 13). Tescan joins Shimadzu Group to accelerate innovation and deliver greater value to customers. News-Medical. Retrieved on July 13, 2026 from https://www.news-medical.net/news/20260713/Tescan-joins-Shimadzu-Group-to-accelerate-innovation-and-deliver-greater-value-to-customers.aspx.

MLA

Tescan Group. ""Tescan joins Shimadzu Group to accelerate innovation and deliver greater value to customers"". News-Medical. 13 July 2026. <https://www.news-medical.net/news/20260713/Tescan-joins-Shimadzu-Group-to-accelerate-innovation-and-deliver-greater-value-to-customers.aspx>.

Chicago

Tescan Group. ""Tescan joins Shimadzu Group to accelerate innovation and deliver greater value to customers"". News-Medical. https://www.news-medical.net/news/20260713/Tescan-joins-Shimadzu-Group-to-accelerate-innovation-and-deliver-greater-value-to-customers.aspx. (accessed July 13, 2026).

Harvard

Tescan Group. 2026. Tescan joins Shimadzu Group to accelerate innovation and deliver greater value to customers. News-Medical, viewed 13 July 2026, https://www.news-medical.net/news/20260713/Tescan-joins-Shimadzu-Group-to-accelerate-innovation-and-deliver-greater-value-to-customers.aspx.

Cancel reply to comment

Emma Hodson-Tole

Research led by Professor Hodson-Tole combines ultrasound and AI to improve motor neuron disease diagnosis, reducing reliance on invasive procedures.

Gary Stimson

Gary Stimson of LabVantage explains how agentic AI and CORTEX support connected laboratory workflows, from UI guidance to autonomous agents.

Dr. Agnes Haber

Benchtop NMR puts nuclear magnetic resonance on the lab bench, supporting teaching, QC, reaction monitoring, and materials research.



                                                  
                                                        News-Medical.Net provides this medical information service in accordance
                                                        with these terms and conditions.
                                                        Please note that medical information found
                                                        on this website is designed to support, not to replace the relationship
                                                        between patient and physician/doctor and the medical advice they may provide.
                                                  
                                                  

                                            

Last Updated: Monday 13 Jul 2026



News-Medical.net - An AZoNetwork Site

Owned and operated by AZoNetwork, © 2000-2026


                Your AI Powered Scientific Assistant
            

Hi, I'm Azthena, you can trust me to find commercial scientific answers from News-Medical.net.

To start a conversation, please log into your AZoProfile account first, or create a new account.

Registered members can chat with Azthena, request quotations, download pdf's, brochures and subscribe to our related newsletter content.

A few things you need to know before we start. Please read and accept to continue.

Please check the box above to proceed.

Great. Ask your question.


                Azthena may occasionally provide inaccurate responses.
Read the full terms.
            

Terms


            While we only use edited and approved content for Azthena
            answers, it may on occasions provide incorrect responses.
            Please confirm any data provided with the related suppliers or
            authors. We do not provide medical advice, if you search for
            medical information you must always consult a medical
            professional before acting on any information provided.
        


            Your questions, but not your email details will be shared with
            OpenAI and retained for 30 days in accordance with their
            privacy principles.
        


            Please do not ask questions that use sensitive or confidential
            information.
        

Read the full Terms & Conditions.

Provide Feedback","{'href': 'https://www.news-medical.net', 'title': 'News-Medical'}","health"
"https://news.google.com/rss/search?q=site:news-medical.net","One Health platform strengthens zoonotic disease surveillance across multiple domains","https://www.news-medical.net/news/20260712/One-Health-platform-strengthens-zoonotic-disease-surveillance-across-multiple-domains.aspx","Mon, 13 Jul 2026 02:40:00 GMT","

Announcing a new article publication for Zoonoses journal. Zoonotic diseases account for approximately 60% of all known human infectious diseases and nearly 75% of emerging infectious diseases. This article reports two linked components addressing this gap.

This retrospective observational study analyzed 10,934 veterinary vaccination records from a single clinic (Nara Animal Hospital, Dongducheon, Republic of Korea) across three phases: pre-pandemic (2017-2019), pandemic (2020-2021), and post-pandemic (2022-2025). Poisson regression for temporal trend analysis and Pearson's chi-squared test with Yates for species-level comparisons (α=0.05) were used. All analyses were performed in Python 3.x. Concurrently, One Health Zoonotic Disease Intelligence System (OHZDIS) v2.1, a 43-module surveillance platform integrating five official data streams (CDC, WHO, EPA, USDA, and disease.sh) across 171 zoonotic diseases, was designed and implemented.

Poisson regression revealed a significant increase in total vaccination counts (IRR=1.103 per year, 95% CI: 1.094-1.111, p<0.001), and two-sample t-test indicated a significant difference between pre-pandemic (2017-2019) and post-pandemic (2022-2025) annual means (t=−3.55, p=0.016, mean difference: 664 vaccinations/year, 95% CI: 92-1,235). Post-pandemic vaccination rates increased 76.4% over pre-pandemic levels (1,533 vs. 869 cases/year), a temporal association coinciding with the COVID-19 pandemic period. However, the single-clinic design cannot rule out secular trends, such as regional pet ownership growth, clinic expansion, or regression toward the mean after 2020 supply disruptions, as equally plausible explanations (Section 4.4). Statistically significant species-level differences in rabies vaccination rates between dogs (11.4%) and cats (6.7%) (χ2=39.56, p<0.001) highlighted the effects of regulatory frameworks on zoonotic disease prevention. OHZDIS integrates five authoritative data streams (CDC EID, WHO Disease Outbreak News, EPA ATTAINS, USDA Data.gov, and disease.sh) across 171 zoonotic diseases and all 50 U.S. states and five territories, and is publicly accessible at https://guardian-watch.onrender.com/.

The system offers a publicly accessible proof-of-concept surveillance prototype integrating human, animal, and environmental One Health domains in a unified near-real-time analytical pipeline. Formal prospective performance validation against existing surveillance systems is the next immediate research priority before any operational claims can be made.

Compuscript Ltd

Bae, J. S. (2026) A One Health-Based Framework for Zoonotic Disease Surveillance Using Veterinary Clinical Data: A 9-Year Retrospective Study and Real-Time System Implementation. Zoonoses. DOI: 10.15212/ZOONOSES-2026-0046. https://www.scienceopen.com/hosted-document?doi=10.15212/ZOONOSES-2026-0046

Posted in: Disease/Infection News | Healthcare News

Cancel reply to comment

Emma Hodson-Tole

Research led by Professor Hodson-Tole combines ultrasound and AI to improve motor neuron disease diagnosis, reducing reliance on invasive procedures.

Gary Stimson

Gary Stimson of LabVantage explains how agentic AI and CORTEX support connected laboratory workflows, from UI guidance to autonomous agents.

Dr. Agnes Haber

Benchtop NMR puts nuclear magnetic resonance on the lab bench, supporting teaching, QC, reaction monitoring, and materials research.



                                                  
                                                        News-Medical.Net provides this medical information service in accordance
                                                        with these terms and conditions.
                                                        Please note that medical information found
                                                        on this website is designed to support, not to replace the relationship
                                                        between patient and physician/doctor and the medical advice they may provide.
                                                  
                                                  

                                            

Last Updated: Monday 13 Jul 2026



News-Medical.net - An AZoNetwork Site

Owned and operated by AZoNetwork, © 2000-2026


                Your AI Powered Scientific Assistant
            

Hi, I'm Azthena, you can trust me to find commercial scientific answers from News-Medical.net.

To start a conversation, please log into your AZoProfile account first, or create a new account.

Registered members can chat with Azthena, request quotations, download pdf's, brochures and subscribe to our related newsletter content.

A few things you need to know before we start. Please read and accept to continue.

Please check the box above to proceed.

Great. Ask your question.


                Azthena may occasionally provide inaccurate responses.
Read the full terms.
            

Terms


            While we only use edited and approved content for Azthena
            answers, it may on occasions provide incorrect responses.
            Please confirm any data provided with the related suppliers or
            authors. We do not provide medical advice, if you search for
            medical information you must always consult a medical
            professional before acting on any information provided.
        


            Your questions, but not your email details will be shared with
            OpenAI and retained for 30 days in accordance with their
            privacy principles.
        


            Please do not ask questions that use sensitive or confidential
            information.
        

Read the full Terms & Conditions.

Provide Feedback","{'href': 'https://www.news-medical.net', 'title': 'News-Medical'}","health"
"https://news.google.com/rss/search?q=site:news-medical.net","Global study reveals country-specific patterns in dementia risk factors","https://www.news-medical.net/news/20260712/Global-study-reveals-country-specific-patterns-in-dementia-risk-factors.aspx","Mon, 13 Jul 2026 02:31:00 GMT","

A major, USC-led study of more than 214,000 older adults across 14 countries and regions finds that the most common controllable risk factors for dementia - such as low education, high blood pressure and smoking - vary widely from country to country, meaning a one-size-fits-all approach to prevention won't work everywhere.

The findings, presented today at the Alzheimer's Association International Conference 2026 in London, also appear in the journal The Lancet Healthy Longevity. AAIC is the world's largest forum for the dementia research community.

Most of what scientists know about preventing dementia comes from research in wealthy countries such as the United States and those in Western Europe. But this study, led by researchers at USC along with colleagues at Brown University and Johns Hopkins University, set out to see whether those same patterns hold true in low- and middle-income countries.

The differences were striking - but so were the similarities:

Lead author Emma Nichols, a research scientist with the Center for Economic and Social Research at the USC Schaeffer Institute for Public Policy & Government Service, says the consistency of these clusters was the most unexpected part of the findings.

I was less surprised by the differences and more surprised by some of the similarities, particularly in the ways these risks are patterned across settings. That has real implications for how we design prevention strategies and interventions, because some things are more consistent across places than we might expect.""

Emma Nichols, research scientist, Center for Economic and Social Research, USC Schaeffer Institute for Public Policy & Government Service

For the study, researchers from the Gateway to Global Aging Data team combined harmonized survey data from long-running aging studies in 14 places - including the United States, England, Ireland, Northern Ireland, four regions of Europe, Korea, Mexico, China, Malaysia, Brazil and India - collected between 2009 and 2023. (Jinkook Lee of the Center for Economic and Social Research at the USC Schaeffer Institute is principal investigator of the Gateway to Global Aging Data project as well as the Longitudinal Aging Study in India.)

They analyzed 12 modifiable risk factors identified by the Lancet Commission on dementia (things such as hearing loss, depression, physical inactivity and social isolation), comparing how common each factor was; how they varied by age, gender and education level; and how often multiple risk factors showed up together in the same person.

The researchers say the findings should help guide decision-makers and health organizations in designing dementia-prevention strategies tailored to their own populations. For example, a program that connects people to care for diabetes could be redesigned to address the entire cluster of related cardiometabolic risks, such as high cholesterol and hypertension, at the same time.

For the average person, Nichols adds, the takeaway is that dementia risk is not fixed or fated: ""Risk for these late-life outcomes isn't predetermined. These are risk factors you experience over the life course, and you can have an impact on changing your own risk - while also recognizing the ways broader societal factors shape that risk, too.""

Future work may also expand to include newer risk factors such as poor sleep and additional countries as more harmonized data becomes available; new data collection is already underway in additional countries, including Kenya and Egypt.

In addition to Nichols, other authors include senior author Jinkook Lee, Michael Markot, Drystan Phillips and Jenny Wilkens, all of the Gateway to Global Aging Data team at the Center for Economic and Social Research at the USC Schaeffer Institute; co-first author Zachary Kunicki of the Warren Alpert Medical School of Brown University; and Alden Gross of the Johns Hopkins Bloomberg School of Public Health.

This research was supported by the National Institutes of Health (grant R01AG030153).

University of Southern California

Nichols, E., et al. (2026). Differences in the prevalence and patterns of dementia risk factors across 14 countries and regions: a harmonised cross-national analysis. The Lancet Healthy Longevity. DOI: 10.1016/j.lanhl.2026.100867. https://www.thelancet.com/journals/lanhl/article/PIIS2666-7568(26)00051-6/fulltext

Posted in: Medical Research News | Medical Condition News

Cancel reply to comment

Emma Hodson-Tole

Research led by Professor Hodson-Tole combines ultrasound and AI to improve motor neuron disease diagnosis, reducing reliance on invasive procedures.

Gary Stimson

Gary Stimson of LabVantage explains how agentic AI and CORTEX support connected laboratory workflows, from UI guidance to autonomous agents.

Dr. Agnes Haber

Benchtop NMR puts nuclear magnetic resonance on the lab bench, supporting teaching, QC, reaction monitoring, and materials research.



                                                  
                                                        News-Medical.Net provides this medical information service in accordance
                                                        with these terms and conditions.
                                                        Please note that medical information found
                                                        on this website is designed to support, not to replace the relationship
                                                        between patient and physician/doctor and the medical advice they may provide.
                                                  
                                                  

                                            

Last Updated: Monday 13 Jul 2026



News-Medical.net - An AZoNetwork Site

Owned and operated by AZoNetwork, © 2000-2026


                Your AI Powered Scientific Assistant
            

Hi, I'm Azthena, you can trust me to find commercial scientific answers from News-Medical.net.

To start a conversation, please log into your AZoProfile account first, or create a new account.

Registered members can chat with Azthena, request quotations, download pdf's, brochures and subscribe to our related newsletter content.

A few things you need to know before we start. Please read and accept to continue.

Please check the box above to proceed.

Great. Ask your question.


                Azthena may occasionally provide inaccurate responses.
Read the full terms.
            

Terms


            While we only use edited and approved content for Azthena
            answers, it may on occasions provide incorrect responses.
            Please confirm any data provided with the related suppliers or
            authors. We do not provide medical advice, if you search for
            medical information you must always consult a medical
            professional before acting on any information provided.
        


            Your questions, but not your email details will be shared with
            OpenAI and retained for 30 days in accordance with their
            privacy principles.
        


            Please do not ask questions that use sensitive or confidential
            information.
        

Read the full Terms & Conditions.

Provide Feedback","{'href': 'https://www.news-medical.net', 'title': 'News-Medical'}","health"
"https://news.google.com/rss/search?q=site:news-medical.net","New benchmark shows AI still misses the human side of mental health care","https://www.news-medical.net/news/20260712/New-benchmark-shows-AI-still-misses-the-human-side-of-mental-health-care.aspx","Mon, 13 Jul 2026 02:10:00 GMT","

A new mental health benchmark reveals that today's most advanced AI models can sound convincing, but still fall short when emotional insight, careful diagnosis, and real clinical judgment matter most.



Study: PsyEval: a comprehensive large language model evaluation benchmark for mental health. Image Credit: ahmetmapush / Shutterstock

In a recent study published in the journal npj Mental Health Research, researchers describe the development of “PsyEval,” a novel, comprehensive benchmark designed to evaluate the performance of large language models (LLMs) in the context-dependent and subjective domain of human mental health.

The benchmark was subsequently used to evaluate eleven advanced LLMs across three primary dimensions: 1. Knowledge understanding, 2. Diagnosis and assessment, and 3. Emotional support. PsyEval's findings revealed that while some large language models can mirror human fluency and demonstrate strong factual recall, they still lack the deeper emotional insight and clinical nuance required to perform reliably across complex mental health tasks.

Specifically, PsyEval shows that the evaluated LLMs exhibit a high degree of prompt sensitivity, yet an ""empathy gap"" compared to human counselors. Furthermore, the findings suggest that safety-related refusals may lower the raw diagnostic classification scores of some large foundation models, whereas less guarded models may classify patients more aggressively, risking overdiagnosis.

Mental illness represents one of the foremost chronic ailments in today's human society, with data from the World Health Organization (WHO) indicating that depression alone affects 3.8% of the global population.

Compounding this issue, treatment rates remain remarkably low, at 13.7% in lower-middle-income countries, 22.0% in upper-middle-income countries, and 36.8% in high-income countries. The paper notes that these figures may be underestimated because of societal stigma and limited public awareness.

Against this background, researchers have increasingly investigated artificial intelligence (AI) and LLMs as potential tools for mental health applications. While early applications in basic sentiment analysis looked promising, evaluating these systems holistically has been challenging.

Unlike tasks with clearly verifiable outcomes, psychiatric assessment relies heavily on interpreting subtle, highly ambiguous, and often subjective verbal cues, alongside the establishment of a strong therapeutic bond between people seeking support and mental health professionals.

Unfortunately, a unified framework to stress-test whether AI can safely balance knowledge and diagnostic performance with empathetic communication was previously lacking.

The present study aimed to address this evaluation gap by developing PsyEval, a task suite specifically designed to approximate key elements of real-world psychiatric consultations across three dimensions. The benchmark comprised separate evaluation datasets covering knowledge, diagnostic classification, and emotional support tasks.

Firstly, the ‘knowledge tasks' dataset comprised 5,531 multiple-choice questions extracted from the United States (US) and Mainland China Medical Licensing Examinations (USMLE and MCMLE) to test core medical facts and crisis response scenarios.

Secondly, the ‘diagnostic tasks' dataset was collated from 1,000 user-level test instances derived from selected social media posts in the Self-reported Mental Health Detections (SMHD) dataset to assess single-condition classification and multi-condition or comorbidity detection. Concurrently, 1,339 clinical dialogues from the Chinese D4 dataset were used to evaluate depression and suicide risk levels.

Finally, 1,000 user inquiries from the Chinese PsyQA platform and 939 English counseling interactions from Counsel-Chat were included as datasets for emotional support evaluation.

Subsequently, researchers applied PsyEval to compare eleven general-purpose and domain-specific LLMs on mental health-related benchmark tasks, including GPT-4, Qwen2.5-72B, and SoulChat, across three prompting strategies: 1. Formal Command, 2. Step-by-Step reasoning, and 3. Scenario Simulation.

Emotional-support responses were assessed using automatic metrics and a hybrid human-AI voting process involving human annotators and DeepSeek-V3.

The results showed that larger general-purpose models generally performed better on factual knowledge tasks, although performance also depended strongly on language alignment. On general knowledge tasks, Qwen2.5-72B achieved an accuracy of 91.0% on the Chinese MCMLE-mental dataset. Similarly, GPT-4-turbo led the English tasks with approximately 76.0% accuracy.

Despite this factual proficiency, model performance generally declined during urgent psychiatric scenario questions. For example, on the USMLE crisis response dataset, GPT-4-turbo's accuracy fell to approximately 73.0%.

The study further identified an ""inverse scaling"" phenomenon in models' raw diagnostic classification accuracy. Smaller models like LLaMa-3-8B achieved near-perfect accuracy classifying conditions like attention-deficit/hyperactivity disorder (ADHD) at 100.0% and anxiety at 96.0%, substantially outperforming GPT-4, which achieved approximately 25% for ADHD.

The authors hypothesized that these discrepancies reflected a safety-utility trade-off between benchmark accuracy and cautious model behavior. Flagship foundation models may enforce guardrails that discourage them from diagnosing patients or practicing medicine, leading to refusals or ambiguous responses that were counted as wrong answers under PsyEval. Conversely, smaller models may have assigned diagnostic labels more readily, potentially increasing the risk of overdiagnosis.

When comparing the emotional support performance of LLMs against human counselors, the study revealed that while some leading models matched or outperformed the latter in language fluency and coherence, humans achieved an “Exploration score” of 1.85 on PsyQA and 1.93 on Counsel-Chat, consistently outperforming the evaluated AI models in asking probing questions to uncover deeper concerns.

Finally, prompt style was found to substantially influence LLM performance. Scenario Simulation prompts instructing models to adopt a mental health professional persona generally produced the highest empathy scores, whereas Step-by-Step prompts often produced more mechanical responses.

PsyEval demonstrates that several large LLMs achieved high accuracy on selected medical knowledge questions, although the study did not directly compare their knowledge or diagnostic performance with that of mental health professionals. The evaluated models nevertheless showed substantial differences in performance across English and Chinese tasks, remained sensitive to prompt wording, and were inconsistent when addressing comorbid conditions and grading clinical risk.

The findings from SoulChat also suggest that, in some models, highly specialized conversational fine-tuning may be associated with a loss of general knowledge performance, although this observation should not be generalized to all specialized mental health models.

As a benchmark study, the research did not prospectively test the models in patients, measure treatment outcomes, assess diagnostic safety in real-world settings, or evaluate autonomous crisis intervention.

These findings emphasize that future model development should focus on incorporating culturally diverse alignment data and designing smarter safety mechanisms that protect users without unduly reducing the models' potential clinical utility.

Posted in: Device / Technology News | Medical Research News | Medical Condition News

Written by

Hugo Francisco de Souza is a scientific writer based in Bangalore, Karnataka, India. His academic passions lie in biogeography, evolutionary biology, and herpetology. He is currently pursuing his Ph.D. from the Centre for Ecological Sciences, Indian Institute of Science, where he studies the origins, dispersal, and speciation of wetland-associated snakes. Hugo has received, amongst others, the DST-INSPIRE fellowship for his doctoral research and the Gold Medal from Pondicherry University for academic excellence during his Masters. His research has been published in high-impact peer-reviewed journals, including PLOS Neglected Tropical Diseases and Systematic Biology. When not working or writing, Hugo can be found consuming copious amounts of anime and manga, composing and making music with his bass guitar, shredding trails on his MTB, playing video games (he prefers the term ‘gaming'), or tinkering with all things tech.

Please use one of the following formats to cite this article in your essay, paper or report:

APA

Francisco de Souza, Hugo. (2026, July 12). New benchmark shows AI still misses the human side of mental health care. News-Medical. Retrieved on July 13, 2026 from https://www.news-medical.net/news/20260712/New-benchmark-shows-AI-still-misses-the-human-side-of-mental-health-care.aspx.

MLA

Francisco de Souza, Hugo. ""New benchmark shows AI still misses the human side of mental health care"". News-Medical. 13 July 2026. <https://www.news-medical.net/news/20260712/New-benchmark-shows-AI-still-misses-the-human-side-of-mental-health-care.aspx>.

Chicago

Francisco de Souza, Hugo. ""New benchmark shows AI still misses the human side of mental health care"". News-Medical. https://www.news-medical.net/news/20260712/New-benchmark-shows-AI-still-misses-the-human-side-of-mental-health-care.aspx. (accessed July 13, 2026).

Harvard

Francisco de Souza, Hugo. 2026. New benchmark shows AI still misses the human side of mental health care. News-Medical, viewed 13 July 2026, https://www.news-medical.net/news/20260712/New-benchmark-shows-AI-still-misses-the-human-side-of-mental-health-care.aspx.

Cancel reply to comment

Emma Hodson-Tole

Research led by Professor Hodson-Tole combines ultrasound and AI to improve motor neuron disease diagnosis, reducing reliance on invasive procedures.

Gary Stimson

Gary Stimson of LabVantage explains how agentic AI and CORTEX support connected laboratory workflows, from UI guidance to autonomous agents.

Dr. Agnes Haber

Benchtop NMR puts nuclear magnetic resonance on the lab bench, supporting teaching, QC, reaction monitoring, and materials research.



                                                  
                                                        News-Medical.Net provides this medical information service in accordance
                                                        with these terms and conditions.
                                                        Please note that medical information found
                                                        on this website is designed to support, not to replace the relationship
                                                        between patient and physician/doctor and the medical advice they may provide.
                                                  
                                                  

                                            

Last Updated: Monday 13 Jul 2026



News-Medical.net - An AZoNetwork Site

Owned and operated by AZoNetwork, © 2000-2026


                Your AI Powered Scientific Assistant
            

Hi, I'm Azthena, you can trust me to find commercial scientific answers from News-Medical.net.

To start a conversation, please log into your AZoProfile account first, or create a new account.

Registered members can chat with Azthena, request quotations, download pdf's, brochures and subscribe to our related newsletter content.

A few things you need to know before we start. Please read and accept to continue.

Please check the box above to proceed.

Great. Ask your question.


                Azthena may occasionally provide inaccurate responses.
Read the full terms.
            

Terms


            While we only use edited and approved content for Azthena
            answers, it may on occasions provide incorrect responses.
            Please confirm any data provided with the related suppliers or
            authors. We do not provide medical advice, if you search for
            medical information you must always consult a medical
            professional before acting on any information provided.
        


            Your questions, but not your email details will be shared with
            OpenAI and retained for 30 days in accordance with their
            privacy principles.
        


            Please do not ask questions that use sensitive or confidential
            information.
        

Read the full Terms & Conditions.

Provide Feedback","{'href': 'https://www.news-medical.net', 'title': 'News-Medical'}","health"
"https://news.google.com/rss/search?q=site:news-medical.net","Gum disease bacteria linked to calcific aortic valve stenosis","https://www.news-medical.net/news/20260712/Gum-disease-bacteria-linked-to-calcific-aortic-valve-stenosis.aspx","Mon, 13 Jul 2026 02:35:00 GMT","

Gum disease bacteria may spur calcium buildup in the heart's aortic valve, leading to a common and serious heart valve disease, according to preliminary, independent research presented at the American Heart Association's Basic Cardiovascular Sciences Scientific Sessions 2026. The meeting, in Boston, July 13-16, 2026, is one of the largest meetings globally dedicated to fundamental and translational research in cardiovascular science.

According to the American Heart Association, calcific aortic valve stenosis (CAVS) occurs when the aortic valve thickens and calcifies, restricting blood flow from the heart to the rest of the body. In early stages, there may be no symptoms; however, as the condition progresses, it can cause fatigue, chest pain, shortness of breath, fainting, heart failure and sometimes premature death. Standard treatment for severe CAVS is valve replacement surgery.

This study identifies a potential biological pathway linking chronic oral gum disease and infection to calcific aortic valve stenosis.

There are currently no medications proven to prevent or slow the progression of CAVS. We hope our findings demonstrating the link between periodontal disease and CAVS will stimulate further research into new preventive and therapeutic approaches for this condition.""

Chenyang Li, M.D., co-lead author of the study, Ph.D. candidate, department of cardiology, State Key Laboratory of Cardiovascular Disease of Fuwai Hospital's National Center for Cardiovascular Diseases, Chinese Academy of Medical Sciences and Peking Union Medical College, Beijing

The researchers focused on the bacteria called Porphyromonas gingivalis (P. gingivalis), which plays a disproportionately large role in causing gum inflammation and the destruction of gum tissue. P. gingivalis has also previously been associated with systemic inflammation and the risk of cardiovascular disease, including plaque buildup in the arteries and coronary artery disease.

The researchers measured different bacterial levels in human cardiac valve tissue removed during valve replacement surgery. They studied samples from people with CAVS and from those with other valve diseases.

""We were surprised by how much P. gingivalis was present in the calcified aortic valves,"" Li said. ""Although it was not one of the most abundant bacteria overall, it showed one of the largest differences between valves with CAVS and valves without CAVS. This unexpected finding led us to investigate its potential role in the development of CAVS.""

Using mice, researchers also explored how P. gingivalis might be linked to the development of CAVS. Researchers gave mice live and heat-inactivated P. gingivalis to see if the bacteria built up in the aortic valve, caused more calcification and led to symptoms of aortic stenosis. Some mice received antibiotics, while in others the IL-1β inflammatory pathway was genetically disabled or removed.

Researchers found that repeated exposure of mice to live P. gingivalis led to the accumulation of bacteria in aortic valves, increased valve calcification and symptoms of aortic stenosis, while preventive antibiotic treatment reduced these effects. In the mouse valve cells, P. gingivalis activated interleukin-1 beta (IL-1b), an inflammation-spurring protein made mainly by the body's immune cells.

In further testing, when researchers genetically deleted IL-1b in the mice, calcification and valve symptoms were significantly reduced even in the presence of P. gingivalis.

""The key message is simple: take good care of your oral health,"" Li said. ""Good oral hygiene and treatment of periodontal disease are important for overall health and may also have benefits for cardiovascular health. While it is still too early to recommend specific treatments for preventing CAVS, our findings suggest that periodontal health could be an important piece of the puzzle.""

""This study adds to the growing evidence that oral health and heart health are closely connected,"" said Eduardo Sanchez, M.D., M.P.H., FAHA, chief medical officer for prevention for the American Heart Association. ""For many people, regular visits to the dentist are their only connection to the healthcare system. That makes dental professionals important partners in spotting health conditions, including periodontal disease early - which can lead to quicker healthcare referrals and results, better health and lives saved.""

The American Heart Association's Healthy Smiles, Healthy Hearts™ initiative provides dental care teams with professional education highlighting the connection between oral health and heart health, a standard blood pressure screening and referral guide for patients in dental settings, and educational materials for patients to help improve both their oral and heart health.

The study has limitations because its findings have not been confirmed in people. The researchers have started a clinical study to further evaluate the link between gum disease and CAVS.

American Heart Association

Posted in: Medical Research News | Medical Condition News

Cancel reply to comment

Emma Hodson-Tole

Research led by Professor Hodson-Tole combines ultrasound and AI to improve motor neuron disease diagnosis, reducing reliance on invasive procedures.

Gary Stimson

Gary Stimson of LabVantage explains how agentic AI and CORTEX support connected laboratory workflows, from UI guidance to autonomous agents.

Dr. Agnes Haber

Benchtop NMR puts nuclear magnetic resonance on the lab bench, supporting teaching, QC, reaction monitoring, and materials research.



                                                  
                                                        News-Medical.Net provides this medical information service in accordance
                                                        with these terms and conditions.
                                                        Please note that medical information found
                                                        on this website is designed to support, not to replace the relationship
                                                        between patient and physician/doctor and the medical advice they may provide.
                                                  
                                                  

                                            

Last Updated: Monday 13 Jul 2026



News-Medical.net - An AZoNetwork Site

Owned and operated by AZoNetwork, © 2000-2026


                Your AI Powered Scientific Assistant
            

Hi, I'm Azthena, you can trust me to find commercial scientific answers from News-Medical.net.

To start a conversation, please log into your AZoProfile account first, or create a new account.

Registered members can chat with Azthena, request quotations, download pdf's, brochures and subscribe to our related newsletter content.

A few things you need to know before we start. Please read and accept to continue.

Please check the box above to proceed.

Great. Ask your question.


                Azthena may occasionally provide inaccurate responses.
Read the full terms.
            

Terms


            While we only use edited and approved content for Azthena
            answers, it may on occasions provide incorrect responses.
            Please confirm any data provided with the related suppliers or
            authors. We do not provide medical advice, if you search for
            medical information you must always consult a medical
            professional before acting on any information provided.
        


            Your questions, but not your email details will be shared with
            OpenAI and retained for 30 days in accordance with their
            privacy principles.
        


            Please do not ask questions that use sensitive or confidential
            information.
        

Read the full Terms & Conditions.

Provide Feedback","{'href': 'https://www.news-medical.net', 'title': 'News-Medical'}","health"
"https://news.google.com/rss/search?q=site:news-medical.net","Gut microbiota may shape eating behavior and guide new obesity treatments","https://www.news-medical.net/news/20260712/Gut-microbiota-may-shape-eating-behavior-and-guide-new-obesity-treatments.aspx","Mon, 13 Jul 2026 03:35:00 GMT","

From appetite signals to food reward, researchers reveal how gut microbes may influence disordered eating and obesity, while highlighting the evidence still needed before microbiota-based therapies reach clinical practice.



Study: Gut microbiota as a novel therapeutic target for eating disorders and obesity. Image Credit: Shutterstock AI / Shutterstock

In a recent review published in the British Journal of Pharmacology, researchers examined the neurobehavioral regulation and dysregulation of feeding, focusing on mechanisms of the gut-brain axis and microbiota-targeted interventions.

Obesity and eating disorders are increasingly prevalent worldwide. While both share common physiological, neurobiological, and behavioral mechanisms, they have distinct phenotypic manifestations and underlying mechanisms. As such, understanding their distinct and shared mechanisms is necessary to identify common treatment targets. In this review, researchers summarized the neurobehavioral mechanisms underlying feeding regulation and dysregulation.

The physiological regulation of food intake hinges on the interactions between the reward-driven hedonic and energy-balance-driven homeostatic neural systems; their disruption is a key underlying mechanism of eating disorders and obesity. Short-term gut-derived signals, including ghrelin, glucagon-like peptide-1 (GLP-1), and peptide YY (PYY), and long-term adiposity signals, such as leptin, converge with brainstem and hypothalamic circuits in regulating meal timing, size, and energy homeostasis.

The dorsomedial nucleus integrates metabolic and circadian signals, and its functional disruption has been linked to obesity and hyperphagia. In addition, hedonic control plays a significant role in regulating food intake, shaped by environmental cues and palatability. The prefrontal cortex (PFC) underlies voluntary, conscious eating decisions, and its dysfunction may weaken executive control and contribute to compulsive and impulsive behaviors associated with obesity and eating disorders.

Further, the mesolimbic dopamine system, which encodes the pleasurable and motivational aspects of food, overlaps with neural circuits engaged by addictive drugs. These regions have receptors for ghrelin, GLP-1, insulin, leptin, and orexin, enabling neuropeptides and metabolic hormones to modulate reward processing and couple energy status to food seeking.

Food intake dysregulation is the persistent disruption in mechanisms regulating satiety, hunger, and their relationships with food. This change could be restriction, excessive consumption, recurrent overeating, or loss of eating control, with some patterns, particularly recurrent overeating and compulsive intake, contributing to overweight and obesity. Binge-eating disorder involves recurrent binge-eating episodes, while bulimia nervosa also involves compensatory behaviors intended to prevent weight gain. Other eating disorders, e.g., anorexia nervosa, are associated with severe self-imposed restriction, sometimes accompanied by purging.

The gut-brain axis is a bidirectional communication network that links the central nervous system (CNS) and the intestinal microbiota, primarily through neural, metabolic, immune, and endocrine pathways. Microbiota-derived metabolites, especially short-chain fatty acids, play a major role in regulating neuroinflammatory processes, glial and neuronal activity, and in maintaining the integrity of the blood-brain barrier.

Evidence suggests that the gut microbiota has an important role in modulating reward and homeostatic systems in the CNS and maintaining balance between appetite-suppressing and appetite-stimulating signals in the adipose tissue and gut. The disruption of this balance may contribute to the development or persistence of obesity and some eating-related disorders. The composition of the gut microbiota can modify hedonic and homeostatic control of food intake, and diet- or stress-associated dysbiosis may promote excessive intake of palatable foods, particularly in experimental models.

Studies have linked obesity to increased intestinal permeability, impaired motility, and metabolic endotoxemia, characterized by elevated levels of circulating microbial products that promote inflammation, as well as chronic low-grade inflammation, processes that have been associated with dysbiosis. Dysbiosis-related mucin layer degradation and tight junction protein downregulation facilitate the interaction of bacterial lipopolysaccharide (LPS) and other components with toll-like receptors (TLRs), stimulating immune responses.

LPS has been reported to modulate food-seeking behavior via toll-like receptor 4 (TLR4) signaling in the reward system, primarily in experimental studies. Further, elevated epithelial permeability facilitates the translocation of bacterial components into the circulation, inducing metabolic endotoxemia and low-grade inflammation. Bacterial components and inflammatory molecules may alter blood-brain barrier integrity and promote neuroinflammatory signaling, thereby affecting both hedonic and homeostatic centers. These interactions may create a bidirectional cycle in which diet, stress, and disrupted eating patterns alter the microbiota, while dysbiosis reinforces metabolic and behavioral disturbances that encourage further unhealthy intake.

Gut microbiota-based interventions represent potential strategies for the prevention and treatment of obesity and related conditions. Prebiotics are substrates selectively used by microbes and confer health benefits to the host. In one small clinical study, resistant starch was associated with lower body weight, attenuated systemic inflammation, and improved glucose tolerance and lipid profile in adults with overweight or obesity.

Probiotics are live microbes that confer health benefits when consumed in adequate amounts. Various trials have investigated the use of probiotics to mitigate obesity. Small clinical trials of specific strains and formulations, including Akkermansia muciniphila, Bifidobacterium lactis, and Lactiplantibacillus plantarum, have reported improvements in selected obesity-related metabolic parameters and weight-related outcomes. Synbiotics are a combination of probiotics and prebiotics, and some studies suggest that particular formulations may offer greater benefits than either component alone.

In mice, the combination of galactooligosaccharides and L. plantarum LLY-606 increased energy expenditure and reduced hepatic lipid accumulation. In humans, a combination of fructooligosaccharides with Streptococcus thermophilus and several strains of Bifidobacterium and Lactobacillus has been reported to result in fat mass loss and changes in homeostatic feeding, such as increased fullness and decreased desire to eat. However, these findings come from individual studies and require confirmation in larger controlled trials. Preliminary research has also examined probiotics for stress, depressed mood, emotional eating, and food cravings associated with eating disorders, but these findings do not establish that probiotics can treat an eating disorder.

Postbiotics and fecal microbiota transplantation (FMT) have also been explored. Human trials of FMT have generally altered gut microbial composition without consistently improving body weight or metabolic outcomes, whereas stronger weight-related effects have been observed in animal models. Safety, donor selection, standardization, and the durability of microbial changes also remain important concerns.

Taken together, the role of the gut microbiota in obesity and food intake regulation has been increasingly recognized in recent years. However, this has not yet translated into validated biomarkers or broadly effective clinical interventions, warranting sustained efforts. Microbiota-targeted therapies are not established treatments; much of the mechanistic evidence comes from animal models, and human studies are generally small, short, and heterogeneous.

Identifying gut microbiota-based biomarkers and novel therapeutic targets for obesity and related disorders remains challenging because microbial signatures can vary with diet, medication use, age, geography, and analytical methods. Reliable biomarkers may require standardized, longitudinal, multi-omic studies that integrate microbial composition and function with metabolites and host factors.

Posted in: Medical Science News | Medical Research News | Medical Condition News

Written by

Tarun is a writer based in Hyderabad, India. He has a Master's degree in Biotechnology from the University of Hyderabad and is enthusiastic about scientific research. He enjoys reading research papers and literature reviews and is passionate about writing.

Please use one of the following formats to cite this article in your essay, paper or report:

APA

Sai Lomte, Tarun. (2026, July 12). Gut microbiota may shape eating behavior and guide new obesity treatments. News-Medical. Retrieved on July 13, 2026 from https://www.news-medical.net/news/20260712/Gut-microbiota-may-shape-eating-behavior-and-guide-new-obesity-treatments.aspx.

MLA

Sai Lomte, Tarun. ""Gut microbiota may shape eating behavior and guide new obesity treatments"". News-Medical. 13 July 2026. <https://www.news-medical.net/news/20260712/Gut-microbiota-may-shape-eating-behavior-and-guide-new-obesity-treatments.aspx>.

Chicago

Sai Lomte, Tarun. ""Gut microbiota may shape eating behavior and guide new obesity treatments"". News-Medical. https://www.news-medical.net/news/20260712/Gut-microbiota-may-shape-eating-behavior-and-guide-new-obesity-treatments.aspx. (accessed July 13, 2026).

Harvard

Sai Lomte, Tarun. 2026. Gut microbiota may shape eating behavior and guide new obesity treatments. News-Medical, viewed 13 July 2026, https://www.news-medical.net/news/20260712/Gut-microbiota-may-shape-eating-behavior-and-guide-new-obesity-treatments.aspx.

Cancel reply to comment

Emma Hodson-Tole

Research led by Professor Hodson-Tole combines ultrasound and AI to improve motor neuron disease diagnosis, reducing reliance on invasive procedures.

Gary Stimson

Gary Stimson of LabVantage explains how agentic AI and CORTEX support connected laboratory workflows, from UI guidance to autonomous agents.

Dr. Agnes Haber

Benchtop NMR puts nuclear magnetic resonance on the lab bench, supporting teaching, QC, reaction monitoring, and materials research.



                                                  
                                                        News-Medical.Net provides this medical information service in accordance
                                                        with these terms and conditions.
                                                        Please note that medical information found
                                                        on this website is designed to support, not to replace the relationship
                                                        between patient and physician/doctor and the medical advice they may provide.
                                                  
                                                  

                                            

Last Updated: Monday 13 Jul 2026



News-Medical.net - An AZoNetwork Site

Owned and operated by AZoNetwork, © 2000-2026


                Your AI Powered Scientific Assistant
            

Hi, I'm Azthena, you can trust me to find commercial scientific answers from News-Medical.net.

To start a conversation, please log into your AZoProfile account first, or create a new account.

Registered members can chat with Azthena, request quotations, download pdf's, brochures and subscribe to our related newsletter content.

A few things you need to know before we start. Please read and accept to continue.

Please check the box above to proceed.

Great. Ask your question.


                Azthena may occasionally provide inaccurate responses.
Read the full terms.
            

Terms


            While we only use edited and approved content for Azthena
            answers, it may on occasions provide incorrect responses.
            Please confirm any data provided with the related suppliers or
            authors. We do not provide medical advice, if you search for
            medical information you must always consult a medical
            professional before acting on any information provided.
        


            Your questions, but not your email details will be shared with
            OpenAI and retained for 30 days in accordance with their
            privacy principles.
        


            Please do not ask questions that use sensitive or confidential
            information.
        

Read the full Terms & Conditions.

Provide Feedback","{'href': 'https://www.news-medical.net', 'title': 'News-Medical'}","health"
"https://news.google.com/rss/search?q=men's+us+soccer","Lone FIFA official made decision to suspend Folarin Balogun's controversial World Cup red card","https://nypost.com/2026/07/12/sports/lone-fifa-official-made-decision-to-suspend-folarin-baloguns-world-cup-red-card/","Mon, 13 Jul 2026 00:00:00 GMT","

Switch between CA and NY editions here.


				See more of our coverage in your search results.			

Even with the United States eliminated from the World Cup, the fallout from FIFA's decision to suspend the match ban for Folarin Balogun has continued, as new details have emerged about how the FIFA Disciplinary Committee reached its decision. 

The committee chairman, Mohammad al-Kamali of the United Arab Emirates, made the call on his own without any of the other 17 members being asked for input, according to a report by The Times. 

The new revelation only adds to the outcry over the decision and raises more questions as to why it was made in the first place. 

Balogun, who had been one of the U.S. men's national team's best players in the World Cup, ended up not having a significant impact in the Americans' embarrassing 4-1 loss to Belgium in the Round of 16. 

The U.S. star had been given a red card for a controversial play in the United States' win over Bosnia-Herzegovina, which resulted in an automatic suspension for the following match in the tournament.

 

Kamali was the one who gave him the one-match ban and then deferred it for a probationary period of one year, allowing Balogun to play in the quarterfinals against Belgium. 

The FIFA Disciplinary Committee chairman refused to answer questions when he was approached by the BBC over the weekend, keeping his head down and just walking as a reporter and cameraman with the outlet tried to get him to answer. 

FIFA has not commented on the new reporting by The Times. 

The decision to lift the automatic one-match ban started a ripple among other nations and fans, and only grew after President Donald Trump told reporters that he called FIFA president Gianni Infantino over the initial red card. 

Trump had said that he asked Infantino to review the red card but, “didn't tell him what to do.”

“Yes, I regularly discuss matters related to the FIFA World Cup with the President of the United States, and on this matter, I did receive a call from President Donald Trump, just as I receive calls from heads of state, government officials, football stakeholders and business executives from around the world on many different issues,” Infantino said in a statement addressing the matter. “During our conversation, I explained that there was an ongoing legal process involving FIFA's independent judicial bodies and that the case would be decided in due course by the competent bodies. That is how FIFA's system works, and it is a principle that I will always uphold.”

Infantino is facing an ethics complaint over the issue and Trump's potential involvement.","{'href': 'https://nypost.com', 'title': 'New York Post'}","soccer"
"https://news.google.com/rss/search?q=club+world+cup","☕️🥐 FC Breakfast: Real rock the Club World Cup 😳, Forlán manager","https://sports.yahoo.com/articles/fc-breakfast-real-rock-club-054300762.html","Mon, 13 Jul 2026 05:43:00 GMT","

...

Thanks to Jude Bellingham's two goals against Norway on Saturday night, Real Madrid has made World Cup history! Yes, yes, you read that right...

The Madrid club became the highest-scoring club in World Cup history in a single edition, with 19 goals scored by its players during this 2026 edition.

8 goals for Mbappé, 6 for Bellingham, 4 for Vinicius and 1 for Arda Güler.

Asked about the identity of Marcelo Bielsa's successor, Uruguayan Football Federation (AUF) president Ignacio Alonso explained on Tuesday that he had chosen Diego Forlán to take the job at least until March 2027.

Sixteen years after his iconic World Cup in South Africa, the former striker is now the head coach of his nation!

Just 2 days to go before the highly anticipated clash between France and Spain!

- 2026 World Cup: our quarter-final XI

- Sunday's transfer roundup

- Official: a new manager signs in Ligue 1

This article was translated into English by Artificial Intelligence. You can read the original version in 🇫🇷 here.","{'href': 'https://sports.yahoo.com', 'title': 'Yahoo Sports'}","soccer"
"https://news.google.com/rss/search?q=club+world+cup","Premier League catch-up: The most important thing that has happened at each club during the World Cup","https://www.nytimes.com/athletic/7440301/2026/07/13/premier-league-world-cup-catch-up/","Mon, 13 Jul 2026 04:13:35 GMT","

EPL

Victor Munoz is joining Liverpool and Andrey Santos is due to move to Man United Getty Images

Most football fans have had their eyes on the World Cup, with just the odd interruption as Premier League clubs continue to get their ducks in a row for the 2026-27 season.

In case you have not managed to stay across everything, our club reporters have picked the most important things to happen at each Premier League side during the tournament.

Advertisement

Whether a big transfer, a coaching change, long-awaited ground upgrades, new contracts for key players, season-impacting injury news, or the cold grip of a UEFA sanction, here is a recap for each side.

Mikel Arteta will have watched many of his players advance to the latter stages of the World Cup with mixed feelings — delight for them personally, mixed with concern for the impact that may have on their physical shape for next season. Eight important Arsenal players are going into the final week of the tournament. Some will be in the final, which takes place one day before the first official day of pre-season training.

There are obvious implications for Arsenal's summer plans and approach to the start of their title defence. A delayed return is inevitable for England's cohort of Declan Rice, Bukayo Saka, Noni Madueke and Eberechi Eze, plus the Spanish trio of Mikel Merino, Martin Zubimendi and David Raya, and France's William Saliba. Those nursing injuries from the end of last season and through the World Cup (Rice, Saka and Saliba) will need attention and probably extra time out.

Special consideration to squad building for the new campaign is a factor for potential additions, with highly admired targets such as Morgan Rogers, Bruno Guimaraes and Julian Alvarez going deep into the World Cup.

It makes for a fascinating summer with particular attention to the durability and availability of players for the first batch of Premier League games.

Amy Lawrence

Villa appear to have beaten Newcastle United to the signing of World Cup breajout star Johan Manzambi. As The Athletic reported yesterday, the 20-year-old Swiss attacking midfielder is in the process of a finalising a move to Villa Park.

Otherwise it has not exactly been good news. Villa were fined €22.5million (about £19m) for breaching UEFA's squad cost ratio (SCR) limit, which sounds bad, but far worse is the injury to Amadou Onana.

Advertisement

Both of the setbacks are linked to the sobering reality around Villa's finances, and just how difficult it is for an over-achieving club to compete while adhering to the strict rules.

Losing Onana, 24, to an anterior cruciate ligament injury means they have to find a replacement at the same time as trying to cut costs and reduce the wage bill. Fortunately, the SCR issue is not as dramatic as the headline figure as Villa will only pay €7.5m with the rest payable if their compliance with the regulations takes a downturn.

Gregg Evans

Continuity is the watchword at Bournemouth. This time last year, they had lost five first-team squad players including Dean Huijsen (Real Madrid) and Milos Kerkez (Liverpool), with Illia Zabarnyi (Paris Saint-Germain) on his way out.

The exits of head coach Andoni Iraola and centre-back Marcos Senesi had been established for months. New coach Marco Rose will commence work with a squad which has retained its starting players including Alex Scott, Rayan and Eli Junior Kroupi.

With European football, via the Europa League, for the first time in their history, a larger squad is desirable. New signings are required but, unlike a year ago, Bournemouth can look to evolution rather than needing revolution.

Colin Millar

Brentford have moved quickly to address their lack of attacking depth, which arguably cost them a place in Europe last season, by signing Jaidon Anthony from Burnley. The 26-year-old is capable of playing across the front line and scored eight goals in the Premier League last season.

Anthony's arrival has gone slightly under the radar because it was announced the day after Jordan Henderson broke his left arm jumping over advertising hoardings following England's dramatic 3-2 victory over Mexico at the World Cup.

Henderson became a key player for Brentford after he joined them last summer and his freak injury could delay his return for pre-season training

Jay Harris

Advertisement

Selling Jan Paul van Hecke to Tottenham Hotspur. Their hands were tied because the Dutch international central defender would have been out of contract in June 2027 and showed no inclination to agree to a new deal.

It was not so much a question of if Van Hecke would leave this summer as when and where he would go. A reunion with Roberto De Zerbi for £52m has been accompanied by the club-record purchase of Luka Vuskovic from Tottenham (£46m), plus Pascal Struijk from Leeds United (around £20m) and Michael Svoboda from Venezia (£4.3m).

Van Hecke has been a mainstay alongside veteran skipper Lewis Dunk of a sound defensive record during Fabian Hurzeler's two seasons in charge. Absorbing the break-up of that dependable partnership will be a challenge.

Andy Naylor

The chance for Cole Palmer to enjoy the rarity of a full summer off, especially after a campaign where his performances were clearly affected by a nagging groin injury.



Palmer's last three seasons have been extended due to his involvement with England at the Under-21 European Championship (2023) and Euro 2024, plus the FIFA Club World Cup with Chelsea in 2025.

He has played 148 times for club and country since joining Chelsea in 2023 and the strain has shown. It is a primary reason why he was left out of England's World Cup squad.

So for Palmer to rest up and be ready to join the first day of pre-season training under new Chelsea manager Xabi Alonso makes his omission a blessing in disguise. If the 24-year-old is back to his best, it will feel like a new signing.

Simon Johnson

Coventry fans are still waiting for significant movement in the summer transfer window, but head coach Frank Lampard committing his future has been a huge boost. As reported by The Athletic last month, Lampard signed a new three-year deal.

Lampard took over in November 2024 with Coventry 17th in the Championship, guiding them to a play-off spot in his first season, before their title triumph last campaign.

Advertisement

Bolstering Lampard's squad is now the focus. Winger Loum Tchaouna signed from Burnley last week while goalkeeper Carl Rushworth, last season's player of the season during his loan spell from Brighton, remains a key target.

Tom Burrows

At the start of the World Cup it was confirmed that Pierre Sage would be Palace's next manager.

The Frenchman replaces Oliver Glasner, who left after his contract expired in the summer and then joined Nottingham Forest.

Palace had intended to make a swift appointment to best prepare for the new campaign, wary of the impact of having no manager in place until closer to the start of the season. Although keen on Iraola, it became clear that was an impossible deal and he joined Liverpool.

Therefore, Palace swiftly turned their attention to Sage, 47, who had been in charge at Lens.

Matt Woosnam

Everton needed to be proactive after a disappointing end to the season, and they have been.

After protracted, month-long talks with Middlesbrough, midfielder Hayden Hackney joined for an initial £16.5m. He was followed last week by winger Tyrique George, with Everton negotiating down the £25m purchase option contained in the original loan agreement with Chelsea to a guaranteed £18m plus bonuses.

Merlin Rohl's permanent arrival from Freiburg has been confirmed after his obligation-to-buy clause was triggered by the club's Premier League survival.

It has been a busy, largely positive start to the window. But more is needed, particularly at full-back, where the right side remains a particular concern.

Patrick Boyland

Never shy of working to their own schedule, Fulham finally announced the arrival of head coach Alvaro Arbeloa late on Tuesday — five weeks after Marco Silva's departure.

Replacing Silva, the club's longest-serving manager for more than 60 years, was always going to be a step into the unknown, but this change feels more like a leap into the dark.

Advertisement

Arbeloa's only senior coaching experience was a mixed four-month spell in charge of Real Madrid. The 43-year-old's youthful-looking side dominated Manchester City in their Champions League last-16 tie, but fell at the next hurdle against Bayern Munich, then finished eight points behind Barcelona in La Liga.

Without Harry Wilson and Raul Jimenez, both out on free transfers, Fulham's attack will need to be retooled. Is Arbeloa the man to do it?

Justin Guthrie

No sooner had Hull won the Championship play-off final to reach the Premier League, the focus shifted towards a different battle at the end of June.

A £6m overspend brought the threat of breaching Profitability and Sustainability Rules (PSR) unless business could be completed before the end of the financial year on June 30. A points deduction was a distinct possibility.

That sticky situation had parallels with the cluster of clubs that frantically traded two years ago and, just like Newcastle United and Nottingham Forest did enough back then, Hull believe they were eventually able to raise the necessary funds after selling Ivor Pandur (£6m to Rangers) and Aidon Shehu (£2.5m to Panathinaikos).

Philip Buckingham

It has been a summer of change at Portman Road. Kieran McKenna stepped down as head coach on the eve of the World Cup, bringing an end to a hugely successful spell, which culminated in steering Ipswich back to the Premier League last season.

Gary O'Neil was appointed his replacement on June 23, tasked with doing the one thing McKenna couldn't: keeping Ipswich in the Premier League. The first signing of the O'Neil era was completed in July as Brazilian striker Emersonn arrived from Toulouse.

The club and team had been moulded into McKenna's image during his four and a half years in charge, the success synonymous with his brand of football. Will his successor opt for continuity or sweeping stylistic changes?

Ali Rampling

Advertisement

The arrival of Harry Wilson. After failing to land him at the first attempt, on September 1 last year, Leeds finally secured his signature as a free agent this month.

Wilson was one of the most impactful attackers in the Premier League in 2025-26. Only eight players were directly involved in more goals than Wilson's 17 (10 goals, seven assists) and Leeds have picked him up for free.

Wilson plugs a creative gap in the Leeds line-up off that inside-right channel. The 29-year-old raises the ceiling of the squad and immediately adds an additional match-winner.

Beren Cross

Signing Victor Munoz for £34m. Without that, supporters would be losing their minds at the lack of transfer action.

After Liverpool's dismal display last season, the expectation is that a busy summer window will solve everything after Iraola replaced Arne Slot as manager.

There was an online meltdown when The Athletic reported that Yan Diomande would prefer to join Paris Saint-Germain if he leaves RB Leipzig this summer, and unless a blockbuster transfer is secured, there will be concern going into the season.

Munoz, who hasn't featured for Spain at the World Cup, is a bright spark but still has the potential at 22 to improve. His arrival has at least raised the excitement levels.

Gregg Evans

Regardless of what happens between now and the end of the summer, the most important thing to have happened at City has to be the arrival of Enzo Maresca, and with it the end of the Pep Guardiola era.

City have signed Elliot Anderson. Several more incomings and outgoings are likely, but the change of manager, for the first time in 10 years and as a replacement for the most instrumental figure in the club's history, is hugely significant and will be talked about throughout the season, good, bad or otherwise.

Sam Lee

United's summer was always going to be defined by one issue: the success or otherwise of their long-anticipated midfield rebuild.

Advertisement

The Old Trafford hierarchy entered the window with the intention of signing up to three midfielders, but with little hope of beating Manchester City to their first-choice target Anderson, who is signing for a record fee for a British player.

Priorities were shifted elsewhere but, while there was early momentum behind the pursuit of Mateus Fernandes, Tottenham Hotspur swooped past to meet West Ham's £85m asking price with a guaranteed fee.

United's attempts to be prudent and disciplined appeared out of step with an inflating market, and may still prove to be, with three midfield signings targeted. But striking a total £50m agreement with Chelsea for Andrey Santos last week marked progress. 

As it stands, the completion of a €44.5m (£38

m) deal for Atalanta midfielder Ederson hinges on medical checks. Whether he signs or not, United have work to do.

Mark Critchley

Combined player sales of circa £170m.

After the damaging and drawn-out Alexander Isak saga last summer, Newcastle have been far more strategic and clinical in offloading Anthony Gordon for around £70m to Barcelona and Sandro Tonali to Tottenham Hotspur for a fee rising to £100m.

Those sales are impressive, but they are indicative of the position Newcastle find themselves when it comes to UEFA's financial rules. Newcastle have been fined €6m for breaching those regulations and have signed up to a stringent compliance agreement moving forward. The Gordon funds ensured compliance, while Tonali's sale allows for wider squad reinvestment.

With the wage bill (and average age of the squad) being reduced, Newcastle are replacing their experienced stars with younger, hungrier players with massive potential.

They had hoped that Manzambi would be one of those players, but he now seems likely to move to Aston Villa.

Advertisement

Ironically, despite not being in European competition for 2026-27, their transfer strategy is being at least partly governed by European regulations.

Chris Waugh

The £116m sale of Anderson to City is a landmark moment, albeit one that was easy to see coming on the horizon.

What was more surprising was the club parting company with manager Vitor Pereira. That was a decision motivated more by the calibre of his replacement, in Glasner, who arrives with an impressive CV, including helping Palace to secure their first two pieces of major silverware, the FA Cup and the Conference League.

Pereira did a great job in keeping Forest up. But Forest believe Glasner can take them on to the next level, even as they acclimatise to life without their talismanic midfielder.

Paul Taylor

Oddly, something no one had any concerns about when last season ended: Granit Xhaka committing to the Sunderland cause.

Chelsea's shock pursuit of Xhaka was only worsened by the Swiss captain's genuine interest in rejoining former manager Alonso and, for six long days, Sunderland were staring into a future without the man so instrumental in last season's success.

A miserly £8m bid helped Sunderland remain resolute, but Xhaka choosing to stay has reinforced the ambitious feeling on Wearside. Preparations are underway for only the second European campaign in history — Jose Fonte has joined the coaching setup; Eliezer Mayenda has been sold for a bumper fee to Rennes, which has bolstered the budget — but Xhaka was always going to be central to future fortune.

His next chapter remains in the North East.

Chris Weatherspoon

Spurs have been the busiest Premier League club in this summer's transfer window and made a number of eye-catching signings, including Van Hecke from Brighton. They even outmuscled Manchester United to sign Fernandes from West Ham United for £85m.

Advertisement

But nothing trumps their stunning pursuit of Tonali. To strip Tonali from Newcastle, a direct rival, for a total package worth £100m will have raised eyebrows around the league. Particularly as Spurs broke their transfer record twice in the same week to do so.

Spurs have finished 17th for two seasons in a row but only seriously danced with relegation in the 2025-26 campaign. Their activity in the market suggests they are desperate to move on from a dismal couple of years and return to the top half of the table. Tonali is a statement signing which will raise expectations.

Jay Harris

Spot the pattern. Connect the terms

Find the hidden link between sports terms

Play today's puzzle","{'href': 'https://www.nytimes.com', 'title': 'The New York Times'}","soccer"
"https://news.google.com/rss/search?q=club+world+cup","OTD: Watch Chelsea's Club World Cup victory over Paris Saint-Germain in full","https://www.chelseafc.com/en/news/article/otd-watch-chelseas-club-world-cup-victory-over-paris-saint-germain-full-web","Mon, 13 Jul 2026 04:01:00 GMT","


                    Today marks the one-year anniversary of Chelsea's 3-0 win over Paris Saint-Germain to lift the Club World Cup. So what better time to sit back and watch one of our most memorable wins in recent years back in full.
                

The Blues lifted the Club World Cup for the second time on July 13 2025 when they became the first side to claim the revamped and expanded tournament with an emphatic victory over PSG.

Cole Palmer grabbed most of the headlines as he bagged a brace and set up Joao Pedro to give us a 3-0 lead shortly before half-time.

And Luis Enrique's side had no answer to the Blues' rampant first-half display as Reece James deservedly lifted the trophy in New Jersey.





You can watch the match back in full above with CFC+, our global content subscription service, but first you need to click here to sign up otherwise the video will not play. 

CFC+ is available as a standalone annual subscription from £14.99 per year in the UK by clicking here. It is also included as standard to anyone with a True Blue+ Membership – our brand new tier of Official Chelsea Membership – or a Junior Blue Membership.

The Watch section of the Chelsea Official App and our website hosts Classic Matches in full from some of our greatest ever cup finals and Premier League encounters, all available through CFC+.

Or if you are just trying to reminisce quickly on your lunchbreak or before the school run, you can watch the highlights below.



Celebrate one year as Champions of the World 🏆💙 Have your photo taken with the 2025 FIFA Club World Cup trophy - exclusively at Stamford Bridge.","{'href': 'https://www.chelseafc.com', 'title': 'Chelsea Football Club'}","soccer"
"https://news.google.com/rss/search?q=club+world+cup","England vs Argentina FIFA World Cup 2026 Preview: Everything you need to know","https://www.goal.com/en-us/news/england-argentina-world-cup-preview/blt0dbfcc7d7f899f0b","Mon, 13 Jul 2026 08:51:09 GMT","

Comprehensive match preview of England vs Argentina at World Cup 2026. We talk tactics, team news and more ahead of this semi-final clash in Atlanta.


England vs Argentina will kick-off on 15 July 2026 at 19:00 GMT and 15:00 EST.

Read more: 'Whatever' - Jude Bellingham and Thomas Tuchel's love-hate relationship isn't a problem for England... for now

One of international football's most storied and fiery rivalries is set to ignite after a 20-year hiatus as England and Argentina collide at the Atlanta Stadium for a place in the World Cup final. Thomas Tuchel has guided the Three Lions within a whisker of their first global showpiece in six decades, moulding a resilient side that has repeatedly found a way through adversity.

Standing in their way are the reigning world champions, led by Lionel Scaloni. La Albiceleste carry an historically flawless 100% success rate when reaching the semi-final stage of this tournament, making them formidable obstacles. With a spot against either France or Spain in the East Rutherford final on the line, this high-stakes clash promises to add another legendary chapter to a narrative defined by iconic names and historical drama.

England's knockout journey has been a test of sheer character and offensive response. After topping Group L and grinding past DR Congo, Tuchel's men silenced co-hosts Mexico in a thrilling 3-2 Round of 16 encounter at the Azteca. They carried that fighting spirit into a brutal Miami quarter-final against Norway; despite falling behind, a magical extra-time brace from Jude Bellingham steered them to a 3-2 victory, locking in a four-game scoring streak of at least two goals per match.

Argentina's title defence has been an absolute rollercoaster of late, pulse-raising drama. After sweeping their group, Scaloni's side mounted an historic 3-2 comeback against Egypt before being pushed to the absolute limit by a disciplined Switzerland block in the quarter-finals. Tied through 120 minutes, a breathtaking extra-time wonder goal from Julián Álvarez finally finished off the 10-man Swiss in a 3-1 victory, stretching Argentina's unbeaten World Cup run to 12 matches since 2022.

Tactical selection for both managers is heavily heavily influenced by lingering defensive availability and a red-hot race for individual glory. England's right-back dilemma rumbles on; Jarell Quansah remains suspended, and with the injury-prone Reece James highly unlikely to be risked from the start, Ezri Konsa or Djed Spence must step in to anchor the flank against a terrifying left-sided overload.

Argentina enters the tie in excellent physical condition, leaving Scaloni with an enviable selection headache in the final third as he decides whether to start the energetic Álvarez or Lautaro Martínez alongside his talismanic captain. The match acts as a direct battleground for the tournament's Golden Boot, with Lionel Messi leading the line on eight goals, closely pursued by both Harry Kane and Jude Bellingham, who sit right behind him with six goals apiece.

Read more: How to get England vs Argentina tickets: World Cup semifinal prices, fixture information, last-minute sales & more

The tactical blueprint will centre around a fascinating generational battlefield in the middle of the park. In his first-ever senior international appearance against England, Messi will look to drop deep into pockets of space, pulling strings alongside Enzo Fernández and Alexis Mac Allister to systematically unpick England's shape and exploit the space behind an advanced English backline.

Tuchel's strategy must prioritise structural restriction and minimizing defensive lapses. Declan Rice and Kobbie Mainoo will be tasked with building a compact midfield pressing cage to choke supply lines to Messi. From there, England will look to lean heavily on the red-hot form of Bellingham to drive forward transitions, exploiting Argentina's high defensive line to feed Kane inside the box.

England faces the daunting task of tightening up a backline that has consistently leaked goals throughout the knockout phase, knowing that any passive tracking will be ruthlessly punished by an irresistible Argentine attack that has scored three goals in each of its last four outings.

Argentina faces the ultimate mental test of suppressing a confident English unit that refuses to beat. Success relies entirely on Cristian Romero and Logan Bailly managing the spatial movement of Kane and preventing Bellingham from bursting untracked into the penalty area.

Pickford; Konsa, Stones, Guehi, O'Reilly; Rice, Anderson; Saka, Bellingham, Gordon; Kane

E. Martinez; Molina, Romero, Li. Martinez, Tagliafico; Paredes; De Paul, Fernandez, Mac Allister; Messi, Alvarez

Read more: World Cup 2026 Golden Boot standings: Kylian Mbappe leads Lionel Messi & Harry Kane in thrilling battle for top scorer prize

Goalkeepers: Dean Henderson (Crystal Palace), Jordan Pickford (Everton), James Trafford (Manchester City)

Defenders: Dan Burn (Newcastle United), Marc Guehi (Manchester City), Reece James (Chelsea), Ezri Konsa (Aston Villa), Tino Livramento (Newcastle), Nico O'Reilly (Manchester City), Jarell Quansah (Bayer Leverkusen), Djed Spence (Tottenham), John Stones (Manchester City)

Midfielders: Elliot Anderson (Nottingham Forest), Jude Bellingham (Real Madrid), Eberechi Eze (Arsenal), Jordan Henderson (Brentford), Kobbie Mainoo (Manchester United), Declan Rice (Arsenal), Morgan Rogers (Aston Villa)

Forwards: Anthony Gordon (Barcelona), Harry Kane (Bayern Munich), Noni Madueke (Arsenal), Marcus Rashford (Barcelona on loan from Manchester United), Bukayo Saka (Arsenal), Ivan Toney (Al-Ahli), Ollie Watkins (Aston Villa).

Goalkeepers: Juan Musso (Atletico Madrid), Geronimo Rulli (Marseille), Emiliano Martinez (Aston Villa).

Defenders: Marcos Senesi (Bournemouth), Nicolas Tagliafico (Lyon), Gonzalo Montiel (River Plate), Lisandro Martinez (Manchester United), Cristian Romero (Tottenham), Nicolas Otamendi (Benfica), Facundo Medina (Marseille), Nahuel Molina (Atletico Madrid).

Midfielders: Leandro Paredes (River Plate), Rodrigo de Paul (Inter Miami), Valentin Barco (Strasbourg), Giovani lo Celso (Real Betis), Ezequiel Palacios (Bayer Leverkusen), Alexis Mac Allister (Liverpool), Enzo Fernandez (Chelsea).

Forwards: Julian Alvarez (Atletico Madrid), Lionel Messi (Inter Miami), Nicolas Gonzalez (Atletico Madrid), Thiago Almada (Atletico Madrid), Giuliano Simeone (Atletico Madrid), Nico Paz (Como), Jose Manuel Lopez (Palmeiras), Lautaro Martinez (Inter Milan).

Thomas Tuchel has not confirmed a probable starting XI for England ahead of the semi-final, and no injuries or suspensions have been officially listed by the camp. Jordan Henderson remains a doubt after breaking his arm during the celebrations following the last-16 win over Mexico, though the midfielder has not ruled out featuring before the tournament is over. Updates will be added closer to kick-off as the situation becomes clearer.

Lionel Scaloni is similarly yet to name his projected XI for Argentina, with no confirmed injuries or suspensions in the squad at this stage. Further team news will be published as it becomes available.

ENG - Form

ARG - Form

England arrive in Atlanta with four wins from their last five matches, drawing only against Ghana in their opening group game. Their most recent outing was a hard-fought 2-1 extra-time victory over Norway in the quarter-finals, with Erling Haaland reported to have been carrying a sickness bug throughout that match. Earlier in the knockout rounds, England beat Mexico 3-2 and DR Congo 2-1, scoring nine goals across those five games while conceding three.

Argentina have been flawless across their last five, winning every match to make it five from five. Scaloni's side beat Switzerland 3-1 in their most recent outing and earlier edged past Egypt 3-2 and Cabo Verde by the same scoreline. They have scored 12 goals across those five matches and conceded five, making them the tournament's most clinical side heading into the semi-finals.

Last 3 matches

2

Wins

1

Draw

0

Wins

Argentina

2

-

3

England

Argentina

0

-

1

England

England

0

-

0

Argentina

Goals scored

The most recent meeting between these two sides came in a friendly in November 2005, when England won 3-2. Before that, England beat Argentina 1-0 in the 2002 World Cup group stage. The three matches on record from the last available dataset show England with two wins and one draw, though several decades separate those fixtures.

Argentina finished top of Group J at this World Cup, while England won Group L to advance into the knockout rounds.

Add GOAL.com as a preferred source on Google to see more of our reporting","{'href': 'https://www.goal.com', 'title': 'Goal.com'}","soccer"
"https://news.google.com/rss/search?q=club+world+cup","Kylian Mbappe has the perfect opportunity to silence his Spanish critics in France's World Cup semi-final showdown with La Roja","https://www.goal.com/en-us/lists/kylian-mbappe-perfect-opportunity-silence-spanish-critics-france-world-cup-semi-final-la-roja/blt23f407c7d44814ee","Mon, 13 Jul 2026 07:00:00 GMT","

This page contains affiliate links. When you purchase through the links provided, we may earn a commission.

Kylian Mbappe will be relishing France's World Cup semi-final clash with Spain more than most. Not only is this the opportunity to exact revenge for the painful defeat to La Roja at the same stage of Euro 2024 two years ago, but the attacker also has the chance to deliver a rebuttal to his vociferous critics back in Madrid after a tumultuous season at club level. What's more, he comes into the showdown in the form of his life.

While the goals have flowed, Mbappe's Real Madrid career hasn't exactly followed the trajectory that many had expected, and he remarkably remains without a major trophy to his name after two seasons at the Santiago Bernabeu.

Given his superstar status, the 27-year-old has certainly come under more media scrutiny than most since arriving in the Spanish capital, but his standing in the press and with his club seriously deteriorated at the backend of 2025-26, with Los Blancos' season unravelling against the backdrop of his perceived off-field indiscretions.

As he prepares to go head to head with the country that he calls home in the World Cup semi-finals, in-form Mbappe will be determined to silence his critics back in Madrid.

At a distance, Mbappe's relationship with the Spanish media has become increasingly strained ever since he swapped Paris Saint-Germain for Real Madrid in a blockbuster free transfer in 2024.

A prolific return of 86 goals in just 103 appearances for the club has been completely overshadowed by Los Blancos' failure to win a major trophy since the Frenchman arrived - a fiasco that has cranked up the scrutiny for their big-name players. Mbappe is, inevitably, among those to have become a lightning rod for criticism, having so far been unable to change Madrid's fortunes. Such is the pressure as a result, he basically cannot have a quiet game or he risks taking a beating in the press.

While the focus was initially on his slow integration, the hostility has spiked around each negative result or exit from a cup competition, and things became particularly toxic at the backend of the 2025-26 campaign as Real fell well behind fierce rivals Barcelona in the title race and were dumped out of the Champions League quarter-finals by Bayern Munich. Mbappe ultimately surpassed the 40-goal mark, but his individual feats paled into insignificance amid the side's overall underperformance.

His case wasn't helped by the fact that, after a phenomenal first half of the campaign, he was far less effective in the second - netting just four times between mid-February and the end of the season amid niggling injuries.

Things reached boiling point during the run-in, as Real's season unravelled against the backdrop of some serious off-field drama that Mbappe found himself at the centre of.

According to The Athletic, the 27-year-old was involved in an ugly confrontation with a member of the club's backroom staff before the meeting with Real Betis in late April, where he aimed a volley of abuse at a coach who called him offside in a training match - a reflection of the overall toxic atmosphere that engulfed the club at the time.

Mbappe then suffered a hamstring injury in the clash with Betis, but rather than recover at Madrid's Valdebebas training base, he used some time off to go on holiday to Sardinia with his girlfriend, high-profile Spanish actor Ester Exposito, and was pictured on a yacht around the same time his club were facing Espanyol in La Liga.

It was a decision that drew criticism internally and from the outside. While Arbeloa defended his player, an 'Mbappe out' online petition subsequently went viral, garnering some 12 million signatures in less than 24 hours and eventually passing 70 million. The striker then missed the Clasico where Real handed Barca the title as he was still deemed unfit, excusing himself from training with the would-be substitutes due to 'discomfort', before returning to the bench against Real Oviedo in mid-May.

However, that was something Mbappe himself took issue with; unusually stopping to speak to the media after coming on as a substitute, the forward pointedly said he was ""100 percent"" and claimed he hadn't started the game because Arbeloa had told him he had been demoted to ""fourth-choice striker"". It was later reported that the Frenchman's frustration stemmed from Alonso's sacking.

Arbeloa was forced to refute those claims shortly afterwards, saying in his press conference after being bombarded with questions about Mbappe's comments: ""He must have misunderstood me, at no point did I say he was the fourth-choice striker. A player who four days ago wasn't even fit enough to make the bench for a match shouldn't have started today.""

The Athletic reported at the time that there was ""growing disappointment"" with Mbappe, ""from the dressing room to the board"". In response to the widespread criticism, his camp said in a statement: ""A portion of the criticism is based on an over-interpretation of elements related to a recovery period strictly supervised by the club, and does not reflect the reality of Kylian's commitment and daily work for the team.""

After such a tumultuous club campaign, the World Cup has undoubtedly been a welcome distraction for Mbappe and he has certainly gone back to focusing on doing what he does best: scoring goals and winning matches.

The attacker has been prolific in North America, away from the deafening noise of Madrid, scoring eight times so far as he propels France towards potential glory. He has bagged trio of braces against Senegal, Iraq and Sweden, followed by a winner from the penalty spot against Paraguay and a stunning opener against Morocco last time out in the quarter-finals. Against Norway in the group phase - the only match in which he has failed to net - he still provided two assists.

Mbappe's eight-goal haul means he is level with Lionel Messi at the head of a scintillating Golden Boot race, and his tournament total of 20 overall - just one behind Messi's 21 - means he is well placed to become the World Cup's standalone record goal-scorer, either in 2026 or in future editions.

Add GOAL.com as a preferred source on Google to see more of our reporting

There is certainly a sense that Mbappe is more comfortable in the dark blue shirt of France than he is in the brilliant white of Real Madrid. Despite the attacking riches and world-class talent at Didier Deschamps' disposal across the pitch, he is Les Bleus' undisputed talisman and leader as captain.

Indeed, his team-mates have leapt to his defence after his difficult end to the club a season. ""The criticism towards him is very, very unfair,"" Ousmane Dembele said ​on the eve of the World Cup. ""Some people go a bit too far with the criticism of Kylian. He's an incredible player and a very good person off the pitch.

""Some people overdo the criticism because he's Kylian Mbappe. They shouldn't keep going after him. Whether ​he ties his shoelaces or not, whether he pulls up his socks or not... it's too much. He's still a human ​being. With the France team, he's very good with us, he's a leader.""

Defender Lucas Hernandez echoed that sentiment, saying: ""Kylian is an extraordinary player. When you're Kylian Mbappe, everyone looks at everything you do, on the pitch and ​off the pitch. All ⁠the criticism there has been this season, he's going to silence it.""

However, some argue that the perception of Mbappe in Spain is more nuanced that many might think, with question marks over his leadership, ego and off-pitch behaviour balanced against his extraordinary attacking contributions and decisiveness. As a global superstar, he certainly attracts more scrutiny than most, and Spain's patchy record when it comes to the treatment of black players must also be a consideration.

""In Spain, we are famous for making stories out of the little that we see of players,"" prominent Spanish journalist Guillem Balague told the BBC in May. ""The jury remains out with Mbappe. He seems a little bit too cold and too distant with the Madrid fans - I remember Raul telling me that one thing they appreciate is players running for the impossible ball. People love it.

""Of course, if Real were winning, it would be a different story. The question is, are they not winning because the managers haven't been able to get the best out of Mbappe, or because he is not adapting quick enough? He went through a period when he first arrived of complete humbleness, realising he was at Real Madrid, and he was doing what he was told under Carlo Ancelotti.

""Then after missing two penalties, against Liverpool and Athletic Club, he was feeling really down and thought 'I am going to do it my own way'. The goals started coming, and he was great numbers-wise for Ancelotti. But this season it simply hasn't worked, under Alonso or Arbeloa.""

Young Player of the Tournament

FIFA Power Rankings Explainer

Attacking

Creativity

Defending

With a World Cup semi-final looming against the country he calls home, Mbappe is exactly where he wants to be: in scintillating form and among the tournament's top goal-scorers - but he is still prepared for any fresh criticism that might come his way.

""There is only one scenario where you can relax and that is winning the World Cup,"" he said ahead of the showdown with Spain. ""When you play for France, if you don't win, you get heavily criticised. We have a tightly-knit squad driving toward a single objective: victory.

""We are in the semi-finals, but the road is still long, and the most challenging matches lie ahead of us.""

As Hernandez intimated before the tournament got underway, Mbappe is intent on silencing his critics at this World Cup, and his performances so far will have gone some way to doing that. 

If he can knock the European champions out of the tournament in the semi-finals and carry this unstoppable form into the club season, then his detractors in Spain will owe him an apology.","{'href': 'https://www.goal.com', 'title': 'Goal.com'}","soccer"
"https://news.google.com/rss/search?q=fifa+world+cup","FIFA's Palestinian, Iranian, and Israeli flag policies betray deep hypocrisy","https://www.jpost.com/middle-east/article-902304","Mon, 13 Jul 2026 05:31:06 GMT","

Palestine might not be playing at the World Cup, but a fellow Arab coach has been carrying the flag. Literally.

After Egypt defeated Australia on July 3, coach Hossam Hassan held the Palestinian flag in front of fans who chanted, “Free, free Palestine.”

“My heart and soul are with them,” Hassan said afterward regarding the “kind and honorable” Palestinians, to whom he dedicated the victory. “May Allah grant them victory. May Allah have mercy on their martyrs.”

Then, after Argentina eliminated Egypt on July 7, Hassan used his press conference to deliver a passionate soliloquy for four-and-a-half minutes.

“Today, 1,000, 2,000, 3,000, 4,000 of them were struck by a single missile and died, while we're still here,” Hassan said. “It's not hard to see that the children we see can't even find food. They're facing diseases and epidemics that can result from a lack of food, sleep, and basic necessities. So if I don't feel compassion as a human being, then I have no reason to live – nor does any human being on the face of the earth who is unaware of what's happening in Palestine.”

The hypocrisy of Hassan, the nation he represents, and FIFA, soccer's international governing body, is breathtaking. That hypocrisy inflames hostility toward Israel and its supporters.

Hassan speaks compassionately yet probably cares nothing about the victims of Hamas's attacks on October 7, 2023 – victims who faced far worse than the Palestinians. Hassan revealed his true self when he yelled an obscenity and spat when confronted by an Israeli flag after Argentina's victory.

Meanwhile, Egypt acts as Palestine's ally yet views Palestinians as a domestic threat and economic burden. FIFA acts as an alleged apolitical body that disciplines political advocacy but grants the Palestinians and their supporters an exception.

In 2009, Egypt built a fortified wall extending underground along the Gaza border despite opposition from Hamas, the Muslim Brotherhood, and Hezbollah. Nevertheless, jihadists killed 33 Egyptian soldiers in 2014 in two attacks in the Sinai Peninsula. All but three died in one attack just 20 kilometers from Rafah.

Those attacks accelerated the development of stronger countermeasures. From 2013 to 2015, Egyptian authorities expelled about 3,200 families while destroying 3,255 buildings and hundreds of hectares of farmland.

“The Egyptian authorities provided residents with little or no warning of the evictions, no temporary housing, mostly inadequate compensation for their destroyed homes – none at all for their farmland – and no effective way to challenge their eviction, home demolition, or compensation,” Human Rights Watch stated in its report.

The steel-and-concrete wall now reaches 7 meters and includes electronic surveillance and a cleared buffer zone.

MEANWHILE, FIFA contradicts its own disciplinary code. Article 13 states that using a match “for demonstrations of a non-sporting nature” constitutes “offensive behavior” and violates “the principles of fair play.” Article 6 outlines punishments such as fines, suspensions, and banishment, but leaves enforcement to FIFA's judicial bodies.

FIFA previously punished blatant politicking. In 2013, Croatian defender Josip Simunic received a 10-match suspension and missed the 2014 World Cup for using a salute associated with the pro-Nazi Ustaše regime during World War II. After that year's tournament, Argentina's soccer federation drew a fine because its players stood behind a banner proclaiming in Spanish that Britain's Falkland Islands belonged to Argentina.

But when it comes to Palestine or Arab/Muslim sensibilities, FIFA exhibits far greater latitude.

During the 2022 World Cup in Qatar, FIFA allowed the display of Palestinian flags while prohibiting team captains from wearing rainbow armbands to support LGBTQ activism, since Qatar criminalizes homosexuality. Morocco's team often displayed the Palestinian flag, especially after defeating Spain to reach the quarterfinals. The British group UK Lawyers for Israel called for sanctions, but FIFA took no action.

“Rules only make sense if they are consistently applied,” Deutsche Welle's Mark Meadows wrote at the time. “Whatever your view on the Middle East and the future of the Palestinian Territories, taking their flag onto a football pitch at the World Cup surely counts as a political statement.”

The Moroccans' behavior reflected Qatar's antagonism toward Israel.

“Israeli fans and reporters were met with a climate of hostility and anger that forced many of them to return to Israel,” wrote Hussein Aboubakar Mansour. “Those who have been following the story got a rare glimpse of the Israeli reality of living amidst a sea of absolute rejection and hostility.”

Arab fans yelled at Israeli reporters during interviews and said they did not belong in Qatar. “There is no Israel, only Palestine,” one shouted at Moav Vardi, KAN's foreign affairs reporter. To avoid harassment, Israeli reporters said they came from other countries.

Local businesses also refused to serve Israelis. One restaurant owner not only called security to evict an Israeli diner but took the customer's phone and deleted pictures of the food. Later, a taxi driver evicted the same patron from his cab in the middle of a street.

FIFA followed suit this year. Egypt's federation has yet to be sanctioned for its coach's advocacy. As it did in Qatar, FIFA allows the Palestinian flag while banning Iran's lion-and-sun flag that flew before the 1979 Islamic Revolution.

Neither was the Israeli flag welcome. During the match between Iran and New Zealand on June 15, security warned a fan carrying an Israeli flag on his shoulders before confiscating it.

“They told me that the head of FIFA and the staff were actually pointing at me and singled me out in a stadium of 100,000 people,” the fan, named Rony, told Fox News. “Just two seats behind me, there were people with Palestinian flags. When I asked about them, they [security] said the head of FIFA didn't care about that. They cared only about my flag, in particular. I thought we lived in America in 2026, not Nazi Germany in the 1930s.”

Some Palestinian activists want FIFA to expel Israel. On June 11, the World Cup's first day, the Palestinian Alternative Revolutionary Path Movement, also called Masar Badil, issued a statement demanding that fans “raise the Palestinian flag and isolate the Zionist entity from international sport.”

Doha News showed activists covering a FIFA sign June 12 with a banner reading, “Kick Israel out of FIFA.” The video included support from social media.

If FIFA capitulates to such pressure, it will have sacrificed its credibility on the altar of appeasement.

Copyright ©2026 Jpost Inc. All rights reserved

•

•","{'href': 'https://www.jpost.com', 'title': 'The Jerusalem Post'}","soccer"
"https://news.google.com/rss/search?q=fifa+world+cup","Lone FIFA official made decision to suspend Folarin Balogun's controversial World Cup red card","https://nypost.com/2026/07/12/sports/lone-fifa-official-made-decision-to-suspend-folarin-baloguns-world-cup-red-card/","Mon, 13 Jul 2026 00:00:00 GMT","

Switch between CA and NY editions here.


				See more of our coverage in your search results.			

Even with the United States eliminated from the World Cup, the fallout from FIFA's decision to suspend the match ban for Folarin Balogun has continued, as new details have emerged about how the FIFA Disciplinary Committee reached its decision. 

The committee chairman, Mohammad al-Kamali of the United Arab Emirates, made the call on his own without any of the other 17 members being asked for input, according to a report by The Times. 

The new revelation only adds to the outcry over the decision and raises more questions as to why it was made in the first place. 

Balogun, who had been one of the U.S. men's national team's best players in the World Cup, ended up not having a significant impact in the Americans' embarrassing 4-1 loss to Belgium in the Round of 16. 

The U.S. star had been given a red card for a controversial play in the United States' win over Bosnia-Herzegovina, which resulted in an automatic suspension for the following match in the tournament.

 

Kamali was the one who gave him the one-match ban and then deferred it for a probationary period of one year, allowing Balogun to play in the quarterfinals against Belgium. 

The FIFA Disciplinary Committee chairman refused to answer questions when he was approached by the BBC over the weekend, keeping his head down and just walking as a reporter and cameraman with the outlet tried to get him to answer. 

FIFA has not commented on the new reporting by The Times. 

The decision to lift the automatic one-match ban started a ripple among other nations and fans, and only grew after President Donald Trump told reporters that he called FIFA president Gianni Infantino over the initial red card. 

Trump had said that he asked Infantino to review the red card but, “didn't tell him what to do.”

“Yes, I regularly discuss matters related to the FIFA World Cup with the President of the United States, and on this matter, I did receive a call from President Donald Trump, just as I receive calls from heads of state, government officials, football stakeholders and business executives from around the world on many different issues,” Infantino said in a statement addressing the matter. “During our conversation, I explained that there was an ongoing legal process involving FIFA's independent judicial bodies and that the case would be decided in due course by the competent bodies. That is how FIFA's system works, and it is a principle that I will always uphold.”

Infantino is facing an ethics complaint over the issue and Trump's potential involvement.","{'href': 'https://nypost.com', 'title': 'New York Post'}","soccer"
"https://news.google.com/rss/search?q=fifa+world+cup","FIFA World Cup: Which semifinal team has best chance to win the trophy?","https://www.aljazeera.com/sports/2026/7/13/fifa-world-cup-which-semifinal-team-has-best-chance-to-win-the-trophy","Mon, 13 Jul 2026 06:31:36 GMT","

Form guide on the final eight teams as they battle it out for the FIFA World Cup 2026 trophy in the United States.

Save

Share

The football teams of forty-eight countries set out with a chance of winning the World Cup on June 11, and the hopes of just four nations remain alive.

The top four teams in the FIFA rankings, with eight previous titles between them, will lock horns on Tuesday and Wednesday to try to secure a place in what is set to be the grandest of showpiece occasions in sport: the World Cup Final at New York New Jersey Stadium on Sunday, July 19.

Al Jazeera ranks the contenders for the title:

What's this? The defending champions as the outsiders?

Well, Algeria, Austria, Jordan, Cape Verde, Egypt and Switzerland must be one of the kindest ever paths to the business end of a World Cup, and La Albiceleste have not exactly been convincing along it.

They were made to sweat by Cape Verde and Egypt in the knockout stages before finding a way to prevail in dramatic circumstances, and the pattern was repeated against Switzerland in Kansas City on Saturday night, when they went almost 90 minutes without a shot on target following Alexis Mac Allister's early opening goal.

Their ageing side eventually prevailed after 120 minutes in sweltering conditions. Had Switzerland kept 11 men on the field, things might have been very different, but, once again, in the end, the defending champions found a way to win when they were well below their best.

Surely they cannot get away with another performance like that against England? Well, England fans might well be saying the same about the Three Lions. Both Harry Kane and Lionel Messi fell well short of their best in the last-eight matchups too.

The outpouring of emotion from Messi at full-time in the comeback win over Egypt showed just how close the three-time winners came to being eliminated. In an already emotionally charged matchup with England, expect tempers to rise and tears to flow on either side come full-time.

If Argentina, and – in his first-ever appearance against the Three Lions – Messi, are able to rediscover their swagger and win, ousting their old foes from the tournament in the knockout stages for a third straight time, then the confidence and momentum they would take into the final would be huge.

However, nothing they have shown in the US this summer would suggest that is likely to happen.

And even if it did, whether it would be enough to give them the edge against European champions Spain, or a vengeful France side they vanquished on penalties in the epic final of Qatar 2022, is another matter entirely.

Have we seen the best of England in this tournament? Probably not. And yet, here they are, in the semifinals for just the fourth time ever.

The win over Norway was neither pretty nor convincing, and manager Thomas Tuchel admitted they were lucky to get through, thanks largely to Jude Bellingham putting the team on his shoulders at a couple of key moments once again. Could a midfielder really win the Golden Boot? He is only two behind Messi and Kylian Mbappe with six goals already.

Much to Tuchel's frustration, bar a 20-minute purple patch in the second half of the 4-2 opening game win against Croatia, England have yet to dominate a team, and relied on counterattacking bursts to give them a 3-2 lead to defend in the epic round-of-16 victory over Mexico in the cauldron of the Azteca.

What they have shown is character, in abundance, and they will likely need plenty more of that if they are to end 60 years of longing for a second World Cup title.

The game against Argentina will be far more than 11 vs 11; the ghosts of football history will line up alongside both teams, and the hype and pressure are sure to be enormous.

A few possible positives for England will be that they have already made par for this tournament: Ranked fourth in the world, they have reached the last four. Anything else would be a bonus. Nobody really considers them a top-two team in the world, which might help to alleviate some of the burden of expectation.

After a trip to the altitude of Mexico City, and the oppressive heat and humidity of Miami, a return to the 22-Celsius (71.6F) climate-controlled confines of Atlanta, where England overcame DR Congo in the round of 32, will be welcome.

They also have no new suspensions to deal with, with Jarell Quansah left with one game of his two-match ban to serve; and there were minutes for Reece James against Norway. England will meanwhile be hoping Declan Rice recovers fully after a 45-minute cameo in which he was patently not fit following illness.

An ageing Argentina side have struggled against the pace, movement and trickery of Cape Verde, Egypt and Switzerland in the past three rounds, and Bukayo Saka, Anthony Gordon, and even Marcus Rashford will be even better placed to exploit that.

Beyond Messi, Argentina have not posed too many attacking questions themselves, though Julian Alvarez's stunning strike against Switzerland might just be the start of his own World Cup.

All things considered, expect England to make it through to the final, but France would likely be a step too far, and even Spain would be a big ask, despite the additional motivation of revenge for their Euro 2024 final defeat.

They are the third semifinalists yet to find top gear at this tournament, bar a one-sided display against Austria in the round of 32.

La Roja's stoic defence might have been punctured for the first time this summer by Belgium in the last eight, but the 649 minutes that preceded that goal were the longest streak in World Cup history without conceding, and they have still allowed just seven shots on target in their six matches so far.

Though the goal contribution stats might not reflect it, Lamine Yamal has shown flashes of a return to top form after that season-ending hamstring injury in April, while La Roja's carousel of tricky attackers has posed problems for defences in all six matches so far, and Mikel Merino has written himself into folklore with last-gasp winners against Portugal and Belgium.

Four-goal leading scorer Mikel Oyarzabal has gone off the boil in the past couple of games, however, and is unlikely to strike too much fear into the French backline.

While teenage defender Pau Cubarsi looks at home on the biggest stage of all, he is yet to face the kind of test that Kylian Mbappe, Michael Olise and Ousmane Dembele will pose.

If they make the final, Spain will be favourites to win it, and they have won the World Cup the only time they previously reached the last four, but despite having beaten France in their past two encounters, a third should be beyond them.

Before their last-eight matchup with Morocco, we asserted that France were the class of the field with a fearsome foursome in attack and a defence that, although it had not really been tested yet, had only allowed two goals in five matches.

Well, make that two in six, even if they still have not really been tested, such was the Atlas Lions' toothless attack on the night in their 2-0 defeat.

Mbappe further enhanced his credentials for the Golden Boot and all-time World Cup scoring record with another quality goal against Morocco, and Olise, Dembele, Desire Doue and Bradley Barcola continue to threaten across the field in a way no other team on earth can.

Spain, and in particular their defence, will pose a different challenge, and the underworked French defence will likely get their own test this time, too, with the likes of Dani Olmo, Alex Baena, Ferran Torres and Fabian Ruiz getting into promising positions around Oyarzabal, and that's not to mention super-sub Merino.

Whoever beats France will surely lift the World Cup, but none of the remaining teams can match the dynamism of Les Bleus' forwards. Although Spain will likely be their hardest challenge, it is one you can expect Didier Deschamps's men to overcome, not least fuelled by the additional motivation of having lost to La Roja in the Euro 2024 and Nations League semifinals over the past two years.



















Follow Al Jazeera English:","{'href': 'https://www.aljazeera.com', 'title': 'Al Jazeera'}","soccer"
"https://news.google.com/rss/search?q=fifa+world+cup","World Cup power rankings: France, Spain, Argentina and England were the top 4 all along","https://sports.yahoo.com/soccer/article/world-cup-power-rankings-france-spain-argentina-and-england-were-the-top-4-all-along-040018495.html","Mon, 13 Jul 2026 04:00:00 GMT","

...

At the World Cup semifinal round, the margins within power rankings are finer than ever.

Nits have to be picked and metaphorical microscopes have to be used in deciding which team goes where. It's almost impossible for a team to get through the group stage and three knockout rounds without being capable of winning the title.

That's never been more true than this year, with the top four teams in FIFA's rankings making the semis. All are previous World Cup champions, and each has reached multiple major finals in the past decade and a half.

The matchups matter less now, since the tournament winner will have to get by two of the three remaining teams, so my power rankings cover both likelihood to win the tournament and the overall quality of the teams …

France has been my top team for most of the tournament, and the 2-0 win over Morocco in the quarterfinals provided no reasons to change anything.

For the first time in the tournament, France did not have the majority of possession but still looked untroubled throughout. France consistently exploited the space behind Achraf Hakimi, which is an obvious strategy with Kylian Mbappé on the left and Hakimi as Morocco's chief attacking-third threat. But it's still good to see France make the simple adjustments to maximize its massive talents.

France will have more work to do in solving Spain's press, but it still has the highest upside of the remaining teams. I wouldn't be shocked by any France-Spain result, but there's a greater chance of France blowing out Spain than vice versa.

I can make a case for Spain in the top spot. Spain has conceded the joint-fewest goals (one) and fewest expected goals (1.8) in the tournament, along with the lowest shot quality (0.05 xG/shot), while putting up 11 goals and a tournament-leading 11.7 non-penalty expected goals. Only one team (Portugal) has had more than six shots against Spain, thanks to a suffocating press that has resulted in 56 percent of Spain's possessions starting in the middle and attacking thirds, the highest rate among quarterfinalists.

I don't feel like Spain is fully clicking in attack, but the numbers are all similar to France's, so there isn't much between the sides. France has more world-class talent up top, but Spain is stronger overall in midfield.

The semifinal in Dallas should be great. A Spain victory would be a slight upset, but hardly surprising, and whichever team advances will be favored to lift the trophy against either England or Argentina.

England moves up a spot after grinding out a third consecutive one-goal win in the knockout stage. At some point in tournaments, the ability to win close games is as much a positive as the necessity to do so is a negative, and England has crossed that threshold for me.

Between Thomas Tuchel's tactics and the vast and flexible talent at his disposal, the Three Lions have shown the ability to win in different ways. They figured out Congo DR's low block, hung on while down a man vs. Mexico and limited Erling Haaland's opportunities for Norway.

Argentina presents its own set of challenges, namely that Messi guy, but England's stronger aerial presence should manifest itself at both ends. In Harry Kane and Jude Bellingham, England has two players capable of winning any match, supported by a phalanx of midfielders who can attack through the middle or down the wings.

England can win with defense or offense. France and Spain have both shown similar qualities throughout the tournament, often at a higher level, but England isn't far behind.

Argentina drops a spot after almost grinding out a third consecutive one-goal win in the knockout stage, before Lautaro Martínez scored in stoppage time for a 3-1 win over Switzerland in the quarterfinals. As with England, the ability to win close games is important, but how a team does so also matters.

Argentina leads the tournament with 16 non-penalty goals, but ranks fourth with 10.4 expected goals and has had two extra-time games to pad the numbers. I don't see the range of options in attack though.

I still have questions about Argentina's ability to drive forward with width, given the lack of explosive wingers. Argentina has sent in 78 crosses through six games, tied for fewest among quarterfinalists. Crosses aren't always the best attacking option, since about only a quarter are completed, but they're indicative of how a team chooses (or is forced) to attack. When Argentina has had to get a goal, defenses have been able to defend narrowly while Argentina struggles to find space in the middle of the field.

Having said that, Argentina still has Lionel Messi and plenty of other talent and seemingly all the intangibles, from belief to passion. Over two more games, those things could be enough to make this ranking look silly and to make Argentina the third repeat World Cup winner. I don't see La Albiceleste in quite the same tier as the other three, but Messi and Co. could prove me wrong. What a story that would be if they do.","{'href': 'https://sports.yahoo.com', 'title': 'Yahoo Sports'}","soccer"
"https://news.google.com/rss/search?q=site:goal.com","Ruben Amorim targets FOURTH ex-Man Utd pupil for AC Milan transfer overhaul","https://www.goal.com/en/lists/ruben-amorim-targets-fourth-ex-man-utd-pupil-for-ac-milan-transfer-overhaul/blt869dae298f583e16","Mon, 13 Jul 2026 07:00:38 GMT","

Ruben Amorim is wasting no time in looking back toward Manchester United as he begins his rebuilding project at AC Milan. The Portuguese tactician has reportedly identified Noussair Mazraoui as a primary target to bolster his defensive ranks in Serie A. The Moroccan defender is the fourth Red Devils player Amorim has set his sights on, after Manuel Ugarte, Mason Mount, and Amad Diallo.

The Portuguese coach, who was appointed as Milan manager last month to replace Massimiliano Allegri, is ready to bolster his Rossoneri squad by raiding his former employers. Per Metro Sport, reports in Italy claim Amorim has specifically informed the Milan hierarchy of his admiration for Mazraoui. The Morocco international has made 77 appearances for the Red Devils since his £17m move from Bayern Munich in 2024 and has become a vital squad member due to his ability to play across the backline.





While Amorim is eager to reunite with his former pupils, Milan face significant hurdles in securing their primary targets. Ugarte, whom Amorim managed at Sporting CP before bringing him to Manchester, was a top target until a serious injury suffered during the World Cup ended hopes of a summer move.

Furthermore, United are reportedly unwilling to entertain offers for Mason Mount or Amad. Transfer expert Matteo Moretto suggests that while Mazraoui is a firm favourite of the manager, official club-to-club talks are yet to begin. Moretto noted on Fabrizio Romano's YouTube channel: ""Noussair Mazraoui is one of Amorim's favourites. As of now there are no negotiations underway, there's no direct contact between the clubs. But what I can tell you is that certainly Mazraoui, who is 28-years-old and also has a contract expiring in 2028 with an option, is a player highly regarded by Amorim. Let's see if he is targeted by Milan later in the window. As of today, I'm talking about the manager's approval of him – Amorim appreciates Mazraoui's qualities.""

The interest in Mazraoui comes as little surprise given Amorim's previous public comments regarding the defender. During his time at Old Trafford, the coach was vocal about Mazraoui's technical quality and tactical intelligence.

Speaking shortly after his appointment at United, Amorim said: ""He's a top player. He understands the game. He knows how to attack, he's very technical, he's very good defensively and he's very good one-on-one. He's a modern player. I think he's the future of our team. When you think about him, you think we need more players like Nous that can control the tempo, they are really, really good and comfortable with the ball. So, Nous, I'm really happy with him.""

Add GOAL.com as a preferred source on Google to see more of our reporting

Amorim is viewing his tenure at San Siro as a fresh start following his difficult 14-month spell in the Premier League. Reflecting on his time in England during his Milan unveiling, the coach admitted he is focused on evolving his methods to avoid a repeat of his Manchester exit.

""The first thing is it's hard to explain the mistakes because for that I would have to explain the context of the last adventure,"" Amorim admitted. ""It's hard to say to you every mistake. The only thing I can say is that I learned a lot and I made some mistakes.""","{'href': 'https://www.goal.com', 'title': 'Goal.com'}","soccer"
"https://news.google.com/rss/search?q=site:goal.com","World Cup Home","https://www.goal.com/en/world-cup/70excpe1synn9kadnbppahdn7","Mon, 13 Jul 2026 04:14:58 GMT","

World Cup

These are the whoppers on the World Cup ticket market right now, going as high as $30,000

It's set to be a jaw-dropping finish to the World Cup 2026 party - and which tickets are reaching the $10,000 mark

It's set to be a jaw-dropping finish to the World Cup 2026 party and you could be there

Here's how you can see Lionel Messi and Argentina in World Cup 2026 action 

All you need to know about getting tickets to the two huge semi-final match-ups

Florian Wirtz endured a difficult debut season at Liverpool on the back of his £116 million ($155m) transfer to Anfield, with Danny Murphy telling GOAL that double figures for goals and assists will be the “bare minimum” requirement in 2026-27. The Germany international is aware that patience can only stretch so far when it comes to making a telling contribution to the collective cause.

Brazil have won the World Cup five times, more than any other country. They first lifted the trophy in 1958, before successfully defending their title four years later. They then made it three in 1970, while also emerging victorious in 1994 and 2002 to show what they're made of.

The most recent edition of the World Cup, which took place in Qatar in 2022, featured 32 teams. However, from the upcoming edition in 2026, as many as 48 teams will be contesting for the ultimate prize in international football. The number of teams that will be featuring has almost quadrupled since the inaugural edition in 1930, which hosted 13 teams.

Lionel Messi holds the record of making the most appearances in World Cups, having represented Argentina 26 times across five editions.

Germany's Miroslav Klose tops the all-time goalscoring charts in World Cups, having scored an incredible 16 goals in 24 games across four consecutive editions from 2002 to 2014.

Egyptian legend Essam El Hadary is the oldest player to have ever featured in a World Cup game. The goalkeeper was 45 years and 161 days old when he participated in Egypt's 2-1 loss to Saudi Arabia at the 2018 World Cup.

Former Manchester United man Norman Whiteside is the youngest player ever to play a World Cup game. The midfielder was just 17 years and 41 days old when he featured for Northern Ireland in a game against Yugoslavia at the 1982 World Cup.

Pele, Diego Maradona, Zinedine Zidane, Gerd Muller, Roberto Baggio, Ronaldo, Romario, Eusebio, Johan Cruyff, David Villa, Sergio Ramos, Luka Modric, Lionel Messi, and Cristiano Ronaldo among others are some of the biggest legends in footballing history who have graced the pitch during World Cups.

The likes of Didier Deschamps, Franz Beckenbauer, Luiz Felipe Scolari, Vicente del Bosque, Vittorio Pozzo, Louis van Gaal, Sven-Goran Eriksson, and Ivica Osim are some of the most accomplished individuals to have managed at the World Cup finals.","{'href': 'https://www.goal.com', 'title': 'Goal.com'}","soccer"
"https://news.google.com/rss/search?q=site:goal.com","The next Gianfranco Zola or Eden Hazard? Cole Palmer told what he is missing at Chelsea in bid to emulate Stamford Bridge legends","https://www.goal.com/en/lists/gianfranco-zola-eden-hazard-cole-palmer-missing-chelsea-stamford-bridge-legends/blt65560cfde9c640e6","Mon, 13 Jul 2026 07:05:42 GMT","

Cole Palmer's spectacular debut season at Chelsea saw him earn comparisons with Blues legends Gianfranco Zola and Eden Hazard, but Tony Cascarino has told GOAL what the talented playmaker needs to do in order to emulate icons of the past. Palmer's output in west London has been heading in the wrong direction, with a fading spark needing to be rekindled.

Unfortunate injury issues during the 2025-26 campaign did Palmer's cause few favours, with a groin complaint and broken toe contributing to him sitting out 26 games across all competitions. He ended the season with just 11 goals and three assists to his name.

Those numbers are well down on the 25 efforts that he mustered immediately after moving to Stamford Bridge from Manchester City for £40 million ($54m) during the summer of 2023. The exploits secured PFA Young Player of the Year recognition.

Palmer's second year with Chelsea did deliver Conference League and FIFA World Cup glory, but his goal return dipped to 18 and the odd question began to be asked of his form. That debate intensified to the point that England boss Thomas Tuchel could find no place for the 24-year-old in his 2026 World Cup squad.

Transfer speculation has raged at times, with a return to Manchester roots at boyhood club United being mooted, but a long-term contract through to 2033 is in place with his current employers. Chelsea are opening another new era under the guidance of Spanish head coach Xabi Alonso.

He may be the man to bring the best out of Palmer once more. Quizzed on whether Palmer can position himself alongside the likes of Zola and Hazard, ex-Blues striker Cascarino - speaking on behalf of Tonybet, World Cup Card Collection campaign can see Canadian customers win up to $150,000 CAD - told GOAL: “Oh, good question. Don't know. It's always an uncertain answer with young players because of the adrenaline and when you get to a new club and then you're the outstanding player very quickly.

“There's been a drop off from Cole Palmer, that's why he's not been in the England squad. There's obvious reasons why, he's just not played to the level that when he first joined Chelsea.

“Now, Chelsea haven't been very good also at that particular time and I feel that one of the things that's a standout feature of Chelsea and I think would have helped Cole Palmer is having experience in the team.

“I'm a Liverpool fan, Stevie Gerrard broke through, one of the shrewdest signings we ever made was Gary McAllister at 35 years old on a free transfer to play alongside Stevie Gerrard.

“I don't think that's happened at Chelsea with Palmer, I feel like he was the young kid, the young bucks coming on fire but when he's had a bit of a dip, he hasn't got the people around him. Enzo Fernandez is there, Moises Caicedo, they're great players, we know that, but they were big transfers as well so they have to prove themselves and their worth to the team.”

Add GOAL.com as a preferred source on Google to see more of our reporting

Former Italy international Zola has formed part of GOAT discussions at Stamford Bridge since spending seven memorable years with Chelsea between 1996 and 2003. Belgian forward Hazard hit 110 goals for the Blues while winning two Premier League titles, the FA Cup, League Cup and Europa League.

Palmer has shown flashes of similar brilliance, becoming a match-altering performer in his own right, but needs to start delivering on a consistent basis. That process will begin in 2026-27 when Alonso's first competitive game at the helm takes his team to Craven Cottage for a season-opening derby date with neighbours Fulham on August 24.","{'href': 'https://www.goal.com', 'title': 'Goal.com'}","soccer"
"https://news.google.com/rss/search?q=site:goal.com","‘Starting from way below'","https://www.goal.com/en-in/lists/italian-job-scott-mctominay-serie-a-challenge-leaving-england/blt890d62e3b1f7fdef","Mon, 13 Jul 2026 07:59:28 GMT","

Scott McTominay has enjoyed a remarkable renaissance in Italian football, on the back of leaving Manchester United for Napoli, with ex-Serie A star Des Walker telling GOAL how that success has been enjoyed after “starting from way below” many of those around him. The many challenges of life in Italy have been conquered in style by a title-winning MVP.

Few could have predicted that McTominay would scale such heights when seeing a £26 million ($35m) transfer away from Old Trafford sanctioned during the summer of 2024. The Scotland international was considered to be a hard-working, but unspectacular, holding midfielder at that stage.

He has been transformed into a buccaneering No.10 while strutting his stuff in Naples, with career-best numbers being posted on the goal front while finding the target on 27 occasions across two productive campaigns. After capturing the Scudetto crown in 2025, history was made with Player of the Year recognition and an 18th-place finish in the prestigious Ballon d'Or vote.

McTominay is now lauded by a fan base that once idolised Argentine GOAT Diego Maradona, with happiness being found on and off the field. He graced the World Cup finals in 2026 and has seen another big-money transfer speculated on.

Asked for his assessment of McTominay's time in Italy and the stunning impact that has been made, ex-Sampdoria defender Walker - speaking in association with World Cup betting - told GOAL: “I think the first year when you go to Italy, especially, is tough. It's really, really tough. So he acquitted himself brilliantly. I think you've got to go into a team that's really working, and that helps you settle down.

“But if you ever play in Italy, everything Italian is brilliant. So if you're not Italian, you ain't going there as brilliant. You've got to prove yourself. And fair play to Scott, he has gone there and he's put the gauntlet down and he's highly respected by every Italian.

“I think that is a difficult thing to do, because if you're not Italian, you're starting from way below. In terms of ability, everything to them, you've got to go out and re-prove yourself. It doesn't matter what you've done anywhere else, you've got to do it in Italy.

“Having played there myself, the first year is really, really tough. So I think the more he stays, the better he'll become as well. It's brilliant for him. He's handled it really well, especially in the early months.”

A return to the Premier League has been speculated on for McTominay, but there is seemingly no need for the all-action 29-year-old to consider a retracing of professional steps - given how well things are going for him in Naples.

Ex-Scotland international Kenny Miller told GOAL recently when asked about what the immediate future could hold: “It looks like he's absolutely loved life in Italy. It looks like his whole image has changed!

“He's really acclimatised himself to life in Naples. He's clearly loving his football. When you're winning things as well as a player, when you go into that league and you win the league and you get the MVP of the league.

“I'm sure there'll be people who would love to sign Scott McTominay, that's just the nature of football, but it would maybe take something special for him to leave, because it looks like he's adored by the fans. How highly they regard him and how they talk about him, that's something special for a player to have, to feel that adoration.

“You just feel comfortable enjoying your football. There's a lot to be said for it. Sometimes when you move on and it's a different style or it's a different coach, there's just different elements that come into your performance. Whether it's as a player or your happiness, it's not always easy. It's just, ‘I'm doing it there, I'll just jump into there and do the exact same and feel the same'.

“There'll be a lot to consider for him. But the one thing for sure is, if Scott wanted a change, and if it was the Premier League he wanted to come back to, I'm sure there would be a lot of suitors that would be more than happy to take him.”

Add GOAL.com as a preferred source on Google to see more of our reporting

McTominay is tied to a contract through to 2028, meaning that Napoli are under no pressure to sell. It has been suggested that they will look to thrash out fresh terms with a man that has quickly earned cult hero status.

There was a time, not all that long ago, when British players would be wary of leaving their comfort zone. That is no longer the case, with wings being spread on a regular basis as the likes of McTominay and Harry Kane prove what can be achieved through the right combination of attitude and application.","{'href': 'https://www.goal.com', 'title': 'Goal.com'}","soccer"
"https://news.google.com/rss/search?q=site:billboard.com","Madonna, Stuart Price & Honey Dijon Knock Out New York City With Club Confessions","https://www.billboard.com/music/pop/madonna-club-confessions-new-york-city-1236292743/","Mon, 13 Jul 2026 00:05:53 GMT","

The party happened the night before Madonna officially topped the Billboard 200 with Confessions II.


													By
												

	Joe Lynch


Executive Digital Director


	The night before Confessions II officially became Madonna's 10th No. 1 album on the Billboard 200, the Queen of Pop transformed Queens' Knockdown Center into the New York City edition of Club Confessions on Saturday (July 11) night to celebrate her latest album.


	Despite being nowhere near a subway stop (or much else, unless you're in the market for a chandelier), Knockdown Center plays host to some of the hottest dance music tickets in town, so it's not a surprise to see big crowds outside the sizable venue. Even so, the lines for Madonna were beyond the norm, extending several blocks down the street. But for a free (yes, free) party boasting Madonna, Stuart Price (who co-produced Confessions II and 2005's Confessions on a Dance Floor), Honey Dijon (a frequent Madge remixer who contributed to the Confessions II: Afterhours Edition release), Fcukers, Junior Sanchez and Sam-E, what the hell do you expect?

	











	As on Club Confession's previous London stop, entrance to the affair involved walking through a giant inflatable of a woman's lower torso, legs spread, with speakers subbing in for the NSFW anatomy. After that, you strolled through a green laser-laden forest, evocative of the “Good for the Soul” portion of Madonna's Confessions II short film (directed by TORSO), both of which served up TikTok/Instagram fodder for attendees.

	











	A fantastic Fcukers set had the fashion-forward crowd (which, over the course of the night, included Kim Petras, Pabllo Vittar, Sky Ferreira, Christian Sirano, Julio Torres, Bob the Drag Queen and Plane Jane) moving, but when Stuart Price took the boards to usher in the entrance everyone was waiting for, the temperature in the room shifted. Madonna hit the stage at 1:10 a.m. (fairly early, considering the doors didn't even open until 10 p.m.) with a declaration and a challenge: “New York, I love you so much – but are you ready?!”


	Fans, many of whom stood in line for an hour, responded with a roar of love and a sea of cellphones. “It's mother” intoned a deep voice over a thumping beat. Between Price's deft ability to keep a crowd moving and Madonna's larger-than-life aura, school was indeed in session at Club Confessions thanks to the seasoned dance club faculty on stage — including Honey Dijon, who took the decks toward the end of Madonna's appearance.


Confessions II songs occupied most of the setlist, with “Get Together” from the O.G. Confessions and a few choice vintage cuts (“Thief of Hearts” from Erotica and “Physical Attraction” from her self-titled debut) making appearances. Highlights included hundreds of people singing (and feeling) the chorus of “I Feel So Free”; Madonna head-banging next to Honey Dijon during a “Love Sensation” remix; and the Queen of Pop gyrating her hips and mouthing along to the 1983 throwback “Physical Attraction.” But “Danceteria” was the standout cut. Even though the album has been out just over a week, it seemed like everyone at Club Confessions knew the lyrics to “Danceteria,” right down to the pointed pauses (“He's the DJ / hide the cocaine”) and her laundry list of early ‘80s scenesters. Beyond that, the experience of listening to the autobiographical “Danceteria” while dancing in front of Madonna herself was a surreal treat.

	











	After Madonna and Price left the stage, Dijon delivered a phenomenal set that led the room through ecstatic release – sure, Madonna was the main attraction, but when she left the building, so did just enough people that you could truly dance on the dance floor. (As opposed to body bumping — not that there's anything wrong with a little body bumpin'.)


	Less than 12 hours after Club Confessions New York City closed up, Billboard reported that Madonna's Confessions II had debuted atop the Billboard 200, marking her 10th No. 1 on the chart and her biggest streaming week ever. That win also puts the Club Confessions host in an exclusive club of artists with 10 or more albums to their name – something only 11 acts, Madonna included, can boast.

Get weekly rundowns straight to your inbox



					Your email address will not be published.				
									Required fields are marked					*




				Post Comment				



A daily briefing on what matters in the music industry

Send us a tip using our anonymous form.

A daily briefing on what matters in the music industry

Send us a tip using our anonymous form.

Billboard is a part of Penske Media Corporation. © 2026 Billboard Media, LLC. All Rights Reserved.","{'href': 'https://www.billboard.com', 'title': 'Billboard'}","entertainment"
"https://news.google.com/rss/search?q=site:deadline.com","Josh Grisetti Dead: Broadway Actor Appeared On 'The Marvelous Mrs. Maisel'","https://deadline.com/2026/07/josh-grisetti-actor-dead-suicide-1236980383/","Mon, 13 Jul 2026 03:13:00 GMT","


					By Tom Tapp 

Deputy Managing Editor


Josh Grisetti, the Broadway actor best known for Something Rotten! and It Shoulda Been You as well as a recurring role on The Marvelous Mrs. Maisel, died Friday by suicide, according to his co-star and friend Rob McClure. He was 44.


	“It is with a shattered heart that I share that the brilliant Josh Grisetti took his own life on Friday,” wrote McClure, who starred alongside Grisetti in Something Rotten! “Some of my all-time favorite memories were by this man's side, playing his brother onstage for years.” The duo played Nigel and Nick Bottom in the Broadway and traveling productions of the musical.

	











	Grisetti was also on Broadway in 2015 as Marty Kaufman in It Shoulda Been You.


	On television, Grisetti is best known for his eight-episode arc as Ralph Emerson in the fifth season of The Marvelous Mrs. Maisel. He also starred alongside Donal Logue and Sofia Vergara in The Knights of Prosperity on ABC. The sitcom aired for nine episodes before being cancelled. 


	His other TV credits include appearances on Nurse Jackie and The Good Fight.


DEADLINE RELATED CONTENT:

Get our Breaking News Alerts and Keep your inbox happy.

Comments On Deadline Hollywood are monitored. So don't go off topic, don't impersonate anyone, and don't get your facts wrong.

Comment 

Name 

Email 

Website 

 





Δ

Signup for Breaking News Alerts & Newsletters


			By providing your information, you agree to our Terms of Use and our Privacy Policy.
				We use vendors that may also process your information to help provide our services. This site is protected by reCAPTCHA Enterprise and the Google Privacy Policy and Terms of Service apply.		

Get our latest storiesin the feed of your favorite networks

We want to hear from you! Send us a tip using our annonymous form.

Sign up for our breaking news alerts


		By providing your information, you agree to our Terms of Use and our Privacy Policy.
				We use vendors that may also process your information to help provide our services. This site is protected by reCAPTCHA Enterprise and the Google Privacy Policy and Terms of Service apply.	

Deadline is a part of Penske Media Corporation. © 2026 Deadline Hollywood, LLC. All Rights Reserved.


		By providing your information, you agree to our Terms of Use and our Privacy Policy.
				We use vendors that may also process your information to help provide our services. This site is protected by reCAPTCHA Enterprise and the Google Privacy Policy and Terms of Service apply.	","{'href': 'https://deadline.com', 'title': 'Deadline'}","entertainment"
"https://news.google.com/rss/search?q=site:deadline.com","Sam Neill Remembered: Karl Urban & Prime Ministers Pay Tribute To “Beautiful Man”","https://deadline.com/2026/07/sam-neill-remembered-tributes-peaky-blinders-actor-1236980581/","Mon, 13 Jul 2026 07:44:00 GMT","


					By Jake Kanter 

International Investigations Editor


Sam Neill is being remembered by the film and TV community after his family announced his “sudden and unexpected” death.


	In a statement shared on Neill's Instagram profile, his loved ones said the Jurassic Park and Peaky Blinders actor died “with the dignity that has characterised his whole life.”


	The statement led to an outpouring of grief. Karl Urban, a fellow Kiwi, wrote that Neill was an “inspiration” and a trailblazer for his countrymen. 


	“A beautiful man. A national treasure who gave so much to New Zealand and to the world,” added The Boys star in an Instagram post.

	










			Watch on Deadline		







	
	
		
					Related Stories		
	













	News
	



	
		
					Sam Neill Dies: 'Jurassic Park' Actor Was 78		
			















	News
	



	
		
					Banijay & All3Media Complete Merger, Creating $8BN Production-Distribution Giant		
			








	Richard E. Grant described Neill as an “officer and a gentleman in the truest sense,” recalling how they worked together on 2019's Palm Beach.


	New Zealand Prime Minister Christopher Luxon wrote: “Sir Sam Neill was one of the greats. He started out when there was barely a film industry in this country to speak of. 


	“For more than fifty years he took New Zealand stories to the world and his talents helped make our film industry into what it is today – one of our greatest cultural exports.


	“His work will be watched and loved long after all of us. Our thoughts are with his family and friends tonight. Rest in Peace.”

Sir Sam Neill was one of the greats.He started out when there was barely a film industry in this country to speak of. For more than fifty years he took New Zealand stories to the world and his talents helped make our film industry into what it is today – one of our greatest…


	Australian Prime Minister Anthony Albanese added: “Sam Neill starred in so many beloved Australian stories and he earned a special place in Australian hearts.

	











	“Wry and dry, thoughtful and laconic, Sam fought illness with the same dignity, humour and conviction that gave strength to his every performance. He will be much mourned and long remembered.”


	In an Instagram comment, Kylie Minogue wrote: “Vale Sam 💔”


	Toni Collette, the Oscar-nominated Australian actress who starred with Neill in A Long Way Down and Dirty Deeds, described her friend as a “sweetheart.”


	Rhys Darby, star of HBO's Flight of the Conchords, wrote: “A truly great human, a legend and an inspiration to all even beyond the art world. We will always love you Sam.”


	Alan Cumming, The Traitors host who has previously referred to Neill as a friend, said: “Ahhh Sam, what a glorious beautiful man. You are missed. Sorry to the family for your immense loss.”


	Lesley-Ann Brandt, star of Lucifer, wrote: “A remarkable man and artist. NZ loses a giant and one of its greatest gifts.”


	Matthew Deaner, CEO of Screen Producers Australia, said: “Sam Neill was one of the great figures of Australian and New Zealand screen. His extraordinary talent and professionalism enriched countless productions and inspired generations of filmmakers and performers.


	“Australian producers were privileged to work alongside Sam on so many landmark productions. His contribution to Australian storytelling and to our screen culture is immeasurable, and his legacy will continue to inspire audiences and the industry for generations to come.” 

Get our Breaking News Alerts and Keep your inbox happy.

Comments On Deadline Hollywood are monitored. So don't go off topic, don't impersonate anyone, and don't get your facts wrong.

Comment 

Name 

Email 

Website 

 





Δ

Signup for Breaking News Alerts & Newsletters


			By providing your information, you agree to our Terms of Use and our Privacy Policy.
				We use vendors that may also process your information to help provide our services. This site is protected by reCAPTCHA Enterprise and the Google Privacy Policy and Terms of Service apply.		

Get our latest storiesin the feed of your favorite networks

We want to hear from you! Send us a tip using our annonymous form.

Sign up for our breaking news alerts


		By providing your information, you agree to our Terms of Use and our Privacy Policy.
				We use vendors that may also process your information to help provide our services. This site is protected by reCAPTCHA Enterprise and the Google Privacy Policy and Terms of Service apply.	

Deadline is a part of Penske Media Corporation. © 2026 Deadline Hollywood, LLC. All Rights Reserved.


		By providing your information, you agree to our Terms of Use and our Privacy Policy.
				We use vendors that may also process your information to help provide our services. This site is protected by reCAPTCHA Enterprise and the Google Privacy Policy and Terms of Service apply.	","{'href': 'https://deadline.com', 'title': 'Deadline'}","entertainment"
"https://news.google.com/rss/search?q=site:deadline.com","‘Love Island USA' Crowns Season 8 Winners On Peacock","https://deadline.com/gallery/love-island-usa-season-8-winners-peacock/","Mon, 13 Jul 2026 01:00:00 GMT","


					By Armando Tinoco 

Staff Writer

SPOILER ALERT: This post contains details on the episode of Love Island USA Season 8, Episode 35, which streamed on Sunday, July 12.

After weeks of Islanders pulling fellow Islanders for chats, coupling up, and recoupling, a new couple has emerged as winners on Love Island USA Season 8.

Four couples made it to finale night, which included Aniya Harvey & Carl Lee Schmidt, Kayda Bosse & Zach Georgiou, Melanie Moreno & Sincere Rhea, and Trinity Tatum & Bryce Alakai Dettloff.

RELATED: ‘Love Island USA's Ariana Madix “Thrilled & Excited” With Emmy Nomination & The Sweet Message From Her Mom That Made Her “Tear Up”

Shut out of the finale were Mackenzie “Kenzie” Annis and Dylan Wrona and Tierra “Titi” Davis & Kuman “KC” Chandler, who did not get enough votes to stay in the villa and were dumped from the island.

Ariana Madix entered the villa to announce the winner of Love Island USA Season 8 and reveal who won the $100,000 cash prize.

RELATED: ‘Love Island USA': Photos Of All Of Ariana Madix's Season 8 Outfits

How did the Islanders place in the Love Island USA Season 8 finale?

4th place: Kayda and Zach

3rd place: Melanie and Sincere

2nd place: Aniya and Carl

1st place: Trinity and Bryce

Which couple won Love Island USA Season 8?

Trinity and Bryce were announced the winners of Love Island USA Season 8.

RELATED: ‘Love Island UK' Season 13: Two Islanders Dump Day 1 Couple & Leaves Lorenzo Alessi In Tears

On finale night, Peacock made a couple of announcements for Love Island USA viewers. First, the Love Island USA Season 8 reunion is set to stream on Monday, August 31 at 9 p.m. ET / 6 p.m. PT on Peacock with Andy Cohen and Ariana Madix returning as co-hosts.

In a second announcement, Peacock has renewed Love Island: Beyond the Villa for a third season, which is set to premiere in 2027.

Scroll through the photo gallery below to see the Love Island USA Season 8 finalists.

LOVE ISLAND USA — Episode 827 — Pictured: (l-r) Trinity Celeste Tatum, Bryce Alakai Dettloff — (Photo by: Ben Symons/Peacock)

LOVE ISLAND USA — Episode 827 — Pictured: (l-r) Kayda Reese Bosse, Zacharias Georgiou —  (Photo by: Ben Symons/Peacock)

LOVE ISLAND USA — Episode 827 — Pictured: (l-r) Melanie Moreno, Sincere Nicholas Rhea — (Photo by: Ben Symons/Peacock)

LOVE ISLAND USA — Episode 827 — Pictured: (l-r) Trinity Celeste Tatum, Bryce Alakai Dettloff — (Photo by: Ben Symons/Peacock)

LOVE ISLAND USA — Episode 827 — Pictured: (l-r) Kayda Reese Bosse, Zacharias Georgiou — (Photo by: Ben Symons/Peacock)

LOVE ISLAND USA — Episode 827 — Pictured: (l-r) Melanie Moreno, Sincere Nicholas Rhea — (Photo by: Ben Symons/Peacock)

LOVE ISLAND USA — Episode 827 — Pictured: (l-r) Aniya Harvey, Carl Schmidt  — (Photo by: Ben Symons/Peacock)

LOVE ISLAND USA — Episode  832 — Pictured: Bryce Alakai Dettloff — (Photo by: Ben Symons/Peacock)

LOVE ISLAND USA — Episode  832 — Pictured: Trinity Celeste Tatum — (Photo by: Ben Symons/Peacock)

LOVE ISLAND USA — Episode  832 — Pictured: (l-r) Bryce Alakai Dettloff, Trinity Celeste Tatum — (Photo by: Ben Symons/Peacock)

LOVE ISLAND USA — Episode  832 — Pictured: Carl Schmidt — (Photo by: Ben Symons/Peacock)

LOVE ISLAND USA — Episode  832 — Pictured: Aniya Harvey — (Photo by: Ben Symons/Peacock)

LOVE ISLAND USA — Episode  832 — Pictured: (l-r) Carl Schmidt, Aniya Harvey — (Photo by: Ben Symons/Peacock)

LOVE ISLAND USA — Episode  832 — Pictured: Kayda Reese Bosse — (Photo by: Ben Symons/Peacock)

LOVE ISLAND USA — Episode  832 — Pictured: (l-r) Zacharias Georgiou — (Photo by: Ben Symons/Peacock)

LOVE ISLAND USA — Episode  832 — Pictured: (l-r) Zacharias Georgiou — (Photo by: Ben Symons/Peacock)

LOVE ISLAND USA — Episode  832 — Pictured: (l-r) Zacharias Georgiou, Kayda Reese Bosse — (Photo by: Ben Symons/Peacock)

LOVE ISLAND USA — Episode  832 — Pictured: Sincere Nicholas Rhea — (Photo by: Ben Symons/Peacock)

LOVE ISLAND USA — Episode  832 — Pictured: Melanie Moreno — (Photo by: Ben Symons/Peacock)

LOVE ISLAND USA — Episode  833 — Pictured: (l-r) Trinity Celeste Tatum, Bryce Alakai Dettloff — (Photo by: Ben Symons/Peacock)

LOVE ISLAND USA — Episode  833 — Pictured: (l-r) Melanie Moreno, Sincere Nicholas Rhea — (Photo by: Ben Symons/Peacock)

LOVE ISLAND USA — Episode  833 — Pictured: (l-r) Aniya Harvey, Carl Schmidt — (Photo by: Ben Symons/Peacock)

LOVE ISLAND USA — Episode  833 — Pictured: (l-r) Kayda Reese Bosse, Zacharias Georgiou — (Photo by: Ben Symons/Peacock)

Get our Breaking News Alerts and Keep your inbox happy.

Comments On Deadline Hollywood are monitored. So don't go off topic, don't impersonate anyone, and don't get your facts wrong.

Comment 

Name 

Email 

Website 

 





Δ

Signup for Breaking News Alerts & Newsletters


			By providing your information, you agree to our Terms of Use and our Privacy Policy.
				We use vendors that may also process your information to help provide our services. This site is protected by reCAPTCHA Enterprise and the Google Privacy Policy and Terms of Service apply.		

Get our latest storiesin the feed of your favorite networks

We want to hear from you! Send us a tip using our annonymous form.

Sign up for our breaking news alerts


		By providing your information, you agree to our Terms of Use and our Privacy Policy.
				We use vendors that may also process your information to help provide our services. This site is protected by reCAPTCHA Enterprise and the Google Privacy Policy and Terms of Service apply.	

Deadline is a part of Penske Media Corporation. © 2026 Deadline Hollywood, LLC. All Rights Reserved.


		By providing your information, you agree to our Terms of Use and our Privacy Policy.
				We use vendors that may also process your information to help provide our services. This site is protected by reCAPTCHA Enterprise and the Google Privacy Policy and Terms of Service apply.	","{'href': 'https://deadline.com', 'title': 'Deadline'}","entertainment"
"https://news.google.com/rss/search?q=site:avclub.com","Schmaltz and melodrama are atop the itinerary for Peacock's The Five Star Weekend","https://www.avclub.com/tv-review-five-star-weekend-peacock-jennifer-garner-elin-hilderbrand","Mon, 13 Jul 2026 03:15:00 GMT","

Never underestimate the paradigm-shifting power of a girls' trip. That's the gist of Peacock's saccharine, infrequently potent The Five Star Weekend, adapted from the novel of the same name by Elin Hilderbrand. Like most of the author's beach reads, this one takes place on sandy Nantucket, an idyllic backdrop for the journey of self-discovery undertaken by recently widowed Boston food blogger/influencer Hollis Shaw (an aptly cast Jennifer Garner). Hollis, who grew up on the island, invites four friends to her childhood home for a perfectly curated getaway—or “a sleepaway camp for grown-ups,” as one of her pals puts it, considering the itinerary includes a pizza and pajama party, spa time, and color-coordinated outfits. What could go wrong? Everything, as it turns out. And that's without a dead body washing ashore (à la Hilderbrand's The Perfect Couple). 

The Five Star Weekend is instead more in line with The Four Seasons in its understanding that low-stakes, everyday life is traumatic enough all on its own. Series creator Bekah Brunstetter presents the (wealthy, well-dressed) women's midlife crises in a cozy setting to make their circumstances more digestible. The writing—cloying as it gets—manages to imbue each woman with a multi-faceted personality; it's to the show's detriment that we don't get to see much of what's beneath those facets, though. Still, when stories get clunky or far-fetched, the ensemble's camaraderie and earnest performances elevate the material to make The Five Star Weekend an appetizing enough binge. 

The show quickly immerses us in Hollis' beautiful world, one that set designer Barbara Cassel plucks straight out of the films of Nancy Meyers. Of course, Hollis owns a beach bungalow with sparkling countertops, airy rooms, and a backyard gazebo overlooking the ocean. Who wouldn't seek reprieve in this version of Nantucket? The pleasant surroundings help Hollis forget that she and Matthew (Josh Hamilton) had marital issues long before his fatal car crash. In his absence, her picture-perfect life and career continue to shatter. As does the relationship with her daughter, Caroline (Harlow Jane), who is flunking out of med school and shows up on the island only to accidentally intrude on her mother's seaside retreat. 

Hollis, seeking a fresh start and wanting to reconnect with parts of herself that were long since buried, brings together friends she made during different phases of her life: high school bestie Tatum (Chloë Sevigny); former college roommate Dru-Ann (Regina Hall); fellow mom Brooke (D'arcy Carden); and Instagram follower-turned-confidant Gigi (Gemma Chan). It's a fun, if not bold, idea, because the other women don't really know each other—or even get along well at first. The only common thread is their concern for a grieving Hollis, who insists on putting up a cheery façade of “I'm fine!” Still, it's a great way for all of them to realize how much they've evolved, for better and worse. 

The trip couldn't have come at a better time for Dru-Ann, a workaholic sports agent in the midst of being canceled and fired. She has a petty rivalry with the happily married Tatum, who still lives in Nantucket and runs a dry cleaning store. Hall and Sevigny bounce off of each other well, selling what could've come off as a juvenile turf war in a serious TV show about dealing with grief. Cool-girl Sevigny might be cast against type, but she brings plenty of snark to coastal grandma Tatum, despite her character going through a cancer scare. 

Sevigny's acerbic humor helps counteract the show's sweetness, much of which is filtered through Hollis and Brooke. Unlike the rest of the group, Brooke isn't self-assured and awkwardly tries to fit in as best she can to please everyone. She goes through quite the transformation over three days, though, partly thanks to sound advice from the women around her, and partly thanks to falling for a local tour guide played by Roberta Colindrez—Carden's co-star from Prime Video's gone-too-soon A League Of Their Own adaptation. 

The biggest mystery is Gigi, essentially a stranger who recently connected with Hollis after a period of fervently following her blog. She arrives armed with secrets that could blow up the whole group dynamic. Due to the nature of her story, Gigi is the most underwritten of The Five Star Weekend's guests, but an endearing Chan makes the most of what she's given. Hollis' other dilemma comes via Jack (Timothy Olyphant), an ex-boyfriend who still carries a torch for her. Jack is basically the Hallmark version of an ideal man, but you can't go wrong by choosing Olyphant to play the lovesick romantic lead. 

The Five Star Weekend clearly has the right ingredients, whether it's a solid cast or directors like Jennifer Morrison and Minkie Spiro—the female gaze enhances this material! However, the show's interest in schmaltz over soul searching makes it less profound than it aims to be. Still, it's escapism at its best. When the show works, it's because it's earnestly honoring female friendships and the difficulty of maintaining them as you grow older. It's not exactly a recipe for a successful series, but The Five Star Weekend still makes for a satisfying one-time meal anyway. 

Saloni Gajjar is The A.V. Club‘s TV critic. 


Recommended for You1Camp Miasma's Gillian Anderson and Hannah Einbinder doubling up on the psychosexual fun with a live-read of Secretary2Daring provocateurs at Spirit Halloween demand: ""Who will trick-or-treat as the sexy Hutt?""3House Of The Dragon is putting out one of Game Of Thrones' biggest fires4This Black Mirror is built to be defeated5Robert Downey Jr. gives hearty ""We love China!"" as Kevin Feige drops X-Men and Spider-Man breadcrumbs in Shanghai


© 2026 Paste Media Group. All Rights Reserved","{'href': 'https://www.avclub.com', 'title': 'A.V. Club'}","entertainment"
"https://news.google.com/rss/search?q=site:avclub.com","House Of The Dragon's true war is parenthood","https://www.avclub.com/house-of-the-dragon-recap-season-3-episode-4","Mon, 13 Jul 2026 03:00:00 GMT","

Beneath House Of The Dragon's naval battles and aerial grudge matches is the idea of legacy—not just of crowns and castles but of promises made to children and the expectations imposed upon them. This obsession unites every player in this dance of dragons, be they garbed in green or black. 

An old adage says whenever a Targaryen is born, the gods toss a coin and the world holds its breath. Westerosi history offers a less mystical explanation for the house's many catastrophes: the worst among them could have used a hug from time to time. There are the dark magics of Old Valyria to consider when discussing Targaryen inheritance—fire and blood, and all that. But the house's fissures and madness also stem from parental interest and ability, the duties some fulfill for their children and others deny—sometimes for the better, more often for the worse.

After last week's Rhaenyra-focused hour, the series' scope widens to Tumbleton. That's the prosperous and whimsically named market town where we find Prince Daeron (live-action Zelda star Benjamin Evan Ainsworth) under the supervision of Lord Ormund Hightower, who begins his desperate siege against Team Black after sending Daemon Targaryen to King's Landing with a counterfeit prince. His ruse will eventually bring the wrath of Westeros' new queen down on his and Tumbleton's heads, but first, there is a theme to explore. 

More interesting than Ormund's strategy (if you call holding a town near the capital with but one small dragon a strategy) is his strange paternal relationship with Daeron. Despite his faults, which present themselves in full this week, the prickly lord has long treated the boy well and raised him to be kind. Yet Ormund, who can read the writing on the wall (and the raven's message reporting that Aemond is missing and can't bring dragon support), uses his lifelong affection to mold the boy into a weapon. This episode charts his emotional pivot through the lessons he teaches his ward: When one of his men assaults Kat (wife of Ser Hugh), he explains that a lord must maintain a firm grip on their subjects and punishes the offending Hightower soldier accordingly. Later, he perverts this ruling by demonstrating precisely what “firm but fair” means in practice, and Daeron receives his education in how power justifies itself. 

Their relationship underscores this episode's abiding concern: What does good parenting look like in a brutal world? It might come down to distance and luck. Alicent tells Rhaenyra that sending her son to Oldtown as a baby was possibly her truest act of motherhood: “In truth, I'm glad I waged that battle [against Viserys], seeing now what came of our other sons.” Aegon and Aemond each proved incapable of ruling responsibly, governing either through impulse or cruelty. It's notable that Rhaenyra is looking at Helaena and her daughter Jaehaera as she listens to this; the image of a young woman caring for her little girl subtly shifts the episode's focus from sons to daughters. After all, we learn that Helaena is concealing a surprise pregnancy to protect not just her children but herself, so that she may one day raise them free from her family's insanity. Helaena has already lost Jaehaerys, but Jaehaera and her unborn child (Maelor at last?) might yet have a chance for happiness. (They'll need a lot of hair dye, I think.) 

Then there's Daemon and his daughter Rhaena in the Vale, who encounter each other in the desolate caverns where she's stashed herself away with all life's numerous disappointments and shames. Here, the dragonknight is confronted by the extent of his neglect: Rhaena is as wild as her Sheepstealer now, and as a dragonrider, she feels fate has given her the purpose her father never did. “Can you yourself say you ever gave me more than a passing thought?” she asks Daemon. She regrets Prince Jace's death and is willing to spend her days in a dragon's nest as penance. Daemon just has to promise his silence. He does as he's bidden, killing a sheepherder and bringing the scorched head to his queen. Therein lies a problem: Rhae wanted to look Jace's killer in the eyes as she delivered justice, her last act as his mother. Daemon has now taken that from her, in more ways than she realizes.

Not all of this week's parental gifts are meant to be torture. Corlys, still smarting from his rift with Rhaenyra, sends Alyn to serve in his place on the Small Council while he hunts down the surviving Triarchy. “There is great opportunity for you there. I can't give you legitimacy, but I can give you the chance to better yourself.” Later, Alyn and Rhae speak of their fathers. Alyn diplomatically observes that Corlys “feels thwarted” and that “a fight is what he needs.” Rhaenyra absorbs this as she looks at her own father's model of Old Valyria, that ominous place of prophecy and doom, and says, “fathers have a maddening capacity to at once inspire and incense… don't you think?” Alyn does. 

Corlys' heart is normally in the right place, but it's been scarred by years of betrayal, war, and death. This rift between him and his queen drives him to battle, as rifts so often do, yet he also gives his son a chance to grow, perhaps even beyond him. Ironically, for a show rife with terrible parents, Corlys, for all his faults and failures, remains one of its best. With some luck, Alyn's place at Rhaenyra's side will benefit his future, maybe even win him the legitimacy he so desires. In a place like King's Landing, that's about as close to love as politics allows. 

Stray observations


Recommended for You1Christopher Nolan says Odyssey whiners have nothing on rabid Batman fans2A lore-heavy Cape Fear makes both the heroes and villains dull3Bond casting director reassures distressed fans that 007 will always be a white boy4Netflix turns in a scattered CliffsNotes version of Little House On The Prairie5Letterboxd in danger of becoming Rotten Tomatoes


© 2026 Paste Media Group. All Rights Reserved","{'href': 'https://www.avclub.com', 'title': 'A.V. Club'}","entertainment"
"https://news.google.com/rss/search?q=site:entertainmentnow.com","‘Ted Lasso' Fan Favorite Makes His Real-Life Soccer Debut","https://entertainmentnow.com/what-to-watch-now/ted-lasso-cristo-fernandez-soccer-debut/","Mon, 13 Jul 2026 00:17:32 GMT","

Fans are pumped for the upcoming return of “Ted Lasso” this summer, but they won't have to wait if they want to catch one of the show's stars engaging in his latest project.

That star is Cristó Fernández, who plays AFC Richmond's endlessly enthusiastic and relentlessly cheerful Mexican forward Dani Rojas on the Apple TV hit.

Fernández's latest endeavor, however, is neither a TV show or film, but takes place on a soccer pitch. 

Earlier this year, Fernández signed with El Paso Locomotive FC, a second division team in the United Soccer League.

On July 11, reports Deadline, he made his pro soccer debut, playing his first game against New Mexico United. (Spoiler alert: El Paso lost 2-0.)

His character has become a fan favorite on the show, prone to declaring what's become his catchphrase: “Football is life.”

The character's philosophy is also part of the actor's real-life worldview. When Fernández hits the field with his “Ted Lasso” co-stars, he brings a level of authenticity from a lifetime playing soccer.

“Fútbol has always been a huge part of my life and identity, and no matter where life has taken me, the dream of competing professionally never truly left my heart,” he said in a statement at the time of his signing.

 “I'm incredibly grateful to El Paso Locomotive FC — the club, coaches, staff, and especially my teammates — for opening the doors and giving me the opportunity to compete from day one,” he added.

For Fernández, being signed to El Paso Locomotive represents the culmination of a long-held dream. 

“This journey back to professional fútbol soccer is about believing in yourself, taking risks, and continuing to chase your dreams no matter how unexpected the path may be,” his statement continued. 

“Because as we say in Mexico: hay que seguirle echando ganas (let's keep giving it our all),” he added. “Siempre agradecido con Dios, mi familia y amistades por creer en mí. Maybe I'm just a crazy man with crazy dreams… so being here with the ‘Locos' actually makes perfect sense. ¡Vamos Locos!”

According to Deadline, it's not clear whether or not Fernández will be seen in the upcoming season of “Ted Lasso.”

That, however, has nothing to do with his responsibilities to El Paso Locomotive FC, especially since production on “Ted Lasso” wrapped some time ago.

The reason for uncertainty over his continued participation actually stems from the new season's storyline, which sees the title character (played by Jason Sudeikis) returning to Britain from his home in Kansas in order to coach a women's soccer team. 

“Ted returns to Richmond, taking on his biggest challenge yet: coaching a second division women's football team,” reads the synopsis of the upcoming season. “Throughout the course of the season, Ted and the team learn to leap before they look, taking chances they never thought they would.”

The long-awaited fourth season of “Ted Lasso” premieres Wednesday, August 5 on Apple TV. 

New episodes will drop each subsequent Wednesday after that.


Like EntertainmentNow?



Go here and check the boxnext to EntertainmentNow


Comment

 Save my name, email, and website in this browser for the next time I comment.

 Notify me of follow-up comments by email.

 Notify me of new posts by email.

 





Δ

Previous

Next



About

Contact US

Privacy Policy

Privacy Rights

Terms Of Service

Editorial Guidelines

Sitemap

Copyright © 2026 Heavy, Inc. All rights reserved. Powered by WordPress VIP



","{'href': 'https://entertainmentnow.com', 'title': 'EntertainmentNow'}","entertainment"
"https://news.google.com/rss/search?q=site:pitchfork.com","The Rolling Stones: Foreign Tongues Album Review","https://pitchfork.com/reviews/albums/the-rolling-stones-foreign-tongues/","Mon, 13 Jul 2026 04:03:00 GMT","

0.0

0.0

Reader Score

No score yet, be the first to add.

0.0

Genre:

Rock

Label:

Polydor

Release Date:

2026

I'll leave it to others to provide Foreign Tongues with the traditional blessing that greets every new Rolling Stones album—“it's their best since Some Girls!”—but I will say it features their best cover art since Some Girls. Created by Chicago painter Nathaniel Mary Quinn, the image mashes up caricatures of Mick Jagger, Keith Richards, and Ron Wood into a glorious grotesquerie that channels the colorful glam-trash aesthetics of the band's late-'70s phase. In the process, it also takes every ageist insult that's been lobbed at the Stones over the years—they're too old, too wrinkly, too decrepit—and rubs it in our faces. Where they once shocked the tabloids with their wanton drug use and cross-dressing, the cover reminds us that the most provocative thing the Stones can do these days is simply continue to exist as octogenarians.

But as much as the art suggests a rebirth of the band's campy streak, it also reflects a mix-and-match approach to familiar Stonesy archetypes. Following 2023's Hackney Diamonds (their first album of originals in nearly two decades, and first since the 2021 death of drummer Charlie Watts), Foreign Tongues marks the band's second collaboration with Andrew Watt, the 35-year-old producer who's become the de facto hooksmaxxing guru for veteran rockers. As a producer with a foot in both the classic-rock and modern pop/rap worlds, Watt possesses both a fanboy's reverence for Stones history and a shrewd knowledge of the precision mechanics practiced in pro songwriters' rooms. The Stones may not be chasing the zeitgeist as flagrantly as they did in the late '70s and '80s, but, under Watt's thumb, they do sound ever more attuned to the science of contemporary pop music, where the verses, pre-choruses, and choruses kick in at perfectly timed intervals—i.e., songwriting as a neatly arranged procession of clippable moments.

No score yet, be the first to add.

0.0

And so you have a lot of instances on Foreign Tongues where the band's innate, let-it-loose swagger rubs up against this calculated craftiness to awkward effect. The “Parachute Woman”-goes-to-Vegas blues romp “Rough and Twisted” and the “Soul Survivor” riff-nicking strut “In the Stars” give way to smoothed-out choruses that a bit feel like a tuxedoed butler showing up to serve you a glass of Dom in the middle of a roadhouse brawl. The politically pointed yet disjointed “Covered in You” pits the bratty Jagger who breathlessly rapped his way through “Shattered” and “Dance (Pt. 1)” against the MOR Mick who made She's the Boss. And then there's the missed opportunity that is “Jealous Lover,” where Jagger's falsetto tries to tickle your “Emotional Rescue” pleasure points, but the song forsakes deviant disco for a stately soul ballad that—like Beck circa “Debra”—blurs the line between sincere homage and comedy sketch.

Foreign Tongues was built around leftover material from the Hackney Diamonds sessions, and the two albums are such mirror images of one another that they may as well have been released together, Use Your Illusion-style. Each come outfitted with a snotty rocker about inflicting violence on the noggin (“Bite My Head Off” vs. “Hit Me in the Head”), a mid-album country breather (“Dreamy Skies” vs. “Ringing Hollow”), a comforting, Keith-sung comedown track (“Tell Me Straight” vs. “Some of Us”), a blown-out gospel-ballad climax (“Sweet Sounds of Heaven” vs. “Back in Your Life”), and an album-closing return to the band's blues roots through a stripped-down cover designed to sound like it was recorded in the Beggars Banquet toilet stall (Muddy Waters' “Rolling Stone Blues” vs. Chuck Berry's “Beautiful Delilah”). The celeb-stacked guest lists also overlap, with Paul McCartney and Benmont Tench showing up for another go-round, though Hackney ringers Lady Gaga and Elton John were apparently traded for Bruno Mars and Robert Smith in a blockbuster off-season deal. And there's another posthumous appearance from Charlie to bridge the Stones' Watts and Watt eras.

But Foreign Tongues improves upon its predecessor by trading in Hackney's mannered, mid-tempo execution for a more robust rhythmic flair that shines a brighter spotlight on bassist Darryl Jones and drummer Steve Jordan, who steer “Never Wanna Lose You” toward the Stones' '80s dance-rock canon. And while the enduring strength of Jagger's voice has never been in doubt, he seems to be having more fun here and also using his position in the rock establishment to prod at power structures from within. The cheeky chant of “Mr Charm” provides a distant echo of the Goats Head Soup-era groupie sleazefest “Star Star,” only this time, it's Jagger playing the proverbial starfucker leeching off his paramour's riches while mocking the outer-space obsessions of the one percent, with “mad mogul Mr. Musk” catching strays.

Unlike so many latter-day Stones albums erroneously slapped with the “best since Some Girls” tag, Foreign Tongues invites legitimate comparisons to that record on purely musical grounds by giving equal airtime to the band's punky and funky sensibilities. Where the apocalypse-themed “Divine Intervention” steers a respectably “Respectable”-like garage racket toward a surprisingly urgent and emotional finale, the reverentially restless rendition of Amy Winehouse's “You Know I'm No Good” sounds like it was spun out from the harmonica-slathered groove of “Miss You.” It's an extremely rare instance of the Stones deigning to cover a song outside the traditional blues canon, and an even rarer case of Jagger gender-flipping a track originally written by a woman. But he clearly relishes the opportunity to put his stamp on the song both as a singer and a player, replacing the Dap-Kings' authoritative brass refrain with blasts of howling harmonica. (The song is also probably the closest he'll get to the self-demonizing introspection of “Sympathy for the Devil” in 2026.)

If the title of Hackney Diamonds called back to the Stones' London roots, Foreign Tongues feels more firmly planted in the USA, from the New York and Silverlake scenery of “Divine Intervention” to the Florida trailer-park fantasies of “Never Wanna Lose You.” The country, of course, has long been the Stones' most fertile source of musical inspiration, but, as we hear on Foreign Tongues, it's a long-term relationship that's hit the rocks. “Ringing Hollow” is fashioned as an old-timey honky-tonk heartbreaker, though in this case, Mick and Keith—singing in torn'n'frayed unison—are breaking up with America, dismayed by its authoritarian tilt, failed promises, and “scoundrels trying to whip the crowd.” On top of authentically conjuring that early-'70s moment when the Stones were hanging out with Gram Parsons and inventing alt-country, the song also recalls a time when Jagger-Richards was among the most perceptive songwriting tandems in rock. At their most primal and powerful, the Stones weren't simply selling American music back to Americans, they were holding a mirror up to the nation's violent, decadent soul. Foreign Tongues' cover revels in the Stones' ugliness; the album shows they can still force us to reckon with our own.

0.0

0.0

More From Pitchfork

Events

© 2026 Condé Nast. All rights reserved. Pitchfork may earn a portion of sales from products that are purchased through our site as part of our Affiliate Partnerships with retailers. The material on this site may not be reproduced, distributed, transmitted, cached or otherwise used, except with the prior written permission of Condé Nast. Ad Choices

CN Entertainment","{'href': 'https://pitchfork.com', 'title': 'Pitchfork'}","entertainment"
"https://news.google.com/rss/search?q=site:pitchfork.com","Jasper Dean: TOY COLLAGES Album Review","https://pitchfork.com/reviews/albums/jasper-dean-toy-collages/","Mon, 13 Jul 2026 04:00:00 GMT","

0.0

0.0

Reader Score

No score yet, be the first to add.

0.0

Genre:

Rock / Electronic

Label:

self-released

Release Date:

2026

Speaking from beyond the grave, Andy Warhol talks with Jasper Dean about the latter's love for Beat poets and Cameron Winter. True biographical statements emerge from the charming fictional exchange, part of the 22-year-old model-musician's self-published Communist Party Animal zine, as do heartwarming sentiments. That same blurring of artifice and sincerity informs their debut full-length, TOY COLLAGES. It marks a sharp departure from Dean's run of bedroom-pop singles and last year's subdued indie-pop EP, pivoting towards rowdy, absurd post-punk and electro-pop.

The Detroit-based musician's frenetic mishmash of sounds recalls Le Tigre's most vibrant, out-there sensibilities. Their music shares the overpowering fuzz and oversaturated production of indie-sleaze revival acts like The Dare, The Hellp, and Snow Strippers, but Dean is equally interested in parodying these aesthetics as in borrowing them. (On one track, seedy, need-to-fit-in, social-climbing, appearance-focused scene darlings are blown up into caricatures of French-speaking, sunglasses-donning, mystery-reveling posers.) But beneath TOY COLLAGES's cartoonish theatrics, synth arpeggios, and underwater vocal effects lies an anxious question: What happens when you perform so many versions of yourself that you lose track of what's underneath?

No score yet, be the first to add.

0.0

Despite a litany of sound effects—like Mario Kart-y trills and animal noises—and a clear more-is-more mentality, the LP is stacked with crisp production and unmuddled layers, flaunting Dean's technique as its sole writer and producer. On “MARGARITA SUMMER,” a bass-driven groove is abruptly hijacked by a spoken-word refrain, as though another character seized the control room microphone with a growl; after praying to “the Patron Saint of tequila,” Dean talk-yells a verse over exhausting guitar oscillations. Elsewhere, on “MAN VS MAN,” scattered, ambiently jazzy drumming offers a brief sonic reprieve, with Dean's hushed vocals settling into a deceptive calm. But it's not long before the brewing pressure gives way to thrashing repetitions and Cobain-y screeches, Dean crying “I am the morning rush/I am out of touch…/I am everything you want to be.” That volatility mirrors the album's overall mood and thematic POV; TOY COLLAGES feels like one big, bad trip, Dean careening through the existential delusions of those around them before turning toward their own.

Their satire is both self-deprecating and externally critical. In the first half of the album, Dean explores unstable characters—bearing some resemblance, perhaps, to their indie-sleaze peers—with both second-hand embarrassment and fascination. There's the oversharing, at-times exaggerating subject of “BEST BEST FRIEND” (who's “Telling tall tall tales, big big talking” to appear cool) and the literal party animal protagonist of “TELEMONKEY” (“Mr. Hot Shot, talk a lot, catch it on camera”)—characters who seemingly live only to be seen by others. The rabid, never-quitting tempos add to the spectacle. Darker, inward delusions of loss, claustrophobia, and isolation begin to surface on “CHERRY” (“Playing around with the fork in the outlet,” they sing, “Four by four white walls in my closet enclosure”). Tucked in the record's second half, “SUN” dives further into the search for belonging, with lyrics turning toward a more individual sense of social displacement. On “CAPTAIN WHAT JUST HAPPENED,” the narrator yearns for guidance before realizing that—perhaps unfortunately—there's no one else around to steer the ship. In its bridge, fuzzy riffs crash like repeated presses of a panic button, reflecting the shaky sense of self depicted in the lyrics.

On closing track “WE ARE TOTALLY DOOMED,” Dean zooms out from questions of individual identity to consider the ills of a society that fosters constant reinvention: “It's a lie, a setup,” they sing, “3D scanned regrets that walk by the set and/Try to make the most of a lie.” On TOY COLLAGES, they're trying on personas, finding everyone around them doing the same, and realizing contemporary life demands perpetual rebranding. Against a bright and playful musical palette—listening is not unlike watching a circus clown on LSD—Dean's lyrics reveal earnest introspection about the not-so-funny fact that lately, it feels as if all the world's become a stage, and we've been left with no choice but to build a character and play the part.

0.0

0.0

More From Pitchfork

Events

© 2026 Condé Nast. All rights reserved. Pitchfork may earn a portion of sales from products that are purchased through our site as part of our Affiliate Partnerships with retailers. The material on this site may not be reproduced, distributed, transmitted, cached or otherwise used, except with the prior written permission of Condé Nast. Ad Choices

CN Entertainment","{'href': 'https://pitchfork.com', 'title': 'Pitchfork'}","entertainment"
"https://news.google.com/rss/search?q=site:pitchfork.com","Akusmi: Terra Incognita Album Review","https://pitchfork.com/reviews/albums/akusmi-terra-incognita/","Mon, 13 Jul 2026 04:01:00 GMT","

0.0

0.0

Reader Score

No score yet, be the first to add.

0.0

Genre:

Experimental

Label:

Tonal Union

Release Date:

2026

In the lush opening moments of Terra Incognita, composer Pascal Bideau's new album as Akusmi, it's as though he were swinging a giant magnet, drawing in every sound that fascinates him. Low piano notes gather tentatively; sostenuto woodwinds hover just above ground level; a rainstick adds contour and shading. As the piano arches into a sparkling glissando, a harp follows suit, carving out space for a light, airy synthesizer drone to materialize. The elements all curl around each other into a blissful tangle; listening feels like tracing a stream widening as it cuts into a mountainside. As the nearly 11-minute track floats along, it slowly coalesces, its ambient haze glomming on to a gentle but steady rhythm that emerges halfway through. The touchstones are plentiful—Harmonia's cyclical drift, Alice Coltrane's stargazing elegies, gamelan's hypnotic shimmer—but the song is strange and unpredictable. More than just a record collector's skillful collage, it's the thesis statement for Bideau's utopian musical vision.

Over the next 38 minutes, the London-based Bideau and his ensemble, which includes tabla maestro Sarathy Korwar, Senegalese multi-instrumentalist Dudú Kouate, harpist Marysia Osu, and composer Daniel Brandt, put forth a groove-focused, genre-agnostic collection, drawing inspiration from any and everywhere. Bideau's debut, 2022's Fleeting Future, hinted at the explorations of Terra Incognita, its complex electroacoustic grids opening into ever-expanding crescendos. The liner notes cited Jon Hassell's term “Fourth World” to describe that record, and it's tempting to invoke it again here. But this time, instead of manipulating known instruments into the alien textures of some imagined, faraway continent, Bideau sets the action right in front of us, in a borderless Pangaea where sounds and ideas from all over connect into something recognizable but wholly new.

No score yet, be the first to add.

0.0

Jazz is the most identifiable launchpad here, as Bideau, who plays saxophone on every cut, frequently channels the expansiveness Gary Bartz and Wayne Shorter brought to McCoy Tyner's Extensions. His serpentine phrasing on “Club Subterranea” squiggles atop the angular bed of synths, balafon, and metronomic hi-hats that he and Mattias Mimoun lay down, destabilizing the pulse like gusts of wind through tall grass. Later, on “Drongo's Flute,” his sax leads through a thicket of flutes and harp, slicing a path for Kouate and Korwar's polyrhythmic percussion. As the track builds into a towering matrix, Bideau's sax joins the ranks, becoming just another shape in its thousand-piece puzzle.

Other pieces are more indebted to various forms of trance music found around the globe. “Rain Dance” fuses the circular repetition of Moroccan gnawa with Berlin School synthesis into a swirling, earthen kosmische that is equally overwhelming and mesmerizing. The squirming saxophones on “Pleine Lune” threaten to burst apart and splatter across the stereo field, but Kouate's timekeeping cymbals keep everything sufficiently locked together, creating an inviting, captivating push-pull. As the mille-feuille of Kouate's vocals surfaces near the end of the closer “Dawning Dusk,” its beatific churn becomes that much more ecstatic, replicating the joy and power of singing in a group.

These are the kinds of grooves you want to live inside; each song seems as though it should last an hour or more. On Fleeting Future, Bideau's compositions built upon themselves like skyscrapers, as he and his collaborators added infinite layers of instrumentation that seemed designed to elicit an epic emotional response. Terra Incognita moves more laterally, each track folding in on itself as the players discover and document all its hidden strata. That's the magic of this record: Though Bideau conjures most of the sounds himself (on “Dawning Dusk,” his most minimal performance, he's credited with five instruments), none of these songs would achieve their body-moving, mind-expanding highs without the other musicians. We are all one living mass, he seems to say, and we can find transcendence when our frequencies vibrate together.

0.0

0.0

More From Pitchfork

Events

© 2026 Condé Nast. All rights reserved. Pitchfork may earn a portion of sales from products that are purchased through our site as part of our Affiliate Partnerships with retailers. The material on this site may not be reproduced, distributed, transmitted, cached or otherwise used, except with the prior written permission of Condé Nast. Ad Choices

CN Entertainment","{'href': 'https://pitchfork.com', 'title': 'Pitchfork'}","entertainment"
"https://news.google.com/rss/search?q=site:pitchfork.com","Twisted Teens: Florida Water Blues Album Review","https://pitchfork.com/reviews/albums/twisted-teens-florida-water-blues/","Mon, 13 Jul 2026 04:02:00 GMT","

0.0

0.0

Reader Score

No score yet, be the first to add.

0.0

Genre:

Rock

Label:

Going Underground

Release Date:

2026

When Twisted Teens broke through with their second album, Blame the Clown, only five months ago, the New Orleans duo's southern-fried mix of garage rock, early punk, rockabilly, and country screamed both “First thought is absolutely best thought” and “Wait until I show you what else I can do.” But if their last album presented the band at their most gleeful and cocky, ready to call the world as they saw it, then Florida Water Blues takes place the morning after: a touch more vulnerable now that the liquid courage has subsided and the hangover is setting in. Blame the Clown may be where the makeup was first put on, but Florida Water Blues is where the tears start to show.

That's not to say that Twisted Teens have suddenly upended their approach. On the surface, there's very little that separates Florida Water Blues from Blame the Clown, which isn't a bad thing at all. The band still churns out perfectly bite-sized garage rock nuggets that could compete with Jay Reatard at his heyday, with the likes of “Top of the World Hwy No. 2” and opener “Why Did You Miss It?” destined to become singalongs at their live shows. Caspian Hollywell still sings like he's trying to exorcise his gnarled vocal chords even further, attempting to dislodge the decades of cigarette smoke and whiskey shots that have stained his throat. The riffs he churns out are still rough and fuzzy and hit like a baseball bat, serving as the foundation of every song; RJ Santos' steel guitar playing is the constantly hovering staccato accent, a piercing counterpoint or sharp accompaniment to the bluntness at play. The drum machine seems to have been boosted to honorary third member, or at least Hollywell and Santos are having more fun programming it. Cranking its volume into the red as heavily as its living cohorts, they let it burst in to restart their songs, its rickety and lopsided beats creating a spontaneity that breaks up their well-honed formula.

No score yet, be the first to add.

0.0

A melancholy has seeped into the band's songwriting, and this is what gives Florida Water Blues its color. Twisted Teens' lyrics reflect a hard-fought, blue collar existence, but tracks like Blame the Clown's “Not Real” balanced their tough lessons with dogged perseverance (and a chorus you could drunkenly yell along to). On Florida Water Blues, every character seems to be just scraping by. The stripper in “Dancer” is miserable about her clientele, her job, and the inability to escape. The band may love their Louisiana home, but on “Swamp,” it's still “in the crotch of America” and “smells like ket and two-piece chicken.” And no matter how raucous “Hand Me a Cigarette” may get, the quiet defeat at its core is obvious from the moment its fingerpicked intro starts. The band has pushed their country influences a little closer to the front this time: Santos frequently deploys wilting slide moves that would break a cowboy's heart, and Hollywell is a little more willing to let his guitar talk without distortion.

The album ends with “Sun Go Down,” a true-blue country ballad. Discarding all their hallmarks and stripping down to just guitar and vocals, the band reveals an alternate path they could pursue: earnest, lonesome troubadours. With yet another album due later this year that's apparently influenced by Blood on the Tracks, there's a chance this might end up happening. For now though, Twisted Teens seem content to continue as gutter-punk rabble rousers, even if Florida Drinking Water reveals some unexpected depth in their mythmaking.

0.0

0.0

More From Pitchfork

Events

© 2026 Condé Nast. All rights reserved. Pitchfork may earn a portion of sales from products that are purchased through our site as part of our Affiliate Partnerships with retailers. The material on this site may not be reproduced, distributed, transmitted, cached or otherwise used, except with the prior written permission of Condé Nast. Ad Choices

CN Entertainment","{'href': 'https://pitchfork.com', 'title': 'Pitchfork'}","entertainment"
"https://news.google.com/rss/search?q=uap","History Is Not Made by Those Who Begin, But by Those Who Persevere","https://avi-loeb.medium.com/history-is-not-made-by-those-who-begin-but-by-those-who-persevere-125d05c08840","Mon, 13 Jul 2026 02:12:58 GMT","

Sign up

Sign in

Sign up

Sign in

--

Listen

Share

Unidentified Anomalous Phenomena (UAP) have a long history, full of misinformation, wishful thinking and crackpot ferry-tales. Many of the reported UAP are unrecognized human-made objects (such as balloons, drones or fragments of broken satellites), optical artifacts (such as diffraction patterns in camera images) or natural phenomena (such as meteors or cosmic-ray imprints).

But the latest data in recent years from the most advanced U.S. government sensors separates the wheat from the chaff. Most recently, the Office of the Director of National Intelligence (ODNI) and the All-Domain Anomaly Resolution Office (AARO) in the Pentagon report about orbs which behave outside the performance envelope of human made technologies (https://www.war.gov/ufo/).

A couple of weeks ago, I received the following invitation:

“Dear Professor Loeb,

I hope this message finds you well.

My name is Alessandro Alcibiade, and I am an Italian Navy Medical Officer, a consultant neuropsychiatrist, and a Flight Surgeon serving both the Italian Navy and the European Space Agency (ESA).

I have been following your work with great interest for many years. I first became fascinated by your research when you presented your groundbreaking hypothesis regarding the interstellar object ʻOumuamua. Since then, I have greatly admired your willingness to challenge conventional thinking through rigorous scientific inquiry and your commitment to exploring some of the most profound questions concerning our place in the universe.

I am writing because I will soon be in the United States aboard the Italian Navy's training ship Amerigo Vespucci, where I will lead an important biomedical research campaign in collaboration with the Italian Space Agency (ASI), the Italian Institute of Technology (IIT), and the European Space Agency. The project investigates human adaptation to prolonged operational stress and isolation as an analogue for future long-duration spaceflight missions. An overview of the initiative is available here: Italy Turns to Tall Ship to Simulate Stresses of Long-Duration Spaceflight.

The Amerigo Vespucci will be in Boston from 11 to 14 July, and I was wondering if you might have time to meet during our stay. It would be a genuine privilege to discuss your research and exchange ideas on topics at the intersection of space exploration, human performance, and the future of scientific discovery.

Should your schedule allow, it would also be my honor to welcome you aboard the Amerigo Vespucci for lunch or dinner as my guest. The vessel is considered a symbol of the Italian Navy and is often described as one of the most beautiful sailing ships in the world, so it would be a particular pleasure to host you during her visit to Boston.

I fully appreciate the demands on your time, so please do not hesitate to decline if your schedule does not permit. Regardless, I would like to thank you for the inspiration your work has provided over the years.

I wish you continued success in your research, and I hope we may have the opportunity to meet.

With my highest regards,

Alessandro Alcibiade, M.D. Commander, Italian Navy Medical Corps Consultant Neuropsychiatrist Flight Surgeon — Italian Navy & European Space Agency (ESA)”

As it turns out, the Italian Space Agency partnered with the Italian Navy in an initiative to figure out how the human body responds to stresses of long-duration space flights. The latest study began on April 27, 2026 with a group of students from the Livorno Naval Academy aboard the training vessel of Amerigo Vespucci. The study will take 107 days at sea, aimed at providing a better understanding of the human body's responses to prolonged operational conditions, disruptions to circadian rhythms, and complex mission environments, factors identified by NASA as key for securing the health of astronauts.

If we ever discover interstellar travelers riding on light sails or Unidentified Anomalous Phenomena (UAP) near Earth, we should greet them with a warm welcome because their trip across thousands of light years must have been stressful.

I gladly accepted Ale's invitation. Amerigo Vespucci, a tall ship first launched in 1931, is the oldest vessel still in operation by the Italian Navy. As I arrived near Amerigo Vespucci, I saw Ale who warmly greeted me and my wife and showed us the ship before dinner.

Ale told me that he has been following my writings for years and is particularly excited about the new UAP Science Advisory Council (https://uapsac.com/) for the U.S government under my leadership. He believes that humanity has been visited throughout its history and only now we are becoming aware of this fact. Hence, the answer to the question of the Italian physicist, Enrico Fermi: “Where is everybody?” might be “Right here.”

Speaking about Italians, I noted that Giordano Bruno was correct in asserting that stars are like the Sun and they host habitable planets like the Earth. Subsequently, the Italian pioneer of evidence-based science, Galileo Galilei, concluded that the Earth is not at the center of the Universe. Today, we have the opportunity to discover that we are not at the top of the cosmic food chain by finding technological artifacts that were not made by humans in the form of UAP.

After suggesting that, I was not burned on the stake like Giordano Bruno, nor placed in a house arrest like Galileo Galilei, nor had my car been crashed against a moving train like the main character in Spielberg's new movie, Disclosure Day. Instead, I was invited by the U.S. government to help it figure out the nature of UAP. Humanity makes progress in the way it treats heretics.

At the end of the evening, Ale gave me the official seal of the ship with the Italian motto: “NON CHI COMINCIA MA QUEL CHE PERSEVERA”, which loosely translates to: “Not he who begins, but he who perseveres”. There is no better guidance to how scientists will eventually figure out the nature of UAP.

Here's hoping that the UAP Science Advisory Council will persevere.

ABOUT THE AUTHOR

Avi Loeb is chair of the UAP Science Advisory Council to the White House, Pentagon, FBI and intelligence agencies, director of the Galileo Project, founding director of Harvard University's — Black Hole Initiative, former director of the Institute for Theory and Computation at the Harvard-Smithsonian Center for Astrophysics, and the former chair of the astronomy department at Harvard University (2011–2020). He is a former member of the President's Council of Advisors on Science and Technology and a former chair of the Board on Physics and Astronomy of the National Academies. He is the bestselling author of “Extraterrestrial: The First Sign of Intelligent Life Beyond Earth” and a co-author of the textbook “Life in the Cosmos”, both published in 2021. The paperback edition of his new book, titled “Interstellar”, was published in August 2024.

Professional website:

https://lweb.cfa.harvard.edu/~loeb/

Social media:

https://avi-loeb.medium.com/https://www.youtube.com/@ProfessorAviLoeb

https://open.spotify.com/show/1zhndXkvSY2b8FdjspFpCdhttps://x.com/ProfAviLoeb

--

--

Avi Loeb is the Baird Professor of Science at Harvard U. and a bestselling author. Check out his YouTube Channel at: https://www.youtube.com/@ProfessorAviLoeb

Help

Status

About

Careers

Press

Blog

Store

Privacy

Rules

Terms

Text to speech","{'href': 'https://avi-loeb.medium.com', 'title': 'Avi Loeb – Medium'}","other"
"https://news.google.com/rss/search?q=Supernatural","The real monster in ‘Leviticus' isn't supernatural","https://mb.com.ph/2026/07/13/the-real-monster-in-leviticus-isnt-supernatural","Mon, 13 Jul 2026 00:52:30 GMT","

Manila Loading... 

Loading...

Loading...

Press Escape to quit searching

Adrian Chiarella's debut feature blends queer romance and supernatural horror to reveal that fear and intolerance are far more terrifying than any creature lurking in the dark

{{ item.subtitle }}

Sign up by email to receive news.

    © 2025 Manila Bulletin The Nation's Leading Newspaper. All Rights Reserved.","{'href': 'https://mb.com.ph', 'title': 'Manila Bulletin'}","other"
"https://news.google.com/rss/search?q=Psychic","How I embraced my spiritual side on a Psychic Sisters retreat in the Caribbean","https://www.womenshealthmag.com/uk/travel/a71909704/stolen-time-resort-st-lucia-with-psychic-sisters/","Mon, 13 Jul 2026 08:12:32 GMT","

Tarot, crystals and learning to trust your intuition  at StolenTime resort in St Lucia 

Soft, ethereal music is playing in the background, and I'm sat in a circle with four other women I had only met the day before. I slowly open my eyes and realise tears have been casually streaming down my cheeks. Not quite what I had in mind when I set off for a few days on the beautiful Caribbean island of St. Lucia. But this is no ordinary trip.

The group are all here with one thing in common: to tap into our own intuition and disconnect from the stresses of everyday life. And that's the premise behind the Spiritual Awakening Retreat at StolenTime, in partnership with the UK's Psychic Sisters. It's designed as part beach break, part spiritual deep dive - and I hope to leave with more than just a tan.

The sister property to the OG wellness resort, BodyHoliday, StolenTime - an adults-only, all-inclusive resort set along the island's northwest coast - takes a more relaxed pace than its counterpart. Although there are plenty of high-adrenaline water sports on offer if that takes your fancy (inflatable donut ride, anyone?).

But StolenTime really encourages guests to switch off and immerse themselves in the calmness of the island. There's a no-TV policy in the rooms - I even found myself switching off from the Wi-Fi too, something I would struggle with at home.

The main event, though, is the four-day retreat led by Jayne Wallace – infamous clairvoyant whose client list includes A-listers (yes, including Kim Kardashian). She's not remotely what you might expect: less mysterious Mystic Meg, more straight-talking East Londoner.

As a group, each day we're encouraged to open ourselves up to the Psychic Sisters' signature spiritual practices and a transformative journey of self-discovery. Sounds deep, but as the certified ‘witchy' one in my friendship group, I'm excited to learn more.

Across the four days, Jayne leads us through a curated series of workshops, starting gently with a guided meditation to open our chakras (and the aforementioned tears), helping us to develop and trust our intuition.

We then move on to aura drawings - something I knew absolutely nothing about. Paired up, we're encouraged to look beyond our partners and see which colours we can sense surrounding them. I'm sceptical, but then, surprisingly, intuition takes over. I begin to see colours appearing and enveloping the shape of my partner. We learn what each colour represents: my partner's energy field shows lots of green (healing energy) and yellow hues (abundance).

I can also now add psychometry - the art of reading objects - to my list of skills. We analyse tropical flowers and somehow link their colours and shapes back to our personalities. And of course, crystals - lots of crystals. Again, we're encouraged to let intuition guide us as we interpret colours, shapes and textures for our partners. Surprisingly, again I find this comes quite easily, and some of the insights I share resonate. Maybe I'm better at this than I think.

This is the part I'm most excited for. I've had my cards read before, but learning how to use my own intuition to read them myself is fascinating. Jayne explains that everyone has this ability, and with practice, we can hone in on our gut instincts.



We're encouraged to shuffle our cards and lay nine on the table, picking apart symbols and patterns to build a narrative from what intuitively comes to mind. Once again, it surprisingly comes naturally to me (a theme on this trip) and I start to wonder if maybe Jayne is right. After the group reads for each other, some of the staff want to get in on the act too. Practising on each other is one thing; doing it for unsuspecting hotel staff while Wallace casually drops eerily accurate insights is another and we're all in awe of her talents. 

What makes the retreat work isn't just the structured sessions - it's the whole package StolenTime has to offer. The pace is slow in the best possible way, and between workshops you're free to experience as much or as little as you'd like. 



Even if you don't fully buy into the spiritual framework, there's something powerful about being forced to stop, reflect without your phone buzzing every five seconds.

Did I become psychic? Short answer, not exactly. However, this unique experience leaves me with a strong sense of clarity and confidence in my own intuition. I love stepping out of my usual routine and pushing myself beyond my comfort zone. In a world where algorithms tell us what to watch, buy and think, there's something refreshing about being encouraged to trust your own gut instead. And yes, I did come home with crystals - and my own tarot deck.

The next StolenTime retreat with Psychic Sisters is scheduled for 10-12 November 2026, more information  here. Rooms at StolenTime from £436pn (single occupancy) BOOK NOW. Stays are all-inclusive, covering a wide range of fitness activities, food and drink, personal instruction for group sports and exercise classes, motorised and non-motorised water sports, and nightly entertainment.

 

I saw the other side of Sicily - and it's as enchanting as Palermo

The Turkish boutique resort perfect for a babymoon

A Spanish villa ideal for group getaways 

Wharf Wellbeing: Canary Wharf's holistic festival 

How I finally stopped self-sabotaging

Art immersion at Finolhu in the Maldives 

The best place to ocean paddleboard in Ibiza

De Vere Tortworth Court review

Best big group houses for a UK staycation 2026

This secluded Irish hideaway is perfect for a slower-paced cabin break 

Inside Monaco's most glamorous new spa escape

Atzaro's revamped spa is the best in Ibiza  

Women's Health, Part of the Hearst UK Wellbeing Network

We earn a commission for products purchased through some links in this article.

©2026 Hearst UK is the trading name of the National Magazine Company Ltd, 30 Panton Street, Leicester Square, London, SW1Y 4AJ. Registered in England 112955. All rights reserved.","{'href': 'https://www.womenshealthmag.com', 'title': ""Women's Health""}","other"
"https://news.google.com/rss/search?q=Conspiracy+Theories","Why the Charlie Kirk Conspiracy Theories Will Never Die","https://www.thefp.com/p/charlie-kirk-conspiracy-theories-never-die","Mon, 13 Jul 2026 00:15:57 GMT","

This week, the preliminary hearing finally began in the case that sent shock waves around the world: the assassination of Charlie Kirk on September 10, 2025.

The proceedings, which began Monday in Utah and are expected to conclude on Friday, have surfaced overwhelming evidence against accused killer Tyler Robinson. For example: He confessed the crime by text to his transgender roommate Lance Twiggs (“you werent the one who did it right???” “I am, I'm sorry.”); his own parents recognized him from released images, and said that the rifle he used matched that of his grandfather; Robinson's DNA was found on the rifle's trigger, a spent cartridge casing, two unspent cartridges, and the towel used to wrap the rifle; surveillance footage showed Robinson jumping down from the rooftop where the fatal shot appeared to be taken; and bullet cartridges recovered at the scene featured engravings (“Hey fascist! Catch!” and “OwO what's this?”) made with a tool found in Robinson's bedroom, alongside a shell casing engraved “test shot.”

This is not an exhaustive list.

You might assume, given all this, that the vicious conspiracy theories sparked by Kirk's assassination, which have infected our society ever since, would have faded.

You would be wrong.

No posts","{'href': 'https://www.thefp.com', 'title': 'The Free Press'}","other"
"https://news.google.com/rss/search?q=Conspiracy+Theories","Mitch McConnell resurfaces, sparking ludicrous conspiracy theories and AI-generated fakes","https://dankennedy.net/2026/07/12/mitch-mcconnell-resurfaces-sparking-ludicrouse-conspiracy-theories-and-ai-generated-fakes/","Mon, 13 Jul 2026 00:23:00 GMT","

Media Nation

By Dan Kennedy • Tracking the future of local news and other passions since 2005

Earlier today,  Republican Sen. Mitch McConnell's office put out a photo and a statement saying that he's sick, not dead or comatose. The conspiracy theories started immediately. I'll begin with a straight-news post on Bluesky from Phil Lewis, an editor at HuffPost:



Social media users started questioning when the newspaper he's holding had been published. I've seen suggestions that it's from April. Well, no. In fact, it's the front page today's Washington Post sports section. (And minor props to McConnell for grabbing the sports pages.)



Even more ridiculous: You can see in the top photo that McConnell has the requisite four fingers and a thumb on his left hand. Almost immediately, though, an image started circulating showing McConnell with five fingers, thus “proving” that the photo is an AI fake. If you hadn't seen the original, you might even believe it. mfa08 is an anonymous Bluesky account with 1,000 followers.



Think before you post.

 

Subscribe to get the latest posts sent to your email.



								Type your email…							
 









 
								Subscribe							


Please support this free source of news and commentary by becoming a supporter of Media Nation. The cost is $6 a month, and supporters receive a weekly newsletter with a round-up of the week's posts and other goodies. Just click here to sign up via Patreon.

Follow Ellen Clegg and me at What Works, our website and podcast about the future of local news. Our book, “What Works in Community News,” was published by Beacon Press in January 2024 and has been featured in The New York Times, the Local News Initiative and The Boston Globe.


Media Nation is published under a Creative Commons Attribution- Noncommercial- Share Alike 4.0 United States License. Some rights reserved. You must attribute this work to Media Nation (with link). For more information, please contact Dan Kennedy at dan dot kennedy at northeastern dot edu.

“Kennedy is a controversial figure in the media industry.”
— Google Bard, 3/22/2023

“A former media critic for the Boston Phoenix, Dan Kennedy continues to write incisively about the print and digital universe at his blog, Media Nation.”
— New York Observer, 5/15/2015

“Dan Kennedy … exercises the blogger's imperative to bloviate beyond his expertise.”
— Boston Globe, 11/30/2008

Enter your email address to subscribe to Media Nation and receive new posts for free.



							Email Address						








 
							Subscribe						
","{'href': 'https://dankennedy.net', 'title': 'Media Nation'}","other"
"https://news.google.com/rss/search?q=site:foreignaffairs.com","America and Iran's Strange Moment of Opportunity","https://www.foreignaffairs.com/united-states/america-and-irans-strange-moment-opportunity","Mon, 13 Jul 2026 05:59:52 GMT","

Since its founding in 1922, Foreign Affairs has been the leading forum for serious discussion of American foreign policy and global affairs. The magazine has featured contributions from many leading international affairs experts.

ALI VAEZ is the Iran Project Director at the International Crisis Group.

 How a Deadlocked Conflict Can Pave the Way for Peace

 Ali Vaez

The U.S.-Iranian relationship is worse than ever before. Over the last four months, the American and Israeli militaries have waged full-scale war against the Islamic Republic, including by assassinating much of its political and military leadership. Iran has retaliated by attacking U.S. military bases, infrastructure in Gulf Arab states, and Israel. The two sides struck a cease-fire deal in early April, and in June they signed a memorandum of understanding designed to end the conflict. But those deals have, so far, failed; Iran and the United States have continued to exchange fire. They remain far apart on core disputes, including those related to Iran's nuclear program, the Strait of Hormuz, and sanctions relief. As a result, many analysts are skeptical that the parties can eventually achieve a permanent deal.

The increasingly sharp hostilities since the memorandum came into effect demonstrate that this skepticism is well-founded. Rather than marking a new chapter in U.S.-Iran relations, the two sides remain mired in the old. They are trading accusations that the other is operating bad faith and claiming that each is breaching the agreement they reached in April. They are engaging in a fitful dialogue largely conducted through third parties, rather than speaking directly. And their continued use of military force proves that they are willing to up the ante. There were more than 300 U.S. strikes against Iran in recent days. Tehran has retaliated against at least five regional states, as well as multiple ships transiting the Strait of Hormuz.

Yet paradoxically, the war may have created a moment of opportunity for Iran and the United States to repair their broken relationship. That is because the conflict has descended into a mutually unsatisfying stalemate. Washington is clearly unable to topple the Islamic Republic, to compel it to give up its nuclear program, to make it stop supporting its regional allies, or to get it to give up control over the Strait of Hormuz. Tehran is unable to force the United States to vacate its backyard or to abandon its use of coercive economic and military tools. The war, in other words, has made it plainly apparent that neither government can deliver a knockout blow to the other at an acceptable cost—and that unmanaged hostility has become too costly and perilous.

In both capitals, many officials are starting to realize this fact, even as the fighting continues. As a result, some decision-makers in each have started looking for ways to coexist. For the first time in nearly a decade, senior American and Iranian officials have met directly as part of negotiations. They are discussing meaningful compromises. And the two sides may agree to set up a hotline that would connect their militaries, designed to help manage conflict before it spirals. If they make good on this tentative pledge, it will be the first such U.S.-Iranian channel since revolutionaries stormed the American embassy in Tehran, in 1979.

These efforts might well fail. The memorandum, after all, is on the verge of collapse. Each country is home to formidable forces that oppose diplomacy and prefer confrontation. There will certainly be limits to just how much these two nemeses can achieve via engagement. But both sides may eventually arrive, through sheer exhaustion, at the same reluctant conclusion: the old playbook has failed. Change will still be difficult, but it is imaginable.

The 2015 Joint Comprehensive Plan of Action was the last serious attempt to stabilize and reset U.S.-Iranian relations. Formally, it was a narrow deal. Iran pledged to restrict its nuclear program and accept increased international inspections. In exchange, the United States offered limited sanctions relief. But politically, the JCPOA was a larger wager. If the status of Iran's nuclear program could be solved, officials thought, perhaps Tehran and Washington could address other issues, such as Iran's support for regional militias like Hezbollah in Lebanon and the Houthis in Yemen. Eventually, the two sides might even be able to establish a normal diplomatic relationship.

But this proposition was never properly tested. By the time the JCPOA was implemented, in January 2016, negotiators on both sides had reached their limits. Almost immediately after the deal went into force, it came under intense domestic pressure in both countries. In the United States, Republicans roundly rejected it, as did some Democrats, for being too accommodating toward Iran. In Tehran, President Hassan Rouhani and Foreign Minister Mohammad Javad Zarif had to defend the agreement against critics who saw compromise with the United States as at best deeply naïve and at worst outright treasonous. Neither group had the diplomatic stamina or the political space to address other points of tension in the bilateral relationship. And when President Donald Trump won office in late 2016, any remaining opportunity vanished. Trump had derided the JCPOA as the “worst deal ever negotiated,” and in 2018, he pulled out of the agreement. He promised that he would force Iran to change through a campaign of “maximum pressure.”

But ultimately the deal's demise helped neither side. In Washington, advocates of maximum pressure may have believed that more sanctions and more isolation would force the Islamic Republic to accept a better deal, or perhaps to break under the strain. Instead, the regime endured, it expanded its nuclear program, became more repressing at home and more aggressive in the region. Rouhani was replaced by the belligerent Ebrahim Raisi, who empowered many of the factions that had denounced the JCPOA. But Iranian hard-liners were not successful, either. The country suffered enormous economic harm from U.S. restrictions, fueling waves of destabilizing protests. And after Hamas's October 2023 attack on Israel, the Israeli and U.S. military responses dramatically weakened Iran's regional partners.

Still, neither Tehran nor Washington shifted its posture. In fact, both became more aggressive—culminating in the war that started in February. But the resulting deadlock may come to alter assumptions in both capitals. At least some U.S. officials seem to understand that Washington has failed to effect change despite trying nearly every coercive instrument in the book. The Islamic Republic, for its part, may have survived the war, but if it does not recover and thrive, it may not survive the peace. The conflict has left its military battered and its already struggling economy in even worse shape. Public discontent remains substantial.

Washington has made peace with its adversaries before. It tried to isolate China for 20 years after the Communist Party took control of the country. But in the early 1970s, after the United States lost indirect wars to China in Korea and Vietnam, some U.S. officials recognized that estrangement would not undo the Chinese revolution and that U.S. interests were better served by exploiting the geopolitical forces tearing Beijing from the Soviet Union. Washington thus began the slow process of normalizing relations with China. As it did so, the United States never gave up on its support for Taiwan. Instead, it bracketed questions of the island's sovereignty so that Beijing and Washington could find space to cooperate on areas of mutual concern. The ultimate lesson was not that hostility had vanished but that diplomacy could begin before fundamental disputes were settled.

Vietnam provides an even more dramatic case. The United States spent years trying to prevent a communist victory in the country, including fighting a devastating war that killed tens of thousands of Vietnamese civilians and soldiers. It lost, and then spent years trying to isolate Hanoi. By the mid-1990s, however, Washington concluded that normalization could serve American interests better than permanent estrangement, as it would expand trade, promote regional stability, and give the United States greater influence in Southeast Asia. The two countries thus began a phased process of normalization: Washington eased Vietnam's international economic isolation, lifted its trade embargo, and signed a consular agreement. In 1995, the United States and Vietnam restored diplomatic relations and opened embassies. This process never entailed forgetting the war, much less reaching a shared understanding of it. But the governments set up mechanisms to address its most painful legacies, including a joint effort to find out what happened to missing Americans through archival access, field investigations, and excavations. This process helped lay the groundwork for Vietnam to become an important U.S. partner in the 2010s and 2020s, as Washington moved some American supply chains out of China.

Not every U.S. effort at reproachment has ended well. In 2014, President Barack Obama normalized relations with Cuba, arguing that decades of isolation had failed to advance U.S. interests or democratize the island. But Obama's actions rested heavily on executive action, lacked deep bipartisan support, and faced entrenched, intense opposition (including from the Cuban diaspora)—much like his nuclear deal with Iran. As a result, it, too, was promptly undone by Trump.

But the White House's current efforts with Iran do not need to mimic Obama's efforts with Cuba or the Islamic Republic. This process begins from a different place: a war that both sides have just endured. It has much in common with U.S. efforts to restore ties with Beijing and Hanoi. Tehran is more entangled in active regional conflicts than any of those governments were at the moment of their respective openings, and its nuclear program remains a source of great tension. Yet Iran and the United States might both be starting to realize that they cannot resolve those issues through coercion. Diplomacy with adversaries rarely begins with moral clarity. It begins when the costs of illusion exceed the discomfort of reality.

None of this means that a grand bargain is on offer. It is not. In fact, the immediate task is simply to make sure the memorandum of understanding does not fall apart thanks to a thousand, increasingly deep cuts. The Strait of Hormuz must remain open, follow-on negotiations must be taken seriously and last longer than a casual Sunday brunch. The deconfliction channel between the Islamic Revolutionary Guard Corps and the U.S. military's Central Command must deliver results.

Both sides should also learn a key lesson of the past: the JCPOA became vulnerable not because it was technically weak but because it was politically orphaned. Its opponents were patient, organized, and relentless. Its defenders incorrectly assumed that implementation would generate its own constituency. Any new arrangement with Iran must be built with the opposite assumption: that spoilers will move faster than beneficiaries.

Consider, first, the tough internal Iranian test. The Islamic Republic is now led by a new, untried supreme leader and a political elite whose wartime unity almost certainly masks deep disagreements over the future. Some will see accommodation with Washington as the only way to stabilize the system after a devastating war. Others will see it as ideological erosion disguised as pragmatism. But although Iranian elites may have divergent visions for the future, they share the immediate imperative of securing perceived wartime gains—including control over the Strait of Hormuz. The balance between these camps will not be decided by speeches. It will be decided by whether diplomacy results in economic relief that ordinary Iranians can feel.

For the Trump administration, the question is whether it understands the magnitude of its own pivot. Should the generous sanctions relief spelled out in the June memorandum eventually take effect, the result would be more than mere inducement. It would signal that, after four decades of trying to coerce the Islamic Republic into submission or crisis, Washington may finally be willing to abandon containment. That does not mean Washington needs to forgo trying to change what it deems to be problematic Iranian policies at home and abroad. But it would suggest that the United States is cognizant of how poorly pressure has worked in the absence of engagement and thus decided to recalibrate how it balances diplomacy and pressure. This is a hard admission for any U.S. president to make. It is especially hard for one whose political brand rests on never admitting defeat.



The immediate challenges are evident. Contrasting interpretations of the memorandum of understanding mean that the document is on life support less than a month after it was signed. Rather than restoring freedom of navigation through the Strait of Hormuz, the two sides continue to contest control over the waterway, sparking sharp tit-for-tat exchanges. Israel continues to insist it has freedom of action in Lebanon, where Tehran has demanded an end to attacks and full Israeli withdrawal. The deconfliction mechanism could thus be overwhelmed before it matures. Washington will face a choice it has long avoided: whether it is prepared to restrain not only Iran and its partners but also allies whose actions can drag the United States back toward conflict.

Even if spoilers are kept in check and Tehran and Washington go back to litigating their deal at the table instead of on the battlefield, there is no guarantee that the two sides can define and establish a peaceful coexistence. After years of assassinations, sanctions, hostage-taking, broken promises, proxy wars, and ideological enmity, Iran and the United States remain deeply skeptical of each other. It doesn't take much for negotiations to fall apart. The current moment may then be remembered as another missed opportunity—a brief interlude between rounds of violence.

But Iran and the United States do not need to become friends. They need a floor that does not collapse with every political shift. And if they succeed, the implications are enormous. A stable U.S.-Iranian relationship would eliminate one of the main escalatory engines in the Middle East, reducing the risk that every local conflict turns into a regional war. And it might entice Iran to compete less through disruption and more through diplomacy and commerce. That, however, will require Tehran and Washington to use the current moment at a starting point for defusing other ticking bombs—such as those involving Lebanon, the Palestinians, and Syria—that Israel has unsuccessfully tried to deal with militarily. It will also require that Iran rebuild trust with its Gulf Arab neighbors and pursue inclusive solutions to issues such as the future of the Strait of Hormuz and Iran's support for nonstate actors.

These talks would then be remembered as the moment when Washington stopped asking how to defeat the Islamic Republic, and Tehran decided that geopolitical success required something other than permanent confrontation. After 47 years of enmity, that would be a revolution of its own.

 Subscribe to Foreign Affairs to get unlimited access.

Already a subscriber? Sign In   

 America and Its Allies Must Pool Their Efforts

 Colin H. Kahl and Tobias Vestner

 It's Not the Drones—It's Everything Around Them

 David Petraeus and Clara Kaluderovic

 Washington Dismisses NATO's Value at Its Own Peril

 Wolfgang Ischinger

 What Thucydides Really Thought About Power

 Jonathan Kirshner

 The Limits of “America First” in Africa

 Joshua Z. Walker, Reagan Miviri, and Jason K. Stearns

 If Iran Gets a New Deal With America, So Must Israel

 Amos Yadlin and Avner Golov

 Baghdad Goes Its Own Way

 Kamaran Palani

 It's Not the Drones—It's Everything Around Them

 David Petraeus and Clara Kaluderovic

 And the Coming Crisis in Strategic Stability

 Rose Gottemoeller

 What Thucydides Really Thought About Power

 Jonathan Kirshner

 America and Its Allies Must Pool Their Efforts

 Colin H. Kahl and Tobias Vestner

 The Short-Term Results and the Long-Term Risks of the “Donroe Doctrine”

 Brian Winter

 Ending the Peacekeeper's Paralysis

 Rafael Mariano Grossi

Our editors' top picks, delivered free to your inbox every Friday.

* Note that when you provide your email address, the Foreign Affairs Privacy Policy and Terms of Use will apply to your newsletter subscription.

Published by The Council on Foreign Relations, Inc.

© 2026. All Rights Reserved.

 From the publishers of  Foreign Affairs

We and third parties may collect data using cookies and similar technologies for site functionality and advertising. Choose “Accept All” to consent to optional cookies. Manage your preferences in our cookie consent form. Privacy Policy.

Celebrate the United States' 250th birthday with our best archival essays on American statecraft and power, and the history that shapes both.

* Note that when you provide your email address, the Foreign Affairs Privacy Policy and Terms of Use will apply, and you will receive occasional marketing emails.","{'href': 'https://www.foreignaffairs.com', 'title': 'Foreign Affairs'}","world"
"https://news.google.com/rss/search?q=world+news+site:tass.com","Aliyev declares full normalization between Azerbaijan and Russia","https://tass.com/world/2159373","Mon, 13 Jul 2026 08:47:44 GMT","

BAKU, July 13. /TASS/. Azerbaijani President Ilham Aliyev has announced that the challenging period in relations between Azerbaijan and Russia is now firmly in the past. Speaking at the opening of the Global Media Forum in Shusha, he expressed optimism about the state of bilateral ties.

""It is important to note that the difficulties - those challenging times - are behind us. I can confidently say that our relations have returned to full normalization,"" Aliyev stated. He highlighted that communication between the two nations is ongoing at multiple levels, including government officials, the co-chairs of the intergovernmental commission, foreign ministries, and presidential staff.

""In this regard, I believe everything is progressing smoothly, and we are pleased with the current state of affairs,"" the Azerbaijani leader emphasized. He underscored the significance of Russia-Azerbaijan relations, both on a bilateral level and within a broader regional context. ""These ties encompass traditional areas of cooperation as well as emerging fields. Transport, trade, and humanitarian collaboration are particularly vital in this regard,"" Aliyev added.","{'href': 'https://tass.com', 'title': 'tass.com'}","world"
"https://news.google.com/rss/search?q=world+news+site:theguardian.com","More than 16,000 refugees unable to reunite with families in UK, says Refugee Council","https://www.theguardian.com/world/2026/jul/13/more-than-16000-refugees-unable-reunite-families-uk","Mon, 13 Jul 2026 06:00:00 GMT","

Suspension of family reunion route has left many stuck in conflict zones or using people smugglers to reach safety

More than 16,000 refugees have been unable to reunite with families in the UK, leaving them either stuck in conflict zones or resorting to using people-smugglers to reach safety, according to the Refugee Council.

The government suspended the refugee family reunion route last September. It allowed a person granted refugee status to apply to bring immediate family members such as a spouse and their children under 18 to reunite with them in the UK. The indication was that the suspension would last until the spring of this year.

However, no confirmation has yet been made of any resumption of this route, which provides a lifeline for thousands of families separated by war. The Refugee Council calculated 16,300 people have been barred from applying since the suspension came into force 10 months ago, using published Home Office data from the months prior to the suspension. Nine out of 10 of those granted refugee family reunion are women and children. Based on the data, they estimate that this figure includes 9,273 children and 5,835 women.

The government operates other safe and legal routes for the most vulnerable refugees, but these arrivals have fallen by more than a third in the last year. New routes have been announced, such as community sponsorship, where a community supports refugees of their choice with housing, finding a job and integration.

However, Home Office sources told the Guardian that the scheme, as it has operated for the last decade, has brought just 1,000 individuals to the UK, mainly in family units, so only a small number of families have benefited from it each year. The government said it expected the new community sponsorship scheme, along with new study and work routes, would initially bring refugees in in the low hundreds. Several hundred asylum seekers cross the Channel in small boats on a moderately busy day.

One Iranian refugee, who lives in London with her two children aged 21 and 16, said she was distraught about the refugee family reunion suspension as her husband was trapped in very dangerous circumstances in Iran. She and her children arrived here four years ago and claimed asylum but had to wait nearly a year-and-a-half for their initial Home Office interview. Their case was initially rejected and then won on appeal.

“Had the Home Office processed our case quickly, we could have brought my husband here before the ban on refugee family reunion was imposed,” she said. “It is agonising torture knowing my husband is still trapped in Iran. In my view, what is happening is a clear and direct violation of human rights. It cruelly tears families apart and has stripped away our last shred of hope.”

Sign up to First Edition

Our morning email breaks down the key stories of the day, telling you what's happening and why it matters

after newsletter promotion

Imran Hussain, the director of external affairs at the Refugee Council, said: “Safe and legal routes save lives. Women and children attempting to flee devastating wars and brutal regimes in countries like Sudan and Afghanistan are being driven into small boats by desperation. No parent risks their child's life crossing the Channel in a small boat unless they believe the dangers they are fleeing are even greater than those they face at sea.

“We welcome the government's commitment to creating new safe routes, but these must not come at the expense of existing pathways that have already saved lives. The government should urgently restore refugee family reunion, alongside expanding new safe routes, so families can find safety together, rebuild their lives, integrate and play their part in Britain.”

A Home Office spokesperson said: “The immigration and asylum bill will reform human rights laws to preserve protection for those in need, while bearing down on abuse of the asylum system.

“We have also recently announced that the rollout of new safe and legal routes for refugees will begin in the autumn.

“Under this government's reforms to create a fairer asylum system, family reunion will no longer be automatic. Those seeking to bring family members to the UK will need to meet stricter criteria.”","{'href': 'https://www.theguardian.com', 'title': 'The Guardian'}","world"
"https://news.google.com/rss/search?q=world+news+site:kyivindependent.com","EU ramps up Russia's Yamal LNG purchases as import ban nears","https://kyivindependent.com/europe-ramps-up-russias-yamal-lng-purchases-as-import-ban-nears/","Mon, 13 Jul 2026 06:45:41 GMT","

The EU was the destination of nearly all of Russia's Yamal Arctic liqueified natural gas (LNG) deliveries in the first half of 2026, boosting Moscow's revenue amid escalating strikes against Ukraine, the environmental and sanctions-monitoring NGO Urgewald reported on July 13.

Between January and June, EU countries paid an estimated 5.96 billion euros ($6.82 billion) for Yamal LNG cargoes, with most shipments arriving in France, Belgium, and Spain, Urgewald said, citing Kpler data.

Yamal LNG, located on Russia's Arctic Yamal Peninsula, is one of the country's largest LNG projects, accounting for over 60% of its total LNG exports.

The news comes as the European bloc prepares for a full ban on Russian LNG imports in January 2027, a part of a broader push to wean itself off Russian energy and cut off Moscow's wartime budget revenues.

European ports received 136 out of the 140 Yamal LNG cargoes shipped in the first half of 2026. This amounted to 9.97 million metric tons of caro, an 16% volume increase compared to the same period last year, Urgewald said.

While the EU — Kyiv's key wartime backer — ramped up purchases, only four cargoes went to China, Russia's close ally, in the first half of the year.

""In the fifth year of the war against Ukraine, the EU is still helping keep Russia's Arctic LNG sector afloat,"" Sebastian Rotters, a sanctions campaigner at Urgewald, said in the press release.

""This is not happening in a vacuum. In the first half of 2026, Russia intensified its assault in Europe's worst war since World War II, targeting Ukraine's energy infrastructure and civilian sites on an unprecedented scale.

""Meanwhile, Europe continued to import more than 55,000 tons of LNG from Yamal every single day on average.""

Reporter

Martin Fornusek is a reporter for the Kyiv Independent, specializing in international and regional politics, history, and disinformation. Based in Lviv, Martin often reports on international politics, with a focus on analyzing developments related to Ukraine and Russia.  His career in journalism began in 2021 after graduating from Masaryk University in Brno, Czechia, earning a Master's degree in Conflict and Democracy Studies. Martin has been invited to speak on Times Radio, France 24, Czech Television, and Radio Free Europe. He speaks English, Czech, and Ukrainian. 

The new sanctions are part of the EU's largest-ever package of measures, and the first time Romania has proposed specific restrictions against Russia.



The number includes 1,600 casualties that Russian forces suffered over the past day.

Between January and June, EU countries paid an estimated 5.96 billion euros ($6.82 billion) for Yamal LNG cargoes, the NGO Urgewald reported.

Ukraine struck an oil depot in southern Russia's Stavropol Krai, and explosions were heard in Moscow Oblast as air defenses were engaged overnight on July 13, monitoring channels reported.

Two of the bombs struck a busy area of the city, with one hitting near a road and a public transport stop, where a 13-year-old girl was killed, according to the Sumy regional police.

Ukroboronprom dismissed two officials on July 12 following an investigation into a deadly explosion at one of its ammunition depots during a Russian attack on the Kyiv suburb of Vyshneve.



During a meeting with Energy Minister Denys Shmyhal on July 12, President Volodymyr Zelensky stressed the need to take additional ""more decisive"" steps to protect Ukraine's energy infrastructure and emphasized the importance of robust winter preparedness plans for communities and regions.

Yulia Svyrydenko, who replaced former Prime Minister Denys Shmyhal in July 2025, will now take on a new role leading cooperation with Ukraine's key partners, Zelensky announced on social media.

Once promoted by the Kremlin as a symbol of Russia's resurgence and a premier tourist destination, the peninsula now faces mounting pressure from Ukrainian drone strikes targeting military infrastructure, logistics, and supply routes. 

Robert ""Madyar"" Brovdi, commander of Ukraine's Unmanned Systems Forces said that his team had destroyed 10 tankers and four ferries, bringing the total number of destroyed Russian shadow fleet vessels to 90 units this week alone. 

Russia attacks over the last day have killed at least five people and injured 35 others across the country, mostly frontline regions in the south and east of Ukraine, Ukrainian officials reported on July 12. 

The Republican senator from South Carolina was recently in Kyiv, where he met with President Volodymyr Zelensky on July 10 to discuss strengthening Ukraine's air defense and progress on a Russian sanctions bill in the U.S.

The number includes 1,320 casualties that Russian forces suffered over the past day.","{'href': 'https://kyivindependent.com', 'title': 'The Kyiv Independent'}","world"
"https://news.google.com/rss/search?q=world+news+site:dw.com","Ukraine's Zelenskyy swaps out prime minister in reshuffle","https://www.dw.com/en/ukraines-zelenskyy-swaps-out-prime-minister-in-reshuffle/a-77924657","Mon, 13 Jul 2026 02:13:46 GMT","

Ukraine's president announced a government shake up, with PM Yuliia Svyrydenko stepping down after a year in office.

Ukrainian President Volodymyr Zelenskyy on Sunday announced plans to reshuffle his cabinet and asked Prime Minister Yuliia Svyrydenko to step aside after serving for just 12 months.

In a post on X, Zelenskyy gave few details about the move, but noted that Kyiv was ""changing its political strategy.”

The decision follows three other reshuffles of top officials during the four-and-a-half-year war with Russia.

To view this video please enable JavaScript, and consider upgrading to a web browser that supports HTML5 video

Zelenskyy wrote on X that he had discussed the matter with Svyrydenko and that they had concluded that ""a reshuffle of the Cabinet is necessary.""

He thanked the 39-year-old for her commitment, writing: ""I am grateful to Yuliia for her clear, steady and effective work as Prime Minister, for her years of productive service on Ukraine's team.""

He added that Svyrydenko has been offered the chance to lead a ""new and important area of relations with a key partner,"" without giving further details.

Opposition lawmaker Yaroslav Zhelezniak said Svyrydenko, who played a key role in securing a minerals deal with Washington, could be in line for the US ambassador role.

To view this video please enable JavaScript, and consider upgrading to a web browser that supports HTML5 video

Zelenskyy did not announce Svyrydenko's successor, but former Prime Minister Denys Shmyhal, who is now Energy Minister could be in line to return after just a year, according to Ukrainian lawmakers cited by Reuters news agency.

Other possible candidates are Defense Minister Mykhailo Fedorov ⁠and Serhiy Koretskyi, head of ​the state energy company, Naftogaz.

Zelenskyy later published photos of separate meetings with Shmyhal, Fedorov and Koretskyi.

He also announced plans to shuffle leaders of Ukraine's law enforcement agencies.

Under Ukrainian law, the prime minister's resignation needs the ​approval of parliament and ⁠entails the resignation of the entire government.

Svyrydenko, who was formerly deputy prime minister and economy minister, said she was ""proud to have had the honor of leading the government during one of the most difficult periods in Ukraine's modern history.""

She wrote on X that she had had discussed ""next steps” with Zelenskyy, but did not provide further details.

""I remain ready to serve the Ukrainian state and carry out every task aimed at strengthening Ukraine's position, defending our national interests and bringing a just peace closer,” Svyrydenko added.

Svyrydenko had recently helped Zelenskyy manage the fallout from Ukraine's largest corruption scandal to date.

The scandal involved a $100 million (€87.3 million) kickback scheme at the state nuclear company Energoatom, where officials and contractors allegedly demanded 10% to 15% bribes on procurement contracts.

As a result of an investigation, Justice Minister Herman Halushchenko and Energy Minister Svitlana Hrynchuk stepped down.

Edited by: Jenipher Camino Gonzalez","{'href': 'https://www.dw.com', 'title': 'DW.com'}","world"
"https://news.google.com/rss/search?q=bitcoin","Bitcoin Spot Demand Hits -100K BTC, Signaling Weak Market Recovery: Analyst","https://finance.yahoo.com/markets/crypto/articles/bitcoin-spot-demand-hits-100k-083429396.html","Mon, 13 Jul 2026 08:34:29 GMT","

Oops, something went wrong

Key Takeaways  

Spot demand hit negative 273,000 BTC in mid-June; recovery to negative 100,000 BTC reflects stabilization, not reversal. 

Strategy sold 3,588 BTC at $216 million to fund STRC dividends; market absorbed it with only a 3.5% drop. 

Bitcoin ranged between $60,500 and $64,800 all week; breaking $65,000 would trigger short liquidations toward $68,700. 

Bitcoin's spot demand, measured by comparing new BTC issuance against the change in supply held for more than one year, has remained in negative territory since December 2025.  

In mid-June it hit a negative extreme of negative 273,000 BTC, its worst reading of the current cycle, according to CryptoQuant analyst Darkfost. As of this week the figure has recovered to approximately negative 100,000 BTC, still reflecting a meaningful absence of genuine buyer interest in the underlying asset. 

When demand is negative under this framework, new Bitcoin production is not being absorbed by long-term holders. Instead, fresh supply accumulates as stock rather than being removed from circulation through conviction buying.  

Futures demand has shown brief excursions into positive territory during the same period, but onchain analyst Axel Adler Jr. described those moves as speculative rather than structurally supportive, noting they cannot lay solid ground for a sustained bullish recovery. Until spot demand turns sustainably positive, Bitcoin's underlying trend remains negative regardless of short-term price bounces. 

Bitcoin opened the week near $61,820, rallied to $64,000 on July 7, then retreated to roughly $61,800 by Wednesday ahead of the Federal Reserve's June Federal Open Market Committee minutes.  

The minutes confirmed what the June dot plot telegraphed: a committee divided over the future direction of rates, with Chair Kevin Warsh describing internal debate as a ""family fight."" Inflation risks remain tilted to the upside, with tariffs and energy price shocks reinforcing the hawkish outlook and keeping the higher-for-longer scenario live. 

Renewed fighting between the United States and Iran drove oil prices higher and pushed the 10-year Treasury yield to 4.58%, compressing risk appetite across markets. 

Bitcoin's cumulative volume delta (CVD) shifted from buyer dominance early in the week to net selling of $612 million on July 7 and $714 million on July 8 as macro headwinds reasserted themselves. 

Strategy sold 3,588 BTC worth approximately $216 million to fund preferred stock dividends for STRC. Its remaining 843,775 BTC holdings are underwater, with an average acquisition cost near $66,384 against current prices near $61,800.  

Bitcoin dropped roughly 3.5% on the announcement, a fraction of the 20% decline that followed Strategy's initial 32 BTC sale in May. Traders appear to be treating dividend-funded BTC sales as routine rather than as solvency signals. STRC is now approximately 13% below par, recovering from its 28.75% low. 

Bitcoin's liquidation heatmap places the price in a defined corridor. Breaking above $65,000 would trigger short liquidations toward $68,700. Downside liquidity concentrates in the $60,500 to $61,000 range. Aggregate funding rates fell from 0.25 to near-neutral 0.01 through the week, reflecting leveraged long positions gradually unwinding rather than a complete flush.  

Spot Bitcoin exchange-traded fund inflows returned for three consecutive days before an $84.9 million outflow from BlackRock's IBIT and Grayscale's GBTC on July 8 broke the streak. 

Two consecutive weeks of net inflows alongside rising spot prices would be the clearest signal yet that the demand picture is genuinely shifting. Neither condition has been met. 

Top Trending Crypto Articles 

Check Out Our Recommended Exchanges Here 

How To Buy Crypto with a Credit Card Now 

See Our Picks for the Best Crypto Gambling Sites 

The post Bitcoin Spot Demand Hits -100K BTC, Signaling Weak Market Recovery: Analyst appeared first on ccn.com. ","{'href': 'https://finance.yahoo.com', 'title': 'Yahoo Finance'}","cryptocurrency"
"https://news.google.com/rss/search?q=bitcoin","“In Bitcoin, influence is earned through work, not ambition. Those who contribute money, utility, and power to the network shape its future.”","https://www.moomoo.com/community/feed/michael-saylor-says-in-bitcoin-influence-is-earned-through-work-116911624552453","Mon, 13 Jul 2026 08:03:38 GMT","

Investment products and services are offered through Moomoo Financial Inc., Member SIPC./FINRA. For further information about Moomoo Financial Inc., please visit Financial Industry Regulatory Authority (FINRA)'s BrokerCheck. 

Options trading entails significant risk and is not appropriate for all customers. It is important that investors read Characteristics and Risks of Standardized Options before engaging in any options trading strategies. Options transactions are often complex and may involve the potential of losing the entire investment in a relatively short period of time. Certain complex options strategies carry additional risk, including the potential for losses that may exceed the original investment amount. Supporting documentation for any claims, if applicable, will be furnished upon request. 

$0 commission trading is available only to U.S. residents trading in the U.S. markets through Moomoo Financial Inc. Other fees may apply. For more info, visit moomoo.com/us/pricing

Investing involves risk and the potential to lose principal. Electronic trading also involves risks. The responsiveness of the trading system may vary due to market conditions, system performance, and other factors. Account access and trade execution may be affected by factors such as market volatility. 

Investment products are not insured by the FDIC, not a deposit, and may decline in value.

The services and products offered on the website are subject to applicable laws and regulations, as well as relevant service terms and policies. The services and products are not available to all customers or in all geographic areas or in any jurisdiction where it is unlawful for us to offer such services and products.

Company Address：Moomoo Financial Inc. and Moomoo Technologies Inc, 185 Hudson St Ste. 2600, Jersey City, NJ 07302

Copyright © 2026 Moomoo Technologies Inc. All Rights Reserved. ","{'href': 'https://www.moomoo.com', 'title': 'Moomoo'}","cryptocurrency"
"https://news.google.com/rss/search?q=ethereum","Bitcoin, Ethereum, XRP, Dogecoin Consolidate as US-Iran Tensions Escalate: Analyst Says People Will Be 'S","https://www.benzinga.com/crypto/cryptocurrency/26/07/60406116/bitcoin-ethereum-xrp-and-dogecoin-consolidate-as-us-iran-tensions-escalate","Mon, 13 Jul 2026 01:56:12 GMT","

Leading cryptocurrencies moved sideways, while stock futures slid on Sunday evening amid investor concerns over escalating U.S.-Iran tensions.

Bitcoin fluctuated sharply between $63,000 and $64,000 as trading volume rose 18% over the past 24 hours. Ethereum spiked to $1,842 in the late evening before retracing sharply, while XRP and Dogecoin traded sideways.

Over $150 million was liquidated from the cryptocurrency market in the last 24 hours, with $86 million in bullish longs wiped out, according to Coinglass data.

Bitcoin's open interest fell 0.54% over the last 24 hours, broadly aligning with the drop in spot price. The majority of retail and whale derivatives traders on Binance remained long on the leading cryptocurrency.

""Fear"" sentiment prevailed in the market, according to the Crypto Fear & Greed Index.

Top Gainers (24 Hours) 

The global cryptocurrency market capitalization stood at $2.16 trillion, following a dip of 0.06% over the last 24 hours.

Stock futures traded in the red overnight on Sunday. The Dow Jones Industrial Average Futures fell 106 points, or 0.20%, as of 8:42 p.m. EDT.  Futures tied to the S&P 500 dipped 0.27%, while Nasdaq 100 Futures slid 0.51%.

Iran–U.S. military confrontations intensified during the weekend, raising renewed concerns about maritime security and global energy supplies.

The U.S. Central Command said that they launched more strikes against Iran on Sunday to degrade “their ability to attack civilian mariners and commercial ships” transiting the Strait of Hormuz.

Michaël van de Poppe, a widely followed cryptocurrency analyst and trader, predicts a strong Bitcoin bull run in the next cycle, warning that the previous “shallow” rally will cause many investors to sell “too early.”

“This cycle Bitcoin to $500,000+ is on the table,” the analyst made a bold projection.

Killa, another popular cryptocurrency commentator, said that at least 90% of the current bear phase is complete, noting a striking “déjà vu” between Bitcoin's current consolidation near $64,000 and the $16,000–$22,000 bear market range in 2022-23.

Photo: KateStock / Shutterstock

© 2026 Benzinga.com. Benzinga does not provide investment advice. All rights reserved.

To add Benzinga News as your preferred source on Google, click here.

A newsletter built for market enthusiasts by market enthusiasts. Top stories, top movers, and trade ideas delivered to your inbox every weekday before and after the market closes.

Dragonfly's Qureshi says holding Bitcoin through every downturn is the only strategy that has consistently worked in crypto since 2017.

Bitcoin price holds above key support after 307-day range as Glassnode and CryptoQuant highlight what's needed for the next bull cycle.

Recommended Stories

 

 

 

 ","{'href': 'https://www.benzinga.com', 'title': 'Benzinga'}","cryptocurrency"
"https://news.google.com/rss/search?q=nft","Pudgy Penguins (PENGU) valued near $1B with pot...","https://pluang.com/en/news-feed/perkiraan-harga-pudgy-penguins-pengu-2031","Mon, 13 Jul 2026 08:21:46 GMT","

Pudgy Penguins (PENGU) maintains a market valuation close to $1 billion despite trading below $1 per token. The project stands out by combining NFT culture with tangible merchandise and commercial partnerships, including retail distribution of products like stuffed animals. Baseline forecasts suggest PENGU could reach $0.05–$0.10 by 2031 if consumer initiatives expand, while optimistic scenarios see potential growth to $0.25–$0.50 through broader entertainment ventures. Conversely, a pessimistic outlook warns of a drop to $0.005–$0.01 if NFT interest wanes or retail efforts falter. Overall, the weighted five-year forecast targets around $0.10, reflecting a blend of blockchain innovation and mainstream adoption efforts.

ISS A/S is executing a share buyback program announced in February 2026, aiming to repurchase shares worth up to DKK 3.1 billion by February 2027. The buyback serves to reduce share capital and fulfill share-based incentive obligations. As of early J...

Bavarian Nordic has completed the third and final tranche of its 2026 share buy-back program, repurchasing shares worth approximately DKK 150 million. This brings the total buy-back for the year to DKK 500 million, with 820,607 shares acquired in thi...

Bavarian Nordic A/S has completed the final phase of its 2026 share buyback program, repurchasing shares worth approximately DKK 150 million. This marks the third and last part of a total planned buyback of up to DKK 500 million during the year. The ...

During week 28 of 2026 (July 6-10), Sampo Oyj bought back a total of 35,203 of its own A-shares across multiple markets at a weighted average price of €9.32 per share. This buyback is part of a larger program authorized by the company's annual genera...

John Crane UK Limited has achieved Broad-Based Black Economic Empowerment (B-BBEE) Level One status in South Africa, the highest recognition under the country's transformation framework. This milestone enhances John Crane's position as a preferred su...","{'href': 'https://pluang.com', 'title': 'Pluang'}","cryptocurrency"
"https://news.google.com/rss/search?q=crypto+technology","Crypto firms prepare defenses as quantum threat to encryption draws nearer","https://cyprus-mail.com/2026/07/13/crypto-firms-prepare-defenses-as-quantum-threat-to-encryption-draws-nearer","Mon, 13 Jul 2026 03:30:00 GMT","

The cryptocurrency industry is starting to prepare for the threat of quantum computing as recent advances fuel concerns that the technology could soon be able to crack the cryptography that protects transactions ​and digital wallets.

Quantum computers can solve complex mathematical problems much faster than today's sophisticated computers, and could be used to unscramble conventional methods for encrypting digital information. That spells trouble for the $2 trillion ‌global cryptocurrency market, which is based on blockchains secured by old-school cryptography and already has a history of major hacks.

While the technology remains largely experimental, crypto industry concerns have grown since March research from Alphabet's (GOOGL.O) Google, one of several tech giants pioneering the technology, suggested quantum computers may be able to break that cryptography sooner than previously expected, according to executives and analysts. Google has said that quantum computers capable of breaking encryption could arrive by 2029, whereas previously they were seen as at least a decade out.

Recent research from Citigroup (C.N) and others has also ​concluded that quantum computing, along with artificial intelligence breakthroughs, has compressed the time frame in which cryptocurrencies will become widely vulnerable to hackers.

Acknowledging the risks the technology poses to the public and private sectors, US President ​Donald Trump last month issued executive orders to bolster US quantum capability.

Some crypto companies and blockchain developers are already drawing up plans to upgrade their networks with quantum-resistant cryptography, a ⁠potentially years-long effort that could require sweeping changes to the infrastructure underpinning digital assets.

“It's the most direct and existential threat towards cryptocurrencies and crypto networks,” said Chris Tam, head of quantum innovation at BTQ Technologies, which focuses on quantum ​security.

BLOCKCHAINS USE DECADES-OLD CRYPTOGRAPHY

Most blockchains rely on decades-old elliptic-curve cryptography to generate the public and private keys and digital signatures used to verify ownership of crypto assets and authorize transactions. Public keys are mathematically derived from private keys and, in many ​blockchain networks, become publicly visible once crypto assets are used in a transaction or transferred.

While conventional computers cannot feasibly derive a private key from a public key, a sufficiently powerful quantum computer could potentially do so, allowing hackers to forge digital signatures and authorize fraudulent transactions.

That is a particularly acute risk for public crypto networks where transactions, unlike traditional payments, are irreversible.

“Crypto especially is uniquely exposed because blockchains are transparent and permanent,” said Utkarsh Ahuja, managing partner at Moon Pursuit Capital, a crypto investor.

Bitcoin, the biggest cryptocurrency, is considered particularly vulnerable ​because its 17-year history of transactions has generated a large number of visible public keys.

Roughly 35 per cent of the token's circulating supply could be exposed to a quantum computing attack, according to an unpublished June 2026 working paper by independent researcher ​Ahmed Raza Muhammad Umer. Other research from last year has estimated that figure could be as high as 50 per cent.

Just one incident in which a hacker steals and sells a large amount of a token could tank its price, said Cristiano Ventricelli, vice president ‌and senior analyst ⁠of digital assets at Moody's Ratings. “Everyone will feel the impact,” he added.

That risk has already prompted some to rethink bitcoin investments. Christopher Wood, the closely tracked global head of equity strategy at Jefferies, in his January newsletter removed a 10 per cent bitcoin allocation from his model portfolio due to the long-term “existential” threat of quantum computing.

BLOCKCHAIN UPGRADE PLANS TAKE SHAPE

To be sure, Ahuja and others said they believe it will still be a few years before quantum computing can crack blockchains, and that the industry will be able to upgrade to new “post-quantum” types of cryptography resistant to the technology.

Many crypto executives also warned that moving too early could create vulnerabilities because post-quantum cryptography is still rapidly evolving. Post-quantum digital signatures are generally much larger ​than traditional signatures, increasing storage and bandwidth requirements. They could ​raise costs and degrade user experience, particularly on ⁠blockchains with fixed block-size limits, such as bitcoin, said Zach Pandl, head of research at crypto asset manager Grayscale, although he added he had confidence blockchains would ultimately address the issues.

“There is an engineering challenge ahead, but there are engineering solutions already on the table,” he added.

That challenge could take years to overcome. One senior cybersecurity executive at a major crypto ​player said he expects it will take two years for his company to become fully quantum-resistant. He and others described the potential work as akin to a Y2K-style ​overhaul when more than $300 billion was ⁠spent globally fixing the “millennium bug.”

The problem is especially thorny for blockchains, which are mostly decentralized, meaning they are operated by a community that may not be able to agree on a path forward, said Tam of BTQ Technologies.

None of the top 20 blockchains have implemented a post-quantum signature algorithm, according to people interviewed for this story. In the case of bitcoin, developers and market participants are divided over which fix to adopt and when to move, executives said. The Ethereum Foundation, which supports the blockchain that ⁠underpins ether, the ​second-largest cryptocurrency, says it is targeting 2029 for full protection from quantum computing.

“The sort of disaster scenario is that it happens way sooner ​than we think,” said Christopher Smith, CEO of Quantus, a blockchain that already uses post-quantum cryptography.

The Algorand Foundation, which supports the Algorand blockchain, whose native token has a market capitalization of around $780 million, is among the early movers. It last month published a post-quantum roadmap and plans to start supporting ​post-quantum accounts later this year, said Bruno Martins, Algorand Foundation's chief technology officer.

“It felt right to start doing (something) now, because it's responsible to have a plan,” Martins added.


Since 1945, Cyprus Mail has been the trusted source for breaking Cyprus news and independent journalism. From politics, government and the economy to culture, society and everyday life, our newsroom delivers timely reporting, independent journalism, clear analysis and balanced coverage from across the island.

With correspondents on the ground and a strong focus on public interest, we bring you the latest developments as they happen — alongside context that helps explain why they matter. Whether you are a resident, an expat or following Cyprus from abroad, Cyprus Mail keeps you informed with reliable news and real-time updates on the stories shaping the country.
","{'href': 'https://cyprus-mail.com', 'title': 'Cyprus Mail'}","cryptocurrency"
"https://news.google.com/rss/search?q=site:sciencedaily.com","Scientists discover a hidden heart valve risk linked to gum disease","https://www.sciencedaily.com/releases/2026/07/260713000751.htm","Mon, 13 Jul 2026 04:54:06 GMT","

Bacteria that cause gum disease may do more than damage your teeth. New preliminary research suggests they could also contribute to the buildup of calcium in the heart's aortic valve, potentially leading to calcific aortic valve stenosis (CAVS), a common and potentially life threatening heart valve disorder.

The findings were presented at the American Heart Association's Basic Cardiovascular Sciences Scientific Sessions 2026, held in Boston from July 13 to 16. The meeting is one of the world's largest gatherings focused on basic and translational cardiovascular research.

According to the American Heart Association, CAVS develops when the aortic valve gradually becomes thicker and more calcified, making it harder for blood to flow from the heart to the rest of the body. The condition often causes no symptoms at first. As it worsens, however, it can lead to fatigue, chest pain, shortness of breath, fainting, heart failure, and in some cases premature death. For people with severe disease, valve replacement surgery is currently the standard treatment.

The new research points to a possible biological mechanism connecting chronic gum disease and infection with the development of CAVS.

""There are currently no medications proven to prevent or slow the progression of CAVS. We hope our findings demonstrating the link between periodontal disease and CAVS will stimulate further research into new preventive and therapeutic approaches for this condition,"" said co lead author of the study, Chenyang Li, M.D., a Ph.D. candidate in the department of cardiology at the State Key Laboratory of Cardiovascular Disease of Fuwai Hospital's National Center for Cardiovascular Diseases, the Chinese Academy of Medical Sciences and Peking Union Medical College all in Beijing.

Researchers Focus on a Common Gum Disease Bacterium

The team concentrated on Porphyromonas gingivalis (P. gingivalis), a bacterium known to play a major role in periodontal disease by causing gum inflammation and the destruction of gum tissue. Previous research has also linked P. gingivalis to widespread inflammation throughout the body and an increased risk of cardiovascular disease, including artery plaque buildup and coronary artery disease.

To investigate the connection, researchers analyzed bacterial levels in heart valve tissue collected from people undergoing valve replacement surgery. They compared calcified aortic valves from people with CAVS to valve tissue from patients with other heart valve conditions.

""We were surprised by how much P. gingivalis was present in the calcified aortic valves,"" Li said. ""Although it was not one of the most abundant bacteria overall, it showed one of the largest differences between valves with CAVS and valves without CAVS. This unexpected finding led us to investigate its potential role in the development of CAVS.""

Mouse Study Reveals a Possible Disease Mechanism

The researchers then turned to mouse experiments to better understand how the bacterium might contribute to valve disease. Mice were exposed to either live or heat inactivated P. gingivalis to determine whether the bacteria accumulated in the aortic valve, increased calcium deposits, and produced symptoms consistent with aortic stenosis. Some animals also received preventive antibiotics, while others had the IL-1β inflammatory pathway genetically removed.

Repeated exposure to live P. gingivalis caused the bacteria to accumulate in the aortic valves of mice, leading to greater valve calcification and symptoms of aortic stenosis. Preventive antibiotic treatment reduced these effects. The researchers also found that P. gingivalis activated interleukin-1 beta (IL-1b), an inflammation promoting protein produced mainly by immune cells.

Additional experiments showed that genetically deleting IL-1b significantly reduced valve calcification and disease symptoms, even when P. gingivalis was present.

Good Oral Health May Benefit the Heart

""The key message is simple: take good care of your oral health,"" Li said. ""Good oral hygiene and treatment of periodontal disease are important for overall health and may also have benefits for cardiovascular health. While it is still too early to recommend specific treatments for preventing CAVS, our findings suggest that periodontal health could be an important piece of the puzzle.""

Eduardo Sanchez, M.D., M.P.H., FAHA, chief medical officer for prevention for the American Heart Association, said the findings add to growing evidence that oral health and heart health are closely connected.

""This study adds to the growing evidence that oral health and heart health are closely connected,"" said Eduardo Sanchez, M.D., M.P.H., FAHA, chief medical officer for prevention for the American Heart Association. ""For many people, regular visits to the dentist are their only connection to the healthcare system. That makes dental professionals important partners in spotting health conditions, including periodontal disease early -- which can lead to quicker healthcare referrals and results, better health and lives saved.""

The American Heart Association's Healthy Smiles, Healthy Hearts™ initiative supports dental professionals with educational resources about the connection between oral and cardiovascular health. The program also includes blood pressure screening guidance for dental practices and patient education materials designed to improve both oral health and heart health.

Early Findings Require Human Confirmation

The researchers emphasize that these results are preliminary and have not yet been confirmed in people. The work was presented as a scientific meeting abstract, meaning it has not yet undergone peer review or been published as a full journal paper.

To further investigate the possible connection between periodontal disease and CAVS, the research team has already launched a clinical study in people.

Research Highlights

Story Source:

Materials provided by American Heart Association. Note: Content may be edited for style and length.

Cite This Page:

Could Invisible Planet Flybys Have Triggered Earth's Mass Extinctions?

Researchers Finally Solve a Decades-Old Mystery About Cellular Aging

Textbooks May Need Rewriting After Researchers Debunk a Core Chemistry Concept

Alzheimer's May Start With a Surprising Symptom – Not Memory Loss

Stay informed with ScienceDaily's free email newsletter, updated daily and weekly. Or view our many newsfeeds in your RSS reader:

Keep up to date with the latest news from ScienceDaily via social networks:

Tell us what you think of ScienceDaily -- we welcome both positive and negative comments. Have any problems using the site? Questions?","{'href': 'https://www.sciencedaily.com', 'title': 'ScienceDaily'}","science"
"https://news.google.com/rss/search?q=site:ycombinator.com","Ghostel.el: Terminal emulator powered by libghostty","https://news.ycombinator.com/item?id=48879504","Mon, 13 Jul 2026 06:37:25 GMT","

baokaola and I actually wanted to do a ""Show HN"" next week,
but looks like someone was faster submitting the link.Have a look at the GitHub repo which is a bit nicer
for a quick overview: https://github.com/dakra/ghostelTo add some context, Ghostel is a terminal emulator for Emacs
powered by libghostty-vt.There's a feature comparison vs vterm and eat: https://dakra.github.io/ghostel/#ghostel-vs-vtermAnd here is a gist with images to compare performance and correctness: https://gist.github.com/dakra/4a0b76ebcf5d52338e134864378465...But for me personally, it has not only replaced vterm/eat but also any
other external terminal like kitty/Ghostty.Having your terminal text just like a normal Emacs buffer opens up so many
possibilities and extension points that are just not available on any other terminal.Even simple stuff like searching in the scrollback, then navigating and selecting+copying a paragraph only with the keyboard.
For every Emacs user that's so natural and fast in Ghostel while often cumbersome in other Terminals where I just reach to the mouse because it's easier.Happy to answer any questions and also like to hear feedback positive or negative.If you're an Emacs user and tried Ghostel and are still using Ghostty (or another external Terminal),
is there something Ghostel is missing or is it just because you want some processes to run outside of Emacs?baokaola and I are also very active on GitHub, so feel free to open an issue if you have any.

Have a look at the GitHub repo which is a bit nicer
for a quick overview: https://github.com/dakra/ghostelTo add some context, Ghostel is a terminal emulator for Emacs
powered by libghostty-vt.There's a feature comparison vs vterm and eat: https://dakra.github.io/ghostel/#ghostel-vs-vtermAnd here is a gist with images to compare performance and correctness: https://gist.github.com/dakra/4a0b76ebcf5d52338e134864378465...But for me personally, it has not only replaced vterm/eat but also any
other external terminal like kitty/Ghostty.Having your terminal text just like a normal Emacs buffer opens up so many
possibilities and extension points that are just not available on any other terminal.Even simple stuff like searching in the scrollback, then navigating and selecting+copying a paragraph only with the keyboard.
For every Emacs user that's so natural and fast in Ghostel while often cumbersome in other Terminals where I just reach to the mouse because it's easier.Happy to answer any questions and also like to hear feedback positive or negative.If you're an Emacs user and tried Ghostel and are still using Ghostty (or another external Terminal),
is there something Ghostel is missing or is it just because you want some processes to run outside of Emacs?baokaola and I are also very active on GitHub, so feel free to open an issue if you have any.

To add some context, Ghostel is a terminal emulator for Emacs
powered by libghostty-vt.There's a feature comparison vs vterm and eat: https://dakra.github.io/ghostel/#ghostel-vs-vtermAnd here is a gist with images to compare performance and correctness: https://gist.github.com/dakra/4a0b76ebcf5d52338e134864378465...But for me personally, it has not only replaced vterm/eat but also any
other external terminal like kitty/Ghostty.Having your terminal text just like a normal Emacs buffer opens up so many
possibilities and extension points that are just not available on any other terminal.Even simple stuff like searching in the scrollback, then navigating and selecting+copying a paragraph only with the keyboard.
For every Emacs user that's so natural and fast in Ghostel while often cumbersome in other Terminals where I just reach to the mouse because it's easier.Happy to answer any questions and also like to hear feedback positive or negative.If you're an Emacs user and tried Ghostel and are still using Ghostty (or another external Terminal),
is there something Ghostel is missing or is it just because you want some processes to run outside of Emacs?baokaola and I are also very active on GitHub, so feel free to open an issue if you have any.

There's a feature comparison vs vterm and eat: https://dakra.github.io/ghostel/#ghostel-vs-vtermAnd here is a gist with images to compare performance and correctness: https://gist.github.com/dakra/4a0b76ebcf5d52338e134864378465...But for me personally, it has not only replaced vterm/eat but also any
other external terminal like kitty/Ghostty.Having your terminal text just like a normal Emacs buffer opens up so many
possibilities and extension points that are just not available on any other terminal.Even simple stuff like searching in the scrollback, then navigating and selecting+copying a paragraph only with the keyboard.
For every Emacs user that's so natural and fast in Ghostel while often cumbersome in other Terminals where I just reach to the mouse because it's easier.Happy to answer any questions and also like to hear feedback positive or negative.If you're an Emacs user and tried Ghostel and are still using Ghostty (or another external Terminal),
is there something Ghostel is missing or is it just because you want some processes to run outside of Emacs?baokaola and I are also very active on GitHub, so feel free to open an issue if you have any.

And here is a gist with images to compare performance and correctness: https://gist.github.com/dakra/4a0b76ebcf5d52338e134864378465...But for me personally, it has not only replaced vterm/eat but also any
other external terminal like kitty/Ghostty.Having your terminal text just like a normal Emacs buffer opens up so many
possibilities and extension points that are just not available on any other terminal.Even simple stuff like searching in the scrollback, then navigating and selecting+copying a paragraph only with the keyboard.
For every Emacs user that's so natural and fast in Ghostel while often cumbersome in other Terminals where I just reach to the mouse because it's easier.Happy to answer any questions and also like to hear feedback positive or negative.If you're an Emacs user and tried Ghostel and are still using Ghostty (or another external Terminal),
is there something Ghostel is missing or is it just because you want some processes to run outside of Emacs?baokaola and I are also very active on GitHub, so feel free to open an issue if you have any.

But for me personally, it has not only replaced vterm/eat but also any
other external terminal like kitty/Ghostty.Having your terminal text just like a normal Emacs buffer opens up so many
possibilities and extension points that are just not available on any other terminal.Even simple stuff like searching in the scrollback, then navigating and selecting+copying a paragraph only with the keyboard.
For every Emacs user that's so natural and fast in Ghostel while often cumbersome in other Terminals where I just reach to the mouse because it's easier.Happy to answer any questions and also like to hear feedback positive or negative.If you're an Emacs user and tried Ghostel and are still using Ghostty (or another external Terminal),
is there something Ghostel is missing or is it just because you want some processes to run outside of Emacs?baokaola and I are also very active on GitHub, so feel free to open an issue if you have any.

Having your terminal text just like a normal Emacs buffer opens up so many
possibilities and extension points that are just not available on any other terminal.Even simple stuff like searching in the scrollback, then navigating and selecting+copying a paragraph only with the keyboard.
For every Emacs user that's so natural and fast in Ghostel while often cumbersome in other Terminals where I just reach to the mouse because it's easier.Happy to answer any questions and also like to hear feedback positive or negative.If you're an Emacs user and tried Ghostel and are still using Ghostty (or another external Terminal),
is there something Ghostel is missing or is it just because you want some processes to run outside of Emacs?baokaola and I are also very active on GitHub, so feel free to open an issue if you have any.

Even simple stuff like searching in the scrollback, then navigating and selecting+copying a paragraph only with the keyboard.
For every Emacs user that's so natural and fast in Ghostel while often cumbersome in other Terminals where I just reach to the mouse because it's easier.Happy to answer any questions and also like to hear feedback positive or negative.If you're an Emacs user and tried Ghostel and are still using Ghostty (or another external Terminal),
is there something Ghostel is missing or is it just because you want some processes to run outside of Emacs?baokaola and I are also very active on GitHub, so feel free to open an issue if you have any.

Happy to answer any questions and also like to hear feedback positive or negative.If you're an Emacs user and tried Ghostel and are still using Ghostty (or another external Terminal),
is there something Ghostel is missing or is it just because you want some processes to run outside of Emacs?baokaola and I are also very active on GitHub, so feel free to open an issue if you have any.

If you're an Emacs user and tried Ghostel and are still using Ghostty (or another external Terminal),
is there something Ghostel is missing or is it just because you want some processes to run outside of Emacs?baokaola and I are also very active on GitHub, so feel free to open an issue if you have any.

baokaola and I are also very active on GitHub, so feel free to open an issue if you have any.

reply

reply

reply

reply

reply

> is there something Ghostel is missingeshell allows me to manipulate text as I would in any other Emacs buffer. If I have a function which wraps a word in quotes, and bind it to a key, I can be confident it will work in eshell like it does anywhere else. It's a real killer feature. If I use evil-mode, or xah-fly-keys, or simply want to use ispell to correct the spelling of a word, it all works.Unfortunately with Ghostel none of this works. It's not integrated in the same way. There are extensions like evil-ghostel-mode, but they are limited.Are there any plans to improve this, or is it a limitation Ghostel has to live with?A Ghostel equivalent of eat-eshell-mode would be amazing.

eshell allows me to manipulate text as I would in any other Emacs buffer. If I have a function which wraps a word in quotes, and bind it to a key, I can be confident it will work in eshell like it does anywhere else. It's a real killer feature. If I use evil-mode, or xah-fly-keys, or simply want to use ispell to correct the spelling of a word, it all works.Unfortunately with Ghostel none of this works. It's not integrated in the same way. There are extensions like evil-ghostel-mode, but they are limited.Are there any plans to improve this, or is it a limitation Ghostel has to live with?A Ghostel equivalent of eat-eshell-mode would be amazing.

Unfortunately with Ghostel none of this works. It's not integrated in the same way. There are extensions like evil-ghostel-mode, but they are limited.Are there any plans to improve this, or is it a limitation Ghostel has to live with?A Ghostel equivalent of eat-eshell-mode would be amazing.

Are there any plans to improve this, or is it a limitation Ghostel has to live with?A Ghostel equivalent of eat-eshell-mode would be amazing.

A Ghostel equivalent of eat-eshell-mode would be amazing.

reply

There you could type on the prompt line and then call jinx or your quote wrapping function etc as it's just a normal Emacs buffer.
You can't edit the scrollback buffer though, but I don't think that's possible in eshell either.But line-mode has it's own set of problems. Since we don't send anything to the shell, you could have some problems with autocomplete or similar things that change the text depending on each typed char.
Similarly we automatically disable line-mode when you enter a TUI (alt-screen) app, as line-mode doesn't make too much sense in e.g. vim.
But that's configurable and you can still force line-mode, it really depends on the TUI apps.We try to support as much as possible and work around things like fish autocomplete etc. But please try and report any issues you find.

But line-mode has it's own set of problems. Since we don't send anything to the shell, you could have some problems with autocomplete or similar things that change the text depending on each typed char.
Similarly we automatically disable line-mode when you enter a TUI (alt-screen) app, as line-mode doesn't make too much sense in e.g. vim.
But that's configurable and you can still force line-mode, it really depends on the TUI apps.We try to support as much as possible and work around things like fish autocomplete etc. But please try and report any issues you find.

We try to support as much as possible and work around things like fish autocomplete etc. But please try and report any issues you find.

reply

reply

Anyway, unfortunately that is not possible in a Ghostel buffer and most likely also will never be.
I'm open to ideas though how we could improve or replicate your eshell workflow.But also, eshell is awesome and Ghostel is not a replacement for it.
It's more a replacement for term.el, maybe shell.el (with line-mode) and other terminal packages like eat and vterm.

But also, eshell is awesome and Ghostel is not a replacement for it.
It's more a replacement for term.el, maybe shell.el (with line-mode) and other terminal packages like eat and vterm.

reply

Ghostel looks really nice though![0]: https://github.com/dakra/ghostel/issues/426

[0]: https://github.com/dakra/ghostel/issues/426

reply

I didn't even think of the use-case that then you can edit output from finished commands in the scrollback. But it makes sense and is another +1 for that feature request.

reply

Two things:
- defined f1 to toggle between semi-char vs copy modes
- I ask myself ""Is it ok if Emacs dies or I nuke it?"" If not, then I execute a command in the normal terminal

reply

this is useful anyway but just in case you didn't know, we automatically switch to copy-mode when it makes sense.E.g. when you activate mark, click somewhere with the mouse or when point leaves the current prompt position.That means that with isearch or consult-line etc you're automatically in copy-mode (because why else would you search something and then jump to that position).For other commands like avy or flash jump packages I have this in the documentation:;; A package that runs a hook after jumping (e.g. flash):
(add-hook 'flash-after-jump-hook #'ghostel-maybe-leave-input);; A package without one (e.g. avy) — advise its jump action:
(with-eval-after-load 'avy
  (advice-add 'avy-action-goto :after #'ghostel-maybe-leave-input))Personally I use copy mode a lot but I rarely have to ""manually"" activate the mode.

E.g. when you activate mark, click somewhere with the mouse or when point leaves the current prompt position.That means that with isearch or consult-line etc you're automatically in copy-mode (because why else would you search something and then jump to that position).For other commands like avy or flash jump packages I have this in the documentation:;; A package that runs a hook after jumping (e.g. flash):
(add-hook 'flash-after-jump-hook #'ghostel-maybe-leave-input);; A package without one (e.g. avy) — advise its jump action:
(with-eval-after-load 'avy
  (advice-add 'avy-action-goto :after #'ghostel-maybe-leave-input))Personally I use copy mode a lot but I rarely have to ""manually"" activate the mode.

That means that with isearch or consult-line etc you're automatically in copy-mode (because why else would you search something and then jump to that position).For other commands like avy or flash jump packages I have this in the documentation:;; A package that runs a hook after jumping (e.g. flash):
(add-hook 'flash-after-jump-hook #'ghostel-maybe-leave-input);; A package without one (e.g. avy) — advise its jump action:
(with-eval-after-load 'avy
  (advice-add 'avy-action-goto :after #'ghostel-maybe-leave-input))Personally I use copy mode a lot but I rarely have to ""manually"" activate the mode.

For other commands like avy or flash jump packages I have this in the documentation:;; A package that runs a hook after jumping (e.g. flash):
(add-hook 'flash-after-jump-hook #'ghostel-maybe-leave-input);; A package without one (e.g. avy) — advise its jump action:
(with-eval-after-load 'avy
  (advice-add 'avy-action-goto :after #'ghostel-maybe-leave-input))Personally I use copy mode a lot but I rarely have to ""manually"" activate the mode.

;; A package that runs a hook after jumping (e.g. flash):
(add-hook 'flash-after-jump-hook #'ghostel-maybe-leave-input);; A package without one (e.g. avy) — advise its jump action:
(with-eval-after-load 'avy
  (advice-add 'avy-action-goto :after #'ghostel-maybe-leave-input))Personally I use copy mode a lot but I rarely have to ""manually"" activate the mode.

;; A package without one (e.g. avy) — advise its jump action:
(with-eval-after-load 'avy
  (advice-add 'avy-action-goto :after #'ghostel-maybe-leave-input))Personally I use copy mode a lot but I rarely have to ""manually"" activate the mode.

Personally I use copy mode a lot but I rarely have to ""manually"" activate the mode.

reply

Awesome project. Been using with doom for a while. How do you manage to get scrolling programs to work (eg Lazygit or Reasonix) where other emulators fail? Is it something special in your implentation or library that makes this work?

reply

reply

reply

I have never used WezTerm but from a quick look, it seems you can quickly copy text ace-jump style.In Emacs you could use e.g. avy to do the same, but there is probably a bunch of other similar packages that do the same.And additionally you're not restricted to just select/copy a word. You can freely move around and use e.g. expand-region or similar to quickly select more.It's Emacs after all, the possibilities are endless ;)

In Emacs you could use e.g. avy to do the same, but there is probably a bunch of other similar packages that do the same.And additionally you're not restricted to just select/copy a word. You can freely move around and use e.g. expand-region or similar to quickly select more.It's Emacs after all, the possibilities are endless ;)

And additionally you're not restricted to just select/copy a word. You can freely move around and use e.g. expand-region or similar to quickly select more.It's Emacs after all, the possibilities are endless ;)

It's Emacs after all, the possibilities are endless ;)

reply

For libghostty-vt, since you're targeting a terminal TUI instead of an external subsystem (for example; for ghostty, you hit libghostty-vt -> GPU rendering, which is external), you still have to buy into terminal semantics. in my experience, since I was trying to replicate mosh with libghostty-vt as the parser, what happened was that my optimized re-rendering kept getting increasingly coupled to terminal semantics (and the UDP state update model too), otherwise I'd have to send the entire terminal grid over the network like, every time.What are the tricks for making this both performant and not like, utter cancer? You have a harder issue here too (similar to tmux) in that certain optimizations are just not available to you, or you have to translate (literally geometrically) certain instructions

What are the tricks for making this both performant and not like, utter cancer? You have a harder issue here too (similar to tmux) in that certain optimizations are just not available to you, or you have to translate (literally geometrically) certain instructions

reply

For Ghostel, libghostty-vt is the source of truth and the architecture is essentially that we serve input to the PTY and the PTY serves output to libghostty-vt which builds out the state in the form of a terminal screen structure. The goal is then to keep the contents of an Emacs buffer up to date to this terminal screen without replace the entire thing every time we redraw. We make use of mainly two things in order to do as little work as possible:
- Scrollback is immutable and thus never has to be modified unless it's evicted, alt screen is activated, dimensions change etc.
- libghostty-vt maintains row level dirty flags that we scan to make sure we're only replacing lines that have actually changed.So for the rendering part, we're only diffing the grid state against the buffer, not doing anything based on terminal semantics per se, parser events that draw to the screen are passed straight to the terminal handler. But of course, certain things we need to hook into such as directory and title changes, of clipboard events etc.Might also add that we're using the direct Zig API, not the C API, which means we have access to things that aren't exposed in the C API.

So for the rendering part, we're only diffing the grid state against the buffer, not doing anything based on terminal semantics per se, parser events that draw to the screen are passed straight to the terminal handler. But of course, certain things we need to hook into such as directory and title changes, of clipboard events etc.Might also add that we're using the direct Zig API, not the C API, which means we have access to things that aren't exposed in the C API.

Might also add that we're using the direct Zig API, not the C API, which means we have access to things that aren't exposed in the C API.

reply

That being said, there are still some rough edges. Sometimes it fails to properly clear the terminal, leaving junk at the top of the buffer before the currrent prompt line. And on a couple of occasions it has totally frozen, with no fix other than killing the buffer and starting over.Overall, it's very promising and totally usable as a daily driver, but it needs a bit of polish and bug fixes before I would consider it mature.

Overall, it's very promising and totally usable as a daily driver, but it needs a bit of polish and bug fixes before I would consider it mature.

reply

The junk at the top of the screen sounds like it could be https://github.com/dakra/ghostel/issues/495 and it should be fixed on later versions. But maybe you're seeing another bug. The tricky part is replicating the libghostty-vt internal data into an Emacs buffer while only replacing the parts that need to be replaced. We have property based tests to exercise this a lot, but sometimes things slip through.The latest released version as I'm writing this should have improved lifecycle handling, so maybe it also fixes some of your issues.As you say, the project is still in the early phase so hopefully, we can iron things out over time.

The latest released version as I'm writing this should have improved lifecycle handling, so maybe it also fixes some of your issues.As you say, the project is still in the early phase so hopefully, we can iron things out over time.

As you say, the project is still in the early phase so hopefully, we can iron things out over time.

reply

I do see a similar issue, where when I switch to the ghostel buffer and it wasn't visible before, the text is scrambled. I'll check if I can find a way to reliably reproduce it.

reply

When are you mostly seeing this? With agent TUIs?

reply

Yes, that sounds like the same issue. I'll update to the latest version and see if it's resolved. And thanks for your work on this package, it's been a real game-changer for me!

reply

reply

And I would also prefer if the link went to https://github.com/dakra/ghostel
instead of the documentation which is not that helpful if you don't know what the project is.

reply

reply

reply

It's not the same as expecting the reader to know what a terminal is, just in case anyone was thinking of going there next.

reply

It's a weird flex to insist that the titles should always be extremely descriptive. It is already meaningful for the respected audience. Otherwise you can endlessly argue that a florist may not understand what ""terminal"" and ""emulator"" are, therefore it should be more descriptive for an occasional florist vising HN. For anyone who doesn't know what .el stands for, they'd click, see it's about Emacs and if not interested - close the tab and forget about it. Takes maybe a second. Not even a smallest imaginable deal - not big at all.

reply

Can someone help who's used both help me, what's the elevator pitch for this, why is it worth checking out?

reply

The only feature of Ghostty that I now miss in Kitty: setting the text size of each window pane independently. Oh and the slightly smoother quake terminal, even though I don't use that much.Ghostty makes some choices that I personally find bizarre. For one, on macOS, cmd+, opens config in textedit instead of in $EDITOR. Another is there isn't a key action for moving panes; you need to use the mouse. At least half of the config options are platform-specific. And weirdest of all scripting is limited and can only really be done with (get this) AppleScript.So, like I surmised (and I could be wrong, of course), Ghostty is just a nice terminal that lives alongside your other apps; Kitty is powerful enough to practically act like a second desktop environment (that is also cross-platform).Of course, this post is about libghostty, the underlying term emulator library. And that is an amazing contribution to the ecosystem! Zmx, herdr, soon neovim, now emacs, hopefully someday Zed – so many things can now embed an amazingly performant terminal

Ghostty makes some choices that I personally find bizarre. For one, on macOS, cmd+, opens config in textedit instead of in $EDITOR. Another is there isn't a key action for moving panes; you need to use the mouse. At least half of the config options are platform-specific. And weirdest of all scripting is limited and can only really be done with (get this) AppleScript.So, like I surmised (and I could be wrong, of course), Ghostty is just a nice terminal that lives alongside your other apps; Kitty is powerful enough to practically act like a second desktop environment (that is also cross-platform).Of course, this post is about libghostty, the underlying term emulator library. And that is an amazing contribution to the ecosystem! Zmx, herdr, soon neovim, now emacs, hopefully someday Zed – so many things can now embed an amazingly performant terminal

So, like I surmised (and I could be wrong, of course), Ghostty is just a nice terminal that lives alongside your other apps; Kitty is powerful enough to practically act like a second desktop environment (that is also cross-platform).Of course, this post is about libghostty, the underlying term emulator library. And that is an amazing contribution to the ecosystem! Zmx, herdr, soon neovim, now emacs, hopefully someday Zed – so many things can now embed an amazingly performant terminal

Of course, this post is about libghostty, the underlying term emulator library. And that is an amazing contribution to the ecosystem! Zmx, herdr, soon neovim, now emacs, hopefully someday Zed – so many things can now embed an amazingly performant terminal

reply

reply

It also installs a repeat-mode map, so if you see 3 url or file links as
output you can just `C-c C-p p p RET` and it will open the first link.I use that feature all the time.

I use that feature all the time.

reply

reply

reply

reply

reply

reply

reply

But like people coming to Emacs from Neovim may get confused why is nvim +term has only two modes, but this one has 5, what's the point? Without clearly understanding the problem, the knee-jerk reaction might be ""this thing is an over-engineered BS"", while in truth Ghostel isn't more complex because it's over-engineered - it's more complex because it solves more of the problem - the extra modes are opt-in tools for tasks nvim simply doesn't address. But it's not super clear how in practice use that leverage efficently.

reply

I know you know them but I list the 5 modes quick here for readers:- semi-char: The default, where most keys go to the terminal but some common Emacs prefixes (M-x, C-c) go to Emacs- char-mode: ALL keys go to the terminal. This way you can run e.g. Emacs inside Emacs.- copy-/emacs-mode: This makes the whole buffer a pure read-only Emacs buffer and all keys go to Emacs. The difference between copy and emacs-mode is that copy freezes the terminal output (comes originally from vterm), while in emacs-mode new output keeps coming in (adopted from eat).- line-mode: It's like `M-x shell`, everything goes to Emacs but it's not read only but you can type text on the prompt. But nothing is send to the terminal until you press return.> why is nvim +term has only two modes, but this one has 5I haven't used the neovim terminal, but I guess you can compare vim insert-mode with semi-char and normal-mode with copy-mode. And surely they have a char-mode as well, or can you not run nvim inside nvim (without having to press some quote key all the time)?That would leave only line-mode as the odd one out.> But it's not super clear how in practice use that leverage efficentlyAs with all Emacs things, that's highly personal.Currently, I use semi-char mostly and switch to copy-mode to select/copy stuff.Very rarely do I use char or line-mode.

- semi-char: The default, where most keys go to the terminal but some common Emacs prefixes (M-x, C-c) go to Emacs- char-mode: ALL keys go to the terminal. This way you can run e.g. Emacs inside Emacs.- copy-/emacs-mode: This makes the whole buffer a pure read-only Emacs buffer and all keys go to Emacs. The difference between copy and emacs-mode is that copy freezes the terminal output (comes originally from vterm), while in emacs-mode new output keeps coming in (adopted from eat).- line-mode: It's like `M-x shell`, everything goes to Emacs but it's not read only but you can type text on the prompt. But nothing is send to the terminal until you press return.> why is nvim +term has only two modes, but this one has 5I haven't used the neovim terminal, but I guess you can compare vim insert-mode with semi-char and normal-mode with copy-mode. And surely they have a char-mode as well, or can you not run nvim inside nvim (without having to press some quote key all the time)?That would leave only line-mode as the odd one out.> But it's not super clear how in practice use that leverage efficentlyAs with all Emacs things, that's highly personal.Currently, I use semi-char mostly and switch to copy-mode to select/copy stuff.Very rarely do I use char or line-mode.

- char-mode: ALL keys go to the terminal. This way you can run e.g. Emacs inside Emacs.- copy-/emacs-mode: This makes the whole buffer a pure read-only Emacs buffer and all keys go to Emacs. The difference between copy and emacs-mode is that copy freezes the terminal output (comes originally from vterm), while in emacs-mode new output keeps coming in (adopted from eat).- line-mode: It's like `M-x shell`, everything goes to Emacs but it's not read only but you can type text on the prompt. But nothing is send to the terminal until you press return.> why is nvim +term has only two modes, but this one has 5I haven't used the neovim terminal, but I guess you can compare vim insert-mode with semi-char and normal-mode with copy-mode. And surely they have a char-mode as well, or can you not run nvim inside nvim (without having to press some quote key all the time)?That would leave only line-mode as the odd one out.> But it's not super clear how in practice use that leverage efficentlyAs with all Emacs things, that's highly personal.Currently, I use semi-char mostly and switch to copy-mode to select/copy stuff.Very rarely do I use char or line-mode.

- copy-/emacs-mode: This makes the whole buffer a pure read-only Emacs buffer and all keys go to Emacs. The difference between copy and emacs-mode is that copy freezes the terminal output (comes originally from vterm), while in emacs-mode new output keeps coming in (adopted from eat).- line-mode: It's like `M-x shell`, everything goes to Emacs but it's not read only but you can type text on the prompt. But nothing is send to the terminal until you press return.> why is nvim +term has only two modes, but this one has 5I haven't used the neovim terminal, but I guess you can compare vim insert-mode with semi-char and normal-mode with copy-mode. And surely they have a char-mode as well, or can you not run nvim inside nvim (without having to press some quote key all the time)?That would leave only line-mode as the odd one out.> But it's not super clear how in practice use that leverage efficentlyAs with all Emacs things, that's highly personal.Currently, I use semi-char mostly and switch to copy-mode to select/copy stuff.Very rarely do I use char or line-mode.

- line-mode: It's like `M-x shell`, everything goes to Emacs but it's not read only but you can type text on the prompt. But nothing is send to the terminal until you press return.> why is nvim +term has only two modes, but this one has 5I haven't used the neovim terminal, but I guess you can compare vim insert-mode with semi-char and normal-mode with copy-mode. And surely they have a char-mode as well, or can you not run nvim inside nvim (without having to press some quote key all the time)?That would leave only line-mode as the odd one out.> But it's not super clear how in practice use that leverage efficentlyAs with all Emacs things, that's highly personal.Currently, I use semi-char mostly and switch to copy-mode to select/copy stuff.Very rarely do I use char or line-mode.

> why is nvim +term has only two modes, but this one has 5I haven't used the neovim terminal, but I guess you can compare vim insert-mode with semi-char and normal-mode with copy-mode. And surely they have a char-mode as well, or can you not run nvim inside nvim (without having to press some quote key all the time)?That would leave only line-mode as the odd one out.> But it's not super clear how in practice use that leverage efficentlyAs with all Emacs things, that's highly personal.Currently, I use semi-char mostly and switch to copy-mode to select/copy stuff.Very rarely do I use char or line-mode.

I haven't used the neovim terminal, but I guess you can compare vim insert-mode with semi-char and normal-mode with copy-mode. And surely they have a char-mode as well, or can you not run nvim inside nvim (without having to press some quote key all the time)?That would leave only line-mode as the odd one out.> But it's not super clear how in practice use that leverage efficentlyAs with all Emacs things, that's highly personal.Currently, I use semi-char mostly and switch to copy-mode to select/copy stuff.Very rarely do I use char or line-mode.

That would leave only line-mode as the odd one out.> But it's not super clear how in practice use that leverage efficentlyAs with all Emacs things, that's highly personal.Currently, I use semi-char mostly and switch to copy-mode to select/copy stuff.Very rarely do I use char or line-mode.

> But it's not super clear how in practice use that leverage efficentlyAs with all Emacs things, that's highly personal.Currently, I use semi-char mostly and switch to copy-mode to select/copy stuff.Very rarely do I use char or line-mode.

As with all Emacs things, that's highly personal.Currently, I use semi-char mostly and switch to copy-mode to select/copy stuff.Very rarely do I use char or line-mode.

Currently, I use semi-char mostly and switch to copy-mode to select/copy stuff.Very rarely do I use char or line-mode.

Very rarely do I use char or line-mode.

reply

reply

I have opened right now about a dozen Ghostty windows and about 20 tabs in each window, i.e. more than 100 shell instances.I have started in as many of them as I could, before becoming too bored, a ""ls -lR"" on a file system with many millions of files.I could not see any problem, much less any crash. I have been using Ghostty for a few months, very intensively, all day long, and I have not seen any crash or other suspicious behavior.If you have seen a crash, perhaps there was either some specific version of Ghosstty that had a bug, or, more likely, some weird interaction with some other software that you have, and which might be buggy, e.g. the GPU driver. (I am using an NVIDIA GPU.)

I have started in as many of them as I could, before becoming too bored, a ""ls -lR"" on a file system with many millions of files.I could not see any problem, much less any crash. I have been using Ghostty for a few months, very intensively, all day long, and I have not seen any crash or other suspicious behavior.If you have seen a crash, perhaps there was either some specific version of Ghosstty that had a bug, or, more likely, some weird interaction with some other software that you have, and which might be buggy, e.g. the GPU driver. (I am using an NVIDIA GPU.)

I could not see any problem, much less any crash. I have been using Ghostty for a few months, very intensively, all day long, and I have not seen any crash or other suspicious behavior.If you have seen a crash, perhaps there was either some specific version of Ghosstty that had a bug, or, more likely, some weird interaction with some other software that you have, and which might be buggy, e.g. the GPU driver. (I am using an NVIDIA GPU.)

If you have seen a crash, perhaps there was either some specific version of Ghosstty that had a bug, or, more likely, some weird interaction with some other software that you have, and which might be buggy, e.g. the GPU driver. (I am using an NVIDIA GPU.)

reply

reply

reply

reply

I explained why it's not in the package in https://news.ycombinator.com/item?id=48881722For all Emacs package updates, it's best of course to check the source what's changed and then you can compile yourself.PS, I also think Emacs is one of the few ecosystems where people actually
check what changed. It's not like npm where you have a million of deps unreviewed pulled in.Personally I use borg and always at least quick check what changed, and most Emacs
package managers have a similar feature.

For all Emacs package updates, it's best of course to check the source what's changed and then you can compile yourself.PS, I also think Emacs is one of the few ecosystems where people actually
check what changed. It's not like npm where you have a million of deps unreviewed pulled in.Personally I use borg and always at least quick check what changed, and most Emacs
package managers have a similar feature.

PS, I also think Emacs is one of the few ecosystems where people actually
check what changed. It's not like npm where you have a million of deps unreviewed pulled in.Personally I use borg and always at least quick check what changed, and most Emacs
package managers have a similar feature.

Personally I use borg and always at least quick check what changed, and most Emacs
package managers have a similar feature.

reply

Why? Keep it a part of distribution.

reply

That means we would have to check in the module binary for all platforms (>10MB together) if we want that it comes with the distribution.Also looking at e.g. jinx, another popular package that uses Emacs native modules, it does it like vterm and offers to compile on first usage.So as a Emacs package author, for a user friendly installation you can realistically only offer
to download or compile on first use.

Also looking at e.g. jinx, another popular package that uses Emacs native modules, it does it like vterm and offers to compile on first usage.So as a Emacs package author, for a user friendly installation you can realistically only offer
to download or compile on first use.

So as a Emacs package author, for a user friendly installation you can realistically only offer
to download or compile on first use.

reply

reply

reply

Unfortunately, millions of lines of scrolling text are no longer unusual, especially when you frequently compile big software projects. The use of high-resolution monitors has also been normal for many years.Instant window rendering is addictive, so now I would never return from a fast terminal emulator like ghostty to an older video terminal emulator. The last terminal emulator that I had been using before ghostty was kitty, which was also pretty fast in comparison with traditional terminal emulators, but I like ghostty more.

Instant window rendering is addictive, so now I would never return from a fast terminal emulator like ghostty to an older video terminal emulator. The last terminal emulator that I had been using before ghostty was kitty, which was also pretty fast in comparison with traditional terminal emulators, but I like ghostty more.

reply

reply

reply

If you do not want to or you cannot install the terminfo data, there is the easy workaround to put in your shell initialization script on the remote computer something like ""export TERM=xterm-256color"".Ghostty aims to be completely compatible with xterm, so everything should work fine after setting thus TERM, only the newer features of ghostty will not be available.

Ghostty aims to be completely compatible with xterm, so everything should work fine after setting thus TERM, only the newer features of ghostty will not be available.

reply

reply

As it copies stuff to a remote host, automatic ssh injection is disabled by default but you can enable it by setting `ghostel-tramp-shell-integration` to true.For manual setup you can just copy a few lines from the manual in your shell:
https://dakra.github.io/ghostel/#orgfea0bed

For manual setup you can just copy a few lines from the manual in your shell:
https://dakra.github.io/ghostel/#orgfea0bed

reply","{'href': 'https://news.ycombinator.com', 'title': 'Hacker News'}","technology"
"https://news.google.com/rss/search?q=site:ycombinator.com","[flagged] Billion Dollar PDFs","https://news.ycombinator.com/item?id=48886065","Mon, 13 Jul 2026 00:23:53 GMT","

reply

aight imma head out

reply

reply

reply

reply

reply

reply

reply

reply

reply

I'm asking specifically about claims that those papers have harmed society. Not cop-outs like “the author does things I don't like”.

reply

reply

reply

The link to the original for Scion Capital is a 404 FYI: https://billiondollarpdf.com/entry/burry-scion-subprime/ - the original seems to be included towards the end in the PDF at the top of https://www.michael-burry.com/scion-capital-michael-burrys-l... and is fascinating reading.What does ""strict receipt"" mean? Every entry seems to be labelled ""strict receipt"".EDIT: The Warren Buffett one is also a 404: https://billiondollarpdf.com/entry/superinvestors-graham-dod... - what's going on? Are people taking these PDFs down in response to high traffic from this site? Or you put these links up without checking them?https://www.superinvesting.com/pdf/The-Superinvestors-of-Gra...

What does ""strict receipt"" mean? Every entry seems to be labelled ""strict receipt"".EDIT: The Warren Buffett one is also a 404: https://billiondollarpdf.com/entry/superinvestors-graham-dod... - what's going on? Are people taking these PDFs down in response to high traffic from this site? Or you put these links up without checking them?https://www.superinvesting.com/pdf/The-Superinvestors-of-Gra...

EDIT: The Warren Buffett one is also a 404: https://billiondollarpdf.com/entry/superinvestors-graham-dod... - what's going on? Are people taking these PDFs down in response to high traffic from this site? Or you put these links up without checking them?https://www.superinvesting.com/pdf/The-Superinvestors-of-Gra...

https://www.superinvesting.com/pdf/The-Superinvestors-of-Gra...

reply

Maybe these are more million dollar PDFs than billion dollar ones, if only because there's enough VC money churning around for ""friends"" to give any idea by people in a certain segment a minimum of funding no matter how bad it is.

reply

reply

reply

Wouldn't it be interesting to learn an influential work that changed how health care professionals run hospitals? Or a document that changed how mining works? A paper on Wright's theory of manufacturing scaling that explains the solar revolution? A thesis on how the world's factories moved from pneumatics to servo systems and why? How a policy thesis changed federal regulators' approach to approving rare disease drugs? Maybe Hayek's views on socialism and information theory, or perhaps an influential thesis on how antitrust monopoly regulation should work?But instead it's a bunch of crypto and AI stuff that everyone in tech already knows about, rewarmed again for its hundredth serving.

But instead it's a bunch of crypto and AI stuff that everyone in tech already knows about, rewarmed again for its hundredth serving.

reply

reply

[1] https://x.com/jeremygiffon/status/1965535859073319334

reply

edit: same with youtube

reply

reply

reply

reply

god i hate this so much

reply","{'href': 'https://news.ycombinator.com', 'title': 'Hacker News'}","technology"
"https://news.google.com/rss/search?q=site:gizmodo.com","Sam Neill, Star of ‘Jurassic Park' and ‘Event Horizon,' Has Died","https://gizmodo.com/sam-neill-star-of-jurassic-park-and-event-horizon-has-died-2000784556","Mon, 13 Jul 2026 06:41:20 GMT","


                Reading time 3 minutes
      

Sam Neill, one of the most versatile, charismatic, and recognizable actors in the world, passed away Monday morning at the age of 78.

“It is with immense sadness that the whānau of Sam Neill share the news of his passing on Monday 13th July, in Sydney, Australia,” a post on Neill's official Instagram read. “Sam was surrounded by family and passed with the dignity that has characterized his whole life. The loss was sudden and unexpected, but blessed by the fact that Sam remained cancer-free. They would like to express their deepest gratitude to the staff at St Vincent's Private Hospital for their incredible care. More details will be shared later, but for now, on behalf of the family, we ask that you respect their privacy as they navigate this immeasurable loss.”

Born in 1947, Neill began acting in the mid-1970s, with one of his most notable early roles being the devilish Damien on Omen III: The Final Conflict. From there, he crafted a vast and varied career with roles in the George Miller-produced Dead Calm, alongside Sean Connery in The Hunt for Red October, and in John Carpenter's Memoirs of an Invisible Man, to name a few.

By the early 1990s, Neill had become famous and recognizable enough to be cast in the role that would define his entire career, Dr. Alan Grant in Steven Spielberg's Jurassic Park. Neill gave Grant an incredible blend of aw-shucks enthusiasm, infinite curiosity, and relatable bravery, instantly creating a truly timeless character. Who can forget the way he took off those sunglasses or described velociraptor dinner? The character returned in Jurassic Park III and, most recently, in Jurassic World Dominion, when io9 got a chance to speak with him.

“It's interesting. You don't get many chances to play one character over 30 years. That's pretty strange, isn't it?” Neill told us. “But I think it's true for all three of those legacy characters, [myself], Laura, and Jeff. Jeff's character is still really annoying and won't shut up, and Alan finds him infuriating. He's still hopelessly in love with Ellie. So things haven't changed that much. They're just older and not much wiser.”

As Neill got older and wiser, his career continued to be diversee and wonderful. He followed up Jurassic Park with another long list of incredible roles in work such as John Carpenter's In the Mouth of Madness, Paul Anderson's Event Horizon, the popular magic miniseries Merlin,  Robert Redford's The Horse Whisperer, and so many more. By then, every time you saw Sam Neill's name on a poster, you trusted that the movie would be good, because he was that good.

More recently, Neill collaborated with fellow New Zealander Taika Waititi for several films, most notably Hunt for the Wilderpeople. In that film, Neill once again showed that even near the end of his career, he could still deliver an incredibly rounded, profound heroic performance. And, along the way, he was always wonderful and humble.

Case in point, we'll never get over this story Neill told us back in 2022. “I was walking through a shopping center the other day, a big shopping mall, and there was this music playing. And I thought, ‘That's kind of familiar music.' And the person I was with said, ‘Do you recognize this music?' I said, ‘It seems familiar.' And they said, ‘You're so silly; this is the theme for Jurassic Park, for goodness sake.' Oh, yeah, you're right. You're right.”

Next year, Neill will be seen in the film Godzilla X Kong: Supernova. So at least we aren't done seeing him on the big screen. But the world is a less beautiful place today than it was yesterday.

Want more io9 news? Check out when to expect the latest Marvel, Star Wars, and Star Trek releases, what's next for the DC Universe on film and TV, and everything you need to know about the future of Doctor Who.

Explore more on these topics


  Share this story



        Subscribe and interact with our community, get up to date with our customised Newsletters and much more.
      




          Stay cool and enjoy the long, sunny days ahead with these gadgets to upgrade your life this summer and beyond.
        


          Nilsson went from training Swedish weightlifters for the Olympics to playing a villain in one of the most important 'Mad Max ' movies.
        


          The former child star died of complications related to meningitis.
        


          Kerry helped bring Tinker Bell to life for 'Peter Pan,' and the fairy's gone one to become one of Disney's most enduring mascots.
        


          Head starred as fan-favorite Giles alongside Sarah Michelle Gellar on the cult-beloved TV series.
        


          Oft described as the beating heart of 'Star Wars,' Marcia Lucas' editing work includes 'Taxi Driver,' American Grafitti,' and more.
        

©2026 GIZMODO USA LLC.

All rights reserved.","{'href': 'https://gizmodo.com', 'title': 'Gizmodo'}","technology"
"https://news.google.com/rss/search?q=site:medscape.com","When Doctors Tell Their Stories","https://www.medscape.com/viewarticle/when-doctors-tell-their-stories-2026a1000njr?src=","Mon, 13 Jul 2026 09:32:39 GMT","

COMMENTARY

Arya Anthony Kamyab, MBBS

Clinical Radiology Registrar, Oxford University Hospitals

Clinical Radiology Registrar, Oxford University Hospitals

The BBC medical comedy-drama This Is Going to Hurt captures a social predicament that we have all found ourselves in as doctors. Fresh from an exhausting shift, Adam Kay — played by Ben Whishaw — finds himself at an uptown dinner party with his old friend Greg and Greg's partner, Emma. Trying to drift the conversation away from the sort of small talk that can feel strangely detached after a day spent dealing with illness, Greg asks Adam to recount one of his more memorable cases. Adam obliges with the story of a patient who sustained a degloving injury to his crown jewels after sliding down a lamppost.

What follows is the interesting bit. Greg leans in, fascinated, eager for every gruesome detail. Emma, meanwhile, is visibly horrified, eventually cutting him off with a firm, “Gregory, enough!”.

This scene perfectly captures the differing responses to medical stories when doctors engage in them. There are the “Gregs” of the world, who love to know what unfolds behind hospital doors — they may even have a guilty pleasure for medical dramas and documentaries. They ask questions, laugh at the absurdity that often accompanies our stories, and view unusual cases with a mix of curiosity and disbelief. 

For them, these stories offer a glimpse into a world that is completely unfamiliar — a form of arm's-length entertainment that can be enjoyed without having to take on the emotional responsibility that accompanies life as a doctor.

It is impossible to sit around a group of medics for longer than 5 minutes without the conversation turning to a medical case. Sometimes doctors forget their proclivity to do this until the non-medic at the table brings it to their attention with a pointed remark. Notice what we do when we recount stories: We try to unpack the uncertainty associated with our clinical encounters or even seek validation or feedback on our practice. Storytelling has always been one of our oldest methods of processing uncertainty. 

Narrative is found in all corners of our profession from bedside teaching, morbidity and mortality meetings, grand rounds, or even academically in case reports. We may aspire to objectivity, but we think in stories. So we may say that medicine becomes understandable when doctors tell stories.We take messy histories that rarely present as the textbooks tell us and reconstruct these narratives, comparing them with others we have heard in the past. 

If we're honest, doctors are not entirely innocent participants in this dynamic of dinner-table medicine. Medicine produces an endless supply of stories that defy belief, and there is something satisfying in telling them well. It may even be cathartic, allowing us to process emotionally charged experiences.

We may often compare our profession with lawyers, programmers, accountants, engineers, and the like in many different ways, but when it comes to the “storytelling factor,” few professions generate conversations that can instantly command the attention of an entire dinner table like medicine. 

This makes Greg's fascination understandable. You will never remove the public's enduring curiosity about medicine as a world separate from ordinary experience. The number of new medical dramas and documentaries is a testament to this. 

The “Emma” response is also worth dwelling on. Some people have little appetite for the realities of clinical practice, preferring that such experiences remain firmly within the walls of the hospital. Now, that instinct is understandable given what we do…

Even within medicine, many clinicians gravitate towards specialties that align with their own tolerance for blood, trauma, or emotional intensity. Yet the impulse to recoil and turn away from the mere mention of these experiences is an interesting one.

Perhaps it reflects an expectation in society that doctors should embrace the full spectrum of human suffering during the working day and somehow leave it behind and “cleanse” themselves before stepping into ordinary social life. We ask doctors to witness the most intimate and distressing moments of other people's lives, while expecting those experiences to leave no trace once they leave the hospital.

The Emmas of the world expect doctors to confront suffering but often prefer not to be reminded that suffering exists. Now, importantly, this is not to moralise on these perspectives and to say one is right or wrong. This is to offer a descriptive account of how individuals in society view doctors. 

There may be value in occasionally allowing these stories to cross that boundary. At their best, medical anecdotes are not simply tales of gore or misfortune. They remind us of the unpredictability of the human body and the remarkable situations that clinicians navigate on a daily basis. 

So maybe we should be offering those outside medicine a rare glimpse into realities that most people never encounter firsthand, and in doing so, they may foster a greater appreciation of the profession and, perhaps, lead to a more interesting dinner party.

Arya Anthony Kamyab is a foundation year 2 doctor working in the North East of England. You can follow him on Instagram @aryak.writes. 

Any views expressed above are the author's own and do not necessarily reflect the views of WebMD/Medscape or its affiliates.

All material on this website is protected by copyright, Copyright © 1994-2026 by WebMD LLC. This website also contains material copyrighted by 3rd parties.","{'href': 'https://www.medscape.com', 'title': 'Medscape'}","health"
"https://news.google.com/rss/search?q=site:medscape.com","Guidance Aids Adjunctive Incretin Use in Type 1 Diabetes","https://www.medscape.com/viewarticle/guidance-aids-adjunctive-incretin-use-type-1-diabetes-2026a1000nk1","Mon, 13 Jul 2026 09:18:56 GMT","

Miriam E. Tucker

NEW ORLEANS — Incretin-based therapies have not yet been approved for type 1 diabetes (T1D), but they are increasingly being used off-label. Clinicians and patients are eagerly awaiting news from randomized clinical trials to verify safety and efficacy so these treatments can be approved.

It therefore seemed like good news when results of a phase 2 clinical trial showed that a novel investigational GLP-1/glucose-dependent insulinotropic polypeptide (GIP) receptor agonist (RA), acmopatide (CT-868), reduced weight, insulin use, and A1c levels in patients with T1D.

In the trial, 111 adults with T1D who had a BMI ≥ 27 were randomly assigned to receive the drug in doses of 1.8 mg, 4.1 mg, or 6.6 mg or placebo for 16 weeks.

The 4.1-mg dose reduced A1c by 0.34 percentage points from a baseline 7.5%, and 56% achieved an A1c < 7.0%. Weight was reduced by up to 7% and insulin doses were reduced by up to 15% compared with placebo. There were no major safety concerns.

Despite these findings, which were presented at the American Diabetes Association (ADA) 2026 Scientific Sessions, the manufacturer, Roche (which had acquired the drug's developer Carmot Therapeutics), decided not to move forward with the drug, citing business reasons. One of the speakers announced the decision at the end of the hour-long session.

The news came as a disappointment to those at the meeting.

Nicholas B. Argento, MD, an endocrinologist in Columbia, Maryland, whose practice focuses on T1D, expressed dismay at the manufacturer's decision not to bring acmopatide forward.

“It's shameful that something with these kinds of results is not being brought to market,” he said.

Argento, who often prescribes GLP-1s to his patients with T1D, said that “the difficulty with off-label is getting coverage.”

Insurance coverage is “hit or miss,” and when it doesn't work, patients who can afford it will often self-pay “but that's beyond the reach of most people.”

Session speaker Klara Klein, MD, PhD, assistant professor in the Division of Endocrinology and Metabolism at the University of North Carolina at Chapel Hill (UNC-Chapel Hill), told Medscape Medical News that despite Roche's decision not to go ahead, she thinks “these data are very important.”

“There is every reason to be extremely excited about the possibility of these therapies for people with [T1D],” she said.

Of course, “from a clinician standpoint, we need these drugs to be evaluated for safety and efficacy,” added Klein, who is director of the Endocrinology, Diabetes, and Obesity Clinical Research Unit at UNC-Chapel Hill. “We need to have them approved because there are obviously clear benefits.”

In order to help clinicians who are prescribing these medications in T1D, new guidelines — “Adjunctive Treatment with GLP-1 and Dual GLP-1/GIP Receptor Agonists for People with Type 1 Diabetes: Consensus Report and Practical Guidelines for Safe Use” — were published recently in Diabetes Technology & Therapeutics.

The effort was initiated and funded by the diaTribe Foundation, with endorsement from the Advanced Technologies & Treatments for Diabetes, IDF Europe, American Association of Clinical Endocrinology, Breakthrough T1D, International Society for Pediatric and Adolescent Diabetes, and the Association of Diabetes Care & Education Specialists.

“Without regulatory approval for the T1D indication, access and opportunities for people with T1D to engage with important education regarding the safety of GLP-1 and GLP-1/GIP RA therapy may be limited,” first author Satish K. Garg, MD, founder and director of the Adult Clinic of the Barbara Davis Center for Diabetes at the University of Colorado in Aurora, and colleagues wrote.

There is concern about lack of support for optimized diabetes management along with expected insulin dose changes, with potential safety risks including hypoglycemia or hyperglycemia-related ketosis, the authors noted.

Both obesity and cardiovascular disease are common in people with T1D, said Garg, noting that weekly semaglutide and tirzepatide are available for people with T1D via the obesity indication.

The new guidance addresses the use of both adjunctive GLP-1 and dual GLP-1/GIP RAs in people with T1D.

The recommendations include:

The document also advises payers to limit out-of-pocket costs and support access to GLP-1 and GLP-1/GIP RA therapy for those who are most likely to benefit due to obesity/insulin resistance and/or elevated cardiovascular risk.

The paper also summarizes the evidence to date, mostly from observational trials, finding significant long-term (> 12 months) weight loss, A1c reduction, and benefits in surrogate cardiovascular disease markers with GLP-1 and GLP-1/GIP RA use in adults and adolescents with T1D.

One small randomized trial showed such benefits with semaglutide, and Eli Lilly is currently conducting a larger phase 3 randomized trial of tirzepatide in people with T1D.

Garg has received consulting fees and honoraria for participation on advisory boards for Medtronic, Roche Diagnostics, Abbott Diabetes Care, Dexcom, Novo Nordisk, Vertex, and Eli Lilly and research grants from Eli Lilly, Novo Nordisk, Medtronic, and Dexcom. He has also received support for attending meetings or travel from Abbott Diabetes Care, Dexcom, Eli Lilly, and Novo Nordisk. Klein has consulted for Antag Therapeutics, Metsera, Novo Nordisk, Roche Pharmaceuticals, and vTv Therapeutics. She has received research-related contracts paid to her institution from Bayer, Boehringer Ingelheim, Carmot, Diasome, Eli Lilly, GentiBio, Novo Nordisk, Rhythm Pharmaceuticals, Roche Pharmaceuticals, and vTv Therapeutics. Argento reported being a speaker for Eli Lilly, Novo Nordisk, and Boehringer Ingelheim.

Miriam E. Tucker is a freelance journalist based in the Washington, DC, area. She is a regular contributor to Medscape, with other work appearing in The Washington Post, NPR's Shots blog, and diaTribe. She is on X @MiriamETucker and BlueSky @miriametucker.bsky.social.

Send comments and news tips to news@medscape.net.

All material on this website is protected by copyright, Copyright © 1994-2026 by WebMD LLC. This website also contains material copyrighted by 3rd parties.","{'href': 'https://www.medscape.com', 'title': 'Medscape'}","health"
"https://news.google.com/rss/search?q=site:medscape.com","Screen All With Diabetes for Peripheral Vascular Disease?","https://www.medscape.com/viewarticle/screen-all-diabetes-peripheral-vascular-disease-2026a1000nju","Mon, 13 Jul 2026 09:30:56 GMT","

Miriam E. Tucker

Should all adults with diabetes, including those who are asymptomatic, be screened for peripheral vascular disease (PAD)?

According to Shihchen Kuo, RPh, PhD, associate research scientist of internal medicine at the University of Michigan Medical School in Ann Arbor, Michigan, the answer is no. Screening asymptomatic adults with diabetes for PAD isn't supported by the evidence, has potential harms, and won't change treatment, said Kuo, who debated the question at the American Diabetes Association (ADA) 2026 Scientific Sessions.

Taking the opposite side, Naomi Hamburg, MD, MS, the Joseph A. Vita Professor of medicine and chief of vascular biology at Boston University Chobanian & Avedisian School of Medicine in Boston, argued that testing for PAD would absolutely change outcomes for patients and that currently all stages of PAD are underdiagnosed.

The ADA's current Standards of Care in Diabetes recommend: “In asymptomatic individuals with diabetes and age ≥ 65, microvascular disease in any location, or foot complications, or any end-organ damage from diabetes, screening for PAD with ankle-brachial index (ABI) testing is recommended if a PAD diagnosis would change management.”

Guidance from the American College of Cardiology (ACC) is similar.

The two speakers also had different take on these recommendations.

Kuo began by expressing skepticism that there would be many people who fit the ADA's criteria who are truly asymptomatic, and whether a PAD diagnosis would change management in asymptomatic individuals.

The ADA document cites a cross-sectional German study that found the prevalence of PAD among primary care patients with diabetes aged 65 years or older was 26%; however, 24% were already symptomatic with claudication or had a history of peripheral revascularization or amputation, Kuo pointed out. Others may have had symptoms or signs of PAD that weren't reported, he added.

Moreover, a recent review concluded that to date, no randomized study has compared ABI screening for PAD to unscreened controls, and pointed out that it is unknown whether PAD screening improves limb outcomes, he said.

Even the ADA's document states that prospective, randomized, studies are needed to address whether PAD screening in people with diabetes improves cardiovascular event rates or long-term limb outcomes, Kuo noted.

In fact, the only evidence cited by the 2026 ADA guidance comes from the VIVA randomized controlled trial that compared a “triple” screening for hypertension, abdominal aortic aneurysm, and PAD to no screening in over 50,000 Danish men aged 65-75 years. Screening and subsequent interventions yielded a small but significant 7% risk reduction in all-cause mortality over a median 4.4 years, but there were no differences in cardiovascular mortality or PAD surgery rates, said Kuo.

And because ABI was bundled with two other proven interventions, “it is difficult to determine how much of the benefit was related to ABI screening,” he said, adding that the population was all-Danish, male, and older, and only 10% had diabetes, making the broader applicability questionable.

While the ADA, ACC, and American Heart Association (AHA) all recommend PAD screening with a resting ABI, this comes from nonrandomized studies. An expert ACC analysis noted that PAD is most often suspected based on symptoms or signs, and the assumption that finding PAD in asymptomatic people will lead to treatment changes to lower cardiovascular risk is “speculative,” Kuo said.

Kuo also noted that it's not entirely clear how ABI results should be interpreted, as the ADA standards don't mention cutoff points for defining an abnormal test.

Results of ABI could be misleading in people with diabetes or advanced chronic kidney disease, because medial calcification can cause ankle arteries to become incompressible, resulting in a high ABI. But in those with restricted flow, ABI is low. Thus, “having both may result in a seemingly normal ABI in a patient with PAD,” Kuo said.

Follow-up diagnostic testing such as CT angiography or magnetic resonance angiography may be necessary, but ADA doesn't provide follow-up recommendations.

In the VIVA trial, those with cutoffs of < 0.9 or ≥ 1.4 had repeated ABIs performed within a week.

Meanwhile, potential harms and costs of ABI screening of asymptomatic adults include anxiety, and expense if follow-up testing is ordered. The national average Medicare reimbursement for ABI testing (Current Procedural Terminology code 93922) ranges from $79 to $127, and only when submitted with an International Classification of Diseases-10 code supporting medical necessity based on symptoms and signs.

Treatment of PAD has two potential benefits: preventing cardiovascular disease (CVD) and reducing morbidity and mortality from lower-limb ischemia. But Kuo noted, “interventions to prevent CVD apply to all people with diabetes regardless of PAD.” And recommendations to reduce morbidity and mortality from lower-limb ischemia, such as antiplatelet therapy, vasodilators, and revascularization, all focus on treating symptomatic patients and don't depend on screening for PAD in asymptomatic people, Kuo said.

Indeed, the value of antiplatelet and antithrombotic therapies in asymptomatic PAD is uncertain because the risk for bleeding could offset any lowering of risk for ischemic events. There is also no evidence to support early revascularization in people with asymptomatic PAD, he added.

Hamburg said she prefers the word “testing” to “screening” because people with diabetes are already at increased risk.

She began by showing a photo of Gertrude Campbell, the first Black woman postmaster in Starkville, Mississippi, who developed diabetes in her 50's and lost both her legs to PAD-related amputation, having never been screened for PAD despite receiving prolonged wound care. Campbell went on to become a vocal advocate for PAD awareness.

“I think this is really an emblematic story about how many people who need to be tested for PAD are not being tested,” Hamburg said.

Between 20% and 50% of adults with diabetes have comorbid PAD, and 20% of those undergo incident amputation. According to the ADA's Amputation Prevention Alliance, a limb is amputated due to diabetes in the US every 3 minutes and 30 seconds, she said.

Rates of amputation among people with diabetes rose by 50% from 2009 to 2015 compared with a 22% drop among those without diabetes. And among those who undergo amputations, 50% never had any diagnostic test for vascular disease prior to the amputation.

“Unrecognized and untreated PAD in patients with diabetes drives preventable amputation,” Hamburg said.

She questioned the “asymptomatic” designation, noting that many people with PAD who report burning or numbness in the legs are told “your leg pain is just neuropathy,” and aren't evaluated for PAD. Therefore, many who are classified as “asymptomatic,” actually have functional impairment.

In addition, only about 15% of people with PAD have classic claudication, while atypical symptoms are common. These include leg pain that starts at rest and continues, functional impairment, and multiple types of leg pain, particularly if they also have neuropathy.

Because the distribution of PAD in people with diabetes is often more distal, a pulse examination alone may be insufficient. As Kuo said, the sensitivity of ABI may be lower in people with diabetes due to the medial calcification, at about 50%-60%, Hamburg said. However, the sensitivity of a toe-brachial index is better, at 74%. “So there are ways to evaluate for the presence of PAD, even in people with diabetes,” she added.

Diagnosing PAD does change management, Hamburg asserted. “We live in an exciting time for PAD….There's a lot that's new, both for the treatment of the walking difficulty that people with PAD have, and also for the prevention of cardiovascular events.” The former includes cilostazol for the treatment of intermittent claudication, supervised or home-based exercise, and revascularization. And for the latter, there is strong evidence for statins, ramipril, clopidogrel, GLP-1 agonists, and SGLT2 inhibitors.

In one noteworthy trial called STRIDE, semaglutide significantly improved walking time in people with PAD and T2D. “This is the first treatment that has shown an improvement in walking time other than exercise therapy and cilostazol,” Hamburg commented.

Based, in part, on the COMPASS trial, the ACC and AHA now recommend a combination of low-dose (2.5 mg twice daily) rivaroxaban and low-dose (81-100 mg) aspirin for people with PAD and high ischemic risk and with low bleeding risk, she said. “Of course, this is in patients with symptomatic PAD, but I would argue that if you're not looking for it and asking fully about it and testing for it, you're not going to be able to find the people who are most appropriate for getting these treatments,” she added.

Hamburg concluded with another photo of Campbell, testifying before Congress.

“There is strong evidence that testing for PAD in your patients with diabetes is going to change how they do. You need to ask about any leg symptoms and have a low threshold for sending the people who talk about leg pain for formal testing, just like you would for a patient who tells you about chest pain, where you're doing some simple tests,” she said. “It provides you an important opportunity to intensify therapy to lower the risk of amputation and cardiovascular events.”

Kuo has no disclosures. Hamburg reported having consulting for Fukuda and receiving fund from the AHA and the National Institutes of Health.

Miriam E. Tucker is a freelance journalist based in the Washington DC area. She is a regular contributor to Medscape, with other work appearing in The Washington Post, NPR's Shots blog, and diaTribe. She is on X @MiriamETucker and BlueSky @miriametucker.bsky.social.

Send comments and news tips to news@medscape.net.

All material on this website is protected by copyright, Copyright © 1994-2026 by WebMD LLC. This website also contains material copyrighted by 3rd parties.","{'href': 'https://www.medscape.com', 'title': 'Medscape'}","health"
"https://news.google.com/rss/search?q=site:medscape.com","FDA Expands Pembrolizumab-Enfortumab Vedotin Regimen in MIBC","https://www.medscape.com/viewarticle/fda-expands-pembrolizumab-enfortumab-vedotin-regimen-mibc-2026a1000njg","Mon, 13 Jul 2026 09:21:41 GMT","

Megan Brooks

The FDA has expanded the indication for perioperative pembrolizumab (Keytruda) or subcutaneous pembrolizumab (Keytruda Qlex), each in combination with enfortumab vedotin (Padcev), to include all adults with muscle-invasive bladder cancer (MIBC) who are candidates for radical cystectomy.

The approval, announced July 10, broadens the regimen's previous indication, which was limited to patients who were ineligible for cisplatin-based chemotherapy. The pembrolizumab-based combination is now approved as neoadjuvant therapy before surgery followed by adjuvant treatment after cystectomy, regardless of cisplatin eligibility.

The expanded indication was based on results from the phase 3 KEYNOTE-B15/EV-304 trial, which enrolled 808 patients with previously untreated MIBC who were candidates for radical cystectomy with pelvic lymph node dissection and were eligible for cisplatin-based chemotherapy.

Patients were randomly allocated (1:1) to neoadjuvant pembrolizumab plus enfortumab vedotin followed by surgery and adjuvant pembrolizumab plus enfortumab vedotin or to neoadjuvant gemcitabine plus cisplatin followed by surgery.

The trial met its primary endpoint of event-free survival (EFS). Median EFS was not reached with the pembrolizumab-enfortumab vedotin regimen compared with 48.5 months with gemcitabine-cisplatin (hazard ratio [HR], 0.53; P < .0001).

The pembrolizumab-enfortumab vedotin regimen also significantly improved overall survival (OS), with a 35% reduction in the risk for death (HR, 0.65; P = .0029). At the time of data analysis, median OS had not been reached in either treatment group.

The overall safety profile of the pembrolizumab plus enfortumab vedotin regimen was consistent with previous studies of the combination in advanced urothelial cancer, with no new safety signals identified, the FDA said.

Pembrolizumab labeling includes warnings for immune-mediated adverse reactions, infusion-related reactions, complications of allogeneic hematopoietic stem cell transplantation, and embryo-fetal toxicity, the agency noted.

Enfortumab vedotin carries warnings for skin reactions, hyperglycemia, pneumonitis/interstitial lung disease, peripheral neuropathy, ocular disorders, infusion-site extravasation, and embryo-fetal toxicity.

Full prescribing information will be posted on Drugs@FDA.

The application received priority review and was approved about 5 weeks ahead of its FDA target action date.

Send comments and news tips to news@medscape.net.

All material on this website is protected by copyright, Copyright © 1994-2026 by WebMD LLC. This website also contains material copyrighted by 3rd parties.","{'href': 'https://www.medscape.com', 'title': 'Medscape'}","health"
"https://news.google.com/rss/search?q=fifa+world+cup","World Cup Daily live: Happy Birthday to Lamine Yamal, and the World Cup itself","https://www.espn.com/soccer/story/_/id/49348483/world-cup-daily-live-happy-birthday-lamine-yamal-world-cup-itself","Mon, 13 Jul 2026 08:00:00 GMT","



The semifinal lineup is set: the winners of France vs. Spain and England vs. Argentina will battle it out for the 2026 FIFA World Cup.

Although there are no matches today, there will be no shortage of storylines as the four remaining teams prepare for the biggest games of the tournament and the fact one of the tournament's superstars, Lamine Yamal, is turning 19 is one of them!

Enjoy all the features, news, video analysis and color from around the competition.","{'href': 'https://www.espn.com', 'title': 'ESPN'}","soccer"
"https://news.google.com/rss/search?q=fifa+world+cup","World Cup 2026: Buildup to blockbuster semi-finals, Infantino hints at 64-team expansion","https://www.theguardian.com/football/live/2026/jul/13/world-cup-2026-buildup-to-blockbuster-semi-finals-infantino-hints-at-64-team-expansion-live","Mon, 13 Jul 2026 08:25:39 GMT","

Latest news as final week of World Cup gets under way

Power rankings | Sign up to Football Daily | Email us

“What you said earlier really strikes a chord with me,” says Patrick Treacy. “I was also seven in 1986 and that summer we were all Maradona: in the playground, in our neighbour's back garden, in the most excited versions of our own imaginations. When I think of the joy that football gives me, deep down there are two players that still make my heart beat faster: Maradona at Mexico 86 and Ronaldo (Mk. I) at Barcelona.

Biggup the 1979 brethren and yup, original Ronaldo is the most shockingly brilliant footballer I've ever seen. I write about why here:

Now that you ask, 12/15 for me. In my defence, I was doing exams at the time so of course missed almost no football.

My favourite part of this tournament has been watching players from opposing teams genuinely being happy to see their mates from their current and past clubs.

It comes across strongly that many of them see past the nationalistic nonsense that some wish to project on to them.

Yes, of course they want to beat their mates, most of us do when we play them in anything, but overall they understand what each other is going through, we don't.

Ah, the IPL effect. I remember an England cricketer telling me that he was asked to give personal stick to an opponent and he refused because they'd become mates. i can't say i do't enjoy needle, but I also enjoy the cross-club mateship – something that's affirminglyprevalent in the NBA.

Spence, on the other hand, is an interesting impact sub because he offers a different challenge – and physical test, thanks to his pace and desire to run in behind. Against Argentina, I'd guess that Reece James will start at right-back with Nico O'Reilly on the left, but really, I'd have both Lewis Hall and Luke Shaw ahead of the latter, except both are at home.

I can't lie, I don't actually love Stones as a defender, though I rate him as a footballer. I fear his lack of pace would be a problem against Álvarez and Laurtaro, and I'm not sure he's the nous to keep track of Messi – but we shall see.

“I took my mum to the Panama match in NJ for her 70th a couple of weeks ago,” says Al Daw. “It rained throughout and the MetLife felt like a prison, however love following England/the World Cup aNd was itching for an excuse to go back and watch another match.

Last minute on Thursday I had a random idea: book the semi final before the result on Saturday. We have five kids and another one arriving late July, anxiety was through the roof, should I or shouldn't I?

Once the Mrs gave the green light I booked match tickets for our 8-year-old son and me, flight to Atlanta via Paris from Manchester and hotel by the ground. Crackers pricing but went for it.

I was watching the match on Saturday through my fingers! Have now lost my voice but our son Digby cannot believe he's going to watch England and possibly Messi's last ever match for his country (fingers crossed). Lifetime memories to be made, hoping England snatch the win!

Five and another on the way, goodness me! Besha'a tova, as they say where I come from, and good luck. In the meantime and while you can, enjoy.

Whatever problem, you have with your team, there answer is almost never:

Leave out Bernardo Silva

Substitute Bruno Fernandes

With Bruno in particular, he needs time because he's a player who keeps trying things. If you cut his time on the pitch by 20 minutes, you reduce the likelihood of him making something happen – though if you've got him taking the ball off the back four, you're already doing that for your own self.

Roberto Martínez, though. How on earth is it possible to have the double Champions League-winning midfield with Bruno Fernandes in front, and be that dour and that bad? It's remarkable.

I actually thought Mourinho might've moved to international management by now – and definitely didn't think he'd get another shot at Real Madrid, the latest club to hope that they'll be able to restore the magic. I'd have loved to see him take charge of the current Portugal squad – let's be real, he couldn't have done any worse than Roberto Martínez – but him back at the Bernabéu will be box office, though I can't say I've high hopes.

There's a José Mourinho series coming to Netflix next month; here's a teaser.

They've been getting into it in North Maluku, Indonesia.

“How was Wimbledon duty?” begins Krishnamoorthy V. “Welcome back. Do you think any of Spain/England/Argentina stop the current French team? And regarding 64 teams, I am saying let us get back to 24. More is not always merrier.”

Wimblewdon is always a joy, thanks – though I did my our World Cup. I'm afraid there's no chance of a return to 24 teams, but I think that'd leave us with one of the problems we have now: third-placed teams qualifying from the group. The optimal number for a sensibly functioning tournament is 32, but that isn't enough, I don't think – the break-up of communist Europe is one reason, but also, our Euro-centric focus has changed and we need more countries from everywhere else too.

As far as beating France goes, I think Spain have the best chance, especially with Rodri looking more like his pre-injury self, but they need more from Lamine Yamal, who still doesn't look fully fit.

England have the players to out-run France in midfield, but I think their defence would eventually let them down, while I don't think Argentina have much hope because they don't have enough in that part of the pitch.

I'm pretty sure this one will blow over. Both Thomas Tuchel and Jude Bellingham are serious professionals who want to win more than they want to fall out and who need each other more than they need to fall out. Both said what they said during a moment of high emotion and relief; I'd be surprised if they weren't cool again already, if there was even a short time when they weren't.

I mean, just look at him.

In which regard, here are some words on the great man.

I guess I can accept that, for some, Lionel Messi is the greatest of all time – his consistency and longevity are unparalleled – but I'm not sure it's possible to hit a higher level than Diego did during that month, then during the following season when he led Napoli to their first scudetto.

Goodness me, what a fixture this is. Mexico 86 was my debut World Cup and a significant part of me is still there. I remember when Diego scored his second goal, Bazza cried “And you've got to say that's magnificent,” and seven-year-old me squeaked “that's better than magnificent”.

What I didn't realise at the time was that I was being given a false impression of what is possible in football: I thought one bloke running around everyone on the other team between him and goal was something that could happen, but it turned out that it's only possible with Diego. No one has done more to disprove the truism that football is a team game.

Back to the pub piece, it's great that businesses are getting a boost. The problem, though, is what happens afterwards.

double quotation markNot all pubs are enjoying a football bonanza, however. Steve Hopkins, owner of the Shovel Inn in Stourbridge, where Bellingham was born, is quitting the business after the tournament.

He said: “I've been in pubs for six World Cups. Most have been fantastic for trade but for this one turnout has been poor. People are staying away from boozers or only coming to them at the last minute. Whereas in the past the pub would be full at 3pm or 4pm for an 8pm kickoff. You're talking about doubling your trade while the World Cup was on.

“Ever since Covid, people have been staying at home, it's a different way of life now. I've run pubs since I was 18, and I'm now 64, and I'm glad I'm getting out.

“This is a semi-final and for once it's on at good time of the night for it. People usually want the atmosphere at the pub to share the experience, because you can't get that at home. If I don't get a really good turnout that would just sum it up.”

For the Shovel Inn, a good night's takings would be about £3,000. Hopkins said: “If I get a grand on Wednesday I'll be doing well.”

Email! “While not a fan of Fifa's blatant attempts to change the World Cup solely to make more money,” writes Ryan, “I'm actually not against the idea of going to 64 teams. The quality difference between no 48 and no 64 in the world rankings is not that large on paper, so I don't see that it would significantly dilute the quality of the tournament. It also presents an advantage that we can move back to a system where only the top two teams go through from each group, which creates greater jeopardy and hopefully more exciting matches in the group stages.”

I agree. Instinctively, it feels wrong, but practically it might well be right. I would, though, like to know more about the logistics, as we don't want a situation where only a few countries have the infrastructure required to host.

I must say I'm torn. Of course, I'm prejudiced against it simply by virtue of Infantino wanting it, but I can't deny that expanded competitions – in the Euros too – give us something different, countries otherwise excluded enriching the experience. Moreover, were we to go to 64, we'd be rid of the third-place qualification situation, which allows teams to move on having beaten the worst side in their group and no more; we'd no longer play 72 matches to lose just 16 teams. Or, in other words, an expanded field is cleaner – though qualification would be even more tedious than before, and I wonder how, infrastructurally, any host would be able to facilitate so many teams, not just in terms of grounds, but hotels, training facilities, media and so on.

Let's start with Infantino latest:

How do we feel about this?

Hello there one and all and welcome to day one of our final World Cup week!

Yes, we're in the middle of a trying 63-hour run of no actual football, but together we'll get through it – I promise.

So let's spend today reflecting on what we've seen, considering what we're going to see, and generally discussing all things Beautiful GameTM.

Let's go!","{'href': 'https://www.theguardian.com', 'title': 'The Guardian'}","soccer"
"https://news.google.com/rss/search?q=site:goal.com","‘Bare minimum' target set for £116m Florian Wirtz after double Premier League & World Cup flops with Liverpool & Germany","https://www.goal.com/en/lists/bare-minimum-target-116m-florian-wirtz-premier-league-world-cup-flops-liverpool-germany/blt9375a87b3b1de596","Mon, 13 Jul 2026 09:02:10 GMT","

Florian Wirtz endured a difficult debut season at Liverpool on the back of his £116 million ($155m) transfer to Anfield, with Danny Murphy telling GOAL that double figures for goals and assists will be the “bare minimum” requirement in 2026-27. The Germany international is aware that patience can only stretch so far when it comes to making a telling contribution to the collective cause.

Wirtz briefly became the most expensive player in British football when moving to Merseyside from Bayer Leverkusen. That entry in the history books is now filled by club colleague Alexander Isak.

Two elaborate purchases from Arne Slot struggled to make their mark and justify the faith shown in them during the 2025-26 campaign. Both are now under pressure to deliver during their second years with Premier League heavyweights.

Wirtz was considered to be on the hottest prospects in Europe when being lured away from his homeland, with a reputation as one of the best goalscoring midfielders on the planet being earned while savouring Bundesliga title glory.

Just seven goals and as many assists have been recorded for Liverpool, with plenty of uncomfortable questions being asked of whether he has what it takes to star in the English top-flight. Things did not get any better or easier for Wirtz when representing his country at the 2026 World Cup.

No spark was rekindled while suffering a humbling last-32 exit at the hands of Paraguay, with attention now being diverted back towards club matters. Liverpool, who are opening a new era under Spanish head coach Andoni Iraola, need their 23-year-old playmaker to hit the ground running when returning to domestic competition.

Quizzed on whether Wirtz has to reach double figures in both goal contribution departments next season, former Liverpool midfielder Murphy - speaking exclusively to GOAL in association with BetWright football betting - said: “Absolutely. Confidence plays a factor. Of course, he walked into a team that was in transition. We got some new players and players had gone. When they started struggling, it was harder for him to impact the games.

“Adjusting to a new league and lifestyle is difficult, even for really good technical players. But ultimately, he did have a decent spell in the middle of the season to be fair to him and showed glimpses of what he's about, but it wasn't enough. The step up has to come now. Not just because of the size of the fee, because Liverpool need their best players to be on their best game. 

“I always think if you play in an attacking role, whether it be off the left, as a 10, off the right now when most teams play like a 4-2-3-1 or whatever formation, you've got to be looking at double figures, assists and goals.

“That's a bare minimum. Because the best players in the world and around Europe who are playing in those positions are comfortably getting those numbers. So you've got to aim for that. Because looking good without end product doesn't win you football matches. There weren't enough big games where he impacted them.

“I think physically he's going to be better. I'd be amazed if he wasn't physically better when he comes back, which is obviously helpful. He'll be more settled with his environment, where he lives, surroundings, team-mates, all those things. But he's going to have to step up in a massive season for him.

“I do feel there's more to come. But unfortunately, the price tag itself doesn't guarantee success. So I think he'll be better. I hope he'll be better. I think he will. And I think that if he can start looking at, obviously if you're getting double figures, goals and assists, then you're really impacting the team. That should be the bare minimum.”

Add GOAL.com as a preferred source on Google to see more of our reporting

Wirtz is tied to a five-year contract at Anfield that is due to run until 2030. He still has much to prove when it comes to honouring that agreement and potentially earning any future extension.

Liverpool remain confident that an expensive asset will come good, with there no doubting the German star's ability, and will be eager to see him open the 2026-27 season in style when the Reds take in a trip to Newcastle on August 23 - with a series of friendly dates, which include outings against Wrexham and Leeds, presenting opportunities in which form and confidence can be established.","{'href': 'https://www.goal.com', 'title': 'Goal.com'}","soccer"
"https://news.google.com/rss/search?q=site:goal.com","'Cristiano Ronaldo is never going to be a problem'","https://www.goal.com/en/lists/cristiano-ronaldo-portugal-boss-jorge-jesus-al-nassr/blt3f3a3e16ea7573ab","Mon, 13 Jul 2026 07:57:40 GMT","

Portugal's new head coach Jorge Jesus has wasted no time in addressing the elephant in the room, confirming that Cristiano Ronaldo remains a fundamental part of his international project. The veteran manager, who recently tasted success with the five-time Ballon d'Or winner in Saudi Arabia, insists the legendary forward will continue to lead the line for the Selecao.

The 71-year-old manager, who signed a four-year contract to lead the nation through to the 2030 World Cup, believes that Ronaldo still has plenty to offer on the international stage despite his advancing age.

Speaking to the media about his selection policy, Jesus was emphatic about the Al-Nassr star's role. ""As long as he's playing and is in a condition to be selected, I will pick him, within certain limits and under the conditions that I consider best for the national team,"" Jesus explained. The coach clearly values the 41-year-old's presence, describing him as a ""symbol of Portuguese football"" who carries immense weight within the dressing room.

The relationship between Jesus and Ronaldo is built on a solid foundation of recent success. The pair worked closely together at Al-Nassr, where they celebrated Saudi Pro League title glory before Jesus moved on to the national team hot seat.

Jesus dismissed any suggestions that managing such a high-profile figure would cause friction during his tenure. ”I haven't spoken with [Ronaldo] yet. [He] is never going to be a problem for the national team. Not for the national team, nor for me,"" he added. ""I had great pleasure working with him this past year, [it's] easy to work with him.""



The appointment of Jesus marks a significant shift for Portugal following their disappointing exit from the 2026 World Cup. The Selecao were eliminated after a 1-0 last-16 defeat against Spain, a result that prompted Roberto Martinez to step down from his position. Martinez, who joined in 2023, felt his journey had reached a natural conclusion after failing to deliver the trophy.

Martinez was transparent in his exit, stating: ""I came to Portugal to win the World Cup, and I think that, without winning it, there's no point in continuing. The board and the president now have the opportunity to choose the new manager… my contract ends today."" That opportunity has been seized by Jesus, who now inherits a squad brimming with talent but needing clear direction.



Add GOAL.com as a preferred source on Google to see more of our reporting

While the immediate focus is on the UEFA Nations League clash against Wales in September, the long-term goal is the 2030 World Cup, which Portugal will co-host alongside Spain and Morocco. Jesus arrives with an elite resume, having won three league titles with Benfica and a historic domestic treble during his time with Al-Nassr's rival Al-Hilal.

The challenge for the veteran tactician will be balancing the integration of Portugal's ""golden generation"" of young talents with the legacy of Ronaldo. By confirming CR7's involvement from day one, Jesus is betting on the forward's professionalism and fitness to guide the team through this critical transitional period and toward potential silverware on home soil.","{'href': 'https://www.goal.com', 'title': 'Goal.com'}","soccer"
"https://news.google.com/rss/search?q=site:goal.com","Man Utd cult hero Diego Forlan set to replace Marcelo Bielsa as new Uruguay head coach","https://www.goal.com/en/lists/man-utd-cult-hero-diego-forlan-set-to-replace-marcelo-bielsa-as-new-uruguay-head-coach/bltbc10ebe529c0e324","Mon, 13 Jul 2026 07:45:14 GMT","

Uruguay are preparing to turn to one of their greatest-ever icons to lead the national team following a disastrous 2026 World Cup campaign. Former Manchester United forward Diego Forlan is closing in on a deal to take charge of the Celeste setup after the departure of Marcelo Bielsa.

The Argentine tactician has stepped down after failing to meet expectations, leaving the Uruguayan Football Association (AUF) searching for a leader who can restore the nation's footballing pride. AUF president Ignacio Alonso has identified a clear path forward that involves one of the country's most decorated legends.

Forlan, the man who inspired Uruguay to the 2010 World Cup semi-finals and the 2011 Copa America title, is the chosen figure to steady the ship. A meeting has been scheduled between Forlan and the AUF Executive Council to finalise a dual-role agreement. The plan is for Forlan to lead the Under-20 side during the upcoming World Cup in Azerbaijan and Uzbekistan, while simultaneously serving as the interim head coach for the senior national team until March 2027.

Alonso confirmed the ongoing negotiations, expressing his excitement about bringing Forlan's immense wealth of experience back to the national team complex. Speaking to the programme Polideportivo on Teledoce, Alonso highlighted that Forlan's global career makes him a unique asset for the development of Uruguayan football in this transition period.

""We have the opportunity to incorporate him, in this case, into the Under-20 National Team. Having Diego inside the complex, with the experience he has, having played for the best teams in the world, having been exposed to all kinds of methodologies, having his own, being a national team player and with experience as a First Division coach... I think it was a great opportunity. He's excited"", explained Alonso.

While the initial contract focuses on the Under-20 cycle and an interim period with the senior squad, the AUF has left the door wide open for Forlan to take the job on a permanent basis depending on performances. The transition is seen as a way to evaluate whether the United cult hero is ready for the pressures of the big stage full-time. The president stated clearly that the dual role is a testing ground for what lies ahead for the legendary striker.

Although other candidates like Marcelo Broli - who led the Under-20s to World Cup glory in 2023 - remain in the conversation, the momentum is currently behind Forlan. ""We're hiring a U-20 coach who will manage the senior team's matches. Then, the situation will dictate how the evaluations go"", Alonso admitted.

Add GOAL.com as a preferred source on Google to see more of our reporting

Many in Montevideo are drawing parallels between Forlan's appointment and the rise of Lionel Scaloni in Argentina. Scaloni, like Forlan, was initially appointed as an interim solution after a poor World Cup showing in 2018. He started by managing the youth teams in tournaments like L'Alcudia before earning the trust of the players and the federation, eventually leading his country to a World Cup and two Copa America titles. Forlan will be hoping to replicate that trajectory, with the ex-Atletico Madrid striker's previous head coaching experience coming at Uruguayan clubs Penarol and Atenas.","{'href': 'https://www.goal.com', 'title': 'Goal.com'}","soccer"
"https://news.google.com/rss/search?q=site:goal.com","Arsenal's summer revolution: How signing Georgia Stanway, Ona Batlle and more have put Gunners on track to end WSL title drought despite big-name departures","https://www.goal.com/en/lists/arsenal-summer-revolution-georgia-stanway-ona-batlle-end-wsl-title-drought-big-name-departures/bltd40c1f14df4dbc08","Mon, 13 Jul 2026 08:00:00 GMT","

It was always known that this was going to be a significant summer for Arsenal. With so many players out of contract, and so many names being consistently linked with a move to north London, mass change has been teased for a while. Now, it's starting to take shape. After the departures of Beth Mead, Katie McCabe and more, the replacements are piling in, with Georgia Stanway and Ona Batlle the stand-out names from four quick-fire announcements so far.

They will not be the last. Arsenal are primed to splash some cash on Lisa Baum, RB Leipzig's 19-year-old winger who has been the subject of interest from most of Europe's top clubs, with the Gunners the front-runners to win the race for her signature. As Spain international Salma Paralluelo chooses her next destination, with her contract at Barcelona coming to an end, the north London side remain in the mix there, too, in what would be another real statement signing.

With Mead, McCabe, Victoria Pelova, Laia Codina and Manuela Zinsberger having all left this summer as well, there's been a lot of change as Arsenal, the most successful club in the history of English women's football, try to get back on top in the domestic game. So, what do these moves mean for the Gunners in the new season as they aim to win a first Women's Super League title since 2019?

After being appointed head coach on a full-time basis in January 2025, following a successful interim spell, this summer feels like one in which Renee Slegers is putting her mark on this Arsenal team in the strongest way to date.

It was a natural moment for mass change to occur because of all the players out of contract. It was always going to be a period in which Slegers' and the club's vision really shone through, depending on the players they chose to renew and how they opted to replace those let go.

What do the decisions made tell us, then?

One of the most obvious takeaways is the desire to bring down the average age of the group. No team in the WSL had an older squad than the Gunners last season, while only Juventus ranked above them in that category among teams to qualify for the 2025-26 Women's Champions League league phase.

With eight of the nine oldest members of the squad out of contract, then, Slegers and the club had an obvious opportunity to act when it came to reducing that number. Not everyone would leave, with Kim Little (36), Steph Catley (32), Caitlin Foord (31), Stina Blackstenius (30) and Leah Williamson (29) all renewing, and reports suggest that there was a last-minute desire to keep McCabe, with Mead over Foord also potentially a preference.

Still, three of the eight oldest players in this squad bid farewell, with the departures of McCabe (30), Mead (31) and Zinsberger (30) trimming the age of the group down a little ahead of some younger recruitment. Stanway, Batlle and Geraldine Reuteler are all 27 years old, Selina Cerci just turned 26 and Baum is still only 19. If Paralluelo also joins the club, she is only 22 as well.

Of course, Arsenal's recruitment has not just been about lowering that average age. There are several reasons why the Gunners have fallen short in the chase for another WSL title in recent years, and this transfer movement can help address some of those.

One relates to depth. Slegers didn't completely lack options last year, but she also didn't have the deepest squad, with no team actually using fewer players in the WSL than Arsenal. Of teams to make the Champions League league phase, meanwhile, only six used fewer: Benfica, St. Polten, Valerenga, Wolfsburg, OH Leuven and Twente.

Several players who were available for selection by Slegers found themselves massively out of favour, reducing the pool further. Jenna Nighswonger played once before being sent on loan to Aston Villa in January, while Codina and Pelova struggled for opportunities in a way which made their departures this summer unsurprising.

With Katie Reid suffering an ACL injury early in the season, Williamson only able to make two league starts amid regular fitness issues and Kyra Cooney-Cross' availability massively reduced due to her mother's ill health, Slegers was not working with a lot, in terms of numbers, and that really needed to change.

Add GOAL.com as a preferred source on Google to see more of our reporting

There was also a growing over-dependence on certain individuals. That was especially the case in midfield, where a noticeable drop-off could occur if Little and Mariona Caldentey didn't start in the two deeper midfield roles. The signings of Stanway and Reuteler, then, combined with what one would expect to be greater availability from Cooney-Cross, are extremely welcome as the Gunners look to ensure the responsibility is shared in those positions.

Stanway arrives off the back of a season at Bayern Munich that saw her deployed much deeper than usual, and to great success, while Reuteler has the ability to play a variety of midfield roles, meaning she can also potentially provide another option in the No.10 position, too.

It's natural for teams to be reliant on players that are of the quality of Little and Caldentey, but the degree to which that was sometimes the case for Arsenal last season was far from ideal.

It is perhaps in attack that the new arrivals could be most impactful, though. Slegers had options there last season. Alessia Russo had a starting spot nailed down in the No.9 role, with Blackstenius able to replace her off the bench or play ahead of her, as the England international dropped in as a No.10. Out wide, Mead, Foord, Chloe Kelly and Olivia Smith were all options, allowing Slegers to adjust for different gameplans and also swap both starters out around the hour, as she often did.

However, it was all quite predictable after a while. Frida Maanum was often the only other option in the No.10 role, meaning it became routine for Russo to drop in there when Blackstenius came on, while opponents also knew that Slegers was likely to make two straight swaps on the wings in the second half. If one of those wide players was injured, as was the case with both Kelly and Mead at times, there was even less variety.

By adding Reuteler, who can play in the No.10 role; Cerci, another option as a striker who can play wide if necessary; potentially Baum, able to play on either flank and maybe also centrally; and even Batlle, who can play as an inverted left-back to create a different problem for opponents, this adds unpredictably, versatility and variety, as well as depth. It's exactly what Arsenal need to maintain a consistent threat in attack, even as games don't go their way. 

And in a more clichéd sense, what these signings also bring to the table is a statement of intent. Batlle might not factor prominently into points about the midfield, attacking variety or depth - the latter largely because full-back has been a very well-stocked position for a while for Arsenal - but she's a world-class player. To sign her from Barcelona, the reigning European champions, in her prime years, is massive.

Stanway arrives with a similar reputation. A back-to-back European champion with England, she has regularly stepped up on big occasions and delivered, marking herself out as one of the best midfielders in the world as a result.

Cerci might not have the same name recognition, but she has been the most prolific player in the Bundesliga over the last two seasons, with Reuteler's quality there for all to see after she starred in Switzerland's historic run to the knockout stages of last year's European Championship.

Baum, meanwhile, has the potential to hit serious heights, if that deal is completed as expected. These are top quality signings by the Gunners and they are being done in a timely manner, to get the players integrated into the first-team ahead of pre-season. 

While Chelsea's search for a striker goes on after three notable rejections, Manchester City make subtle additions in Mead and Niamh Charles, and mumblings surrounding Manchester United's transfer activity are even more subdued, with Andrea Medina the only arrival thus far, Arsenal have made a serious statement at the start of this summer transfer window.

Will it translate to a first WSL title since 2019? It's far too early to say, but the signs are certainly positive.","{'href': 'https://www.goal.com', 'title': 'Goal.com'}","soccer"
"https://news.google.com/rss/search?q=site:deadline.com","Sam Neill Remembered: Karl Urban, Toni Collette & Prime Ministers Pay Tribute To “Beautiful Man”","https://deadline.com/2026/07/sam-neill-remembered-tributes-peaky-blinders-actor-1236980581/","Mon, 13 Jul 2026 07:44:00 GMT","


					By Jake Kanter 

International Investigations Editor


Sam Neill is being remembered by the film and TV community after his family announced his “sudden and unexpected” death.


	In a statement shared on Neill's Instagram profile, his loved ones said the Jurassic Park and Peaky Blinders actor died “with the dignity that has characterised his whole life.”


	The statement led to an outpouring of grief. Karl Urban, a fellow Kiwi, wrote that Neill was an “inspiration” and a trailblazer for his countrymen. 


	“A beautiful man. A national treasure who gave so much to New Zealand and to the world,” added The Boys star in an Instagram post.

	










			Watch on Deadline		







	
	
		
					Related Stories		
	













	News
	



	
		
					Sam Neill Dies: 'Jurassic Park' Actor Was 78		
			















	News
	



	
		
					Banijay & All3Media Complete Merger, Creating $8BN Production-Distribution Giant		
			








	Colin Trevorrow, director of Jurassic World, was one of the first from the dinosaur universe to mark Neill's passing. In an Instagram post, he wrote: “Sam Neill was a deeply soulful and beautiful man. He was a friend and collaborator at a challenging time, and his strength gave us all strength. 


	“I'll remember him for his tranquility, his love of wine, and for the calm assuredness he brought to his characters. It's not every lifetime you get to befriend a legend. Forever grateful.”


	Richard E. Grant described Neill as an “officer and a gentleman in the truest sense,” recalling how they worked together on 2019's Palm Beach.


	New Zealand Prime Minister Christopher Luxon wrote: “Sir Sam Neill was one of the greats. He started out when there was barely a film industry in this country to speak of. 


	“For more than fifty years he took New Zealand stories to the world and his talents helped make our film industry into what it is today – one of our greatest cultural exports.

	











	“His work will be watched and loved long after all of us. Our thoughts are with his family and friends tonight. Rest in Peace.”

Sir Sam Neill was one of the greats.He started out when there was barely a film industry in this country to speak of. For more than fifty years he took New Zealand stories to the world and his talents helped make our film industry into what it is today – one of our greatest…


	Australian Prime Minister Anthony Albanese added: “Sam Neill starred in so many beloved Australian stories and he earned a special place in Australian hearts.


	“Wry and dry, thoughtful and laconic, Sam fought illness with the same dignity, humour and conviction that gave strength to his every performance. He will be much mourned and long remembered.”


	In an Instagram comment, Kylie Minogue wrote: “Vale Sam 💔”


	Toni Collette, the Oscar-nominated Australian actress who starred with Neill in A Long Way Down and Dirty Deeds, described her friend as a “sweetheart.”


	Rhys Darby, star of HBO's Flight of the Conchords, wrote: “A truly great human, a legend and an inspiration to all even beyond the art world. We will always love you Sam.”


	Alan Cumming, The Traitors host who has previously referred to Neill as a friend, said: “Ahhh Sam, what a glorious beautiful man. You are missed. Sorry to the family for your immense loss.”


	Lesley-Ann Brandt, star of Lucifer, wrote: “A remarkable man and artist. NZ loses a giant and one of its greatest gifts.”


	Matthew Deaner, CEO of Screen Producers Australia, said: “Sam Neill was one of the great figures of Australian and New Zealand screen. His extraordinary talent and professionalism enriched countless productions and inspired generations of filmmakers and performers.


	“Australian producers were privileged to work alongside Sam on so many landmark productions. His contribution to Australian storytelling and to our screen culture is immeasurable, and his legacy will continue to inspire audiences and the industry for generations to come.” 

Get our Breaking News Alerts and Keep your inbox happy.

Comments On Deadline Hollywood are monitored. So don't go off topic, don't impersonate anyone, and don't get your facts wrong.

Comment 

Name 

Email 

Website 

 





Δ

Signup for Breaking News Alerts & Newsletters


			By providing your information, you agree to our Terms of Use and our Privacy Policy.
				We use vendors that may also process your information to help provide our services. This site is protected by reCAPTCHA Enterprise and the Google Privacy Policy and Terms of Service apply.		

Get our latest storiesin the feed of your favorite networks

We want to hear from you! Send us a tip using our annonymous form.

Sign up for our breaking news alerts


		By providing your information, you agree to our Terms of Use and our Privacy Policy.
				We use vendors that may also process your information to help provide our services. This site is protected by reCAPTCHA Enterprise and the Google Privacy Policy and Terms of Service apply.	

Deadline is a part of Penske Media Corporation. © 2026 Deadline Hollywood, LLC. All Rights Reserved.


		By providing your information, you agree to our Terms of Use and our Privacy Policy.
				We use vendors that may also process your information to help provide our services. This site is protected by reCAPTCHA Enterprise and the Google Privacy Policy and Terms of Service apply.	","{'href': 'https://deadline.com', 'title': 'Deadline'}","entertainment"
"https://news.google.com/rss/search?q=ufo","New UFO files released","https://www.fox5atlanta.com/video/fmc-pfi79yz2qsdpa5lr","Mon, 13 Jul 2026 09:41:04 GMT","

The Pentagon has released a new batch of UFO files and it includes one report from a military pilot along with footage of a mysterious six-pointed object off the coast of East Asia. FOX's Madeleine Rivera reporting from Washington DC. 

Share

This material may not be published, broadcast, rewritten, or redistributed. ©2026 FOX Television Stations","{'href': 'https://www.fox5atlanta.com', 'title': 'FOX 5 Atlanta'}","other"
"https://news.google.com/rss/search?q=world+news+site:tass.com","FSB thwarts planned drone attacks on Amur, Chelyabinsk military airfields","https://tass.com/politics/2159359","Mon, 13 Jul 2026 08:30:28 GMT","

MOSCOW, July 13. /TASS/. The Federal Security Service (FSB) has foiled planned swarm drone attacks on the ""Ukrainka"" and ""Shagol"" military airfields in the Amur and Chelyabinsk regions, which were being prepared by Ukrainian special services, the FSB's Public Relations Office reported, noting that the perpetrators and accomplices of the planned terrorist attacks have been detained.

The FSB obtained advance intelligence about the delivery by Ukrainian special services to the Bryansk region of FPV drones equipped with warheads and mobile ground control stations, transported in containers on fixed-wing drones and balloons. The drones were then transported in passenger cars with trailers equipped with false bottoms, loaded with household appliances, to the target airfields, where they were assembled and made ready for use in rented garages. The FSB documented all illegal actions.

Seized were 24 FPV drones equipped with neural network control modules of British, American, Canadian, and Swedish production, resistant to electronic warfare, with warheads containing over 1 kg of explosive, as well as 2 mobile ground control stations equipped with self-destruct devices containing 250 grams of explosive each, and communication equipment used to contact Ukrainian handlers.

The thwarted attacks were part of an unprecedentedly large-scale series of sabotage and terrorist acts by Ukrainian special services, which also included assassination attempts against two high-ranking Defense Ministry servicemen and a planned swarm drone attack on the ""Rostov-Tsentralny"" military airfield.

The Federal Security Service reminded that persons who voluntarily warn authorities or abandon a terrorist act may be exempt from criminal liability under Russian law.","{'href': 'https://tass.com', 'title': 'tass.com'}","world"
"https://news.google.com/rss/search?q=site:vox.com","This US state has become an unexpected epicenter of the global extinction crisis","https://www.vox.com/climate/481481/alabama-wildlife-extinction-state-funding","Mon, 13 Jul 2026 10:00:00 GMT","

When news breaks, you need to understand what actually matters — and what to do about it. At Vox, our mission to help you make sense of the world has never been more vital. But we can't do it on our own.

We rely on readers like you to fund our journalism. Will you support our work and become a Vox Member today?

And it reveals a big problem with the nation's approach to saving endangered species.

BIRMINGHAM, Alabama — On a sweltering afternoon in June, I stood in what was essentially a roadside ditch. Sandwiched between a four-lane highway and the parking lot of a faith-based recreation center near Birmingham, the ditch was filled with cool, flowing water, a bit of trash, and, apparently, some highly endangered fish.

Jeffrey Drummond, a biologist at the US Fish and Wildlife Service, stretched out a sheet of netting held between two poles, while his colleague kicked water into it.

After a minute or so, we looked inside the netting. There were clumps of leaves and twigs, a few black salamanders, and a crayfish with its pincers held up, ready to fight. The biologists unceremoniously tossed them aside. They were more interested in a handful of fish that were wiggling around in the netting, each no larger than a pinky finger.

Chris Haynes, a state fisheries biologist, popped the small fish into a container of clear water, revealing their colors: bright reds and muted shades of orange, blue, and yellow.

“We got all three!” said Drummond, who had a beard and tattoos on his arms.

The fish were darters — slender, freshwater fish, known for their vibrant colors. And in that one go, the biologists had caught all three species that reside here: the watercress, rush, and vermilion darters. Each one is federally endangered, the strongest form of protection afforded to species in the US.

Alabama is well known for college football, Southern hospitality, and conservative politics. But as I learned over a recent week in June, it's also an epic biodiversity hotspot, especially in the aquatic realm. Remarkably, Alabama — which has more than 130,000 miles of rivers and streams — is home to more species of turtles, freshwater fish, snails, crayfish, and freshwater mussels than any other state in the country.

It's an unexpected epicenter of endangered species, too — those that are at risk of extinction and listed under the Endangered Species Act. According to a Vox analysis of government data, Alabama has more federally endangered and threatened animal species than any other state aside from California, which is three times larger by area. Endangered species are so common here that you can find them in a ditch on the side of the road.

This, of course, is an unwanted distinction. What makes it even more problematic, however, is that Alabama doesn't have enough money to help these animals that are most at risk.

Alabama is an extreme example of a challenge facing many US states: Much of the funding available to protect wild animals is not based on how threatened those species are. Funding streams, instead, prioritize species that people hunt or fish, known as game, and those that live in the most populous and largest states.

This is an acute issue in places like Alabama that are not especially large or populous but full of imperiled species. And while those animals are vital to the state's rivers and recreation industry, they also tend to be small, out of sight, and generally short on charisma — unlike, say, wolves, panthers, or whales. That makes projects to help them an even harder sell for limited environmental dollars.

That's to say nothing of the state's politics. Alabama is one of the country's most conservative states, and Republicans have earned a reputation for opposing environmental protections. In 2022, the state's Republican US congressional representatives all voted against a nonpartisan bill that would have likely quintupled funding for Alabama's non-game species — like the endangered darters I saw in the roadside stream — had it not stalled out before passing the Senate. Some of the state's congressional Republicans have also thrown support behind projects that may endanger even more species.

While a close look at Alabama reveals that wildlife support systems are biased against certain species and regions, it also highlights the immense power that a dedicated few human champions can have. During my trip, I met scientists who are working hard to help the state's obscure endangered species, from mussels to snails, with whatever resources they can cobble together. They convinced me that these animals are, in fact, quite charismatic. And why, no matter our political tilts, we should rally to keep them here on Earth.

Got a tip or feedback on this story? Reach out to reporter Benji Jones at benji.jones@vox.com.

A good rule of thumb is that if you come across a refrigerator while visiting a biology lab, you should look inside of it. This rule served me well at the Alabama Aquatic Biodiversity Center (AABC), a state-run facility about an hour from Tuscaloosa. In two fridges I found plastic containers full of pregnant freshwater mussels.

AABC is primarily a nursery for endangered mussels. A collection of several old buildings just off a rural highway, the facility collects pregnant adults, raises their babies, and then releases them months later in streams to help restore their wild populations.

Mussels are essentially nature's Brita filters. A single large mussel can filter as much as a liter of water an hour, removing bacteria, algae, and other potentially harmful particles, said Carla Atkinson, a mussel researcher at the University of Alabama. And a healthy stream can have 50 mussels in a single pillow-size patch, she said. Abundant mussel populations can save cities money on water filtration and make rivers more swimmable for people and more habitable for other species.

Alabama used to have more than 180 species of freshwater mussels, says Paul Johnson, a state biologist who runs AABC. Two dozen of them have already gone extinct, he said. Close to 70 of those that remain are federally endangered or threatened, largely as a result of dams and water pollution, and AABC is currently working to restore about 15 of them.

You might think raising animals that resemble rocks is easy, but it very much is not. And the reason why is best explained by what is, without question, the most exciting thing to know about these animals.

Mussels have a “foot” that helps them burrow, but they can't easily travel. That makes it hard for them to colonize new habitats and, in turn, survive changing environmental conditions. But over millions of years, they evolved a hack: They hitch a ride on fish. Or rather, their babies do. Larval mussels, known as glochidia, spend their first few weeks of life attached to the gills of fish, before dropping off elsewhere in the riverbed to begin a largely sedentary lifestyle in a new place.

The real ingenuity is in how those glochidia get onto fish in the first place. Essentially, mussels pretend to be fish food to lure them in. Some females wave around a fleshy part of their body so it looks like a swimming minnow. Others release into the water packets of glochidia that have evolved to look like insect larvae. When fish go in for a bite, they get a face full of baby mussels that soon after attach to their gills, like real-life xenomorphs.

These lures are surprisingly convincing. One of the species found here, known as the Southern pocketbook mussel, for example, uses its fleshy mantle to mimic a bait fish.

Meanwhile, a federally threatened Alabama mussel, the orangenacre mucket, clumps its glochidia together in two fish-shaped masses, which it tethers to its body with a mucous strand. This creates the illusion of free swimming fish. When a fish bites the lure, the clump ruptures and the babies get sucked into the fish's mouth and over its gills.

My favorite examples come from mussels in the genus Epioblasma, all of which are endangered. They leave their shells ajar, and produce a lure that mimics some kind of fish food, like crayfish eggs or larvae. When hungry fish poke their heads inside, the mussels snap shut like a Venus flytrap — and blast the fish in the face with babies. After this abrupt encounter, the fish are released to go on their way with their new stowaways.

Different kinds of mussels typically rely on different “host” fish. And that brings us back to one of the challenges of running a mussel nursery; not only do you need pregnant mussels, you also need lots of fish.

To rear these mussels in captivity, scientists first find and collect pregnant, or “gravid,” mussels from the wild and store them in refrigerators. The cold keeps the animals pregnant for longer. Then they extract the glochidia manually and add them to a container with the proper host fish. Those fish get “infected” in a matter of minutes, at which point the fish are moved into tanks in a nearby room. Weeks later, nearly invisible mussels drop off the fish and fall to the bottom of those tanks, where they're collected by scientists. From there, the young mussels grow in plastic buckets indoors and, once they're a bit bigger, in plastic buckets outdoors — in a nearby well-fed pond.

I visited the pond one sunny afternoon with Johnson, who wore a ball cap and glasses. Johnson is self-deprecating and often finishes his sentences with a bout of disarming, wheezy laughter. A Kentucky native with an accent to match, he's been working with endangered species for more than 30 years.

A wooden dock fitted with pipes and tubes extended out onto the pond. Submerged in the clear water around it were about 80 weighted buckets full of mussels. The tubes, I learned, move air through the lids of the buckets and — thanks to some confusing physics — help cycle water through them, mimicking a stream. It looked and sounded like the water around the dock was boiling.

Johnson pulled one of the buckets onto the dock. Inside was what looked like hundreds of pumpkin seeds, golden and glossy as if they'd been dipped in caramel. These were baby pale lilliputs, a federally endangered mussel species, so named for its small size; they're about an inch and a half long when fully grown.

Lilliputs are native to rivers of Alabama and Tennessee, but they nearly went extinct in the mid-1900s, as the US government turned rivers into channels, farmland spread, and cities and suburbs expanded. “There are more of these in this bucket than there are in museum collections around the world,” Johnson said, to emphasize how rare they are.

Michael Buntin, a state biologist at AABC, pulled up another bucket. This one was filled with hundreds of two slightly larger species: the Alabama rainbow and Coosa moccasinshell. “That is absolutely one of the rarest species in the United States,” Johnson said of the moccasinshell, which was pointy and brown. I had now seen more moccasinshell mussels than all but a handful of people in the world, Buntin told me.

You might imagine that a facility managing hundreds of some of the nation's most endangered species would have state-of-the-art technology, a large team, advanced security, and a carefully orchestrated media presence. AABC has none of those things. Most of the technology is DIY — Tupperware containers in refrigerators, plastic buckets with holes cut into them. AABC has only four full-time employees. The buildings are old and falling apart. “It's low budget,” Buntin said with a snicker.

“We have the most species and the fewest dollars.”

That's partly out of choice, Johnson said. Simple, homemade systems are easier to fix if they break. But it's also because the facility — like so many state conservation efforts across the country — is wildly underfunded for the number of species it is charged with bringing back from the brink of extinction.

“We have the most species and the fewest dollars,” Johnson said of Alabama, adding, sarcastically: “That makes a lot of sense.”

The headwinds facing efforts like this begin far upstream. Most funding for state wildlife agencies — which oversee the bulk of the country's conservation, including endangered and threatened species — actually comes from selling hunting and fishing licenses, along with federal excise taxes on guns, ammo, and fishing gear.

This setup not only encourages states to promote gun use but also to spend those funds on managing animals that people like to hunt and fish. In fact, some of that money is legally restricted to programs that support birds, mammals, and sport fish. And that, of course, does not include many of the nation's endangered species — including most of those in Alabama.

Just look at the roughly $450 million annual budget for the Alabama Department of Conservation and Natural Resources, which manages parks, hunting, and conservation. Of that, only about 1 percent goes toward helping non-game species, including mussels, crayfish, snails, and many endangered fish, according to Amy Silvano, who leads non-game efforts at the department. AABC is a key part of the agency's non-game division and receives a total annual budget of just $750,000, Silvano said.

While funding for non-game species is a challenge nationwide, Alabama is, in some ways, also uniquely ill-positioned.

Alabama has a human population of about 5 million, and it ranks in the bottom half of all US states by area. That matters, because much of the limited federal money that is made available for at-risk animal species is allocated based on a state's geographic size and human population — not on how many endangered or threatened species it has. Larger and more populous states like New York and Illinois receive more funding to protect endangered species than Alabama does. Even though they have far fewer of them.

“The states with the greatest biodiversity challenges aren't necessarily the states receiving funding proportional to those challenges,” said Michelle Lute, executive director of the advocacy group Wildlife for All.

These problems are not unfixable. A few years ago, the US House voted on Recovering America's Wildlife Act, which would have dispersed $1.3 billion across all US states to protect their imperiled species, including some $25 million for Alabama. Though Republicans from Alabama voted against it, the bill passed the House and was widely considered nonpartisan. It later stalled in the Senate and has yet to become law — because lawmakers couldn't agree on how to pay for it.

Mussels aren't the only aquatic species that benefit the state's waterways.

Snails are janitors of the river, eating algae and dead plants. They also provide food for a range of other species including fish, turtles, and birds. By burrowing, crayfish help aerate the soil, making space for plant roots, and create new homes for other species. Darters are sensitive to changes in water quality, so they serve as indicators of ecosystem health; they also provide food for fish like bass that people like to catch.

Alabama has actually had more success in boosting funding for threatened species at the state level. The Republican-dominated state legislature recently approved $2 million for the state's threatened species from its general fund. Some of that money is going toward fixing up aging infrastructure at AABC.

Chris Oberholster helped lobby for those state funds while he was working in external affairs for The Nature Conservancy, a large environmental nonprofit. Oberholster, now director of philanthropy at another green group, said one key to garnering support for conservation in Alabama has been framing it as a boon for outdoor recreation, such as by maintaining the natural beauty of lakes and streams through restoring mussels.

Preserving the state's unique ecological heritage has also been a selling point for conservation, he said — many of these aquatic species are found only in Alabama, and that makes people want to help save them.

If there's a lesson here, it is perhaps an obvious one: You can find support, and even cash, for wildlife conservation everywhere, as long as you connect the benefits of that work to the values of people in the local community.

On another muggy afternoon, I joined Atkinson, the University of Alabama researcher, in a shallow stream east of Tuscaloosa. She shuffled around, careful with each step, holding in her hands what looked like a metal detector — a pole connected to a ring-shaped base, which she kept submerged underwater.

Atkinson wasn't searching for metallic treasures but biological ones. She was looking for very rare mussels.

A mussel evangelist who often works with AABC, Atkinson was searching with Johnson for Coosa moccasinshells that had been released here in recent years. Scientists “chipped” several of them before releasing them in the river, which means the mussels were fitted with a microchip, not unlike a pet dog or cat. The device that Atkinson was carrying, known as a PIT-tag reader, helps locate those chips, making it easier for researchers to monitor rare mussel populations.

Despite its resource constraints, AABC has released roughly 300,000 mussels across more than a dozen species in Alabama's rivers over the last 15 years. Some reintroduced populations are now breeding on their own, Johnson said. In fact, AABC has been successful enough in raising and releasing one particular species — the pale lilliput, the ones that look like golden pumpkin seeds — that it may soon be eligible for delisting under the Endangered Species Act, meaning it would no longer be considered endangered.

Two other species are on their way to getting off the list, too, Johnson said, largely owing to AABC's restoration work. With more resources the center could do more, said Johnson, who suggested they would likely restore more mussels and other aquatic species too, including fish and crayfish. “We can expand what we're doing pretty easily,” Johnson said.

After several minutes canvassing the streambed with the PIT-tag reader, Atkinson got a ping. A Coosa moccasinshell was, apparently, right by her feet.

I thought she'd simply reach into the water and grab the thing. She had no such luck. Not only do mussels look like every other rock on the bottom, but they can also burrow into the riverbed, making them hard to find, even with a literal mussel detector.

Atkinson threw on a mask and snorkel and plunged her head underwater. A few minutes later, she popped up, smiling, with a shiny brown lump in her hand.

“It's gratifying to see that they're still persisting and that we chose the right habitat,” said Johnson, who had been busy collecting pea-size snails to show me.

I'll be the first to admit that this creature, as it appeared before me, was not so thrilling to look at. It was not cute or colorful. And aside from an almost imperceptible movement of its shell, it offered little proof of life.

Then I thought about what this one animal does. How it thoughtlessly filters the water just by existing, making it livable for everything else, at no cost to us. How it mimics fish food, despite having no brain or true eyes, a trick forged by millions of years of evolution. How it can help stabilize the riverbed and minimize erosion by anchoring itself to the bottom.

The abundant wildlife in Alabama might not be charismatic in a traditional sense, but there's an understated impressiveness to it. The fish in the ditch by the highway evolved to live in isolated springs and are still persisting, if barely, in the middle of a sprawling city that sprung up around them. Some crayfish — there are about 100 species in Alabama, many of which are imperiled — appear to engineer ventilation systems that bring fresh air into their underground burrows.

Before leaving Alabama, I drove south to a bog about 45 minutes from Mobile. It was spectacular. The ground was blanketed by carnivorous pitcher plants and crayfish burrows. The crayfish here are “primary burrowers,” Brian Helms, a researcher who studies these animals at Alabama's Troy University, told me, as we walked through the bog. Although they breathe with gills, like fish, they live on land, he said. They just dig down deep enough to reach the water table.

It's spots like this that represent the unique environmental heritage that Oberholster was talking about. Though often hidden, they have real value. And if more people, and especially lawmakers, don't see that, the animals within them may not be around for much longer.

Melissa Hirsch contributed reporting.

A daily, curiosity-driven guide to the big, weird, and fascinating ideas shaping the news cycle.

This is the title for the native ad

﻿My extreme self-sacrifice is making me resent my friends who fly all the time.

Your leather purse might put out as much carbon as 35 hamburgers. But the alternative doesn't have to be junky pleather!

I asked philosophy and an environmental scientist — here's what they say.

As heat waves strain the power grid, passive cooling can help homes stay safer when the air goes out.

Oceans absorb our climate sins; now, they are heating up, too.

Air conditioning is not a moral failure.

This is the title for the native ad

© 2026 Vox Media, LLC. All Rights Reserved","{'href': 'https://www.vox.com', 'title': 'vox.com'}","national"
"https://news.google.com/rss/search?q=site:vox.com","The one thing MAGA nativists get right","https://www.vox.com/politics/494836/immigration-home-prices-rents-trump-biden","Mon, 13 Jul 2026 10:45:00 GMT","

When news breaks, you need to understand what actually matters — and what to do about it. At Vox, our mission to help you make sense of the world has never been more vital. But we can't do it on our own.

We rely on readers like you to fund our journalism. Will you support our work and become a Vox Member today?

There is one way that immigration hurts American workers. But closing our borders isn't the answer.

President Donald Trump blames immigrants for virtually every problem in American economic life. In the president's telling, the undocumented have been taking American-born citizens' jobs, lowering their wages, driving up their costs, and bankrupting their welfare programs.

These claims are largely false.

Most studies suggest that immigrants do not typically reduce wages or job opportunities for the American-born — and actually pay more in taxes than they receive in social welfare benefits (this is especially true of undocumented immigrants, due to their ineligibility for Social Security and Medicare).

But there is at least one way that immigration really can hurt American-born people economically: When migrants come to a locality in large numbers, they can push up housing costs for longtime residents.

The president called attention to that fact earlier this week. In a Truth Social post Sunday, Trump wrote, “Fed Reserve working paper suggests Biden illegal immigrant wave drove up home prices 30%.”

Here, the president was garbling the findings of a recently published Dallas Federal Reserve study, which mostly contradicts his narrative about immigration's economic harms.

Still, that paper did find that unauthorized immigration pushed up both rents and home prices during the Biden era (albeit by much less than Trump claimed).

This is a real problem. Yet, the solution is not to close America's borders. Throttling immigration would make America less prosperous, while doing little to make housing more affordable.

Fortunately, there is a way to secure immigration's considerable economic benefits while limiting its more modest downsides: We can simply make it easier to build more homes.

The spike in unauthorized immigration under Biden was genuinely massive.

Between 2021 and 2024, seven million unauthorized immigrants settled in the United States. Put differently, America added 1.75 million unauthorized migrants per year during this period. For context, between 2000 and 2019, the US added an average of 0.1 million annually.

The extraordinary scale of the Biden-era wave provided researchers at the Dallas Fed with a unique opportunity to gauge unauthorized migration's material consequences. Drawing on court records that revealed where immigrants had settled, the economists examined how local economic trends varied between places with more or fewer migrants, controlling for other variables.

As the president suggested, the immigration spike had some adverse impacts on local housing markets. Between early 2021 and early 2024, unauthorized migration pushed up the average American municipality's home prices by 6.6 percent (not 30 percent, as Trump claimed) and its market rents by 4.3 percent.

In some contexts, rising home prices aren't entirely unwelcome. Immigrants have helped spur the economic revival of many declining localities, which had previously suffered large drops in population, and, thus, in tax revenues and job opportunities. When such communities become more economically vibrant, property values tend to rebound — a welcome development for local homeowners.

Nevertheless, many American cities currently suffer from perennial crises of housing unaffordability. And the Fed's research suggests that the Biden-era immigration surge made this problem worse, accounting for 30 percent of the overall increase in home prices during the period.

That's significant, even as other factors played a collectively bigger role, among them tight post-pandemic labor markets, the soaring cost of construction materials, a jump in demand for floor space due to remote work (as middle-class families sought larger homes to accommodate home offices), and America's pre-existing housing shortage.

This finding is consistent with past research into immigration's impact on housing costs. And it is also intuitive, given the inherent and artificial constraints on housing construction in the United States.

After all, cities can add new residents much faster than they can build new housing. When a large number of immigrants show up in a city all at once, demand for homes will inevitably grow quicker than supply.

In a healthy housing market, this would merely be a short-term problem. Eventually, rising home values would encourage more building until prices fell back towards their pre-surge trajectory. Recent trends in Austin, Texas, are a case in point. Between 2021 and 2025, rents in that city fell by 4 percent, even as its population increased, thanks to a boom in housing construction.

In most US cities, however, land-use rules make it functionally impossible for housing supply to keep pace with demand. Bans on the construction of apartment buildings, large minimum lot size requirements, and other rules effectively cap the amount of housing that can be erected, no matter how much the population rises. Under these conditions, the Trumpian vision of immigration — in which American-born people and new arrivals are locked in a zero-sum struggle for scarce resources — becomes a little more true.

It would be a mistake to respond to this by throttling immigration rather than fixing our housing markets.

Immigration is still economically beneficial for Americans on the whole. In truth, the Dallas Fed's study does more to undermine nativists' arguments than to support them.

According to that paper, the Biden-era migration wave did not take a fixed set of jobs from American-born people. Rather, it added roughly as many new jobs as new workers to local economies.

Which makes some sense: Immigrant workers do not just provide goods and services, but also consume them. Thus, although they increase an area's labor supply, they also boost its labor demand, sparking job growth.

Further, contrary to nativists' expectations, unauthorized immigration had no statistically significant impact on local wages during the Biden era and drove down government transfer spending per capita in impacted localities, likely because undocumented immigrants are ineligible for many social welfare programs.

Meanwhile, we know from previous research that immigration benefits economies in myriad ways, not least by fostering a more efficient division of labor and, thus, higher productivity. This is partly because immigrants are far more willing to move in response to shifting economic conditions than American-born workers, which makes them uniquely effective at filling gaps in local labor markets.

More critically, as the American population ages in the coming decades, our nation's ratio of workers-to-retirees is set to fall. That will make supporting seniors' pensions and health care cost more onerous for the young while also depressing economic growth and boosting deficits. Welcoming more working-age immigrants into America is the simplest way to mitigate these problems.

In any case, choking off immigration would do little to resolve America's housing crisis. After all, even during a historic surge in unauthorized entries, 70 percent of the increase in home prices — and 80 percent of the rise in market rents — was due to factors other than immigration, according to the Dallas Fed's report.

Thus, if we want to maximize Americans' prosperity, we need to find a way to reconcile robust immigration with affordable housing.

This will probably require avoiding another abrupt surge in unauthorized migration, like that which transpired under Biden. Rapid, disorderly spikes in irregular immigration are politically toxic and economically disruptive. Even in a well-functioning housing market, a sudden jump in population will generate short-term price spikes.

Above all, however, we must pare back barriers to homebuilding. Until we do, housing will remain unaffordable in much of America, no matter how few immigrants we take in — and policymakers may struggle to sell voters on high levels of legal immigration, no matter how many facts they have on their side.

A daily, curiosity-driven guide to the big, weird, and fascinating ideas shaping the news cycle.

This is the title for the native ad

﻿His career explains why so many Republicans made peace with Trump — and what they gave up to do it.

The case for — and against — another Harris presidential campaign.

Iran may have bitten off more than it can chew in the Strait of Hormuz.

﻿The newly leaderless Election Assistance Commission, briefly explained.

Trump says he's defending religious liberty. Not when it comes to immigration.

Rahm Emanuel and the death of the pro-Israel Democrat.

This is the title for the native ad

© 2026 Vox Media, LLC. All Rights Reserved","{'href': 'https://www.vox.com', 'title': 'vox.com'}","national"
"https://news.google.com/rss/search?q=site:businessinsider.com","Microsoft's Satya Nadella takes a veiled swipe at Anthropic and other AI model makers","https://www.businessinsider.com/microsoft-ceo-satya-nadella-swipe-ai-model-makers-distillation-2026-7","Mon, 13 Jul 2026 04:51:00 GMT","

Satya Nadella took a quiet swipe at AI labs like Anthropic for how they train their models.

In an X post on Sunday, the Microsoft CEO said that model makers complaining about distillation is hypocritical. Distillation is the process of training a less powerful model based on the outputs of a stronger one.

""While the great innovation that comes from model providers having fair use rights to train models on public data is needed, I find it ironic that the status quo is to then turn around and impose restrictive terms on distillation, and to reserve the right to learn from customer usage and interaction data,"" Nadella wrote.

He added that if learning only flows in one direction, owners of the learning infrastructure make all the money while creators of the knowledge get left out.

Frontier AI model makers like Anthropic, OpenAI, and Google DeepMind rely on work created by others to train their own models. ChatGPT, Claude, and Gemini acquire their ""intelligence"" from publicly available writing, images, and other data. Numerous companies and individuals have sued the leading AI labs over nonconsensual content ""scraping.""

Though the lab was not named, Nadella's comments seemed especially targeted toward Anthropic. Earlier this year, Anthropic CEO Dario Amodei complained that Chinese model makers are stealing his company's work, using Claude to train their own models.

Last month, Anthropic wrote a letter to South Carolina Sen. Tim Scott and Massachusetts Sen. Elizabeth Warren saying that Alibaba had recently carried out ""the largest known distillation attack"" on it to date.

Take a smarter break in your day - and see how far you get.

""Competitors can use it to acquire powerful capabilities from other labs in a fraction of the time, and at a fraction of the cost, that it would take to develop them independently,"" Anthropic said in a lengthy statement on the subject in February.

Alibaba did not publicly respond to Anthropic's accusations at the time.

In Sunday's blog post, Nadella warned that companies relying on leading models are essentially handing over their proprietary data and then paying to use them.

He said companies should own their AI infrastructure and institutional knowledge rather than rely on any single model vendor. They should also conduct their own evaluations and their own ""learning loop,"" allowing their AI capabilities to improve continuously over time.

""That is why enterprises need a real trust boundary for their human capital and token capital to compound,"" he said. ""And it is a hard boundary across which nothing crosses, not even the intelligence exhaust, without consent.""

Elon Musk has also criticized Anthropic for how it collects data and trains its models.

""Anthropic is guilty of stealing training data at massive scale and has had to pay multi-billion dollar settlements for their theft. This is just a fact,"" Musk wrote in a February X post, following Anthropic's complaint against Chinese models.

Anthropic did not immediately respond to a request for comment from Business Insider.

Jump to


      Every time  publishes a story, you'll get an alert straight to your inbox!
    


      Look out for an alert in your inbox the next time  publishes a story!
    


      Every time a new  story is published, you'll get an alert straight to your inbox!
    


      Look out for an alert in your inbox the next time a new  story is published!
    




        By clicking “Sign up”, you agree to receive emails from Business Insider. In addition, you accept Insider's
        Terms of Service and
        Privacy Policy.
      ","{'href': 'https://www.businessinsider.com', 'title': 'Business Insider'}","business"
"https://news.google.com/rss/search?q=site:cnbc.com","Meta's Louisiana data center investment to reach $50 billion, aided by generous tax incentives","https://www.cnbc.com/2026/07/13/meta-louisiana-data-center-investment-reaches-50-billion-amid-ai-push.html","Mon, 13 Jul 2026 09:30:01 GMT","



In this article

Meta's massive Hyperion data center project in rural Louisiana is getting much bigger and costlier, with a big assist from the state's government.

The company said in a blog post on Monday that the site in Richland Parish, Louisiana — home to what will be Meta's largest data center — will be a 5GW facility and cost over $50 billion. That's higher than the $27 billion figure that was revealed in October, when Meta and Blue Owl Capital formed a joint venture to help with the buildout and management of the facility, originally planned as a 2GW data center.

As Meta pursues its multi-hundred-billion-dollar buildout artificial intelligence buildout, the company and hyperscaler rivals Microsoft, Alphabet and Amazon are taking advantage of tax rebates and energy deals being offered by states that are fighting to get a piece of the AI boom.

In late 2024, Louisiana Republican Governor Jeff Landry signed into law a 20-year sales tax exemption for data centers built before 2029 as part of an effort to court Meta in the state, CNBC previously reported. Landry is set to host a press event on Monday in Baton Rouge.

""I'm a business guy,"" Landry told CNBC in an interview last year. ""What we know is when you look at the overall comprehensive package here, it's in the black. For local government, and the state, and how you get to the bottom line is irrespective to me.""

Meta is expanding the project as it seeks to build out enough AI infrastructure to meet demand. The announcement comes after Meta had its best week on the stock market since early 2024 following the release of two major AI models under the leadership of AI chief Alexandr Wang, head of Meta Superintelligence Labs. Investors have been looking for the company to start showing returns on its outsized AI investments. 

Meta said in Monday's post that the company ""pays the full costs of the energy, water, and related infrastructure the data center uses so consumers aren't paying the cost."" Since construction of the Louisiana data center began in December 2024, local businesses have received over $1.6 billion in contracts from Meta, the company said. 

""With this expansion, we will be investing over $1 billion in local infrastructure improvements, including roads, water and wastewater systems,"" Meta said in the post. The company didn't announce a financial partner for the expansion.

When the project began, the estimated price tag was $10 billion. CEO Mark Zuckerberg said in a Facebook post roughly six months later that the supercluster, named Hyperion, would be ""able to scale up to 5GW over several years."" Unlike traditional data centers, superclusters are packed with graphics processing units and related cutting-edge hardware tailored for AI workloads.

""Meta Superintelligence Labs will have industry-leading levels of compute and by far the greatest compute per researcher,"" Zuckerberg wrote. 

A Meta spokesperson told CNBC that the Hyperion project should reach 2GW by 2030, but there's no timeline for when the full 5GW project will be completed.

WATCH: Meta rebound should continue through July.

Got a confidential news tip? We want to hear from you.

Sign up for free newsletters and get more CNBC delivered to your inbox

Get this delivered to your inbox, and more info about our products and services.

© 2026 Versant Media, LLC. All Rights Reserved. A Versant Media Company.


      Data is a real-time snapshot *Data is delayed at least 15 minutes.
      Global Business and Financial News, Stock Quotes, and Market Data
      and Analysis.
    

Data also provided by","{'href': 'https://www.cnbc.com', 'title': 'CNBC'}","business"
"https://news.google.com/rss/search?q=ethereum","Ethereum Price to $10,000? Eric Trump Under Fire for Claims ETH Is ‘Bumping Hard'","https://finance.yahoo.com/markets/crypto/articles/ethereum-price-10-000-eric-095716824.html","Mon, 13 Jul 2026 09:57:16 GMT","

Oops, something went wrong

Key Takeaways 

Eric Trump reignited the Ethereum debate after declaring, ""ETH is pumping hard."" 

Ethereum would need to rally about 463% from roughly $1,776 to reach a $10,000 price target. 

Tom Lee argues Ethereum could eventually become a $5 trillion network, implying a price near $41,500. 

Ethereum's long-term price outlook has returned to the spotlight after Eric Trump publicly backed the crypto, declaring that ""ETH is pumping hard"" and that ""crypto is the future."" 

His comments come as analysts continue debating whether Ethereum can eventually reach $10,000, while some of Wall Street's biggest bulls argue that its long-term upside could be significantly higher. 

Eric Trump praised Ethereum in a post on X on July 11 after sharing a screenshot of the ETH/BTC trading pair. 

""ETH is pumping hard! Great to see!"" he wrote. 

Trump has become one of the most vocal high-profile supporters of crypto through his involvement in the Trump family's World Liberty Financial crypto venture — though his social media endorsements have regularly drawn criticism. 

His latest comments came after Ethereum recently strengthened against Bitcoin, with the ETH/BTC pair breaking above recent levels after months of underperformance. 

At the time of his post, Ethereum had climbed back above $1,800 while Bitcoin traded near $64,000. 

Despite the recent optimism, Ethereum has since returned to the back foot. 

According to CoinMarketCap analysis, Ethereum was trading at $1,776, down 0.96% over the previous 24 hours, reflecting a broader market sell-off. 

The reversal quickly led to a flurry of memes of criticism across X aimed towards Trump's outdated post. 

""Literally the same price it was 5 years ago,"" said one X user. 

Another wrote: ""Dude posts about crypto, less than an hour later it retraces all its daily gains…while insiders talked about the sell off."" 

Many users also posted memes making fun of Trump's string of failed predictions and poorly timed posts across crypto. 

CoinMarketCap said the decline was primarily a ""beta-driven sell-off,"" with Ethereum moving closely alongside Bitcoin as risk appetite deteriorated across crypto markets. 

It comes after users last week questioned whether Trump's past bullish comments on Bitcoin encouraged investors to buy while shareholders suffered significant losses. 

With a screenshot last week of  Trump's previous multiple ""but the dip"" posts, one X user stated: 

""Honest question, can we sue the Trumps for this? Were the trumps dumping on shareholders while simultaneously telling everyone to buy? Someone should look into that."" 

There is no evidence that Eric Trump or American Bitcoin sold Bitcoin holdings while making those public statements. 

At its current price of approximately $1,776, Ethereum would need to gain around 463% to reach $10,000. 

That would require the token to increase by roughly $8,224 per ETH, representing a price multiple of around 5.6 times current levels. 

To achieve this, the move would require a combination of institutional demand, stronger network activity, and a broader crypto bull market led by Bitcoin. 

In the near term, analysts remain focused on whether Ethereum can first reclaim and hold the $1,800 level before attempting a move back toward higher resistance levels. 

The possibility of Ethereum eventually reaching five figures has been debated by analysts for months. 

Writing in February, Motley Fool analyst Dominic Basulto argued there were two primary bullish cases supporting such a move. 

""One is by looking at technical indicators related to overall trading volume, liquidity, and the pattern of accumulation by large crypto investors,"" he wrote. 

He added that blockchain activity was also showing encouraging signs. 

Basulto noted Ethereum had previously demonstrated its ability to move rapidly during strong bull markets. 

Adding: ""Ethereum traded for $5,000 just six months ago. So a doubling in price to $10,000 would not be so extraordinary when viewed from this perspective."" 

Meanwhile, Fundstrat co-founder and BitMine Chairman Tom Lee has argued Ethereum could eventually surge to around $41,500 per token — more than 22 times its current price. 

Last week, Lee said in an interview that he predicts the blockchain could grow into a $5 trillion network powering the tokenization of global financial assets. 

Speaking on the New Era Finance podcast, Lee said Ethereum's current valuation fails to reflect the scale of the opportunity as trillions of dollars worth of traditional assets migrate on-chain. 

He contrasted Ethereum's market value with major global asset classes, highlighting gold's worth of around $22 trillion. 

""…to make them composable and monetized and digitized, you're going to have to run it on Ethereum and other blockchains,"" Lee said. 

He argued that Ethereum remains ""grossly undervalued"" relative to its future role in the financial system. 

""Should Ethereum be a trillion or $2 trillion or a $5 trillion network value? Yeah, I can easily see it in the next few years."" 

""I think there's a lot of upside. I'm pretty confident about the price upside."" 

That would represent an increase of approximately 2,240% from Ethereum's current price of around $1,776. 

It would value the network above today's largest publicly traded companies, while still remaining well below gold's estimated market value. 

Lee argued that investors have become overly focused on Ethereum's recent price weakness rather than the blockchain's long-term fundamentals. 

""To me, this is more signs of crypto spring, because the fundamentals are actually much stronger and the growth ramps look much bigger, but the price is lagging."" 

Top Picks for Ethereum 

Get A Great Offer When You Join These Exchanges 

How To Buy Ethereum With a Credit Card Now 

See Our Picks for the Best Crypto Gambling Sites 

The post Ethereum Price to $10,000? Eric Trump Under Fire for Claims ETH Is 'Bumping Hard' appeared first on ccn.com. ","{'href': 'https://finance.yahoo.com', 'title': 'Yahoo Finance'}","cryptocurrency"
"https://news.google.com/rss/search?q=ico","The Weekly Round Up","https://ukhumanrightsblog.com/2026/07/13/the-weekly-round-up-scrutiny-of-the-immigration-and-asylum-bill-62nd-session-of-the-unhrc-evisas-and-the-ico-facial-recognition-and-rulings-on-deportation-extradition-and-modern-slavery-guidan/","Mon, 13 Jul 2026 10:06:08 GMT","

We use cookies to enhance your browsing experience.  If you continue to use our website we will take this to mean that you agree to our use of cookies. If you want to find out more, please view our cookie policy. Accept and Hide [x]


						UK Human Rights Blog -  1 Crown Office Row					

13 July 2026 by Max Thomas




In the news
JCHR to scrutinise Immigration and Asylum Bill
The Joint Committee on Human Rights (JCHR) has this week launched its legislative scrutiny of the Immigration and Asylum Bill.
Described by the government as “a framework of new, enhanced powers and offences to improve UK border security and to strengthen the asylum and immigration system”, the Bill contemplates a raft of reforms which have been summarised in a previous post on this blog.
Launching the JCHR's inquiry into the Bill, Lord David Alton said:

We need to make sure that, as the Government sets out to deal with long-term issues such as the asylum backlog, costly asylum accommodation and low public confidence in the asylum and immigration processes, it does not come at the cost of the human rights of those engaging with the system.

The JCHR invites written submissions until 1st September 2026 on a number of issues relating to the Bill's compatibility with domestic and international human rights obligations.
UNHRC concludes 62nd regular session 
The UN Human Rights Council (UNHRC) concluded its 62nd regular session on 8th July, having adopted 28 resolutions on a range of country-specific and thematic issues.
The UNHRC adopted resolutions relating to the current human rights situations in Sudan, Myanmar and Eritrea and on a variety of thematic issues, including:

freedom of expression;
the rights of women and girls in humanitarian situations;
forced marriage;
protection of healthcare in armed conflict;
judicial independence; and
extreme poverty.

Calls for ICO to be investigated for eVisa oversight failures
The Science, Innovation and Technology Select Committee has been asked to open an investigation into the Information Commissioner's Office (ICO) for alleged failures in upholding data protection law in relation to the Home Office's eVisa scheme.
In a letter to the Committee's chair, a group of 20 immigration, data protection and human rights organisations assert that the eVisa scheme has been affected – since its rollout – by systemic data protection and accessibility issues.
The signatories note that these issues have had a “high and unjustifiable” price, preventing individuals from proving their immigration status, applying for jobs, enrolling in education, and claiming benefits.
Against this background, the signatories criticise the ICO's failure to take any action as part of its oversight responsibilities, despite being approached in November 2025. They ask the Select Committee to consider whether institutional changes are needed at the ICO, as well as investigating the specific eVisa issues.
Concerns over facial recognition technology in UK shops
Civil liberties groups have described a “dangerous escalation” in the use of facial recognition technology in UK shops – such as Sainsbury's, B&M and Spar – to monitor shoplifting.
The technology, known as Facewatch, is expected to alert police in real time to the presence of known offenders based on live facial recognition matching.
Critics say this raises proportionality issues given the risks of misidentification, as well as threatening infringements of data and privacy rights as people's faces will be scanned and their features stored without meaningful consent. 
In defence of the technology, Facewatch's CEO has said:

This is about the people who commit dozens and, in some cases, hundreds of offences, not the millions of people who simply want to do their shopping. If technology can help protect retail workers, prevent further crime and support policing, we believe it has a responsible role to play.


In the courts
Deportation cases in the Court of Appeal
The Court of Appeal has this week handed down judgment in two deportation cases raising issues connected with the ECHR. 
The cases are: 

SSHD v Lewis [2026] EWCA Civ 879 (08 July 2026)
SSHD v CP [2026] EWCA Civ 892 (10 July 2026)

Lewis
In this case, the Court of Appeal held that the FTT erred in applying the statutory approach to Article 8 under the Nationality, Immigration and Asylum Act 2002, ss 117B and 117C.
The Respondent, Mr Lewis, was a Dominican national who had been in the UK unlawfully since October 2015. In that time, he had been convicted of a series of escalating drugs offences and sentenced to 5 years and 4 months' imprisonment. Accordingly, the SSHD decided to deport him. He appealed, relying on Article 8 grounds, chiefly focused around his desire to establish a close relationship with his young son. The FTT allowed his appeal. The SSHD appealed to the UT, which upheld the FTT's decision, and then to the Court of Appeal.
In a judgment written by Lewis LJ, with which Moylan and Stuart-Smith LJJ agreed, the Court of Appeal found that the FTT — and by extension the UT — had, in allowing Mr Lewis's appeal, failed properly to apply the statutory approach under the 2002 Act. The FTT had failed to take into account the considerations contained in s 117B, particularly failing to consider Mr Lewis's lack of financial independence ([61]).
More fundamentally, the FTT had not identified “very compelling circumstances, over and above those described in Exceptions 1 and 2” as required under s 117C(6), given Mr Lewis's serious offending. In focusing on Mr Lewis's wish to establish a relationship with his son in the future, the FTT had taken into account an irrelevant factor ([56]). It had actually identified “something less than … the circumstances set out in exception 2”, which requires a “genuine and subsisting relationship” and therefore cannot be satisfied by the prospect or intention of a future relationship ([55] and see s 117C(5)).
CP
In this case, the Court of Appeal clarified the correct application of the standard of proof where an individual seeks to resist deportation on Article 3 grounds in relation to a prospect of persecution by criminal gangs where adequate witness protection may or may not be available.
The Respondent, CP, was a Jamaican national. While in Jamaica, his mother witnessed a murder committed by the leader of a gang and subsequently gave evidence at the trial leading to his conviction. She entered a witness protection programme in Jamaica before coming to the UK in 1999. 
CP's own leave to remain in the UK expired in 2002 and was never renewed. He claimed asylum in 2006 and, while his application was being considered, committed offences of unlawful wounding and burglary. He was later convicted of two counts of rape. The SSHD accordingly gave CP notice of her intention to deport him. CP appealed on the ground that he was at risk of persecution contrary to Article 3 if he returned to Jamaica.
In dismissing CP's appeal, the FTT relied on the governing Country Guidance in AB (Protection, criminal gangs, internal relocation) Jamaica CG [2007] UKAIT 00018 which provides in the headnote:

The authorities in Jamaica are in general willing and able to provide effective protection. However, unless reasonably likely to be admitted into the Witness Protection programme, a person targeted by a criminal gang will not normally receive effective protection in his home area.

And, to the same effect, at [155]:

Nevertheless, we recognise that apart from the safety-net of this programme, there does appear to be a protection gap. For persons targeted by gangs who are not reasonably likely to be admitted into [the Witness Protection] programme, we think the evidence adduced by Mr Sobers and others strongly points to them not being able to secure protection …

On this basis, the FTT held that the question it had to answer was whether it was reasonably likely that CP would be admitted into witness protection, should he be deported to Jamaica ([13]). Applying that test, it concluded that deportation would not breach CP's Article 3 rights ([17]). On appeal, the UT reversed the FTT's decision. It held that, by interpreting the country guidance in AB literally, the FTT had misdirected itself as to the required standard of proof ([21]-[22]).
The Court of Appeal dismissed the SSHD's appeal for essentially the same reason. It held that the UT had correctly identified that the central question raised by CP's appeal — applying the proper Article 3 standard of proof — was whether there was “a real risk or reasonable possibility” that CP would not be able to access reasonable protection in Jamaica, not whether there was a real likelihood that he would ([68]). At least on a literal reading, AB misstated the law and should not be applied as the FTT had done ([71]-[72]). 
Further, asking itself the correct question which it had identified, the Court was satisfied that CP met the required standard to resist deportation on Article 3 grounds ([70]). A crucial piece of evidence in this regard was a letter from the Jamaican Ministry of National Security dated September 2023, in which the Ministry had assessed the probability of harm against CP's family as “HIGH” and further noted that there was “no guarantee” that CP would be placed in witness protection ([7]).
Article 8 and extradition in the High Court
The High Court has handed down judgment in three extradition appeals where it considered, inter alia, whether extradition would be compatible with Article 8 ECHR. 
The cases are:

Rolbiecka-Platta v Poland [2026] EWHC 1658 (Admin) (06 July 2025)
Romania v Preda [2026] EWHC 1657 (Admin) (07 July 2026)
Tobosaru v Romania and Tofan v Romania [2026] EWHC 1720 (Admin) (08 July 2026)

In all three cases, the High Court held that extradition would not amount to an unlawful interference with Article 8, emphasising the high bar that must be met before extradition can successfully be resisted on Article 8 grounds. 
In each case, the Court reiterated that the authorities established that it would only be in exceptional circumstances that Article 8 interferences would outweigh the very strong public interest in extradition. As held by the Supreme Court in Andrysiewicz v Poland [2025] UKSC 23 at [47]: “it will only be in cases of exceptionally severe impact on family life that an Article 8 ECHR defence will have any prospect of success”.
High Court holds SSHD acted unlawfully in altering modern slavery guidance
In R (AYA & Ors) v SSHD [2026] EWHC 1742 (Admin), the High Court has held that the SSHD acted unlawfully by altering modern slavery guidance to remove the right to request reconsideration of a negative trafficking/modern slavery decision from individuals sought to be removed to ECAT and ECHR signatory states.
In September 2025, the SSHD amended the modern slavery guidance under s 49 of the Modern Slavery Act 2015 with the effect set out above. The purpose of the amendment was to remove a potential barrier to the removal of individuals to France under the ‘UK-France Treaty on the Prevention of Dangerous Journeys‘ ([43]). Claims for judicial review were subsequently brought by a number of individuals who had been, or were at risk of being, removed under the Treaty. A major common issue was the lawfulness of the amendment of the modern slavery guidance.
Having heard argument at a rolled-up hearing in late April to May 2026, Sheldon J held that the amendment was unlawful on a number of grounds:

The amendment was ultra vires — it was outside the scope of what Parliament contemplated in giving the SSHD discretion to make arrangements under s 49(1) of the 2015 Act because it was incompatible with a robust and effective process for identifying and supporting victims of trafficking ([125])
The amendment was an improper fetter on the SSHD's discretion — by preventing the SSHD from reopening negative decisions, it fettered her discretion to identify trafficking victims ([146])
The amendment breached the Padfield principle — since the amendment diluted the efficacy of arrangements for identifying trafficking victims, it frustrated the purpose and objects of the 2015 Act, these being inter alia to support and protect victims of trafficking ([164])
The amendment was contrary to the principles in R (A) v SSHD [2021] UKSC 37 — by inducing officials not to reconsider decisions which ought to be reconsidered, the amended guidance directed officials to act in a way which contradicted the law ([166]).

In reaching his main conclusion that the amendment was unlawful because it did not conduce to a robust and effective process for identifying and supporting victims of trafficking, Sheldon J's reasoning was as follows. 
The statutory scheme under the 2015 Act necessarily requires robust and effective processes, or else the rights intended to be conferred on victims of trafficking would not be available to those entitled to them ([113]).
The reasonable grounds decision is taken at considerable pace – where possible, within 5 working days. Yet individuals arriving in the UK on small boats are frequently malnourished and sleep deprived. Their first interviews may take place in the middle of the night, before they have had the opportunity to speak to a medical professional. There will also often be language difficulties, leading to questions about exploitation not being fully understood and/or incomplete accounts being given. Critical evidence supporting a situation of trafficking will often be unavailable until a later stage, after a negative reasonable grounds decision has been made ([121]-[123]).
The relevance of those factors is that an initial negative trafficking decision is at a real risk of being mistaken, and a refusal to to reconsider the decision will prevent a mistake from being corrected. That reality is reflected in the fact that, in 2025, 79% of reconsidered reasonable grounds decisions were reversed ([124]). As such, the amendment to the guidance was not consistent with the robust and effective process that Parliament intended.
On the UKHRB

Rosalind English highlights the legal designation of decapod crustaceans as sentient beings under the Animal Welfare (Sentience) Act 2022, noting the Animal Law Foundation's recent letter to the Welsh Government requesting guidance on what this means for the humane killing of crabs and lobsters in Wales.

Share:
Email a link to a friend (Opens in new window)
Email
TweetShare on Tumblr
Share on Reddit (Opens in new window)
Reddit
Like this:Like Loading…



The Joint Committee on Human Rights (JCHR) has this week launched its legislative scrutiny of the Immigration and Asylum Bill.

Described by the government as “a framework of new, enhanced powers and offences to improve UK border security and to strengthen the asylum and immigration system”, the Bill contemplates a raft of reforms which have been summarised in a previous post on this blog.

Launching the JCHR's inquiry into the Bill, Lord David Alton said:

We need to make sure that, as the Government sets out to deal with long-term issues such as the asylum backlog, costly asylum accommodation and low public confidence in the asylum and immigration processes, it does not come at the cost of the human rights of those engaging with the system.

The JCHR invites written submissions until 1st September 2026 on a number of issues relating to the Bill's compatibility with domestic and international human rights obligations.

The UN Human Rights Council (UNHRC) concluded its 62nd regular session on 8th July, having adopted 28 resolutions on a range of country-specific and thematic issues.

The UNHRC adopted resolutions relating to the current human rights situations in Sudan, Myanmar and Eritrea and on a variety of thematic issues, including:

The Science, Innovation and Technology Select Committee has been asked to open an investigation into the Information Commissioner's Office (ICO) for alleged failures in upholding data protection law in relation to the Home Office's eVisa scheme.

In a letter to the Committee's chair, a group of 20 immigration, data protection and human rights organisations assert that the eVisa scheme has been affected – since its rollout – by systemic data protection and accessibility issues.

The signatories note that these issues have had a “high and unjustifiable” price, preventing individuals from proving their immigration status, applying for jobs, enrolling in education, and claiming benefits.

Against this background, the signatories criticise the ICO's failure to take any action as part of its oversight responsibilities, despite being approached in November 2025. They ask the Select Committee to consider whether institutional changes are needed at the ICO, as well as investigating the specific eVisa issues.

Civil liberties groups have described a “dangerous escalation” in the use of facial recognition technology in UK shops – such as Sainsbury's, B&M and Spar – to monitor shoplifting.

The technology, known as Facewatch, is expected to alert police in real time to the presence of known offenders based on live facial recognition matching.

Critics say this raises proportionality issues given the risks of misidentification, as well as threatening infringements of data and privacy rights as people's faces will be scanned and their features stored without meaningful consent. 

In defence of the technology, Facewatch's CEO has said:

This is about the people who commit dozens and, in some cases, hundreds of offences, not the millions of people who simply want to do their shopping. If technology can help protect retail workers, prevent further crime and support policing, we believe it has a responsible role to play.

The Court of Appeal has this week handed down judgment in two deportation cases raising issues connected with the ECHR. 

The cases are: 

In this case, the Court of Appeal held that the FTT erred in applying the statutory approach to Article 8 under the Nationality, Immigration and Asylum Act 2002, ss 117B and 117C.

The Respondent, Mr Lewis, was a Dominican national who had been in the UK unlawfully since October 2015. In that time, he had been convicted of a series of escalating drugs offences and sentenced to 5 years and 4 months' imprisonment. Accordingly, the SSHD decided to deport him. He appealed, relying on Article 8 grounds, chiefly focused around his desire to establish a close relationship with his young son. The FTT allowed his appeal. The SSHD appealed to the UT, which upheld the FTT's decision, and then to the Court of Appeal.

In a judgment written by Lewis LJ, with which Moylan and Stuart-Smith LJJ agreed, the Court of Appeal found that the FTT — and by extension the UT — had, in allowing Mr Lewis's appeal, failed properly to apply the statutory approach under the 2002 Act. The FTT had failed to take into account the considerations contained in s 117B, particularly failing to consider Mr Lewis's lack of financial independence ([61]).

More fundamentally, the FTT had not identified “very compelling circumstances, over and above those described in Exceptions 1 and 2” as required under s 117C(6), given Mr Lewis's serious offending. In focusing on Mr Lewis's wish to establish a relationship with his son in the future, the FTT had taken into account an irrelevant factor ([56]). It had actually identified “something less than … the circumstances set out in exception 2”, which requires a “genuine and subsisting relationship” and therefore cannot be satisfied by the prospect or intention of a future relationship ([55] and see s 117C(5)).

In this case, the Court of Appeal clarified the correct application of the standard of proof where an individual seeks to resist deportation on Article 3 grounds in relation to a prospect of persecution by criminal gangs where adequate witness protection may or may not be available.

The Respondent, CP, was a Jamaican national. While in Jamaica, his mother witnessed a murder committed by the leader of a gang and subsequently gave evidence at the trial leading to his conviction. She entered a witness protection programme in Jamaica before coming to the UK in 1999. 

CP's own leave to remain in the UK expired in 2002 and was never renewed. He claimed asylum in 2006 and, while his application was being considered, committed offences of unlawful wounding and burglary. He was later convicted of two counts of rape. The SSHD accordingly gave CP notice of her intention to deport him. CP appealed on the ground that he was at risk of persecution contrary to Article 3 if he returned to Jamaica.

In dismissing CP's appeal, the FTT relied on the governing Country Guidance in AB (Protection, criminal gangs, internal relocation) Jamaica CG [2007] UKAIT 00018 which provides in the headnote:

The authorities in Jamaica are in general willing and able to provide effective protection. However, unless reasonably likely to be admitted into the Witness Protection programme, a person targeted by a criminal gang will not normally receive effective protection in his home area.

And, to the same effect, at [155]:

Nevertheless, we recognise that apart from the safety-net of this programme, there does appear to be a protection gap. For persons targeted by gangs who are not reasonably likely to be admitted into [the Witness Protection] programme, we think the evidence adduced by Mr Sobers and others strongly points to them not being able to secure protection …

On this basis, the FTT held that the question it had to answer was whether it was reasonably likely that CP would be admitted into witness protection, should he be deported to Jamaica ([13]). Applying that test, it concluded that deportation would not breach CP's Article 3 rights ([17]). On appeal, the UT reversed the FTT's decision. It held that, by interpreting the country guidance in AB literally, the FTT had misdirected itself as to the required standard of proof ([21]-[22]).

The Court of Appeal dismissed the SSHD's appeal for essentially the same reason. It held that the UT had correctly identified that the central question raised by CP's appeal — applying the proper Article 3 standard of proof — was whether there was “a real risk or reasonable possibility” that CP would not be able to access reasonable protection in Jamaica, not whether there was a real likelihood that he would ([68]). At least on a literal reading, AB misstated the law and should not be applied as the FTT had done ([71]-[72]). 

Further, asking itself the correct question which it had identified, the Court was satisfied that CP met the required standard to resist deportation on Article 3 grounds ([70]). A crucial piece of evidence in this regard was a letter from the Jamaican Ministry of National Security dated September 2023, in which the Ministry had assessed the probability of harm against CP's family as “HIGH” and further noted that there was “no guarantee” that CP would be placed in witness protection ([7]).

The High Court has handed down judgment in three extradition appeals where it considered, inter alia, whether extradition would be compatible with Article 8 ECHR. 

The cases are:

In all three cases, the High Court held that extradition would not amount to an unlawful interference with Article 8, emphasising the high bar that must be met before extradition can successfully be resisted on Article 8 grounds. 

In each case, the Court reiterated that the authorities established that it would only be in exceptional circumstances that Article 8 interferences would outweigh the very strong public interest in extradition. As held by the Supreme Court in Andrysiewicz v Poland [2025] UKSC 23 at [47]: “it will only be in cases of exceptionally severe impact on family life that an Article 8 ECHR defence will have any prospect of success”.

In R (AYA & Ors) v SSHD [2026] EWHC 1742 (Admin), the High Court has held that the SSHD acted unlawfully by altering modern slavery guidance to remove the right to request reconsideration of a negative trafficking/modern slavery decision from individuals sought to be removed to ECAT and ECHR signatory states.

In September 2025, the SSHD amended the modern slavery guidance under s 49 of the Modern Slavery Act 2015 with the effect set out above. The purpose of the amendment was to remove a potential barrier to the removal of individuals to France under the ‘UK-France Treaty on the Prevention of Dangerous Journeys‘ ([43]). Claims for judicial review were subsequently brought by a number of individuals who had been, or were at risk of being, removed under the Treaty. A major common issue was the lawfulness of the amendment of the modern slavery guidance.

Having heard argument at a rolled-up hearing in late April to May 2026, Sheldon J held that the amendment was unlawful on a number of grounds:

In reaching his main conclusion that the amendment was unlawful because it did not conduce to a robust and effective process for identifying and supporting victims of trafficking, Sheldon J's reasoning was as follows. 

The statutory scheme under the 2015 Act necessarily requires robust and effective processes, or else the rights intended to be conferred on victims of trafficking would not be available to those entitled to them ([113]).

The reasonable grounds decision is taken at considerable pace – where possible, within 5 working days. Yet individuals arriving in the UK on small boats are frequently malnourished and sleep deprived. Their first interviews may take place in the middle of the night, before they have had the opportunity to speak to a medical professional. There will also often be language difficulties, leading to questions about exploitation not being fully understood and/or incomplete accounts being given. Critical evidence supporting a situation of trafficking will often be unavailable until a later stage, after a negative reasonable grounds decision has been made ([121]-[123]).

The relevance of those factors is that an initial negative trafficking decision is at a real risk of being mistaken, and a refusal to to reconsider the decision will prevent a mistake from being corrected. That reality is reflected in the fact that, in 2025, 79% of reconsidered reasonable grounds decisions were reversed ([124]). As such, the amendment to the guidance was not consistent with the robust and effective process that Parliament intended.



This blog is run by 1 Crown Office Row barristers' chambers. Subscribe for free updates here. The blog's editorial team is:

Commissioning Editor:Jasper Gold

Assistant Editor:Allyna Ng 

Editors: Rosalind EnglishAngus McCullough KCDavid Hart KCMartin DownsJim DuffyJonathan Metzer



Enter your email address to subscribe to this blog for free and receive weekly notifications of new posts by email.


Subscribe


This blog is maintained for information purposes only. It is not intended to be a source of legal advice and must not be relied upon as such. Blog posts reflect the views and opinions of their individual authors, not of chambers as a whole.

Our privacy policy can be found on our ‘subscribe' page or by clicking here.

Disclaimer: This blog is maintained for information purposes only. It is not intended to be a source of legal advice and must not be relied upon as such. Blog posts reflect the views and opinions of their individual authors, not of chambers as a whole.

Subscribe now to keep reading and get access to the full archive.



								Type your email…							
 









 
								Subscribe							


Continue reading


													You must be logged in to post a comment.												","{'href': 'https://ukhumanrightsblog.com', 'title': 'UK Human Rights Blog'}","cryptocurrency"
"https://news.google.com/rss/search?q=cbdc","Housing Bill With a CBDC Ban Becomes Law Without Trump's Signature","https://unchainedcrypto.com/housing-bill-with-a-cbdc-ban-becomes-law-without-trumps-signature/","Mon, 13 Jul 2026 10:30:54 GMT","

A major bipartisan housing bill that bars the Federal Reserve from issuing a central bank digital currency became law on Friday, even after President Donald Trump declined to sign it. The 21st Century ROAD to Housing Act took effect through a constitutional provision that lets a bill become law without a signature if the president neither signs nor vetoes it within 10 days.

Trump said Friday on Truth Social morning that he was protesting the Senate's failure to pass the SAVE America Act voter-citizenship measure. The housing bill itself drew broad support, passing 85 to 5 in the Senate and 358 to 32 in the House last month. Its crypto provision bars the Fed from creating or testing a digital dollar, directly or through financial institutions, through the end of 2030.

This story is an excerpt from the Unchained Daily newsletter.

Subscribe here to get these updates in your email for free

 




For the crypto industry, the outcome converts a long-running Republican goal into federal law. Many conservatives view a CBDC as a surveillance tool, and the fight over banning one repeatedly complicated earlier crypto legislation, including the GENIUS Act stablecoin law. The Fed had already said it would not issue a digital dollar without explicit approval from Congress, but the statute removes the option entirely for now.

Trump signed an executive order last year directing agencies away from a CBDC.

Related Listen: Why Authorities Can't Freeze Crypto Fast Enough: DEX in the City













AI-assisted content: This article was produced with the assistance of AI tools and was reviewed, edited, and fact-checked by a member of the Unchained editorial team before publication.

Get daily crypto updates with our free newsletter: news, episodes, market updates, recommended reads, and memes.
Upgrade to Premium for exclusive interviews, a subscriber-only chat group, and show transcripts.

Your no-hype resource for all things crypto

Over 17,000 subscribers

Get the hottest takes from Laura, her guests, and The Chopping Block crew on all the news in crypto!

Apple PodcastsYoutubeSpotify







Get daily news and insights — straight to your inbox

Enter your email to subscribe for free!","{'href': 'https://unchainedcrypto.com', 'title': 'unchainedcrypto.com'}","cryptocurrency"
"https://news.google.com/rss/search?q=site:geekwire.com","Augmodo raises $21M to push its spatial AI beyond just retail toward the broader physical workforce","https://www.geekwire.com/2026/augmodo-raises-21m-to-push-its-spatial-ai-beyond-just-retail-toward-the-broader-physical-workforce/","Mon, 13 Jul 2026 11:00:00 GMT","



                                What happens here matters everywhere.                                


Chronicling the Seattle and Pacific Northwest startup scene. SEE MORE

by Kurt Schlosser on Jul 13, 2026 at 4:00 amJuly 12, 2026 at 12:41 pm

Augmodo, the Seattle startup that straps AI-powered cameras onto retail workers to track store shelves, has raised $21 million as it pushes its technology beyond grocery aisles and into warehouses, factories, and other physical workplaces.

The new funding, led by existing investor TQ Ventures, values Augmodo at $350 million.

CEO Ross Finman, who told GeekWire he wasn't even looking to raise fresh capital, said he was motivated by interest in the startup's technology from customers beyond retail, including automotive settings and hospitals.

“Fundamentally, someone grabbing a wrench at an automotive factory isn't that different from someone grabbing a Cheerios box,” Finman said. “Turns out the algorithms work pretty well across all of those.”

Founded in 2023, Augmodo builds AI-powered “Smartbadges” — lightweight wearable devices with dual cameras — that store employees wear passively as they move through aisles. The badges use computer vision, 3D mapping, and spatial computing to track shelf inventory in real time, building what the company calls a digital “Realogram” of each store.

Augmodo raised $37.5 million a year ago in a round that came after Australian pharmacy chain Chemist Warehouse — the startup's first big customer — moved from a pilot to a full contract and validated the technology at scale. Now others want in on the action.

“Our whole mission statement is AI systems for the physical workforce,” Finman said. “Everyone's focused on the 20% of the workforce that's knowledge work, and we're focused on the 80% of the workforce that's physical work.”

That demand has pulled Augmodo into warehouses, facility maintenance, delivery operations, and even employee training — verticals the company didn't originally set out to serve. Existing retail customers, Finman said, kept expanding their contracts to cover new parts of their operations, from auditing warehouse pallets to logging maintenance work like HVAC repairs.

The Smartbadge itself has evolved, too. Finman said it's now lighter than an iPhone Air and has grown into what he calls an “everything device,” adding walkie-talkie capabilities, an opt-in panic button, and a digital ID display, on top of its original inventory-tracking function.

“That's actually become a really big selling point,” Finman said. “You don't need to buy five or six different devices, you buy one at cost, and then here's all the different features that you can get out of it.”

The company says it has grown 10x in revenue over the past year and now maps more than 186 million square feet of retail space monthly — a figure it expects to cross 1 billion square feet per month by year's end. Augmodo is adding 50 to 100 new store locations a month.

The company's headcount has grown 5x over the past year to more than 50 employees, including new CTO Bradford Snow, who joined in January after previous stints at Axon, Meta, Amazon and Microsoft.

Augmodo is ranked No. 145 on the GeekWire 200 list of top Pacific Northwest startups and was a finalist in the Hardware, Robotics, and Physical AI of the Year category at the 2026 GeekWire Awards.

Beyond TQ Ventures, backers include Lerer Hippeau, Jefferson River Capital, Arena Holdings, Chemist Warehouse, New Fare, Interlace, and Webb Investment Network.

Andrew Marks, co-founding partner at TQ, called Finman an “exceptional” leader and said every board meeting reinforced that demand for Augmodo's tech was outpacing the team's ability to serve it.

“When you pair a truly special founder with customers lining up around the door and pulling you into new markets, it was obvious we should propose putting more fuel on the fire,” Marks said.

Augmodo said it plans to use the new capital to expand its global enterprise footprint, invest further in its core AI models, and grow its engineering team — with a particular focus on hiring for computer vision and machine learning roles as the company scales its data processing beyond retail.

Track all of GeekWire's in-depth startup coverage: Sign up for the weekly startup email newsletter; check out the funding tracker and VC directory; and follow our startup news headlines.



Google for Startups generative media technical guide is a comprehensive blueprint for startups to build production-grade, multimodal creative applications using DeepMind's latest models, orchestration tools, and enterprise cloud infrastructure.

Inside the guide, you'll explore:

Download the free technical blueprint today.

Click for more about underwritten and sponsored content on GeekWire.

Pulse Space wins $40M contract from Space Force to work on space laser power system

Echodyne opens $40M radar factory near Seattle to meet booming demand for drone detection

Supply chain startup Auger, led by ex-Amazon operations chief, raises $50M and lands big customers

Subscribe to GeekWire's free newsletters to catch every headline

Have a scoop that you'd like GeekWire to cover? Let us know.

Fresh off $37.5M round, Augmodo's vision for spatial computing inside retail stores sharpens

Spatial computing startup Augmodo raises $37.5M for high-tech badges worn by retail store workers

Inside the 2026 GeekWire Awards: Innovators reshaping how we work, build, and learn

GeekWire Awards: The machines of the future, from self-driving earthmovers to space robots

Catch every headline in your inbox

Sign up for GeekWire's newsletters today.

Thanks for subscribing!
Check your inbox to confirm your subscription.","{'href': 'https://www.geekwire.com', 'title': 'GeekWire'}","technology"
"https://news.google.com/rss/search?q=site:gizmodo.com","Over 2/3 of Americans Support Bernie Sanders-Style AI Stock Ownership Plan, Poll Shows","https://gizmodo.com/over-2-3-of-americans-support-bernie-sanders-style-ai-stock-ownership-plan-poll-shows-2000784466","Mon, 13 Jul 2026 09:00:47 GMT","


                Reading time 2 minutes
      

Vermont Senator Bernie Sanders' particular flavor of AI populism is more reverent at awed about the tech itself—and maybe a little more credulous—than many of his AI-skeptical fans would probably like. Nonetheless, a new poll shows that the broad strokes of his actual proposal for dealing with the economics of AI are overwhelmingly popular, at an astonishing 69% support.

His plan, called the American AI Sovereign Wealth Fund Act, is sorta like diet nationalization. In his own words, it goes like this:

“This legislation would give the public a direct ownership stake in the largest AI companies in America through a one time 50% tax, not on profits, but on stock.”

You're the captain now, American taxpayer. You own Big AI. Let's make sure it only does good things, and let's all reap the rewards. Plus, even if the stock tanks, it's not like we paid for it.

And if one poll is any indication, America is onboard. A June poll by the research firm Verasight says a plan that would “require” the big AI companies to transfer half of their stock to a sovereign wealth fund owned by the public was supported by over two thirds of respondents.

Interestingly, they polled with and without Bernie Sanders' name in the question. There was a slight dip in overall support—down to 64%—when their question was phrased like this:

“Recently, Senator Bernie Sanders proposed legislation that would require artificial intelligence companies to transfer 50% of their stock to a fund owned by the American public. Do you support or oppose this proposal?” 

But the percentage of respondents who said they “strongly” support the plan in that case actually increased by 3%.

In addition to the public receiving a share of the profits, by the way, Sanders' proposal calls for the public to partially control the companies themselves. “The federal government would have the power, through its voting shares and an equal representation on each company's board, to block decisions that hurt our citizens and to push for policies that help them,” he wrote in the New York Times.

Explore more on these topics


  Share this story



        Subscribe and interact with our community, get up to date with our customised Newsletters and much more.
      




          Stay cool and enjoy the long, sunny days ahead with these gadgets to upgrade your life this summer and beyond.
        


          ""The bank had no problem refunding the entire amount due to their own investigation on the situation as there has been a mass cancellation.""
        


          The power demand of AI data centers is only going to grow, so the U.S. energy grid needs to adapt—fast.
        


          The great battle to rein in the rampant spread of online deepfakes continues.
        


          Meta has filed a patent application for an AI device that listens to users' conversations to track their emotions.
        


          Trust him.
        

©2026 GIZMODO USA LLC.

All rights reserved.","{'href': 'https://gizmodo.com', 'title': 'Gizmodo'}","technology"
"https://news.google.com/rss/search?q=site:medscape.com","Mental Health Bidirectionally Linked to Cognition in Pain","https://www.medscape.com/viewarticle/mental-health-bidirectionally-linked-cognition-pain-2026a1000nkv","Mon, 13 Jul 2026 10:52:54 GMT","

Edited by Anushree Chaphalkar

Mental health conditions in older adults with back, neck, or spine pain were associated with a 78% higher 3-year risk for subsequent cognitive impairment (CI), with the highest risk for schizophrenia, bipolar disorder, and suicidal behavior, a new real-world study showed. Conversely, patients with preexisting CI had a higher risk of developing mental health conditions, particularly bipolar disorder and schizophrenia.

By quantifying both directions of associations between mental health conditions and CI in patients with chronic pain, “our study fills a critical evidence gap and underscores the need for integrated care pathways that span primary care, pain management, psychiatry, and geriatrics,” the investigators wrote.

“In clinics without integrated models, these results suggest the value of brief, cross-specialty screening and facilitating referrals to specialized care,” they added.

The study was led by Mohammad Alipour-Vaezi, Grado Department of Industrial & Systems Engineering, Virginia Tech, Blacksburg, Virginia. It was published online on June 23 in PLOS One.

The study was limited by incomplete capture of prior history, potential detection or surveillance bias, and a lack of data on longer-term cumulative incidence, competing-risk analysis, and a defined timeframe for assessing prior mental health conditions in those with pain.

The study was funded by the Virginia Center on Aging and the Institute for Society, Culture and Environment at Virginia Tech. The investigators reported no relevant conflicts of interest.

This article was created using several editorial tools, including AI, as part of the process. Human editors reviewed this content before publication.

Send comments and news tips to news@medscape.net.

All material on this website is protected by copyright, Copyright © 1994-2026 by WebMD LLC. This website also contains material copyrighted by 3rd parties.","{'href': 'https://www.medscape.com', 'title': 'Medscape'}","health"
"https://news.google.com/rss/search?q=site:medscape.com","ENTF Stim Boosts Freedom From Disability Post-Stroke","https://www.medscape.com/viewarticle/entf-stim-boosts-freedom-disability-post-stroke-2026a1000nk5","Mon, 13 Jul 2026 10:08:58 GMT","

Edited by Anushree Chaphalkar

Electromagnetic network-targeted field (ENTF) stimulation combined with physical and occupational therapy was associated with a higher rate of freedom from disability and greater reduction in disability level than sham stimulation in patients with moderate-to-severe disability following ischemic stroke, a meta-analysis of two small clinical trials showed.

“Treatment with ENTF compared with sham for patients with subacute ischemic stroke with moderate-severe study entry disability yielded increased achieved freedom-from-disability, greater disability improvement from study entry, and reduced final disability level. These findings, together with an attractive safety profile, support ENTF as a promising therapy for stroke recovery,” the investigators wrote.

The study was led by Jeffrey L. Saver, MD, Reed Neurologic Research Center, University of California, Los Angeles. It was published online on July 7 in Stroke.

Both groups received more intensive therapy than is typical in clinical practice, potentially overestimating control group outcomes. The combined sample size remained small, women were underrepresented, and the meta-analysis was not preregistered. The two trials also differed in duration of the training while undergoing stimulation and outcome assessment timing. Most participants were inpatients, limiting the generalizability of the findings.

The studies were funded by Brain.Q Technologies Ltd, maker of the ENTF device used in both trials. Disclosure information for the study investigators is available in the original study publication.

This article was created using several editorial tools, including AI, as part of the process. Human editors reviewed this content before publication.

Send comments and news tips to news@medscape.net.

All material on this website is protected by copyright, Copyright © 1994-2026 by WebMD LLC. This website also contains material copyrighted by 3rd parties.","{'href': 'https://www.medscape.com', 'title': 'Medscape'}","health"
"https://news.google.com/rss/search?q=club+world+cup","These 4 teams are left in the World Cup: What to know","https://sports.yahoo.com/articles/4-teams-left-world-cup-090628258.html","Mon, 13 Jul 2026 09:06:28 GMT","

...

The 2026 World Cup has its final four. After 48 teams competed in over 97 matches this summer, the stage is set for the tournament's semifinals. The two winners from this next round will compete in the World Cup final on July 19.

Here's what to know as the tournament winds down.

There are just four teams left in the running for the coveted World Cup trophy: France, Spain, England and Argentina.

Defending champions Argentina defeated Switzerland on Saturday in an extra-time thriller. The match was tied 1-1 after the second half, before Argentina's Julian Alvarez scored in the 112th minute. Less than 10 minutes, Lautaro Martinez scored Argentina's third goal.

Argentina will face off against England in the semifinals on Wednesday at 3 p.m. ET.

Earlier Saturday, England defeated Norway 2-1, advancing to the semifinals for the first time since 2018.

France punched its ticket to the final four after knocking out fan-favorite Morocco 3-1 on Thursday, while Spain advanced by beating Belgium 2-1 on Friday. The two teams will face each other in the semifinals on Tuesday at 3 p.m. ET.

France is aiming for its third World Cup title, having last won it in 2018. Spain won its first and only World Cup in 2010.

Argentina has won the World Cup three times, most recently in 2022. England last hoisted the trophy in 1966.

French forward Kylian Mbappé has notched eight goals in the 2026 tournament and will aim to hoist his second World Cup trophy after leading Les Bleus to their last win in 2018. His fellow striker Ousmane Dembélé has also scored an impressive five goals this summer.

The Spanish side, meanwhile, will look to capitalize on Lamine Yamal, the 18-year-old Barcelona phenomenon. He's backed by a strong roster that includes veterans Mikel Oyarzabal and Fabian Ruiz.

Argentina's Lionel Messi is expected to make the 2026 World Cup his last after 20 years representing his country internationally. Widely considered the greatest player of his generation, Messi will look to make Argentina only the third team in history to win back-to-back World Cup titles.

England's Jude Bellingham and Harry Kane have netted six goals in the 2026 World Cup, tied for the most goals by an English player in a single tournament. The pair could send England to the final for the first time in 60 years.

Spain and France will face off on Tuesday, July 14, at 3 p.m. ET from Dallas Stadium.

Argentina will face England on Wednesday, July 15, at 3 p.m. ET from Atlanta Stadium.

The two teams who lose in the semifinals will play for third place on Saturday, July 18, at 5 p.m. ET from Miami Stadium.

The World Cup final is scheduled for Sunday, July 19, at 5 p.m. ET from New York-New Jersey Stadium.

All matches will air live in the U.S. on FOX for the English-language broadcast, with streaming on FOX One, and Telemundo for the Spanish-language broadcast, with streaming on Peacock.","{'href': 'https://sports.yahoo.com', 'title': 'Yahoo Sports'}","soccer"
"https://news.google.com/rss/search?q=fifa+world+cup","World Cup 2026: Just Fontaine, the greatest World Cup goal scorer","https://www.bbc.com/sport/football/articles/c621xndyd7no","Mon, 13 Jul 2026 06:57:04 GMT","

Borrowed shoes, no Golden Boot - the story of the World Cup's greatest scorer

Just Fontaine's record 13 goals at a single World Cup is remarkable in itself. Now consider that he wasn't wearing his own boots, and wasn't supposed to be starting France's games.

He didn't even get a Golden Boot trophy for being the 1958 tournament's top scorer - instead he was awarded an air rifle by a Swedish newspaper for being a ""sharp shooter"".

His name comes up every four years as the benchmark for the latest crop of players - but for the rest of the time he is a great pub quiz answer.

At the 2026 World Cup some of the best goalscorers on the planet are getting closer to him than others have managed in many decades since, with Lionel Messi, Kylian Mbappe and Harry Kane locked in a fearsome battle for the Golden Boot.

Since 1970, only three times has the World Cup top scorer bagged more than six goals at a tournament. Mbappe and Messi have eight already, while Erling Haaland has seven with Kane and Jude Bellingham one behind.

Of course, an extra round of matches for the 48-team tournament will help these strikers as their teams go deep into the competition, with countries reaching the semi-finals guaranteed to play eight games.

But even with that leg up, they are currently still some way behind the man who set the record in just six matches.

In spotlight but shunning limelight - Olise's unique rise to top

Project Mbappe - the road to becoming France's record scorer

How Cornish miners brought football to Mexico

Compared with those who have vainly chased his tournament record for the past 68 years, Fontaine is a relative unknown to modern audiences. While Pele, Messi et al are rightly regarded as the best male players ever, Fontaine is now a piece of trivia.

But that is to play down the remarkable life and career of Fontaine - who, if he were playing in the modern day, would have represented a different country.

The 2026 quarter-final between France and Morocco was the Just Fontaine derby. He was born in Marrakesh in August 1933 - at the time, Morocco was a French protectorate.

Morocco gained independence two years before the 1958 World Cup, but by that time Fontaine was an established international footballer playing in the French leagues - so he represented Les Bleus.

And, as sports journalist and historian Philip Barker explained to BBC Sport, had all gone to plan for France, Fontaine would not have been starting games at the World Cup in Sweden at all.

""He was not actually first choice - a team-mate [Rene Bliard] got injured in a warm-up game,"" explains Barker. ""It was such a last-minute change, he had to borrow boots [from team-mate Stephane Bruey] for the opening game as he didn't have any to fit him.""

He had damaged his own pair in a training session and had not brought a spare pair with him.

""Imagine something like that now, so very different to what we have today,"" adds Barker.

""Fontaine had an operation on his meniscus [cartilage in his knee] during the season, so he had been a doubt for the tournament. But it meant he came to the tournament fresh - a lot of the other players had had a long, hard season.""

This video can not be played

Fontaine sets World Cup scoring record

Fontaine only had five caps for France when he was promoted to the starting XI by manager Albert Batteux, but he was hardly an unknown.

Speaking to the BBC in April 2002, Fontaine says he never thought about becoming top scorer.

""In those days there was not so much pressure on us,"" Fontaine said. ""Only two journalists followed the team around.

""Our team bosses were so convinced we would be knocked out that they only gave us three shirts each, so we were totally free from pressure.

""My mind was not on the goals record at all. I even turned down the chance to take a penalty in the third-place game!""

He played for Reims, who in 1957-58 won the French league and cup double. It was one of four Ligue 1 titles Fontaine won - one with previous club Nice, three with Reims.

A year after the World Cup, Fontaine would help fire Reims to the European Cup final - which they lost to Real Madrid - top scoring in the 1958-59 tournament with 10 goals.

And he was held in high regard by team-mates, including Raymond Kopa - the star of the French team who went on to win the 1958 Ballon d'Or, in which Fontaine came third.

""Fontaine shared a room with Kopa on international duty, this legendary player for Real Madrid,"" said Barker. ""They spoke about their understanding of the game.

""So he came into the team, and took to it like a duck to water.""

Fontaine scored a hat-trick in a remarkable 7-3 victory over Paraguay in France's Group Two opener, and that lit the blue touch-paper.

He scored in every match, including the semi-final, when France were beaten 5-2 by the unstoppable Brazil side featuring 17-year-old Pele.

The third-place play-off offered Fontaine one last chance to fill his borrowed boots - and he took it, with four goals in a 6-3 thumping of West Germany.

Fontaine equalised for France against Brazil in their 1958 semi-final but Brazil went on to win 5-2

What is most striking about these goals is not only the number, but also the quality.

Fontaine was no bruiser on black-and-white TV, when the balls were heavy leather and keepers unprotected from assault from forwards. Watching highlights of him from 1958, Fontaine looks like he would thrive in the modern day.

Against Paraguay, he profits from late runs into the box, breaking the offside trap and placing shots into the corner.

""Fontaine looks like a modern striker, he has so much pace,"" says Barker. ""He was a leader of the attack in the English style, said [newspaper] L'Equipe - courageous, combative, stubborn.

""Then scoring a hat-trick in your first game of the tournament, that must give you so much confidence.""

His hat-trick goal against the Germans is a particular beauty - picking up the ball on the halfway line, outpacing defenders and tucking into the far corner, it is reminiscent of Michael Owen for England against Argentina in 1998.

Fontaine scores his third of the game, and 12th of the tournament, in the 1958 third-place play-off against West Germany

Fontaine's free scoring fitted the 1958 World Cup, at which 126 goals were scored - the second most in a 16-team tournament, behind 1954. France were the top scoring team, with 23.

With players like Fontaine and Kopa, Barker thinks the 1958 vintage can stand alongside the best French sides - including the modern one.

""The 1958 tournament was the last real goal-fest tournament. You had the emerging Brazil team with Pele, but also the French team were all-time greats,"" he said.

""We talk about the 1998 and 2018 teams, but this was the first great French team. The front five scored 22 goals, that shows how powerful they were.

""Yes, the defences are a bit slow, but the way France move the ball, they would score against any team. Fontaine was also setting up goals for Kopa, they are such a slick team.

""France were only stopped by 1958 Brazil, one of the greatest teams of all time. We are not talking school five-a-side, these are real standards.""

Fontaine was given an air rifle by a Swedish newspaper in honour of his scoring exploits

Despite being revered as World Cup top scorer in 1958, Fontaine never got a Golden Boot - the award was not introduced until 1982.

In 2014, he was presented with a unique platinum boot by Fifa in recognition of his unmatched achievement.

""There wasn't a Golden Boot award or anything like that in 1958, so no one thought about it,"" Fontaine said. ""That probably gave me an advantage.

""Nowadays, as soon as a striker scores three goals, everyone starts asking him about it.

""As soon as he thinks about the record, he's finished. The secret is to put it out of your mind.""

Only Gerd Muller in 1970 has scored double figures at a men's World Cup since - and he was three short of Fontaine's total.

So why is Fontaine not regarded as an all-time great?

The answer is injury. In March 1960, Fontaine suffered a broken leg during a French league game. The injury was aggravated during several attempted comebacks, before Fontaine was forced to call time on his career in 1962. He was only 28.

Fontaine's final international stats: 21 senior caps for France, 30 goals.

Fontaine examines the x-ray of his broken leg while in hospital in 1962. The injury would force his retirement from playing football the following year

As a result, Fontaine never returned to the World Cup stage. One wonders what France might have achieved in 1962 or 1966 had they been able to call on such a fearsome striker.

After retiring from playing, Fontaine stayed in football. He helped form the French player's union the UNFP, becoming its first president in 1961.

He also had spells in management, including two games in charge of France in 1967. He later coached PSG and Toulouse, before two years with Morocco - the country of his birth.

""He set up the union, he coached, he ran a couple of sports shops. From time to time, people would ask who the World Cup record holder was, and he would still relish the fact people would remember him,"" says Barker.

""Fontaine used to joke that if he came back in 200 years, his record would still be going. L'Equipe called it 'unbeatable'.""

Fontaine died on 1 March 2023, at the age of 89. He saw France win the World Cup twice, and the emergence of current spearhead Mbappe - one of the men who could take his iconic record.

""How appropriate it would be if Mbappe beats him?"" says Barker. 

""But 13 is such a number. Fontaine is a real unsung hero.""

Fontaine was presented with a platinum boot by fellow French football great Michel Platini in 2014

Copyright © 2026 BBC. The BBC is not responsible for the content of external sites. Read about our approach to external linking.","{'href': 'https://www.bbc.com', 'title': 'BBC'}","soccer"
"https://news.google.com/rss/search?q=fifa+world+cup","France vs Spain: World Cup semifinal","https://www.aljazeera.com/sports/2026/7/13/france-spain-world-cup-semifinal-mbappe-yamal-predictions-kickoff","Mon, 13 Jul 2026 09:54:49 GMT","

Kylian Mbappe's France continue their quest for the world title, facing Lamine Yamal's Spain in a blockbuster semifinal.

Save

Share

Two wins to go. How can your team reach the final and win the World Cup 2026? Click here to find out.

Who: France vs Spain
What: FIFA World Cup 2026 – Semifinal 1
Where: Dallas Stadium in Arlington, Texas, the United States
When: Tuesday at 2pm (19:00 GMT)
How to follow: We will have all the build-up on Al Jazeera Sport from 16:00 GMT before our live text commentary stream.

Grab your popcorn, crack open a cold one – it's time for the World Cup semifinals.

Two-time world champions France – frontrunners to add another one to their tally – face European champions Spain in the biggest match so far of the 2026 World Cup.

History is within touching distance for Les Bleus, who can become only the second European nation to play three successive World Cup finals after West Germany.

But standing in France's way is a slick and sturdy Spain, the familiar foes with whom they share a storied rivalry.

Tuesday's opening final four fixture will be a clash of styles: France's fiery, irrepressible attacking going up against Spain's controlled, careful game.

Here's all you need to know about the first semifinal:

France topped Group I with a perfect record of nine points, winning against Norway, Senegal and Iraq. They thrashed Sweden 3-0 in the round of 32 before beating a stubborn Paraguay side 1-0 in the last 16 and sailing into the semifinals with a dominant 2-0 win over Morocco.

Spain topped Group H with seven points, beating Saudi Arabia and Uruguay and drawing with Cape Verde. They began their knockout campaign with a 3-0 thrashing of Austria in the round of 32 before beating Portugal 1-0 with a late goal in an Iberian football derby in the round of 16.

Their route to the semifinals was confirmed with a late 2-1 win over Belgium.

France's enviable attacking unit has delivered like no other in the tournament.

The dazzling Kylian Mbappe has scored eight goals in five games, making him the current leader in the race for the Golden Boot, while Ousmane Dembele has bagged five goals. Bradley Barcola has also chipped in two, and Michael Olise is their best playmaker with five assists.

Those figures have prompted comparisons with the greats of the past, but despite their highly impressive World Cup campaign their captain Mbappe said the current crop of players have not yet reached the crucial point in their title journey.

“I was a champion [in 2018] and a World Cup runner-up [in 2022], and this team has not achieved anything yet,” said Mbappe, who has 20 goals from 20 appearances in three World Cup tournaments, with four of those goals coming in the finals.

“It is, however, the one who has the biggest potential. There are so many qualities in this squad; it allows you to dream.”

France have reached four of the ⁠last seven World Cup finals, lifting the trophy in 1998 and 2018, and losing in 2006 and 2022.

If they beat Spain, France will sustain comparisons with West Germany, arguably the ultimate tournament nation, with four ⁠finals between 1974 and 1990.

Unlike France, who are a highly attacking side, Spain have opted for a controlled approach. La Roja's tight defence has conceded just once – against Belgium in the quarterfinals – while Rodri, Pedri and Dani Olmo rarely cede control in midfield.

Soon after Spain secured their spot in the semifinals, coach Luis de la Fuente emphasised the importance of their upcoming clash with France, adding that his FIFA world-ranked number three side is capable of beating any team.

“It's not an exaggeration to describe this match as a final before the final,” he said.

“We're one of the teams capable of reaching the final. From now on, we are fully focused on France.”

“We're aware of their immense potential, but we also know that we're the only team to have beaten them in two semifinals,” he added.

Indeed, Spain defeated France in the Euro 2024 semifinals on their way to becoming European champions, and in the 2025 UEFA Nations League semifinals.

Opta's supercomputer gives France a 42.1 percent probability of winning in regulation time, while Spain's chances of winning are 31.8 percent.

The model estimates a 26.1 percent probability of the game going to extra time.

The winner of the France vs Spain semifinal will face either England or Argentina in Sunday's final in New Jersey.

France and Spain are familiar foes, having faced each other 38 times to date.

Spain hold the upper hand in their head-to-head record, having won 18 matches. France have won 13 times, while seven matches ended in a draw.

Their last meeting was the Nations League semifinal played in Germany about a year ago, when Spain thrashed France 5-4 in an exhilarating contest with Yamal's brace sending them through.

To check the TV listings for your country, head to FIFA's TV listing schedule here.

France's midfielders Kone (physical discomfort) and Tchouameni (groin) are doubtful, while ⁠defenders Upamecano and Saliba (back injury) did not take part ⁠in Saturday's training session.

No injuries have been reported in the Spain camp.

(4-2-3-1): Maignan (goalkeeper); Kounde, Upamecano, Saliba, Digne; Kone, Rabiot; Dembele, Olise, Doue; Mbappe

(4-2-3-1): Simon (goalkeeper); Porro, Cubarsi, Laporte, Cucurella; Rodri, Ruiz; Yamal, Olmo, Baena; Oyarzabal

If a match is level at the end of normal playing time, extra time of two periods of 15 minutes each will be played. If still tied, the match will be decided by a penalty shootout.

 



 



















Follow Al Jazeera English:","{'href': 'https://www.aljazeera.com', 'title': 'Al Jazeera'}","soccer"
"https://news.google.com/rss/search?q=fifa+world+cup","Neymar participates in World Series of Poker tournament in Las Vegas after Brazil's early exit from 2026 World Cup","https://www.goal.com/en/lists/neymar-world-series-poker-tournament-las-vegas-brazil-2026-world-cup/blt9baf9ade713be9f0","Mon, 13 Jul 2026 08:34:29 GMT","

Brazil icon Neymar has wasted no time finding a new competitive outlet following the Selecao's disappointing 2026 World Cup campaign. The 34-year-old was spotted at the World Series of Poker in Las Vegas just days after his country was eliminated from the tournament by Norway.

Neymar has traded the grass of the football pitch for the felt of the poker table in Las Vegas. The Brazilian superstar was filmed taking his seat at the 2026 World Series of Poker (WSOP) on Saturday night, participating in the prestigious $10,000 main event. This is not the forward's first foray into high-stakes gambling at the professional level, as he famously reached the final table during the 2025 edition of the same tournament, according to Fox Sports.

However, his luck appears to have run out quicker than usual this time around. Despite his previous success in Nevada, the former Barcelona and PSG man failed to advance past Day 1 of the competition. His early exit from the poker room mirrors the premature end to his summer on the international stage, where his dreams of a sixth world title for Brazil were dashed in North America.





The appearance in Las Vegas comes in the wake of a significant career milestone for the legendary attacker. Following Brazil's 2-1 defeat to Norway in the 2026 World Cup round of 16 on July 5, Neymar announced his retirement from international football. It brought the curtain down on a glittering but often frustrating career with the Selecao that spanned four World Cups and saw him become his country's all-time leading goalscorer.

Neymar's final tournament was hampered by fitness issues, as he entered the competition nursing a right calf injury. He was limited to just two appearances, both coming off the substitutes' bench. His final contribution in a yellow shirt was a stoppage-time penalty against the Norwegians, a goal that proved to be a mere consolation as Erling Haaland and company marched on to the quarter-finals.



Neymar's love for the game is no secret, but it has frequently drawn the ire of fans and club officials. Earlier this year, the Santos forward was accused of having spent nearly 24 hours playing online poker while sidelined for a league match. The incident sparked a heated debate in Brazil regarding his professional focus while his club struggled near the bottom of the Serie A standings.

Responding to those previous criticisms, Neymar remained transparent about how he chooses to spend his downtime. He previously told media: ""Unfortunately, these past few days, due to load management, I haven't been able to play, so I've had this time to do what I enjoy most, which is playing a little poker, besides football.""

Add GOAL.com as a preferred source on Google to see more of our reporting

While his extracurricular activities often dominate the headlines, Neymar's statistical impact on the game remains undeniable. Over a career that has spanned Santos, Barcelona, Paris Saint-Germain, and Al-Hilal, the 34-year-old has racked up a combined 457 goals and 262 assists at the professional level. His international record is equally staggering, finishing with 80 goals in 129 appearances for Brazil.

As he steps away from the national team to focus on the twilight of his club career with Santos, the debate over his legacy will continue. For many, his frequent diversions into the world of poker represent a talent that never quite achieved its full potential due to a lack of singular focus. For others, it is simply a case of a modern icon living life on his own terms as he transitions into a new chapter beyond the pitch.","{'href': 'https://www.goal.com', 'title': 'Goal.com'}","soccer"
"https://news.google.com/rss/search?q=site:goal.com","Neymar participates in World Series of Poker tournament in Las Vegas after Brazil's early exit from 2026 World Cup","https://www.goal.com/en-in/lists/neymar-world-series-poker-tournament-las-vegas-brazil-2026-world-cup/blt9baf9ade713be9f0","Mon, 13 Jul 2026 08:34:29 GMT","

Brazil icon Neymar has wasted no time finding a new competitive outlet following the Selecao's disappointing 2026 World Cup campaign. The 34-year-old was spotted at the World Series of Poker in Las Vegas just days after his country was eliminated from the tournament by Norway.

Neymar has traded the grass of the football pitch for the felt of the poker table in Las Vegas. The Brazilian superstar was filmed taking his seat at the 2026 World Series of Poker (WSOP) on Saturday night, participating in the prestigious $10,000 main event. This is not the forward's first foray into high-stakes gambling at the professional level, as he famously reached the final table during the 2025 edition of the same tournament, according to Fox Sports.

However, his luck appears to have run out quicker than usual this time around. Despite his previous success in Nevada, the former Barcelona and PSG man failed to advance past Day 1 of the competition. His early exit from the poker room mirrors the premature end to his summer on the international stage, where his dreams of a sixth world title for Brazil were dashed in North America.





The appearance in Las Vegas comes in the wake of a significant career milestone for the legendary attacker. Following Brazil's 2-1 defeat to Norway in the 2026 World Cup round of 16 on July 5, Neymar announced his retirement from international football. It brought the curtain down on a glittering but often frustrating career with the Selecao that spanned four World Cups and saw him become his country's all-time leading goalscorer.

Neymar's final tournament was hampered by fitness issues, as he entered the competition nursing a right calf injury. He was limited to just two appearances, both coming off the substitutes' bench. His final contribution in a yellow shirt was a stoppage-time penalty against the Norwegians, a goal that proved to be a mere consolation as Erling Haaland and company marched on to the quarter-finals.



Neymar's love for the game is no secret, but it has frequently drawn the ire of fans and club officials. Earlier this year, the Santos forward was accused of having spent nearly 24 hours playing online poker while sidelined for a league match. The incident sparked a heated debate in Brazil regarding his professional focus while his club struggled near the bottom of the Serie A standings.

Responding to those previous criticisms, Neymar remained transparent about how he chooses to spend his downtime. He previously told media: ""Unfortunately, these past few days, due to load management, I haven't been able to play, so I've had this time to do what I enjoy most, which is playing a little poker, besides football.""

Add GOAL.com as a preferred source on Google to see more of our reporting

While his extracurricular activities often dominate the headlines, Neymar's statistical impact on the game remains undeniable. Over a career that has spanned Santos, Barcelona, Paris Saint-Germain, and Al-Hilal, the 34-year-old has racked up a combined 457 goals and 262 assists at the professional level. His international record is equally staggering, finishing with 80 goals in 129 appearances for Brazil.

As he steps away from the national team to focus on the twilight of his club career with Santos, the debate over his legacy will continue. For many, his frequent diversions into the world of poker represent a talent that never quite achieved its full potential due to a lack of singular focus. For others, it is simply a case of a modern icon living life on his own terms as he transitions into a new chapter beyond the pitch.","{'href': 'https://www.goal.com', 'title': 'Goal.com'}","soccer"
"https://news.google.com/rss/search?q=site:hollywoodreporter.com","Jay-Z Addresses Three-Hour Delay at Yankee Stadium Concert, Says He Wanted to Avoid Fans Getting “Trampled”","https://www.hollywoodreporter.com/music/music-news/jay-z-addresses-three-hour-delay-yankee-stadium-concert-1236646285/","Mon, 13 Jul 2026 08:03:37 GMT","

Subscribe for full access to The Hollywood Reporter

Subscribe for full access to The Hollywood Reporter

""I'm really sorry for the inconvenience, but I had to make sure everyone was OK,"" the rapper said after  his show started more than three hours after its original expected start time. 



		By Ethan Millman, Hilary Lewis 

	July 12, 2026 10:31pm	




	After fans waited more than three hours for the finale in Jay-Z‘s three-night stand at Yankee Stadium on Sunday, the rapper addressed the extensive delay early in the show, telling those in the crowd there were thousands of people outside and that the show was pushed back to back to avoid crowd safety issues.


	“Let me explain the delay to you guys,” Jay said after finally kicking off the show after 12 a.m. ET Monday. “It was like 10,000 people outside, and we closed all the doors, and somebody rushed the door. They closed the door for you guys' safety and everyone's safety outside. There's 10,000 people outside; I don't want to start the music and people get trampled. I'm really sorry for the inconvenience, but I had to make sure everyone was OK. I appreciate your patience.”

	











	
	
		
					Related Stories		
	












	
	Music
			



	
		
					Jay-Z Adds London Stop to 30-Year Career Celebration Tour		
			














	
	Music
			



	
		
					HBO Announces Jay-Z Doc Series Directed By Rick Rubin		
			









	Inside the stadium, concertgoers were frustrated by the delay but an incredibly enthusiastic audience once the show got underway. The vast majority of the fans stayed through most of the show, which wrapped around 2:45 a.m. ET, with celebratory fireworks going off over Yankee Stadium.




			Related Video		







	The delay marked a rocky start for what had been the most hotly-anticipated of Jay-Z's historic three-night hometown stand at Yankee Stadium. Fans had been anxiously awaiting what the hip-hop icon had in store after already bringing out Beyoncé, Nas and Alicia Keys during night one and Eminem for night two.

	











	Special guests on the final night's show, dubbed “Extra Innings,” included Rihanna, who joined Jay-Z on “Run This Town” and then offered a solo rendition of “Bitch Better Have My Money,” making a rare concert appearance; Beyoncé, who performed “Drunk In Love” near the end of the show; Teyana Taylor, joining Jay-Z on “Can't Knock the Hustle”; Usher; and Pharrell Williams.


	Concerts have been a bit of a rarity for Jay-Z since wrapping his 4:44 Tour back in 2017. The Yankee Stadium shows are a full-circle moment for him, a celebration of the 30th anniversary of his seminal album Reasonable Doubt and the 25th anniversary of The Blueprint. 


	While the Yankee Stadium concerts have extra meaning taking place in his hometown, Jay will also be performing in London, Paris and Los Angeles in the months ahead. He's also the subject of a Rick Rubin-directed docuseries set to hit HBO this fall. 


July 13, 12:55 a.m. This story has been updated with more details from the Yankee Stadium concert.

Sign up for THR news straight to your inbox every day

Send us a tip using our anonymous form.","{'href': 'https://www.hollywoodreporter.com', 'title': 'The Hollywood Reporter'}","entertainment"
"https://news.google.com/rss/search?q=site:pagesix.com","Ella Langley sizzles in denim shorts for latest American Eagle campaign","https://pagesix.com/2026/07/12/entertainment/ella-langley-sizzles-in-denim-shorts-for-latest-american-eagle-campaign/","Mon, 13 Jul 2026 03:51:00 GMT","


				See more of our coverage in your search results.			





Advertisement

American Eagle's latest denim darling is making a case for jean shorts this summer.

Ella Langley shared a behind-the-scenes look Friday at her latest American Eagle campaign, giving fans another glimpse into the country-inspired partnership that has helped make her one of the retailer's newest faces of denim.

The singer captioned the post with a series of denim-inspired photos taken inside a rustic barn, where she modeled the brand's latest shorts while leaning into her signature country aesthetic.

Langley kicked off the shoot with a mirror selfie inside the barn.

Advertisement

The Alabama native wore a fitted white tank top tucked into dark-wash denim shorts paired with white cowboy boots. She accessorized the look with a large turquoise butterfly necklace, matching rings and loose brunette waves with bangs as hay bales and weathered wooden walls created the backdrop behind her.

Another photo showed Langley stretched across a stack of hay bales while modeling the same denim look.

The country singer rested on her stomach atop a patterned blanket with one cowboy boot kicked into the air as she smiled toward the camera.

Advertisement

The 27-year-old country star struck another pose while kneeling atop the hay bales.

The singer rested one hand above her head as she smiled toward the camera, with the rustic barn and stacked hay creating a classic country backdrop.

Fans quickly filled the comments section with praise for both Langley and her latest American Eagle looks.

One user joked, “Ella Langley has great jeans,” a playful nod to American Eagle's headline-making Sydney Sweeney campaign.

Advertisement

Another wrote, “AE has Ella and Sydney. They are peak level.”

A third fan referenced Langley's music, commenting, “after seeing this i'm drinking wine by the bottle,” a nod to her song “Be Her.”

Advertisement

Langley joined American Eagle's roster of ambassadors in February, becoming the retailer's newest “Denim Darling” after Sweeney's viral partnership with the brand.

The partnership was especially meaningful for Langley, who said she grew up wearing the retailer's denim in Alabama.

“I have these photos growing up wearing American Eagle shorts that my mom bedazzled herself. It was the first pair of denim I loved,” Langley previously told People. “American Eagle has always been about being yourself, and that's something I really try to get across in my music. My style in day-to-day life is pretty laid-back, a little outdoorsy, and always about comfort, so working with a brand that celebrates that felt right.”

Advertisement

At the time, American Eagle told Fox News Digital the collaboration reflected the growing crossover between fashion and country music.

“The partnership between Ella and AE reflects the growing crossover between fashion and country culture, particularly among Gen Z, where authenticity, nostalgia, and effortless personal style continue to resonate,” a spokesperson for the company told Fox News Digital. “Known for her laid-back, confident approach to dressing, Ella brings a natural, lived-in energy to classic American Eagle staples for her first-ever major fashion campaign.”

The campaign marked American Eagle's biggest collaboration with a headlining country music artist and featured Langley across the retailer's online, in-store and social media platforms. Her curated collection includes boot-cut jeans, denim shorts, skirts, jackets and vests inspired by her laid-back Southern style.

Advertisement

The partnership also followed the retailer's widely discussed campaigns with Sweeney. American Eagle's 2025 “Sydney Sweeney Has Great Jeans” launch sparked online debate over its “jeans” and “genes” wordplay before the company stood by the campaign and later reunited with Sweeney for a second denim-focused collaboration centered on jean shorts.

For American Eagle, Langley's appointment reflected country music's growing influence among younger consumers. Craig Brommers, the retailer's chief marketing officer, previously told Women's Wear Daily that Langley “represents a new wave of country music” and resonates with young women because of her authenticity and confidence.

Langley's career has continued to reach new heights since joining the brand. This week, she became the first female artist to simultaneously top Billboard's Hot 100, Hot Country Songs and Country Airplay charts with her hit “Choosin' Texas.”

The song has also remained the nation's top-selling single, spending 11 weeks atop Billboard's Digital Song Sales chart and tying Pharrell Williams' “Happy” for one of the longest No. 1 runs in the chart's history.


						Your voice matters. Discussions are moderated for civility. Read our guidelines here 

Our community is about connecting people through open and thoughtful conversations. We want our readers to share their views and exchange ideas in a safe space.

In order to do so, we've created a simple set of rules that will improve your experience.

Simply put, keep it civil.

Your post will/might be rejected if it contains:

User accounts will/might be blocked if we notice:

So, how can you be a power user?

Thanks for reading our community guidelines. Don't forget, freedom of speech is not the freedom of reach!



","{'href': 'https://pagesix.com', 'title': 'Page Six'}","entertainment"
