"Input URL","Title","Link","Published","Description","Source","Category"
"https://news.google.com/rss/search?q=world+news+site:cnn.com","Sweeping housing affordability bill becomes law, despite Trump's delay. Here's what it actually means for the housing market","https://www.cnn.com/2026/07/11/economy/new-housing-affordability-law-heres-what-it-means","Sat, 11 Jul 2026 04:01:26 GMT","

Markets 




Hot Stocks 




Fear & Greed Index 





            Latest Market News 





            Hot Stocks 





            The 21st Century Road to Housing Act, a bipartisan bill that aims to tackle housing affordability, officially became law early Saturday, despite a series of attempts by President Donald Trump to stall the legislation.
    


            Its passage signals that lawmakers recognize the frustration many Americans feel about the high cost of housing. At a time of elevated mortgage rates and near-record high home prices, many feel locked out of homeownership or struggle with monthly rent payments.
    


            Supporters of the law have touted it as the most comprehensive housing reform in at least three decades. White House press secretary Karoline Leavitt called the new law “one of the most significant pieces of housing affordability legislation in American History,” in a social media post last month.
    


            But Trump, who had previously expressed support for the law, has since turned critical.
    


            In a social media post on Friday, Trump said he refused to sign the bill in protest of the Senate's failure to pass the SAVE America Act, a voter ID measure he has argued should be Congress' top priority.
    


            Last month, after the bill passed Congress, Trump also canceled a signing ceremony just two hours before it was scheduled to begin, later calling the bill a “big yawn.”
    


            Regardless, the measure became law automatically on Saturday morning under the Constitution, since he did not veto it.
    


            Trump's last-minute criticism capped months of bipartisan negotiations on what would become the largest housing affordability legislation in a generation. Instead of promoting their efforts, Republican lawmakers were left scrambling when the president abruptly withdrew his support over a separate political fight.
    


            The nation's housing affordability crisis did not stem from a single event or policy failure. It is the result of years of underbuilding, restrictive local zoning, rising demand and policy decisions and, in many cases, policy inaction.
    


            The legislation reflects the complexity of the crisis, combining a total of 47 proposals aimed at increasing housing supply, reducing costs and expanding access to affordable homes.
    


            But immediate relief may not come just yet for homeowners and renters, said Yonah Freemark, a housing research associate at the Urban Institute. Building new homes takes time, and the law gives short-staffed federal government agencies a new workload to manage.
    


            “We're talking about a situation where not only will the federal government have to make changes, but then state and local governments also will have to make changes and then businesses, developers, etcetera will have to make investments, which itself takes time,” Freemark said.
    


            Here's what the new law does – and doesn't do – to address some of the housing market's biggest challenges:
    


            In the years since the 2008 financial crisis, homebuilding has lagged, creating a housing shortage that has pushed prices higher.
    


            The law primarily aims to tackle America's housing affordability problem by increasing supply. It includes provisions that promote manufactured housing (homes built in factories) and office-to-apartment conversions. It also would authorize a pilot program to offer grants and forgivable loans to fix older homes that have fallen into disrepair.
    


            But many housing experts point to local zoning and red tape as the root of the slowdown in homebuilding. It is difficult for the federal government to intervene, since local governments make their own rules, but the law includes provisions to encourage states and local governments to adopt land use and zoning policies that are more supportive of housing development.
    


            If land-use regulations were relaxed, an extra 2.5 million housing units could be added to the United States in the next decade, according to a 2025 report from Goldman Sachs.
    


            The success of that provision depends on whether these local communities decide to build, though. Many face opposition from so-called NIMBYs, who are often homeowners who oppose more building to preserve home values. When more homes are built and the housing shortage is chipped away, existing homes in the area may sell for less money.
    


            “The legislation can play an important role in encouraging states and localities to make changes to expand housing supply, but it doesn't require them to make those changes,” Freemark said. “Congress has chosen not to preempt local and state governments and tell them what to do,”
    


            As homes have exploded in value over the past decades, there has also been an increase in people and companies that treat homes as an investment vehicle, rather than just a place to live.
    


            Following the 2008 housing meltdown, private equity firms such as Blackstone bought thousands of single-family homes at bargain prices and turned them into rentals.
    


            In the years after the pandemic, when interest rates fell to historic lows, the housing market erupted. Bidding wars broke out among everyday buyers and home prices surged. Institutional investors picked up the pace of buying in those years, as well.
    


Senate housing bill that takes aim at institutional investors may do little for homebuyers — and could even hurt renters



            The law includes a first-of-its-kind limit on these kinds of purchases by prohibiting any investor that owns more than 350 single-family homes from buying any more. However, it doesn't compel mega-investors that currently own more than 350 properties to sell anything.
    


            Still, most investor-owned homes belong to smaller investors, with the vast majority belonging to “mom-and-pop” landlords who own fewer than 10 properties. And larger investors were already retreating from the single-family market. These days, many real estate investors, including Blackstone, are selling more homes than they buy.
    


            The federal workforce has experienced significant cuts since the start of the Trump administration, including employees responsible for housing programs, research and policy.
    


            Whether the provisions of 21st Century Road to Housing Act materially improve housing affordability for struggling Americans depends on how federal agencies execute on their new duties, Shaun Donovan, who was Secretary of Housing and Urban Development under President Barack Obama, told CNN.
    


            “This is a bill that changes rules and regulations. It will unlock funding, but most of the provisions are only as good as the implementation,” Donovan, who is now the CEO of Enterprise Community Partners, said.
    


Trump cancels signing of largest housing affordability bill in a generation



            The Urban Institute identified 35 different programs, regulations and studies that HUD will need to implement as this law takes effect – at a time when the agency is short-staffed, said Aniket Mehrotra, a housing policy coordinator at the Urban Institute.
    


            “The capacity of HUD to implement this new laundry list of tasks will be limited without additional appropriations for staffing capacity,” Mehrotra said.
    


            Among Trump's objections to the housing affordability initiative was his view that it was “of minor importance compared to lower interest rates.”
    


            It's true that stubbornly high mortgage rates above 6% have cut into many Americans' ability to buy a home – in more ways than one.
    


            Higher interest rates have not only increased monthly housing costs, but also created a “lock-in effect” across the housing market. Millions of homeowners who secured ultra-low mortgage rates before the Federal Reserve began raising interest rates in 2022 are reluctant to sell because doing so would likely mean taking on a much more expensive mortgage. That has further limited the supply of homes on the market.
    


            Trump had been highly critical of former Fed Chair Jerome Powell for failing to lower interest rates, and he appointed Kevin Warsh to replace Powell, expecting him to steer the Fed toward lower rates. But last month, many Fed officials signaled in their economic projections that they expect interest rates to rise later this year, due to a renewed pickup in inflation from the war in Iran.
    


Warsh promises a new vision for the Fed, as his colleagues eye a rate hike instead of a cut



            The new housing affordability law does not address the “lock-in” effect or mortgage rates, which loosely track the 10-year Treasury yield, which is dictated by bond investors, not the federal government.
    


            The law also doesn't address several other forces behind America's housing affordability crisis, including a lack of federal support for affordable housing, rising construction costs fueled by labor shortages, tariffs and inflation, and the surge in demand for homes that has outstripped supply.
    


            Still, Donovan said that the accomplishment of passing bipartisan housing affordability legislation with an overwhelming majority shouldn't be downplayed.
    


            “This is hopefully the beginning of an opportunity to keep going,” Donovan said, adding that he hopes there will be a 21st Century Road to Housing 2.0 and 3.0. “Not to get too ambitious, but I think Americans are hungry to know that we can do big things.”
    

Most stock quote data provided by BATS. US market indices are shown in real time, except for the S&P 500 which is refreshed every two minutes. All times are ET. Factset: FactSet Research Systems Inc. All rights reserved. Chicago Mercantile: Certain market data is the property of Chicago Mercantile Exchange Inc. and its licensors. All rights reserved. Dow Jones: The Dow Jones branded indices are proprietary to and are calculated, distributed and marketed by DJI Opco, a subsidiary of S&P Dow Jones Indices LLC and have been licensed for use to S&P Opco, LLC and CNN. Standard & Poor's and S&P are registered trademarks of Standard & Poor's Financial Services LLC and Dow Jones is a registered trademark of Dow Jones Trademark Holdings LLC. All content of the Dow Jones branded indices Copyright S&P Dow Jones Indices LLC and/or its affiliates. Fair value provided by IndexArb.com. Market holidays and trading hours provided by Copp Clark Limited.

© 2026 Cable News Network. A Warner Bros. Discovery Company. All Rights Reserved.  CNN Sans ™ & © 2016 Cable News Network.

Scan the QR code to download the CNN app on Google Play.

Scan the QR code to download the CNN app from the Apple Store.","{'href': 'https://www.cnn.com', 'title': 'CNN'}","world"
"https://news.google.com/rss/search?q=world+news+site:cnn.com","Populist politicians on the right and left take a page out of Donald Trump's playbook","https://www.cnn.com/2026/07/11/politics/graham-platner-donald-trump-establishment","Sat, 11 Jul 2026 04:00:25 GMT","


            The world's modern populists are discovering a common trait that seems to serve them more than the voters they claim to champion.
    


            When scandal strikes, it's just fresh evidence of their self-fulfilling prophecy that a shady cabal of “deep state” elites bent on suppressing democracy is out to get them.
    


            On both sides of the Atlantic this week, politicians seemed to ask themselves WWTD: What would Trump do?
    


            In Maine, former Democratic Senate nominee Graham Platner blamed the collapse of his campaign over allegations of sexual assault and dating violence, which he denies, on distant party grandees plotting to kill his progressive movement.
    


            In Britain, Brexit leader Nigel Farage quit his parliamentary seat amid questions over his personal financing that he dismissed as an “establishment” ruse. He will put the question of his conduct to “the people” in a special election that has taken on a surreal turn, since his chief opponent may be a man dressed as a trash can.
    


            And in France, far-right leader Marine Le Pen said she will run for president next year wearing an ankle monitor after her conviction was upheld in a case in which Le Pen, her National Rally party and 11 senior members were convicted of embezzling millions of euros of public funds to pay party workers in France. Echoing Trump, Le Pen brands the accusations as a “chasse aux sorcières” — a witch hunt — by state authorities.
    


            The populists' intoxicating implication is that their own difficulties only prove their case: that they are proposing such a radical reordering of political power that nefarious official forces will stop at nothing to bring them down. In some cases, allegations of wrongdoing can even bolster a populist's reputation as a breaker of political rules.
    


            It's not that these populist leaders haven't tapped into legitimate political sentiment at a moment of global turmoil.
    


            Trump coined his purest definition of his personal populist appeal in his first inaugural address in January 2017, surrounded by the eminences of the nation's political, legal, economic and national security establishments.
    


            “For too long, a small group in our nation's capital has reaped the rewards of government while the people have borne the cost,” he said. “Washington flourished — but the people did not share in its wealth. Politicians prospered — but the jobs left, and the factories closed.”
    


            All modern populists mine a seam of deep public discontent, arguing that globalist forces created a new class of richly rewarded elites who have further stacked the deck. On the right, Le Pen, Trump and Farage also weaponized resentment over immigration. This trio grew their movements for years and shrewdly recognized the potency of insurgent political themes while malfunctioning central governments slumbered.
    


            Democrats are awaiting the heir to Vermont independent Sen. Bernie Sanders, who used populist economic appeals in his two unsuccessful presidential campaigns that nevertheless built a fervent progressive movement. Platner had seemed a herald of a new generation that could help lead an anti-establishment movement on the left, though his career now seems doomed after he dropped out of the Maine Senate race. He found early success, however, in giving voice to frustration among activists with moderate party leaders. In the process, he sparked debate over the potential of a Trump-style insurgency in the Democratic Party.
    


            The modern populist wave heralded by Britain's vote to leave the European Union in 2016, which waned with Trump's defeat in 2020, is now roaring again across the Atlantic with outspoken US support from leaders like Vice President JD Vance. It is being exacerbated by a sense among voters in the US, Britain, France and Germany that centrist establishment politicians who've repeatedly vowed to enact change keep failing to deliver.
    


            Yet the quick reflex to distill personal political crises into a cult of victimhood by populist clarions — and their insistence that allegations of wrongdoing represent nothing more than power plays by hidden elites — gives reason for concern about how such leaders use their movements. Are they really motivated only by mending a pervasive sense of despair among their voters? Or are they cynically exploiting disgust with political systems to mask their own failings and to aim for vast personal power?
    


How presidential power has grown far beyond what the nation's founders envisioned



            As Trump has demonstrated, building a narrative of political persecution can provide rocket fuel for campaigns. In 2024, as he faced multiple criminal and civil charges — all of which he denied — and after he was convicted in a hush money case, the president positioned himself as an agent of his voters' fury against those in power. The move unified the Republican Party behind him and ended its presidential primary race in his favor after it initially appeared that there was limited appetite among the party grassroots for his return to power.
    


            “I am your retribution,” Trump told the Conservative Political Action Conference in March 2023.
    


            Platner, campaigning as a plain-speaking blue-collar oysterman and Marine Corps veteran, seemed to many progressives like an authentic archetype Democrats sorely needed to dispel their elite metropolitan image. He seemed the antidote to candidates who spoke in the language of liberal position papers as the party struggles to find a political vernacular that appeals to regular Americans.
    


            Like Trump, Platner tried to turn controversies over his personality into evidence of a wider conspiracy to derail a campaign that was perilous to Washington's monopoly on power. But ultimately, he lacked Trump's Teflon hide. He said he'd quit the Senate race on Wednesday after a woman told CNN and Politico that he raped her while he was heavily intoxicated nearly five years ago when they were in a casual dating relationship. Platner denies the allegation.
    


            But he rationalized his exit not as a personal moment of accountability but as proof he was too threatening to the powerful to be allowed to succeed. “It's not the false allegations though that have brought us to where we are. It's the fact that they are being used by the political establishment to put structural pressure on us,” Platner said in a video announcing his decision. “We live in a political system that is not built for normal people. It is a system built structurally to make sure that movements like ours cannot flourish.”
    


            But this argument is misleading. Platner's campaign was not a victim of a conspiratorial plot by the political establishment and the media, even if his adversaries were surely keen to see opposition research used against him. It ended after two women went public with allegations about him, which he denies.
    


            Farage also denies all wrongdoing. The leader of the Reform UK party has been tipped as a possible prime minister after the next general election, which must take place by August 2029. This would be a stunning achievement by an insurgent leader who carved out an image as an everyman who loves a pint down at the pub.
    


            But now Farage is fighting allegations he failed to declare millions of pounds' worth of gifts from wealthy donors. He denies wrongdoing amid an investigation by Parliament's standards watchdog.
    


            He's planning to convince voters in his gritty coastal constituency that a conspiracy is at play. “This will be a people versus the establishment by‑election,” he said in a video.  The new vote, Farage said, is a “chance to stick two fingers up to the entire establishment, to frankly tell them where to go.” Channeling Trump in 2024, he closed by saying: “If I win, you win.”
    


            Like Farage, Le Pen says the French people should have the “final say” on her fate. And like Trump, she's seeking to portray synergy between her own treatment and a populace she claims has been persecuted by the state's negligence. “There are many French people who are going through hardships, and we too are going through hardships,” Le Pen said on a prime-time interview on the TF1 television station. “These trials, I believe, have strengthened us.”
    


            Le Pen predates Trump as a populist pioneer and has sanded down the harsher edges of the far-right movement once led by her late father, Jean-Marie Le Pen. She's set for her fourth attempt at winning the presidency and possibly her best chance of capturing ultimate power in France.
    


            And as CNN's Melissa Bell reported from Paris, Le Pen has something else in common with Trump: If she wins the election next year, any lingering legal woes could be swept away immediately by presidential immunity.
    


            The coming elections in the UK and France will test whether Farage and Le Pen can emulate Trump's political escapology.
    


            In that first inaugural address back in 2017, Trump charged that “the establishment protected itself, but not the citizens of our country.”
    


            But a decade later, controversies, scandals and allegations surrounding the new populists are creating a moment of irony as they edge closer to power.
    


            They are accused of using their movements to protect not the people overlooked or harmed by the political and economic establishment — but themselves.
    

© 2026 Cable News Network. A Warner Bros. Discovery Company. All Rights Reserved.  CNN Sans ™ & © 2016 Cable News Network.

Scan the QR code to download the CNN app on Google Play.

Scan the QR code to download the CNN app from the Apple Store.","{'href': 'https://www.cnn.com', 'title': 'CNN'}","world"
"https://news.google.com/rss/search?q=world+news+site:cnn.com","The view from Tehran: Anger and vengeance in the air as Iran buries its longest-serving leader","https://www.cnn.com/2026/07/11/middleeast/view-from-tehran-intl","Sat, 11 Jul 2026 04:01:26 GMT","


            It's been a historic week in Iran.
    


            For just the second time in the nearly 50-year history of the Islamic Republic, the country has buried a supreme leader. Ali Khamenei ruled Iran – as a spiritual leader and an iron-fisted autocrat – for nearly four decades. For many in Iran, he's the only leader they have known.
    


            Then, as the frenzied funeral events reached their climax, US bombs and missiles struck across the country in retaliation at Iranian strikes on civilian shipping in the Strait of Hormuz. Just months ago, these strikes would have been an earthquake for the region. But after two wars in nine months, there was a sense of tired resignation when news of the airstrikes hit Tehran Wednesday.
    


            Just a week in the Iranian capital has offered an eye-opening insight into where the country is today.
    


            The government claimed north of 10 million mourners attended funeral events for the late Ayatollah Khamenei this week. An independent assessment of the numbers is almost impossible, but in Tehran, hundreds of thousands at least flooded streets for Monday's funeral procession. Much of the 20-kilometer (12-mile) marching route was a river of black-clad mourners carrying the red flags of martyrdom and revenge.
    


            While many in Tehran chose to (literally) distance themselves from the funeral – we drove into Tehran past traffic jams as locals left the city to enjoy the nationwide holiday elsewhere – the funeral events were filled with Shia faithful and those loyal to the government.
    


            The weight of support evident this week puts into question the notion that regime change in Iran is a feasible proposition for Iran's enemies abroad – after all, US President Donald Trump called for the Iranian people to overthrow their leadership when the US and Israel launched their war on the country in February.
    


            The funeral events – especially Monday's procession through Tehran – were highly emotional affairs. That's not unusual among followers of Shia Islam, whose tradition is one of outward displays of faith. But the funeral seemed deeply personal for many present.
    


            “I even loved him more than my father. It's as if I lost my father again,” 30-year-old Nafiseh Sadat Sadri told CNN. “I feel that I've become an orphan, it burns in my heart.”
    


            “He was our leader. He was a great man,” 25-year-old Fatemeh said. “I am going to continue his path.” She had driven through the night from the central Iranian city of Kashan to catch the funeral procession.
    


            Others wanted payback.
    


            “We have come here to avenge the blood of our leader, and not for one second will we put this aside,” a young woman named Mahtab Ehsani told CNN as the crowd waited for Khamenei's coffin on Monday. “Blood must be repaid with blood.”
    


            “We will not rest until we have killed Trump,” said Ghassem Kalateh, a cleric from Tehran.
    


            The call came from officials too. This week “was not merely a farewell ceremony and mourning, but… a call for vengeance for that beloved figure, signed by millions of grieving mourners,” Iran's Speaker of Parliament Mohammad Bagher Ghalibaf said in a statement Thursday.
    


            Anger at America – and above all Trump – was everywhere. Every day, dozens of mourners would come up to us with promises to kill the US president in revenge for the assassination of their leader.
    


            Throat-slitting gestures and chants of “kill Trump” and “death to America” chants were common reactions to seeing a team of international journalists, though the CNN team also encountered greetings of “welcome,” polite questions and selfie requests.
    


            During this year's Ramadan war, the mood was much darker.
    


            With many fearful for their safety as US bombs fell from Iran's nighttime skies with no warning, there was far more open hostility on the street. Public anger was more raw as the country grappled with a largely unchecked hail of bombs from the sky.
    


            That doesn't mean we only heard blind obedience to the party line.
    


            “I'm criticizing the authorities of my own country,” Tayyebeh Sadat, a government worker from Tehran, told CNN. “When they were supposed to give the right response to those people overseas, they didn't do so. Negotiations were against the will of the nation. They have wasted all the efforts of our armed forces.”
    


            Scrawled in chalk on the walls segregating men and women at the giant Mosalla mosque complex where Khamenei lay in state this week were slogans of “no negotiation with Satan” and “curse be upon he who negotiates.” Meanwhile, video circulated on social media by both pro and anti-government accounts this week puportedly showing a rock being thrown at the Iranian Foreign Minister Abbas Araghchi as he walked through the streets of Tehran. CNN has not been able to independently verify the video.
    


            Relaxing punishing American-led sanctions is central to any negotiated deal with the US. Still, some would choose the dire economic hardships thrust upon Iranians over a deal with Trump's White House.
    


            The country is currently struggling with unemployment of around 8%, the UN estimates, and inflation that is running at what the World Bank estimates to be more than 40%. Even before the war, the economy was struggling: national per-capita income had dropped from around $8,000 in 2012 to $5,000 in 2024.
    


            The government's monthslong internet shutdown also strangled parts of the economy – especially those with foreign clients – that relied on the world wide web.
    


            What is clear is that there is no trust in Iran towards the US. Twice, ongoing negotiations were T-boned by US-led bombing campaigns. In Trump's first term, he unilaterally pulled out of the Joint Comprehensive Plan of Action (JCPOA) nuclear deal that had taken years of careful negotiation to weave together with European allies.
    


            Before the Memorandum of Understanding – and its fragile ceasefire – collapsed on Wednesday, it was clear that the two sides were reading the agreement very differently. Take Clause 5: Iran “will make arrangements using its best efforts for the safe passage of commercial vessels with no charge, for 60 days only …” going on to say that Iran will discuss the “future administration and maritime services” with neighboring Oman.
    


            The Trump administration repeatedly said that meant a return to pre-war, toll-free transit conditions for the strait. In Iran, Tehran's slightly different reading of that same clause had them already planning maritime service fees for ships in transit – tolls by another name. The Iranians also saw themselves as responsible for setting the conditions of transit through the strait, according to Iranian officials.
    


            As on many things, the view from Tehran looks very different.
    


CNN operates in Iran only with the permission of the government but maintains full editorial control of its reports.


© 2026 Cable News Network. A Warner Bros. Discovery Company. All Rights Reserved.  CNN Sans ™ & © 2016 Cable News Network.

Scan the QR code to download the CNN app on Google Play.

Scan the QR code to download the CNN app from the Apple Store.","{'href': 'https://www.cnn.com', 'title': 'CNN'}","world"
"https://news.google.com/rss/search?q=world+news+site:tass.com","Russian Navy must solve country's all tasks both in peacetime, wartime — Patrushev","https://tass.com/politics/2158943","Sat, 11 Jul 2026 05:03:40 GMT","

MOSCOW, July 11. /TASS/. The Russian Navy must be capable of solving the full range of tasks that the country faces in peacetime and wartime, Russian Presidential Aide, Chairman of the Maritime Board Nikolay Patrushev said in an interview with KP.RU.

He noted that one of the tasks that must be solved to improve Russia's maritime power is the development of the country's naval presence in remote regions, as well as the development of naval education and science.

""The most important is that the Navy must be balanced and capable of solving the full scope of tasks facing the country in peacetime and in wartime,"" Patrushev stated.","{'href': 'https://tass.com', 'title': 'tass.com'}","world"
"https://news.google.com/rss/search?q=world+news+site:tass.com","US National Intelligence acting head announces another staff reduction","https://tass.com/world/2158939","Sat, 11 Jul 2026 04:15:09 GMT","

WASHINGTON, July 11. /TASS/. Acting US Director of National Intelligence Bill Pulte has announced another round of reductions among the agency's staff.

""US National Intelligence is operating more efficiently and effectively than ever before, and today, we started a third round of reducing redundant, or non-critical, personnel,"" Pulte said in a statement on X without specifying the exact number of the axed staff.

The US National Intelligence Service had previously resorted to a number of cuts regarding its personnel. US-based broadcaster CNN reported in June that US President Donald Trump, appointing Pulte as the acting US Director of National Intelligence, hoped that he would reduce hundreds of people.

In early June, The Wall Street Journal daily quoted Trump instructing Pulte to launch the process of reducing staff at the department. According to that publication, the American president believed that the office of the Director of National Intelligence of the United States, which oversees the work of all 18 American intelligence agencies, is redundant.

US-based CBS broadcaster reported previously that the Washington administration planned to leave about 1,300 on the staff of the National Intelligence.","{'href': 'https://tass.com', 'title': 'tass.com'}","world"
"https://news.google.com/rss/search?q=world+news+site:theguardian.com","Crews again drain Trump's troubled reflecting pool","https://www.theguardian.com/us-news/2026/jul/10/washington-reflecting-pool-trump","Sat, 11 Jul 2026 00:13:00 GMT","

Workers observed draining water from Lincoln Memorial pool plagued by algae blooms and peeling paint

Crews were observed Friday draining the plagued Lincoln Memorial reflecting pool, a landmark at the heart of Donald Trump's mission to beautify Washington DC.

Interior secretary Doug Burgum, whose agency oversees the National Park Service, told conservative podcaster Katie Miller in an interview released earlier this week that the new round of draining was planned. He also said that the water might still contain debris from an extensive Independence Day fireworks display over the National Mall.

“Drain the water, clean up the fireworks stuff,” Burgum told Miller, who is the wife of deputy White House chief of staff Stephen Miller. “Repair the vandalism that was done. Fill it back up again.”

Early into his second term, Trump set his gaze on the 104-year-old pool on the National Mall, describing it as “filthy dirty” and suggesting his predecessor Joe Biden's administration failed to maintain the site.

He has sought to make the pool a symbol of American patriotism by having the liner coating the bottom of the structure reflect the hue of the US flag.

The renovation has come under fire for its mounting price tag – as of June, the estimated cost was over $16m – as the project was hindered by algae blooms that turned the pool green-ish and peeling blue liner.

The Trump administration has blamed the pool's woes on “vandals”. Several people have been arrested related to the unsubstantiated claims, including a former Olympic cyclist David Hearn, who pleaded not guilty to a felony charge of property destruction. Hearn has said he reached inside the pool to examine the peeled sealant and let go of a chunk when he was told to by a park worker.

“This indictment reflects the administration's effort to shift blame for their own failures,” Hearn's lawyers said in a statement reported by the Associated Press. “The justice system exists to determine facts, not to provide political cover.”

The overhaul also has been scrutinized after reports emerged that some contractors selected had long ties to Trump, with critics decrying nepotism.

The work on the reflecting pool is just one of a number of projects Trump has spearheaded across the nation's capital. Most prominently, he demolished the White House's East Wing to build a $400m ballroom and plans to build a towering arch between the Lincoln Memorial and Arlington national cemetery.

When Trump initially announced his intentions to beautify the reflecting pool this spring, he said he wanted it completed before the nation's 250th birthday celebrations.

Water was drained and Trump directed that the bottom be painted what he called “American flag blue”. In May, the president posted on his social media site of the pool: “The goal is to have it done, at this higher level, prior to July 4th – We are ahead of schedule!”

But problems began quickly after the initial work was finished. Trump blamed vandals, and court documents later showed that the National Park Service reported to tpolice a 9 June incident in which a sharp knife or razor cut the pool's new liner.

The pool was closed for the Independence Day celebration, which featured what Trump said was the largest fireworks display in the world. The president had said that the pool would have to be drained anew as part of the new round of repairs.

Burgum has also said that the Trump administration won't seek bids for the new rounds of repairs. He told CNN's State of the Union last weekend: “We'll use the same company because they did a fantastic job.”

Ohio-based Green Water Solutions, also known as Greenwater Services, was given a $1.7m contract to install a water-purification system in the reflecting pool, while Virginia-based Atlantic Industrial Coatings was awarded $14.7m to repaint and waterproof the pool's concrete floor.

Democratic senators and House members are investigating the pool project, including seeking answers about how much taxpayer funding is involved.

Associated Press contributed reporting","{'href': 'https://www.theguardian.com', 'title': 'The Guardian'}","world"
"https://news.google.com/rss/search?q=world+news+site:theguardian.com","Europe considering proposals to allow navigational fees in strait of Hormuz","https://www.theguardian.com/world/2026/jul/11/europe-considers-proposals-navigational-fees-strait-of-hormuz-iran-us","Sat, 11 Jul 2026 04:00:00 GMT","

Plans specify tolls must not be compulsory, as US officials urge Iran to make public statement that strait is open and that shipping can safely pass

Europe is studying proposals that may allow the charging of navigational fees in the strait of Hormuz so long as the tolls are not compulsory and have the support of the UN agency that regulates maritime transport.

Britain's deputy prime minister, David Lammy, said the imposition of compulsory tolls would be disastrous. But some of his cabinet colleagues said they recognised that systems of payments for specific navigational services were permissible in many natural waterways, including the strait of Malacca and the Channel.

It comes as US officials demanded Iran make a public statement saying the strait of Hormuz is open and that ships using the vital corridor won't be attacked any more. The US officials blamed power struggles inside Tehran for the difficulty in reaching and adhering to a deal.

Donald Trump reiterated on social media on Friday that he viewed the interim ceasefire deal as “over” but that the US would continue talks aimed at reaching a permanent end to the war.

Hours later, the US president later made fresh threats against Iran should it seek to assassinate him, saying “1000 missiles are locked and loaded and aimed at the Islamic Republic of Iran”.

A proposal for the strait that adapts the principles from the strait of Malacca has already been developed by Oman in conjunction with British lawyers. Muscat has now offered to send its legal experts to Tehran to explain the plan in detail.

Iranian state media reported on Friday that foreign Minister Abbas Araghchi would travel to Oman on Saturday for talks about the strait. The visit “will be focused on the strait of Hormuz and shipping safety” and is “a continuation of the consultations that we started with Oman over the past one or two months,” Iran's official IRNA news agency quoted foreign ministry spokesman Esmaeil Baghaei as saying.

Oman controls most of the navigable waters in the strait and opposes a compulsory toll. Qatar's foreign ministry spokesperson, Majed al-Ansari, said: “Giving the Iranians sovereignty over the strait in a way that contradicts international maritime law will be basically agreeing to be hostages to whatever radical element that wants to take over the strait at any time.”

But the scale of Oman's alternative scheme may not match the ambitions of the Iranians, especially the Islamic Revolutionary Guard Corps. One diplomat said: “There are sections of the IRGC that say the US launched an unlawful attack on them in February, so why should they bother with the international law of the sea? Others want to cooperate. There is a division in Tehran.”

Iran is also under pressure from regional states to clarify its proposals, and whether the fees would in effect be compulsory.

The Iranian embassy in London said it was interested in proposals prepared independently by the Energy Policy Research Group.

The paper argued that a transparent service fee embedded within an inclusive regional order would incentivise all sides to cooperate, adding that the plan was not a crude toll imposed on ships just for passing through the strait.

Speaking at a meeting of the International Maritime Organization council on Thursday in London, the Oman delegate Khamis bin Mohammed Al Shamakhi said: “The right of transit passage through straits used for international navigation is guaranteed under international law and does not support the imposition of transit fees on vessels passing through the strait of Hormuz.”

However, he added that Oman saw value in exploring voluntary arrangements “relating to navigational support services that could further enhance maritime safety and security, protect the marine environment, reduce the risk of pollution and strengthen preparedness for maritime emergencies, including collisions and fires on board of ships and tankers”.

Behind these remarks is detailed work by Oman on the governorship of the strait of Malacca that links the Indian and Pacific oceans. A report to the IMO council on the cooperative mechanism for the straits of Malacca and Singapore said more than 120,000 vessels transit the strait annually.

The mechanism “has evolved into a structured and inclusive platform through which emerging risks, technological developments and environmental priorities in the straits may be collectively addressed”, the report added. Voluntary contributions, notably by Japan, keep the mechanism working.

At the London meeting, an alliance of some Gulf and European states pressed for a resolution condemning Iran for seeking to control the strait of Hormuz by attacking ships. The motion was not supported by Russia or China.

Sign up to First Edition

Our morning email breaks down the key stories of the day, telling you what's happening and why it matters

after newsletter promotion

Russia said the confrontational motion completely ignored the root causes of the crisis, while China described the text as one-sided, and going beyond the IMO mandate.

The motion came after the US hit more than 150 targets mainly in the south of Iran this week, in an attempt to destroy the Iranians' ability to harass shipping with drones, missiles and small boats. Iran has responded by hitting US bases in Kuwait and Bahrain.

One diplomat said there were two reasons for the renewed fighting. One concerned the disputed control of the strait during its reopening and the other was the long-term management of the waterway, including whether Malacca provided a model that would be acceptable to Iran.

Clause 5 of the memorandum of understanding (MoU), the ceasefire negotiation roadmap signed by Washington and Tehran last month, committed Iran to make its best efforts for the safe passage of commercial efforts through the strait with no charge for 60 days only.

Once technical and military obstacles had been removed, traffic of commercial vessels would be “instated” within 30 days.

The US has claimed the MoU did not mean ships could pass the strait only with Iran's permission and only on routes specified by Tehran.

Separately, the memorandum committed Iran to hold talks on a long-term plan for the strait with Oman.

In a statement on Thursday, the IRGC navy claimed it had in fact met the MoU commitments, as it interpreted them.

The IMO secretary general, Arsenio Dominquez, believed he had won Iran's agreement to the southern route that would allow thousands of stranded sailors to evacuate the strait, but, if there was an agreement, Tehran rescinded its approval, forcing the UN agency to suspend its plan.

The US nevertheless continued to encourage commercial traffic ships to use the southern route. US Central Command claims that since early May US forces “have helped facilitate the successful transit of more than 800 commercial vessels and 380m barrels of crude oil through the vital international trade corridor”.

The IRGC navy said: “We reiterate that foreigners have no role in this land or the strait of Hormuz.”

Diplomats are now examining whether Tehran is insisting all ships use the northern route close to Iran to clear the backlog of vessels or is simply requiring that all ships seek permission of the country and its Persian Gulf Strait Authority to use the southern route.","{'href': 'https://www.theguardian.com', 'title': 'The Guardian'}","world"
"https://news.google.com/rss/search?q=world+news+site:theguardian.com","Ukraine war briefing: Zelenskyy creates ‘long-range impact' command to strike Russian energy sector","https://www.theguardian.com/world/2026/jul/11/ukraine-war-briefing-zelenskyy-long-range-impact-command-russian-energy-strikes","Sat, 11 Jul 2026 01:47:00 GMT","

New initiative to focus ‘100%' on damaging Moscow's ability to wage war; strikes on Kyiv injure six. What we know on day 1,599

Ukraine is creating a “long-range impact” command within its armed forces, President Volodymyr Zelenskyy said in a Friday night address to the nation, as Kyiv's campaign against Russian energy and logistics has ⁠forced Moscow to ban diesel ⁠exports and restrict shipping near the ​Sea of Azov. For months, Ukrainian attack drones have been targeting key energy infrastructure thousands of kilometres across Russia in what Kyiv casts as long-range sanctions against the primary contributor to Russia's ⁠state budget. “Today, I signed a decree ⁠establishing a special command within the armed forces – a command aimed at a long-range and, in effect, global impact on Russia in response to this war,” Zelenskyy ​said. “This command must focus ‌100% of available resources on further reducing Russia's ‌capacity to wage war.”

Zelenskyy's address came on a day Ukraine struck the Ilsky oil refinery in the Krasnodar region, one of the largest in Russia's south, and the Ust-Luga oil refining complex in the Leningrad region, Ukraine's general staff said. An oil terminal and an oil depot in the Rostov region were also hit, according to the statement. Ukraine's attacks have also damaged Moscow's “shadow fleet”, according to Ukraine drone forces commander and one of the masterminds of the long-range campaign, Robert Brovdi. The smaller country has attacked 10 tankers in the Sea of Azov, among almost 50 fuel vessels damaged in ⁠the last five days, Brovdi said.

Russian missile strikes on Kyiv wounded six people on Saturday, Ukraine said, as Moscow escalates attacks on the Ukrainian capital. “The number of injured in the capital has risen to six,” Tymur Tkachenko, head of Kyiv's military administration, wrote on Telegram. Tkachenko confirmed earlier that Russia was “attacking the capital with missiles” and urged residents to seek shelter. Three people were treated in hospital and three at the scene, he said.

Russia has temporarily stopped shipping through the Don-Azov ⁠Channel, a navigable waterway linking the Don River with the Sea of Azov, three grain export industry sources told Reuters on Friday. The move ⁠came after Ukraine attacked Russian vessels in the Sea of Azov. ‌Up ‌to one-quarter of Russia's wheat exports are estimated to pass through the inland sea. Russia's border guards reportedly notified shipping companies that all requests for passage through the Kerch Strait, which links the Sea of Azov and the Black Sea, would not be accepted from 6:10pm local time on Friday. The notification did not say when the halt would be lifted.

China could play a decisive role in pressuring Russia to begin peace talks to end ⁠its war in Ukraine, US ⁠Senator Lindsey Graham ​said on Friday, adding that the next several months would present a window for a diplomatic solution. Graham met President Zelenskyy in Kyiv where they discussed Ukraine's urgent air defence needs and the Russian sanctions bill, Zelenskyy said. Graham said that bolstering Ukraine's military capabilities and aligning sanctions with a diplomatic push ⁠could force Moscow into talks. “The road to ending this war, the road to peace, passes through Beijing more than ​it does [through] Washington, Kyiv, or Moscow. China has an ‌oversized influence. I'd like them ‌to use their influence for the good of the world,” Graham told reporters at Mykhailivska Square in the heart ‌of Kyiv.

Lindsey Graham was one of four US senators who on Friday said they had reached agreement with the Trump administration to push ahead with updated legislation on Russia sanctions. “We are very pleased with this significant progress and expect to roll out the legislation very soon,” Senators Richard Blumenthal, Graham, Jeanne Shaheen and Roger Wicker said in a statement. Finishing his 10th visit to Kyiv, Graham told reporters: “We've reached an agreement with the White House on a version of the Russian sanctions bill that they will support. It means it's going to become law.” The legislation, which Graham has been working on with fellow Republicans and Democrats for months, would impose sanctions on countries doing business with Russia, including buyers of ‌its energy exports, over Moscow's failure to negotiate a peace deal with Ukraine.

Russian forces dropped ⁠seven aerial bombs on Ukraine's eastern frontline ⁠town of ​Kramatorsk on ‌Friday, killing ‌four people including ‌a teenager, the regional governor said. At least nine more people were ‌injured, Vadym Filashkin said on the ​Telegram app, accusing Russia of deliberately targeting civilians. A ⁠residential block, a ​shop and ​private ​houses were damaged, he ​added, ‌publishing ​photos ​of flats on fire.

A former official at Ukraine's state nuclear company ⁠Energoatom has been formally designated as a suspect on Friday as Kyiv's National Anti-Corruption Bureau (NABU) presses ahead ⁠with the biggest ⁠wartime ​corruption case in the energy sector. NABU said on Telegram that the as yet unnamed official, who was responsible for the ⁠physical protection and security of Energoatom facilities, is suspected of laundering more than 30m hryvnias ($674,000) from ⁠2023 to 2025. The ‌so-called Midas case, which authorities say involved a $100m kickback scheme at Energoatom, has ​engulfed figures close to President Volodymyr Zelenskyy and cast a shadow over Ukraine's government at a time when Kyiv is seeking to demonstrate to western allies that it can tackle high-level corruption.","{'href': 'https://www.theguardian.com', 'title': 'The Guardian'}","world"
"https://news.google.com/rss/search?q=world+news+site:kyivindependent.com","Russian ballistic missile attack on Kyiv injures 11","https://kyivindependent.com/explosions-damage-in-kyiv-amid-russian-ballistic-missile-attack/","Sat, 11 Jul 2026 01:42:41 GMT","

Editor's note: This is a developing story and will be updated.

Eleven people were injured after Russia launched a ballistic missile attack on Kyiv early on July 11, with damage reported in multiple districts of the Ukrainian capital, local officials said.

Russia launched 12 missiles overnight, including six Iskander-M and S-400 ballistic missiles, four Kh-59 and Kh-69 cruise missiles, and two Kh-31 anti-radiation missiles, alongside 121 attack and decoy drones, Ukraine's Air Force said. Air defenses shot down two of the guided missiles and 111 drones, according to the Air Force. 

President Volodymyr Zelensky said that while Ukrainian air defenses intercepted most of Russia's overnight aerial targets, they were unable to stop the ballistic missiles. 

""Most of the targets were shot down by our defenders, but not the ballistic missiles,"" he said.

Zelensky also urged Ukraine's partners to deliver on air defense commitments made during the NATO summit. ""We expect our partners to fulfill the agreements reached on support packages to protect our people,"" he said. ""We need to move as quickly as possible on agreements regarding Patriot licenses and the joint European anti-ballistic project.""

The injured include an 11-year-old boy. Kyiv Mayor Vitali Klitschko said four of the injured were hospitalized, while the others received medical treatment at the scene.

Kyiv Independent journalists on the ground initially reported hearing explosions at around 3:38 a.m. local time. 

Air raid sirens were activated in Kyiv at 3:40 a.m. and in Kyiv Oblast at 3:54 a.m., after the initial explosions had already been heard. Local authorities said Russian ballistic missiles struck three districts of the capital.

Klitschko reported damage in the capital's Dniprovskyi district and said Russia was attacking with ballistic missiles. Kyiv Independent journalists heard additional explosions at about 3:55 a.m.

A building was damaged in the Sviatoshynskyi district, according to Kyiv City Military Administration head Tymur Tkachenko. He later said a fire had broken out in an office building in the Solomianskyi district.

The attack came two days after Russia launched drones and ballistic missiles at Kyiv on July 8, killing four people and injuring 15 others. Russia has repeatedly attacked the capital in recent weeks, including on July 2 and July 6, killing and injuring dozens of people.

News Editor

Lucy Pakhnyuk is a North America-based news editor at the Kyiv Independent. She previously worked in international development, specializing in democracy, human rights, and governance across Eastern Europe and Eurasia. Her experience includes roles at international NGOs such as Internews, the National Democratic Institute, and Eurasia Foundation. She holds an M.A. in Russian, East European, and Eurasian Studies and a B.A. in Political Science from the University of Illinois at Urbana-Champaign.

Russia launched 12 missiles overnight, including six Iskander-M and S-400 ballistic missiles, four Kh-59 and Kh-69 cruise missiles, and two Kh-31 anti-radiation missiles, alongside 121 attack and decoy drones, Ukraine's Air Force said.

The number includes 1,490 casualties that Russian forces suffered over the past day.

A Russian airstrike struck civilian infrastructure in the southeastern city of Zaporizhzhia on July 10, killing one person and injuring at least 29 others, regional governor Ivan Fedorov reported.

""He became a symbol of the unbreakable Ukrainian spirit and the embodiment of personal responsibility to the nation, the state, and future generations,"" National Bank Governor Andriy Pyshnyy said during a press briefing.

Ukraine's active defense operations reduced the pace of Russia's territorial advances by more than half during the first six months of 2026, Commander-in-Chief Oleksandr Syrskyi said on July 10.

The sanctions package "" would give tools to President Trump to help end this war,"" U.S. Senator Lindsey Graham said on July 10.

The targets included 10 tankers, one dry cargo ship, one ferry, and one sea tug. He said all of the tankers had been identified as belonging to Russia's ""shadow fleet"" and were under international sanctions, Brovdi said.

The meeting will bring together at least 25 heads of state and government to renew the push for a ceasefire and peace talks, according to the Elysee Palace

Located roughly 500 kilometers (310 miles) from Ukrainian-controlled territory in Krasnodar Krai, the refinery is among the largest in southern Russia, producing nearly 6.6 million tons of fuel annually. 

Moldova is set to receive 100 million euros ($114 million) from the EU to bolster its air defenses, two officials told the Kyiv Independent.



We visited a prisoner-of-war camp in western Ukraine to speak directly with Russian POWs captured on the battlefield.

Under Zelensky, sanctions have increasingly been imposed on Ukrainian citizens. Legal experts describe the practice as highly questionable and warn that it is used to punish government critics and political opponents.



""Such statements... are not only taken note of, but also factored into military and political planning,"" the Russian embassy in the Netherlands said after Dutch Prime Minister Rob Jetten voiced support for Ukrainian strikes into Russian territory.","{'href': 'https://kyivindependent.com', 'title': 'The Kyiv Independent'}","world"
"https://news.google.com/rss/search?q=world+news+site:dw.com","Berlin hostage crisis: Woman freed after hourslong standoff","https://www.dw.com/en/berlin-hostage-crisis-woman-freed-after-hourslong-standoff/a-77913331","Sat, 11 Jul 2026 07:54:44 GMT","

A man allegedly took a woman hostage in a supermarket, prompting a major police operation. The suspect reportedly ""pulled out"" a big knife before the supermarket closed on Friday evening. 

A man allegedly took a woman hostage at a supermarket in the German capital, Berlin, triggering a major police operation, officials said Saturday.

Police said the operation began at about 10 p.m. on Friday, after officers were called out to the Rewe supermarket in the Marienfelde district on the southern outskirts of Berlin.

The suspect was later overwhelmed by police and the hostage was freed after an 11-hour standoff.

A 22-year-old male employee of the supermarket told German news agency dpa that a man had brandished a ""very big"" knife shortly before the market closed on Friday evening.

The male employee ran out of the supermarket with a colleague and contacted police.

The employee said the female hostage also worked at the supermarket, and ""was simply in the wrong place at the wrong time.""

Police, who have yet to provide a motive, did not confirm reports that a manager at the supermarket had seen a weapon or whether the woman or the hostage-taker had sustained any injuries.

Footage posted to social media showed armed police officers in protective gear at the entrance to the supermarket.

Onlookers gathered nearby, and several police and emergency vehicles were visible on the street, which had been cordoned off.

One of the videos shows a police officer climbing a ladder leaning against the building's wall and looking inside the supermarket.

Edited by: Karl Sexton

Don't let the algorithm hide the news. If you rely on our team for trusted reporting, please take a moment to select us as your Preferred Source on Google by clicking here and hitting the ""star"" or ""preferred"" button, so you'll always see our verified news first.","{'href': 'https://www.dw.com', 'title': 'DW.com'}","world"
"https://news.google.com/rss/search?q=world+news+site:dw.com","US wants Iran to pledge to halt Hormuz attacks — officials","https://www.dw.com/en/us-wants-iran-to-pledge-to-halt-hormuz-attacks-officials/live-77913349","Sat, 11 Jul 2026 08:32:23 GMT","

Washington reportedly wants Tehran to publicly vow to end attacks on vessels in the strategic Strait of Hormuz. Donald Trump has threatened to ""completely decimate"" Iran should it attempt to assassinate him. DW has more.

Follow DW's coverage of the ongoing conflict between the United States and Iran on Saturday, July 11.

Tired of missing our real-time updates? Click here to add us as a Preferred Source on Google. Then tap the ""Star"" or ""Preferred"" to keep DW News at the top of your feed.

Iranian Foreign Minister Abbas Araghchi arrived in the Omani capital, Muscat, on Saturday to discuss arrangements to guarantee the safe passage of ships through the Strait of Hormuz, according to Iranian state media. 

The waterway has been largely closed by Iran since the United States and Israel launched their war on the Islamic Republic in February, and has again become the center of global attention since a temporary ceasefire between Iran and the US collapsed.

German Foreign Minister Johann Wadephul has said Berlin is working with Paris to hammer out a new Franco-German policy initiative on Lebanon.

In an interview with the daily newspaper Tagesspiegel ahead of next week's meeting of the German-French Ministerial Council, Wadephul said: ""We want to formulate a joint policy on Lebanon with France in order to increase the chance of peace in the Middle East.""

The situation in Lebanon, where Israeli forces have been fighting Iran-backed militants Hezbollah, has been a major sticking point in peace talks between the US and Iran.

The diplomat also said cooperation between the European capitals aims to end ""confusion over competencies"" when it comes to foreign policy decisions within the EU, adding that the bloc would continue to push for an end to the wars in Iran as well as Ukraine.

""We should now make a very serious attempt to settle both conflicts,"" said Wadephul, adding that neither would end on the battlefield ""but at the negotiating table."" 

US President Donald Trump once again threatened to bomb Iran, this time accusing the country of threatening to assassinate him. 

""1000 Missiles are Locked and Loaded and aimed at the Islamic Republic of Iran, with thousands of more to immediately follow,"" he said in a post on his Truth Social platform.

He said Iran threatened, ""in many Corners of the Globe,"" to assassinate him.

Should that occur, Trump wrote: ""Orders have already been given, and the U.S. Military is ready, willing, and able, for a one year period of time, subject to extension, to completely decimate and destroy all areas of Iran - PRAISE BE TO ALLAH!"" 

The funeral of former Supreme Leader Ayatollah Ali Khamenei saw open calls for his death and people holding signs that read ""Kill Trump.""

Iran has respected its commitments in a ceasefire with the United States, Iranian Foreign Minister Abbas Araghchi wrote in a post on X.

""Iran has so far kept its word, unlike the so-called U.S. Treasury Secretary who is violating Para 9 of the MoU. That violation follows other violations and missteps by the United States. Reality check: There can only be mutual compliance,"" Araghchi said.

The US and Iran have traded accusations of violating the ceasefire.

Washington is demanding that Tehran publicly vow to end attacks on vessels in the strategic Strait of Hormuz, unnamed senior US officials told media outlets on Friday.

The officials, speaking to reporters on condition of anonymity, said they were making progress in negotiations with top Iranian leaders.

But they stressed they wanted Iran to issue a statement saying its forces would stop attacking ships in the strait to help ensure the progress of negotiations.

""What ​we're demanding is that the Iranians issue a public statement that acknowledges all channels of the Strait of Hormuz are open ​and they're not shooting at ships anymore. They're either going to give us that statement ​or we're ‌not having a good outcome for them,"" one official was quoted as saying.

US President Donald Trump declared a ceasefire between Iran and the United States over last week when three Qatari and Saudi commercial tankers came under fire in the strait.

A senior US official told reporters on Friday that Iran said the attacks were from ""an errant part of their system.""

Welcome to DW's coverage of the latest developments in the ongoing conflict between Iran and the United States.

Late on Friday, news outlets cited anonymous US officials as saying that Washington had requested Iran publicly pledge to stop attacks in the Strait of Hormuz.

Meanwhile, Iran denied earlier statements by US President Donald Trump, who had claimed that Tehran had requested peace talks with Washington.

Stay with us as we provide updates throughout the day.","{'href': 'https://www.dw.com', 'title': 'DW.com'}","world"
"https://news.google.com/rss/search?q=world+news+site:dw.com","Trump looked to bypass federal election agency, report says","https://www.dw.com/en/us-trump-looked-to-bypass-federal-election-agency-before-firings-says-report/a-77913362","Sat, 11 Jul 2026 04:03:21 GMT","

The White House explored declaring a national emergency to address alleged vulnerabilities in voting machines before Trump ousted leaders of the Election Assistance Commission, a report has found.

The White House explored options for bypassing a bipartisan federal election agency and using emergency powers to push changes to voting systems before US President Donald Trump removed the agency's leadership this week, Reuters reported, citing people familiar with the matter.

Among the issues that irked the Trump administration about the Election Assistance Commission (EAC) were:

On Thursday, Trump dismissed the two Democratic members of the EAC; its remaining Republican commissioner resigned. A fourth commissioner had stepped down in April.

This leaves the agency operational but without a quorum and unable to approve new business or changes to election procedures.

The White House said on Friday the administration had been working to ""safeguard elections from fraud and abuse"" ahead of November's midterm elections.

Experts say the move is unlikely to impact the midterms but comes right after the Supreme Court ruled recently that the president can fire members of independent agency boards without cause.

According to Reuters, White House officials last year reviewed a proposal from the Office of the Director of National Intelligence to declare a national emergency and establish a federal task force to address alleged vulnerabilities in voting systems without involving the EAC.

The proposal was never implemented.

The report also said that officials from the Department of Homeland Security, Office of the Director of National Intelligence, and the White House met with the commission's leaders to discuss their concerns, including widely debunked claims of fraud during the 2020 election that Trump lost.

Trump, who continues to falsely claim the 2020 election was stolen from him, has repeatedly sought nationwide changes to voting rules despite the US Constitution granting states primary authority over elections.

Democrats condemned the move as an attempt to increase White House influence over elections.

Senate Minority Leader Chuck Schumer described the firings as a ""brazen attempt to seize control of our elections before a single vote is cast in the midterms.""

Created in 2002 under President George W. Bush, the EAC:

To view this video please enable JavaScript, and consider upgrading to a web browser that supports HTML5 video

Don't let the algorithm hide the news. If you rely on our team for trusted reporting, please take a moment to select us as your Preferred Source on Google by clicking here and hit the ""star"" or ""preferred"" button, so you'll always see our verified news first.

Edited by: Sean Sinico","{'href': 'https://www.dw.com', 'title': 'DW.com'}","world"
"https://news.google.com/rss/search?q=us+national+news+site:apnews.com","A lost AirPod, AI fakes and the secret garden: How fans experienced Taylor Swift's private wedding","https://apnews.com/article/taylor-swift-wedding-secret-5d6ebc70d25baa28ae80afaccf69a20a","Sat, 11 Jul 2026 04:01:00 GMT","




Copyright 2026 The Associated Press. All Rights Reserved.




Copyright 2026 The Associated Press. All Rights Reserved.

A Taylor Swift fan wearing a wedding veil sits at a restaurant next to Madison Square Garden where a “JUST&T MARRIED” sign is displayed during a wedding between singer Taylor Swift and National Football League player Travis Kelce on Friday, July 3, 2026, in New York. (AP Photo/Ryan Murphy)

Artist Justin Gignac searches for discarded items outside Madison Square Garden in New York on Friday, July 3, 2026, after the wedding of Taylor Swift and Travis Kelce, as the Empire State Building glows blue in honor of the couple. (Bianca Beudeker via AP)

A fan poses for photos outside Madison Square Garden during the reported wedding between Taylor Swift and Travis Kelce on Friday, July 3, 2026, in New York. (Photo by Charles Sykes/Invision/AP)

Fans gather outside Madison Square Garden ahead of a reported wedding between Taylor Swift and Travis Kelce on Friday, July 3, 2026, in New York. (Photo by Charles Sykes/Invision/AP)

Laura Dern leaves the wedding of Taylor Swift and Travis Kelce at Madison Square Garden on Saturday, July 4, 2026, in New York. (Photo by Andy Kropa/Invision/AP)
























With a trash-grabbing claw and plastic bag in hand, Justin Gignac dressed up in his wedding tuxedo and waded through the Swifties, some of whom had spent hours standing outside Madison Square Garden.

He was hoping to find beads from broken friendship bracelets — something symbolic among fans of Taylor Swift. No such luck.

Instead, he picked up a single AirPod, a ring pop, an ovulation test kit strip and a rainbow fan, among others. Then he packaged them all into 1-inch boxes and sold them online — 50 pieces of trash purchased by Swift fans as far away as Australia, Germany and the United Kingdom.

“People were like, ‘Is there any more? Is there any more?'” he said.

Over the past week, fans have scoured Manhattan's streets and the internet for crumbs — sometimes literal — from what's been called “the United States' royal wedding.” But Swift managed to keep the thousand-person mega event almost entirely private.

For nearly two decades, Taylor Swift has remembered everything. The rooms. The weather. The clothes left behind. The exact words people said before they walked away.

Her career was built on transforming private moments into public memory — songs that made millions feel as though they were reading pages from a diary (sometimes they were). But one of the most anticipated chapters of her life has been defined by something different: the story she has chosen not to tell.

A week after her star-studded wedding to Kansas City Chiefs tight end Travis Kelce, not one verified photo had been released of the interior, the ceremony or Swift's gown. Guests and crew members signed strict NDAs and surrendered cell phones. The couple used street closures and walls of tents around the arena to keep the celebration out of view.

Some New Yorkers chafed at the security restrictions around a key transit hub on a holiday weekend, all during a heat wave. The secrecy also showed how, when you're as famous as Taylor Swift, staying truly private requires a level of wealth and influence few people have.




Still, fans in Swift T-shirts crowded the barricades, watching lines of black SUVs disappear inside the arena.

In the early morning hours, a bakery van stopped outside. A catering employee offered a box of apple honey pastries, which a police officer handed out to waiting fans. One fan could be heard yelling: “Oh my God, you guys, we're having Taylor Swift's dessert!”

Gignac, who has been turning New York City trash into art for 25 years, creates limited-edition collections from major New York moments, including the Knicks parade, where the discarded objects themselves told the story — the colors, the celebration, the evidence of thousands of people gathered in one place.

Swift's wedding was different.

“I was like, OK, let me see how close I can get,” Gignac said. “Everything going on on the block outside of Madison Square Garden was a part of the festivities as well — it's just a very different part.”

The area outside the Garden was “fairly clean,” he said, but he collected enough. He tied discarded straws into knots to “reinforce the wedding theme.”

Fans who saw the boxes later told him the project reminded them of Swift's “New Year's Day,” a song about staying after a party is over and holding on to what remains.

“You've never had a song change your life, and the artist be the soundtrack of your life?” Gignac said. “That's such a massive role in your day to day — it's nice to have something from that.”

The lack of images created a void that was quickly filled with artificial intelligence: fake photos of Swift and Kelce in wedding attire, Swift in a gown and fabricated glimpses of the “secret garden” celebration that guests had described inside Madison Square Garden, where the arena was transformed with greenery, trees and flowers.

Some were obvious jokes: users inserting themselves into the wedding or pretending they had been hired to photograph it. Others were designed to be convincing — blurry, pixelated images that looked as though they had been secretly captured inside.

Swift fans are known for decoding “Easter eggs” and clues in Swift's lyrics and public posts. Longtime Swift fan Alexa Volland said those same habits helped many quickly debunk AI-generated images by spotting warped facial features, impossible dress straps and hidden watermarks from detection tools like Google DeepMind's SynthID.

“They built a habit of close observation,” Volland said.

Volland, a video producer for the News Literacy Project, said she was surprised no images had emerged, but happy Swift kept control.

“As a Swiftie, I would prefer to have those first looks come directly from her,” she said. “I know that we will eventually get a song that is probably the most revealing, way more revealing than any AI-generated image ever made.” 

Margaret Willison, a Swiftie in Boston, was still waiting for one wedding detail.

“I need to know what her first song was,” she said. “It's been haunting me.”

Willison has taught workshops on Swift's music and fandom, and says this kind of tension has defined her career. Swift has the ability to turn moments that may seem insignificant “into a cathedral we all get to be part of,” Willison said, filling them with meaning.

Willison said many fans trust Swift will eventually share the pieces she wants them to know.

“We don't want something that's been stolen from her,” she said.

More than a decade ago, Swift sang about leaving the spotlight and choosing “the rose garden over Madison Square.” In the end, Willison said, they weren't mutually exclusive. 

“In all of her previous relationships, there was this tension between how much she was able to shine and still be understood by a partner,” she said. “Isn't it incredible that she found that she didn't have to choose?”


















Copyright 2026 The Associated Press. All Rights Reserved.","{'href': 'https://apnews.com', 'title': 'AP News'}","national"
"https://news.google.com/rss/search?q=us+national+news+site:foxnews.com","Trump warns US would 'decimate and destroy' Iran over assassination attempt","https://www.foxnews.com/politics/trump-warns-us-would-decimate-destroy-iran-assassination-attempt","Sat, 11 Jul 2026 08:00:31 GMT","


        This material may not be published, broadcast, rewritten, or redistributed. ©2026 FOX News Network, LLC. All rights reserved. Quotes displayed in real-time or delayed by at least 15 minutes. Market data provided by Factset. Powered and implemented by FactSet Digital Solutions. Legal Statement. Mutual Fund and ETF data provided by LSEG.
      

While talks continue amid a disintegrated ceasefire, President Donald Trump told the New York Post he left instructions to bomb Iran 'at levels they've never seen before' if they succeed in an attempt to kill him.

President Donald Trump on Friday warned Iran that the United States would ""decimate and destroy"" the country if Tehran carried out an assassination attempt against him.

""1000 Missiles are Locked and Loaded and aimed at the Islamic Republic of Iran, with thousands of more to immediately follow, should the Iranian Government act on its threat, pronounced in many corners of the Globe, to assassinate, or attempt to assassinate, the sitting President of the United States of America, in this case, ME!"" Trump wrote on Truth Social.

The president said he had already directed the U.S. military to be prepared to retaliate if Iran carried out an assassination attempt against him.

ISRAEL SHARES INTELLIGENCE WARNING IRAN PLOTTED NEW ASSASSINATION ATTEMPT AGAINST TRUMP: REPORT

President Donald Trump speaks as he meets with NATO Secretary General on the sidelines of the NATO summit in Ankara, on July 8, 2026. (SAUL LOEB / AFP via Getty Images)

""Orders have already been given, and the U.S. Military is ready, willing, and able, for a one year period of time, subject to extension, to completely decimate and destroy all areas of Iran - PRAISE BE TO ALLAH!"" Trump said.

Trump's comments came one day after The Wall Street Journal reported that Israeli intelligence recently shared information with U.S. officials indicating Iran was considering a new plot to assassinate the president.

Earlier this week, Trump told reporters at the NATO summit in Ankara, Turkey, that he remains Iran's top target.

TRUMP SAYS HE'S IRAN'S 'NO. 1' TARGET AS RENEWED CONFLICT RAISES ASSASSINATION FEARS

A U.S. Secret Service agent, left, protects President Donald Trump, right. (Anna Moneymaker/Getty Images)

""I'm No. 1 on the kill list for Iran,"" the president said.

Earlier Friday, Trump also told the New York Post he had left standing instructions to strike Iran if an assassination attempt against him succeeded.

""I've been on their list for a long time. That's what we're dealing with,"" Trump said. ""… The only thing is, I've left instructions — if anything happens, to just literally bomb them at levels that they've never seen before.""

TRUMP SAYS HE LEFT INSTRUCTIONS TO 'BOMB' IRAN 'AT LEVELS' NEVER SEEN IF HE IS ASSASSINATED

Mourners gather around a vehicle transporting the coffin of Iran's late Supreme Leader Ayatollah Ali Khamenei, who was killed on Feb. 28 in Israeli and U.S. airstrikes, and coffins of his family members, on the day of his burial, in a culmination of a mass funeral, in Mashhad, Iran, July 9, 2026. (Majid Asgaripour/West Asia News Agency, via REUTERS)

Trump also dismissed reports that Israeli intelligence had uncovered a new Iranian assassination plot against him.

""No, no, Israel came up with nothing,"" Trump told the newspaper. ""I've been No. 1 [on Iran's kill list] for a long time, and it's the way life is, you know.""

The New York Times reported that following Trump's trip to Turkey, the U.S. Secret Service recommended he travel aboard the older Air Force One rather than the newly retrofitted Boeing 747 donated by Qatar as a security precaution amid renewed hostilities with Iran.

The White House has not said whether the aircraft change was related to specific security concerns, but said the new Air Force One is equipped with advanced security features.

""The new Air Force One is a state-of-the-art aircraft that has been fitted with high-level security protocols that ensure the safety of the President and his staff,"" White House Communications Director Steven Cheung previously told Fox News Digital. ""As the President has said recently, there are many enemies of America who have their sights on him, and we use every tool at our disposal to address those threats.""

Iran has sought Trump's assassination since he ordered the 2020 military strike that killed Iranian Gen. Qasem Soleimani.

This week, mourners repeatedly called for Trump's death during the funeral for Iran's former supreme leader, Ayatollah Ali Khamenei.

CLICK HERE TO DOWNLOAD THE FOX NEWS APP

President Donald Trump speaks with the media aboard Air Force One shortly after departure from Mildenhall Air Force Base in the United Kingdom, after he switched from the old VC-25A Air Force One to the newer VC-25B Bridge Air Force One, en route to Washington, on July 8, 2026. (SAUL LOEB / AFP via Getty Images)

The comments also come as a U.S.-Iran ceasefire has unraveled in recent days.

Iran attacked commercial shipping in the Strait of Hormuz this week, prompting renewed U.S. military action, including a new round of strikes targeting Iranian military infrastructure tied to maritime operations and other military sites.

Trump has since declared the ceasefire ""over"" and warned of further action if Iran continues its attacks.

Fox News Digital has reached out to the White House and the U.S. Secret Service for comment.

Fox News Digital's Morgan Phillips and Louis Casiano contributed to this report.

Michael Sinkewicz is a writer for Fox News Digital. Story tips can be sent to michael.sinkewicz@fox.com

Get all the stories you need-to-know from the most powerful name in news delivered first thing every morning to your inbox

Subscribed

You've successfully subscribed to this newsletter!


        This material may not be published, broadcast, rewritten, or redistributed. ©2026 FOX News Network, LLC. All rights reserved. Quotes displayed in real-time or delayed by at least 15 minutes. Market data provided by
        Factset. Powered and implemented by
        FactSet Digital Solutions.
        Legal Statement. Mutual Fund and ETF data provided by
        LSEG.
      

","{'href': 'https://www.foxnews.com', 'title': 'Fox News'}","national"
"https://news.google.com/rss/search?q=us+national+news+site:foxnews.com","Prosecutors seeking death penalty for deported illegal alien indicted in murder of sister-in-law","https://www.foxnews.com/us/prosecutors-seeking-death-penalty-deported-illegal-alien-indicted-murder-sister-in-law","Sat, 11 Jul 2026 01:10:58 GMT","


        This material may not be published, broadcast, rewritten, or redistributed. ©2026 FOX News Network, LLC. All rights reserved. Quotes displayed in real-time or delayed by at least 15 minutes. Market data provided by Factset. Powered and implemented by FactSet Digital Solutions. Legal Statement. Mutual Fund and ETF data provided by LSEG.
      

Prosecutors allege evidence, including DNA, a bullet and internet searches, link Shahidul Islam to the fatal shooting of Monica Islam in Lake County, Florida. (Credit: WOFL)

Prosecutors are seeking the death penalty involving an illegal alien who re-entered the U.S. after being deported and allegedly killed a Florida woman before fleeing to a sanctuary city.

Bangladeshi national Shahidul Islam, 44, was indicted Wednesday by a Lake County, Florida, grand jury on a premeditated first-degree murder charge for the May 2, 2025, shooting death of his sister-in-law, Monica Islam.

Hours after Monica Islam's disappearance on May 2, she was found with a gunshot wound to the head on the side of the road, according to State Attorney Bill Gladson of the Fifth Judicial Circuit.

She was last seen walking toward Shahidul Islam's car, and Gladson said authorities discovered he made numerous ""suspicious"" searches online on the morning of the killing.

THREE-TIME DEPORTED ILLEGAL IMMIGRANT CHARGED WITH KILLING NORTH CAROLINA GIRL, 6, AFTER RUNNING STOP SIGN

Shahidul Islam, 44, was indicted Wednesday by a Florida grand jury. He allegedly re-entered the U.S. after being deported and is accused of killing his sister-in-law. (Lake County Sheriff's Office Florida/Facebook)

A search warrant uncovered bloodstains matching Monica Islam's DNA in Shahidul Islam's car, along with a bullet lodged in the passenger door and a shattered passenger window.

Following the killing, Gladson said Shahidul Islam rented a car and drove to New York City.

He was later tracked down in a joint effort between local, state and federal law enforcement partners.

ILLEGAL IMMIGRANT TRUCK DRIVER CHARGED IN DEATH OF TROOPER WHO MOVED HOME TO CARE FOR MOM WITH CANCER

State Attorney Bill Gladson of the Fifth Judicial Circuit provides an update on the Lake County, Fla., killing during a news conference. (WOFL)

After being prosecuted and sentenced for his unlawful entry into the U.S., Shahidul Islam was extradited back to Lake County. He is currently being held without bond at the Lake County Detention Facility.

Gladson's office announced on Wednesday it is seeking the death penalty, citing the severe nature of the crime and its impact on the victim's family.

""No family should ever have to endure the pain of such a senseless and horrific act of violence as this one,"" Florida Chief Financial Officer Blaise Ingoglia wrote in a statement. ""Shahidul Islam illegally entered our country after being deported, committed this heinous crime, and then fled to a sanctuary city.""

WATCH: ANGEL MOM TURNS TABLES ON SANCTUARY POLITICIANS WITH BASIC QUESTION ABOUT THEIR PRIORITIES

Officials said the suspect allegedly fled to New York City, a sanctuary city, following the killing. (iStock)

Ingoglia added Florida ""will continue to stand firm against violent crime, sanctuary cities and illegal immigration,"" and ""will never apologize for putting the safety of law-abiding families first.""

CLICK HERE TO DOWNLOAD THE FOX NEWS APP

Gladson said that while ""no prosecution can restore the life that was taken,"" his office intends to ""pursue justice on their behalf and hold this offender accountable to the fullest extent of the law.""

The Department of Homeland Security (DHS) did not immediately respond to Fox News Digital's request for comment.

Alexandra Koch is a Fox News Digital Editor, with a focus on high-impact events that shape national conversation.

She has covered major national crises, including the L.A. wildfires, Potomac and Hudson River aviation disasters, Boulder terror attack, and Texas Hill Country floods.

The hottest stories ripped from the headlines, from crime to courts, legal and scandal.

By entering your email and clicking the Subscribe button, you agree to the Fox News 
        Privacy Policy
       and 
        Terms of Use
      , and
      agree to receive content and promotional communications from Fox News. You understand that you can
      opt-out at any time.

Subscribed


      You've successfully subscribed to this newsletter!
    


        This material may not be published, broadcast, rewritten, or redistributed. ©2026 FOX News Network, LLC. All rights reserved. Quotes displayed in real-time or delayed by at least 15 minutes. Market data provided by
        Factset. Powered and implemented by
        FactSet Digital Solutions.
        Legal Statement. Mutual Fund and ETF data provided by
        LSEG.
      

","{'href': 'https://www.foxnews.com', 'title': 'Fox News'}","national"
"https://news.google.com/rss/search?q=us+national+news+site:foxnews.com","New Jersey woman accused of sexually assaulting child, posting video on Snapchat: police","https://www.foxnews.com/us/new-jersey-woman-accused-sexually-assaulting-child-posting-video-snapchat-police","Sat, 11 Jul 2026 00:58:07 GMT","


        This material may not be published, broadcast, rewritten, or redistributed. ©2026 FOX News Network, LLC. All rights reserved. Quotes displayed in real-time or delayed by at least 15 minutes. Market data provided by Factset. Powered and implemented by FactSet Digital Solutions. Legal Statement. Mutual Fund and ETF data provided by LSEG.
      

Fox News Flash top headlines are here. Check out what's clicking on FoxNews.com.

A New Jersey woman is accused of sexually assaulting a child younger than 13, recording the alleged abuse and sharing at least one video on Snapchat, according to court documents.

Victoria Anne Cranmer, 25, was arrested Tuesday and charged with second-degree sexual assault, second-degree manufacturing of child sexual abuse material, third-degree possession of child sexual abuse material and third-degree endangering the welfare of a child.

Authorities allege Cranmer recorded the 14-second video on May 6 inside the bathroom of a Little Egg Harbor home while the child was in her care.

STEPDAD ACCUSED OF SEX ASSAULT AS COPS WIDEN PROBE INTO GIRL'S LETHAL BENADRYL INGREDIENT DOSE

Victoria Anne Cranmer, 25, was booked into the Ocean County Jail after being charged with multiple child sex crimes. (Ocean County Jail)

Investigators identified Cranmer through several distinctive tattoos visible in the recording, including one on her leg depicting breasts, the outlet reported.

According to an affidavit of probable cause, the investigation began May 20 after the New Jersey Division of Child Protection and Permanency referred the allegations to the Little Egg Harbor Police Department and the Ocean County Prosecutor's Office Special Victims Unit. Detectives later obtained search warrants for both a cellphone allegedly used by Cranmer and her Snapchat account, where investigators said they uncovered additional videos saved in Snapchat's Memories feature.

According to the affidavit, the cellphone had been purchased for Cranmer by a former roommate as a birthday gift. After asking Cranmer to move out, the roommate requested she leave the phone behind. While reviewing its contents, the roommate allegedly discovered the recording, saved the video and later turned the device over to investigators, according to the affidavit.

TEACHER ACCUSED OF SEX WITH STUDENTS WAS ALLEGEDLY BLACKMAILED FOR BETTER GRADES: WARRANTS

The Snapchat app is shown on the screen of an Apple iPhone in this file photo. (Getty Images)

Investigators also allege Cranmer was laughing while assaulting the child in the video, according to the court according to court documents cited by NJ.com.

At least one of the alleged recordings was shared on Snapchat, New Jersey 101.5 reported.

CLICK HERE TO DOWNLOAD THE FOX NEWS APP

Cranmer was booked into the Ocean County Jail, where she is being held without bail.

Fox News Digital has reached out to the Ocean County Prosecutor's Office for additional information and to determine whether Cranmer has legal representation.

Brittany Miller is a Fox News Digital breaking news writer and former Independent reporter who graduated from Syracuse University in 2023.

The hottest stories ripped from the headlines, from crime to courts, legal and scandal.

By entering your email and clicking the Subscribe button, you agree to the Fox News 
        Privacy Policy
       and 
        Terms of Use
      , and
      agree to receive content and promotional communications from Fox News. You understand that you can
      opt-out at any time.

Subscribed


      You've successfully subscribed to this newsletter!
    


        This material may not be published, broadcast, rewritten, or redistributed. ©2026 FOX News Network, LLC. All rights reserved. Quotes displayed in real-time or delayed by at least 15 minutes. Market data provided by
        Factset. Powered and implemented by
        FactSet Digital Solutions.
        Legal Statement. Mutual Fund and ETF data provided by
        LSEG.
      

","{'href': 'https://www.foxnews.com', 'title': 'Fox News'}","national"
"https://news.google.com/rss/search?q=us+national+news+site:foxnews.com","California men accused of $100K burglary allegedly took selfies while committing crime","https://www.foxnews.com/us/california-men-accused-100k-burglary-allegedly-took-selfies-committing-crime","Sat, 11 Jul 2026 06:42:47 GMT","


        This material may not be published, broadcast, rewritten, or redistributed. ©2026 FOX News Network, LLC. All rights reserved. Quotes displayed in real-time or delayed by at least 15 minutes. Market data provided by Factset. Powered and implemented by FactSet Digital Solutions. Legal Statement. Mutual Fund and ETF data provided by LSEG.
      

First Assistant U.S. Attorney for the Central District of California Bill Essayli joins 'Saturday in America' to discuss the ongoing fraud crackdown and multiple arrests made on suspects who allegedly stole hundreds of millions of dollars.

Two California men accused of stealing more than $100,000 worth of tools, copper wire and vehicles allegedly took pictures of themselves while committing the crimes, authorities said.

The alleged thefts occurred during a burglary at a business in American Canyon on July 6, according to the American Canyon Police Department.

Police said officers responded to a reported burglary in the 1100 block of Green Island Road.

TWO ARRESTED AT COSTCO AFTER ALLEGED FRAUDULENT CREDIT CARD SHOPPING SPREE

Authorities arrested Daniel Lemas, right, and Dennis Tylij in connection with a burglary in American Canyon that investigators said was documented with alleged selfie photographs. (American Canyon Police Department)

Investigators identified two vehicles connected to the burglary and shared the information with neighboring law enforcement agencies.

The following day, the Alameda County Sheriff's Office stopped one of the vehicles and detained the driver, who was identified as Daniel Lemas, 53, of Hayward.

Police said evidence recovered during the investigation included selfie photographs allegedly showing Lemas committing the burglary.

FBI ANNOUNCES 305 ARRESTS, 24 MISSING CHILDREN RECOVERED IN CHICAGO DURING OPERATION NEW DAWN

Police said this selfie photograph allegedly shows Daniel Lemas committing a burglary that resulted in more than $100,000 worth of tools, copper wire and vehicles being stolen. (American Canyon Police Department)

Lemas was arrested on charges of burglary and booked into the Napa County Department of Corrections on multiple felony charges stemming from the investigation.

On July 8, the Hayward Police Department stopped the second vehicle connected to the burglary and detained the driver, identified as 49-year-old Dennis Tylij of Hayward.

After responding to the scene, American Canyon police arrested Tylij, who was booked into the Napa County Department of Corrections on a felony conspiracy charge.

CLICK HERE TO DOWNLOAD THE FOX NEWS APP

American Canyon police said alleged selfie photographs taken during a burglary helped investigators identify Daniel Lemas and Dennis Tylij, who are accused of stealing more than $100,000 worth of tools, copper wire and vehicles. (American Canyon Police Department)

Investigators later executed a search warrant at a home in the 3200 block of Arden Road in Hayward, where they recovered some of the stolen property.

According to The California Post, Lemas has since posted $25,000 bail and was released from custody, while Tylij remains jailed.

Michael Sinkewicz is a writer for Fox News Digital. Story tips can be sent to michael.sinkewicz@fox.com

The hottest stories ripped from the headlines, from crime to courts, legal and scandal.

By entering your email and clicking the Subscribe button, you agree to the Fox News 
        Privacy Policy
       and 
        Terms of Use
      , and
      agree to receive content and promotional communications from Fox News. You understand that you can
      opt-out at any time.

Subscribed


      You've successfully subscribed to this newsletter!
    


        This material may not be published, broadcast, rewritten, or redistributed. ©2026 FOX News Network, LLC. All rights reserved. Quotes displayed in real-time or delayed by at least 15 minutes. Market data provided by
        Factset. Powered and implemented by
        FactSet Digital Solutions.
        Legal Statement. Mutual Fund and ETF data provided by
        LSEG.
      

","{'href': 'https://www.foxnews.com', 'title': 'Fox News'}","national"
"https://news.google.com/rss/search?q=site:washingtonexaminer.com","White House backs Kash Patel after reported frustration over FBI director's social media","https://www.washingtonexaminer.com/news/white-house/4644829/white-house-kash-patel-social-media/","Sat, 11 Jul 2026 00:31:00 GMT","




White House officials jumped to FBI Director Kash Patel‘s defense after reports surfaced that administration officials were frustrated with his social media activity and alleged globe-trotting.

White House communications director Steven Cheung defended Patel against MS NOW reports that suggested he canceled a trip to see his girlfriend in Chicago due to frustration from administration personnel over a post Patel made mocking the outlet's reporting.

“Completely false,” Cheung said. “There has been no frustration over his tweet this morning. I reposted his tweet. Other White House officials reposted his tweet.”

Cheung backed the agency director following a report from MS NOW that claimed congressional Democrats issued a letter inquiring about Patel's alleged demand that FBI staff arrange a Jet Ski excursion and other activities on official trips.

Patel then posted a screen grab of the article's graphic and said, “Nah, my jet ski is gold plated … [dumba**].”

“Your job is to lie,” Patel went on. “Mine is to protect the American people, and business is good!”

The report Patel was referencing was an opinion article that argued the FBI director's alleged “lavish lifestyle he seems to be enjoying at least in part on the taxpayer's dime” could have its limits, as Patel does not have the same “invincibility” that covers President Donald Trump.

Cheung, however, was taking aim at a report from MS NOW citing unnamed sources that Patel was reprimanded by Trump administration officials for having made a dig at the opinion piece. The outlet also said its own reporting that Patel was engaging in leisure activities on official trips was cited by the White House in their alleged reprimanding.

Patel later bashed the report about his White House meeting, confirming that it happened but disputing its purpose.

“The only thing worse than MS NOW's garbage rebrand is their reporting — all false except one thing — I was at the White House, true, and the fake news will find out why soon,” Patel said, referring to MS NOW changing from MSNBC.

DEMOCRATS DEMAND LIST OF PATEL'S PERSONAL TRAVEL AS FBI HEAD AFTER ‘VIP SNORKEL' STORY

Patel was slated to visit his girlfriend, country music artist Alexis Wilkins, in Chicago over the weekend, where she is performing at a music festival. The FBI director was also supposed to visit a field office in the Windy City, but he canceled his trip just before departure Friday morning, MS NOW reported.

Patel's girlfriend filed a lawsuit against MS NOW last month over a report in December 2025 based on anonymous sources that Patel had called the members of Wilkins's security detail and requested they give rides home to her friends after nights of drinking in Nashville, Tennessee. The FBI vehemently denied the report's allegations.","{'href': 'https://www.washingtonexaminer.com', 'title': 'Washington Examiner'}","national"
"https://news.google.com/rss/search?q=site:businessinsider.com","The hottest new law school gadget is... no laptop","https://www.businessinsider.com/laptops-closed-chicago-law-school-adopts-new-rule-combat-ai-2026-7","Sat, 11 Jul 2026 00:57:25 GMT","

AI is starting to make some classrooms look a little more old school.

The University of Chicago Law School is requiring first-year students to keep their laptops closed in class this fall, as part of a broader strategy to ensure students learn to think independently as artificial intelligence becomes ubiquitous in the legal profession.

The move comes as colleges across the country grapple with how generative AI is reshaping higher education. Business Insider reported earlier this month that Brown University said it recently disciplined dozens of students after uncovering what administrators described as a widespread AI-assisted cheating scandal, underscoring how difficult the technology has made traditional take-home assignments and remote assessments.

Rather than trying to ban AI outright, Chicago Law says it is redesigning its curriculum to separate the skills students should develop on their own from those where AI should be embraced.

""We need to make sure that the students are learning to think for themselves,"" Adam Chilton, dean of the University of Chicago Law School, told Business Insider. At the same time, he said, ""We can't just naively try to pretend that you can turn off AI or that students won't use it or they don't need to know it.""

The school's new strategy includes laptop-free first-year classes, in-person proctored exams that prevent students from accessing outside materials, and oral defenses for major research papers to ensure students can explain and defend their work. It is also expanding AI instruction by integrating the technology into legal writing courses, adding more AI-focused classes, and providing students access to legal AI tools, including Harvey and Legora.

Chilton said educators have been ""a little bit asleep at the wheel"" by continuing to assign take-home work that students can complete with AI ""without thinking for yourself, without learning for yourself.""

Take a smarter break in your day - and see how far you get.

He said reports of AI cheating at Brown, Harvard, and other schools reinforced concerns that students could advance through their education without developing rigorous reasoning skills.

The challenge, he said, is that AI has become indispensable in legal practice. Law firms increasingly expect new hires to use technology efficiently and responsibly, making an outright ban unrealistic.

Instead, Chicago's approach is to create what Chilton called ""space for both of these modes of learning"" — teaching students to think without AI first, then teaching them how to use it ethically once they've built those foundational skills.

Jump to


      Every time  publishes a story, you'll get an alert straight to your inbox!
    


      Look out for an alert in your inbox the next time  publishes a story!
    


      Every time a new  story is published, you'll get an alert straight to your inbox!
    


      Look out for an alert in your inbox the next time a new  story is published!
    




        By clicking “Sign up”, you agree to receive emails from Business Insider. In addition, you accept Insider's
        Terms of Service and
        Privacy Policy.
      ","{'href': 'https://www.businessinsider.com', 'title': 'Business Insider'}","business"
"https://news.google.com/rss/search?q=site:businessinsider.com","Oh dear, did someone steal something from Apple?","https://www.businessinsider.com/apple-openai-trade-secrets-masimo-a123-jony-ive-2026-7","Sat, 11 Jul 2026 04:11:44 GMT","

Cue the tiny violins; someone may have stolen something from Apple.

It's a sorry tale, but one the tech giant knows very well. Maybe too well.

Apple's blockbuster lawsuit against OpenAI accuses the ChatGPT maker of orchestrating a campaign to recruit Apple engineers, extract confidential information, and use the company's trade secrets to jump-start its own hardware ambitions.

The allegations are striking. They're also familiar.

Over the years, Apple has itself faced lawsuits from companies accusing it of using remarkably similar tactics: recruiting away key employees and then using their knowledge to build competing products.

One of the most significant cases came from the medical device maker Masimo. In a lawsuit filed in 2020, Masimo alleged that Apple first explored a partnership before hiring away several of its top executives and engineers, including experts in pulse oximetry technology.

Masimo said Apple used confidential know-how gained through those hires to develop the blood oxygen sensor in the Apple Watch. Apple denied stealing trade secrets, arguing it simply hired talented people and developed its technology independently.

Take a smarter break in your day - and see how far you get.

The dispute ultimately expanded into multiple trade-secret and patent cases, as well as an International Trade Commission investigation.

A separate patent infringement allegation by Masimo against Apple led to an Apple Watch import ban in 2023. In 2025, a federal jury ruled that Apple had infringed Masimo patents and ordered the tech giant to pay $634 million. The ban was overturned.

Years earlier, battery maker A123 Systems made similar accusations. A123 alleged that Apple systematically recruited members of its advanced battery team, including its former chief technology officer, and benefited from confidential battery research.

Apple denied wrongdoing, and the case settled before reaching trial.

Neither case produced a definitive judicial finding that Apple stole another company's trade secrets. Together, they illustrate a recurring pattern in Silicon Valley: Companies often accuse rivals of crossing the line between hiring talented employees and acquiring confidential know-how.

In California, especially, employees are free to leave their employers whenever they like and work wherever else they please. For Big Tech companies, that's not always great, because — by definition — those experts leave with valuable know-how. That's the whole reason they're hired away.

How or when this crosses over into trade secret theft is murky business, indeed.

Apple has famously exhibited its dislike of free-flowing talent movement across Silicon Valley. In the 2000s, it entered into a secret pact with five other tech giants, including Google and Intel, that prevented the companies from directly soliciting each other's employees, according to a lawsuit filed by the Justice Department.

The companies paid more than $400 million to settle a class action case stemming from the scandal, The New York Times reported.

With that option out the window, Apple employees have been freer to move around. In 2019, Apple's most famous employee, iPhone designer Jony Ive, did just that — and started his own company called io Products with other former Apple employees.

Last year, OpenAI acquired io and brought on Ive and his team, including cofounder Tang Tan. Together, they're developing a consumer gadget that may challenge the iPhone and will for sure be better at AI than Apple gadgets — a low bar, but highly likely.

In the 40 pages of Apple's lawsuit against OpenAI, there's not a single reference to Ive other than a couple of URLs in footnotes that have the word ""jony.""

That seems odd. If you were going to accuse another company of hiring away your top execs and using their knowledge of your trade secrets, wouldn't you mention the big kahuna?

There are several other former Apple employees who went to io, or left Apple directly, and now work at OpenAI. In Apple's lawsuit, it mentions two: Tang Tan, an io cofounder, and Chang Liu.

So what's going on here? My interpretation is that this is a rare example of a Silicon Valley tech giant being challenged at its own game by a well-funded and capable upstart with disruptive new technology.

When Big Tech companies feel secure, they often recruit aggressively from smaller rivals who complain that their ideas or expertise have been appropriated. When those same tech giants find themselves under pressure from an ambitious newcomer, they suddenly become fierce defenders of trade secrets and confidential information.

So Apple probably went digging to see what it could find. So far, it's come up with a couple of former employees who may have taken some ideas with them to OpenAI.

Are these actions trade secret theft, or smart employees exercising their right to work where they please and taking their knowledge with them? That's what Apple argued in the Masimo case.

Whether Apple's allegations against OpenAI prove true will be decided in court. The dispute underscores a familiar reality in the technology industry: Today's plaintiff is often yesterday's defendant.

Sign up for BI's Tech Memo newsletter here. Reach out to me via email at abarr@businessinsider.com.

Jump to


      Every time  publishes a story, you'll get an alert straight to your inbox!
    


      Look out for an alert in your inbox the next time  publishes a story!
    


      Every time a new  story is published, you'll get an alert straight to your inbox!
    


      Look out for an alert in your inbox the next time a new  story is published!
    




        By clicking “Sign up”, you agree to receive emails from Business Insider. In addition, you accept Insider's
        Terms of Service and
        Privacy Policy.
      ","{'href': 'https://www.businessinsider.com', 'title': 'Business Insider'}","business"
"https://news.google.com/rss/search?q=site:businessinsider.com","China's push for a global yuan gains ground in one of Africa's biggest oil economies","https://africa.businessinsider.com/local/markets/chinas-push-for-a-global-yuan-gains-ground-in-one-of-africas-biggest-oil-economies/3nc2ctr","Sat, 11 Jul 2026 07:00:00 GMT","

Business Insider Edition 

China's campaign to expand the global use of the yuan has gained another foothold in Africa after oil-rich Angola allowed commercial banks to use the Chinese currency to meet part of their mandatory foreign-currency reserve requirements, underscoring Beijing's growing financial influence on the continent.


        According to a directive issued by the Bank of Angola on July 2 and published on Thursday, banks can now use the Chinese yuan alongside the U.S. dollar, euro and South African rand to meet foreign-currency reserve requirements. 
    


        Mandatory reserves are funds commercial banks are required to hold with the central bank to support financial stability and manage liquidity within the banking system.
    


        While the directive appears to be a technical regulatory adjustment, it reflects Angola's increasingly close economic relationship with China.
    


        China has been Angola's largest trading partner for years, buying most of the country's crude oil exports while financing billions of dollars' worth of roads, railways, power projects and other infrastructure over the past two decades. 
    


        The two countries' commercial ties have made the yuan increasingly relevant to Angola's financial system. 
    


        The move also comes as Angola continues to strengthen its financial sector following recent banking reforms aimed at improving resilience, liquidity management and financial stability. 
    


Part of China's bigger strategy



        Angola's decision fits into Beijing's broader effort to internationalise the yuan.
    


        China has stepped up initiatives to encourage the use of its currency in trade settlements, cross-border payments and reserve management, particularly across emerging markets where Chinese trade and investment have grown rapidly. 
    


        Just weeks ago, China's central bank authorised new renminbi clearing arrangements in Africa through major banking partners, making it easier for businesses across the continent to settle transactions directly in yuan. 
    


        The growing adoption of the Chinese currency is being driven not only by Beijing's ambitions but also by efforts among some emerging economies to diversify payment and reserve currencies, reduce foreign-exchange costs and deepen trade with China. 
    


The dollar still dominates



        The latest policy does not signal a shift away from the U.S. dollar, which remains by far the world's dominant reserve and trade currency.
    


        Instead, the change gives Angolan banks greater flexibility to hold reserves in the currency of one of the country's most important trading partners while supporting cross-border business with China. 
    


        For Angola, the decision reflects economic realities more than ideology. As one of Africa's largest crude exporters and a long-standing recipient of Chinese financing, incorporating the yuan into its reserve framework aligns the country's banking rules with the structure of its trade and investment flows.
    


        More broadly, the move illustrates how China's economic relationship with Africa is evolving beyond infrastructure lending and commodity trade into the financial architecture of the continent itself. 
    


        While the dollar remains firmly dominant, the yuan is steadily carving out a larger role in African banking and cross-border commerce. 
    

 © 2026 africa.businessinsider.com","{'href': 'https://africa.businessinsider.com', 'title': 'Business Insider Africa'}","business"
"https://news.google.com/rss/search?q=site:cnbc.com","AstraZeneca's trial flop raises a bigger question: Is its pipeline premium becoming more vulnerable?","https://www.cnbc.com/2026/07/11/astrazenecas-trial-pipeline-pharma-valutaion-stock.html","Sat, 11 Jul 2026 05:00:01 GMT","



In this article

AstraZeneca's failed late-stage trial for Wainua was never expected to have a major financial impact on the company.

Most analysts estimate the trial miss wiped just 2-4% from their valuation models. Yet the shares lost roughly twice that in a single session, suggesting the market reaction reflected more than just the loss of one drug, which was intended to treat a rare heart disease.

The disconnect has shifted attention away from Wainua itself and toward something more difficult to measure: whether the valuation premium investors have long assigned to one of Europe's most highly regarded drug pipelines is justified.

For years, AstraZeneca has commanded among the richest valuations among large European pharmaceutical companies on the assumption that management consistently delivers successful late-stage clinical trials across oncology, rare diseases, and specialty medicines, and replenishes its portfolio with new blockbuster medicines. 

Under CEO Pascal Soriot's 14-year reign, AstraZeneca has developed a reputation as a pharma powerhouse that rarely posts negative trial results.

Wainua itself was not expected to become one of AstraZeneca's biggest products. Instead, the surprise lay in the failure of a program many investors viewed as having a high probability of success.

Analysts mostly say the disappointment doesn't undermine AstraZeneca's long-term growth story, but it may have raised the bar for proving it.

The issue goes beyond the extra revenue Wainua would have added to AstraZeneca's top line, as it puts a dent in the company's credibility, Jefferies analysts wrote in a note to clients on Thursday. 

""This was meant to be a slam dunk making the outright failure surprising.""

The financial impact of Wainua's failure as a treatment for ATTR cardiomyopathy, a rare and life-threatening heart condition, appears relatively modest.

Citi puts the net present value impact at roughly 3%. Jefferies estimates around 2%, and Leerink Partners' price target reduction implied a similarly limited hit. Bank of America described the sales impact as ""mid-single digit,"" while Morningstar said decreased sales estimates for Wainua do not significantly change its valuation.

Those estimates contrast with the market reaction as shares fell 6.2% in Thursday's session, marking the stock's worst day in over two years, and were down an additional 3% on Friday. 

An AstraZeneca spokesperson declined to comment further on the share price reaction.

Rather than simply removing part of Wainua sales from their models, investors may be reassessing the confidence they place in AstraZeneca's broader pipeline and execution. 

Dan Coatsworth, head of markets at AJ Bell, noted that AstraZeneca has had far more hits than misses recently, creating high expectations for success. 

""AstraZeneca has bold plans to hit $80 billion in sales by 2030, and investors will now be asking if this target is credible,"" Coatsworth said in emailed comments. 

Jefferies said the failed trial does not threaten management's 2030 ambition, while Citi continues to expect that the company can exceed that target. 

Leerink noted that, after speaking to management, removing Wainua for ATTR-cardiomyopathy decreases the headroom above the company-provided consensus of about $82.7 billion to about $80.8 billion, reflecting $1.9 billion in Wainua revenues in 2030.

Morningstar left its fair value estimate unchanged, saying the setback ""does not change our view of its late-stage drug development capabilities,"" while noting AstraZeneca's oncology franchise, rare disease business and broader pipeline remain intact.

Both Goldman Sachs and Bank of America highlighted that investors had not seriously considered the possibility of the trial failing, given the favorable precedent from Alnylam's rival drug Amvuttra that works similarly.

The failed study also comes at an important moment for AstraZeneca.

Several of the company's largest pipeline catalysts — including the AVANZAR trial for lung cancer, SERENA-4 for breast cancer, and cliramitug also for ATTR cardiomyopathy — are expected to report data over the coming months, meaning investor attention is now concentrated on fewer high-profile readouts.

""All eyes on AVANZAR,"" Jefferies wrote, describing it as the next major catalyst likely to determine sentiment. The readout is expected in July or August.

Leerink suggested the setback puts even greater focus on the remaining ""binary events"" expected later this year.

Most analysts continue to recommend buying the stock. Citi reiterated AstraZeneca as its top European pharmaceutical pick, Bank of America reiterated its Buy rating, and Jefferies argued investors should be ""buying the dip.""

Got a confidential news tip? We want to hear from you.

Sign up for free newsletters and get more CNBC delivered to your inbox

Get this delivered to your inbox, and more info about our products and services.

© 2026 Versant Media, LLC. All Rights Reserved. A Versant Media Company.


      Data is a real-time snapshot *Data is delayed at least 15 minutes.
      Global Business and Financial News, Stock Quotes, and Market Data
      and Analysis.
    

Data also provided by","{'href': 'https://www.cnbc.com', 'title': 'CNBC'}","business"
"https://news.google.com/rss/search?q=bitcoin","Bitcoin halving cycle history challenges $300,000–$500,000 moonshot forecasts","https://www.coindesk.com/markets/2026/07/10/bitcoin-analysts-predict-usd300-000-usd500-000-price-in-2029-the-math-says-no","Sat, 11 Jul 2026 02:31:05 GMT","

Crypto analysts are already looking at how high bitcoin BTC$64,209.91 could rally in the next cycle, expected to begin later this year, with ambitious targets ranging from $300,000 to $500,000.

But one important data point runs counter to those forecasts, suggesting that gains may be more measured than ever.

Unlike gold or stocks, bitcoin tends to move in clear four-year cycles centered on the mining reward halving, an event that halves the amount of new bitcoin produced per block every 4 years. Think of it as a programmed 50% reduction in the growth rate of the money supply.

The first halving happened in 2012, and the fifth one is scheduled for April 2028. In the past, prices have tended to bottom out and begin a new bull run roughly 18 months before the halving. That same bull run then peaks about 16-18 months after the halving, paving the way for a year-long bear market. That's the four-year cycle, and the peak of the next one is expected in 2029.

On the back of this, analysts and market experts have been calling for a massive bull run in the next few years. 

Veteran trader Peter Brandt anticipates a peak between $300,000 and $500,000. Bernstein analysts Gautam Chhugani and Mahika Sapra expect prices to hit $500,000 by 2029, citing booming demand for spot exchange-traded funds (ETFs).

However, while the four-year cycles have consistently produced new all-time highs, each successive one has seen markedly lower multiples, compressed gains, and slower overall expansion.

As bitcoin grows, matures, and becomes more valuable, it takes significantly more capital to push it meaningfully higher. The track record of cycle highs proves it:

What this means is that bull runs are getting steadier, with more measured gains rather than moonshots. If this trend continues, the next peak may fall well short of the anticipated $300,000 to $500,000 levels. (A rally to $300,000 or more requires over 2 times the jump from the 2025 high)

This is not necessarily bad news, however. 

As noted earlier, the bigger the asset becomes, the more capital is required to move it higher. And with the institutionalization of the market and an ever-increasing array of advanced risk management products, such as bitcoin ETFs, futures, options, volatility products, arbitrage funds, and structured products with embedded options, BTC is naturally becoming less volatile and more Wall Street-like. 

Bulls might argue that a potential full-blown Fed stimulus and outright purchases of BTC as a reserve asset by the U.S. Treasury may do the trick.

However, even massive fiscal and monetary stimulus after the 2020 COVID crash – not just in the U.S. but worldwide – could only lift BTC to nearly $70,000 in that cycle, 3.5x from 2017, marking a slowdown from the previous cycle. The 2025 high, which came with ETF flows and the most institutionalization ever, could only muster 1.8 times the level.

All this suggests that bitcoin is maturing and growing, not breaking. The days of peak-to-peak moonshots may be gone for good. The asset is now large, liquid, and institutionalized, and investors chasing the next parabolic supercycle might want to recalibrate.

Digital assets posted a third consecutive quarter of losses in Q2 2026, the longest losing streak since the 2022 bear market, as institutional capital rotated into AI equities and Bitcoin ETFs recorded their largest quarterly outflow since launch. Our report examines what drove the divergence, where structural adoption continued regardless, and what Q3 signals to watch.

Digital assets posted a third consecutive quarter of losses in Q2 2026, the longest losing streak since the 2022 bear market, as institutional capital rotated into AI equities and Bitcoin ETFs recorded their largest quarterly outflow since launch. Our report examines what drove the divergence, where structural adoption continued regardless, and what Q3 signals to watch.

Why it matters:

Digital assets posted a third consecutive quarter of losses in Q2 2026, the longest losing streak since the 2022 bear market, as institutional capital rotated into AI equities and Bitcoin ETFs recorded their largest quarterly outflow since launch. Our report examines what drove the divergence, where structural adoption continued regardless, and what Q3 signals to watch.

Disclosure & Polices: CoinDesk is an award-winning media outlet that covers the cryptocurrency industry. Its journalists abide by a strict set of editorial policies. CoinDesk has adopted a set of principles aimed at ensuring the integrity, editorial independence and freedom from bias of its publications. CoinDesk is part of Bullish (NYSE:BLSH), an institutionally focused global digital asset platform that provides market infrastructure and information services. Bullish owns and invests in digital asset businesses and digital assets and CoinDesk employees, including journalists, may receive Bullish equity-based compensation.","{'href': 'https://www.coindesk.com', 'title': 'CoinDesk'}","cryptocurrency"
"https://news.google.com/rss/search?q=ethereum","VanEck updates spot Ethereum ETF with fee waive...","https://pluang.com/en/news-feed/ethereum-perang-biaya-etf-spot-vaneck","Sat, 11 Jul 2026 07:34:40 GMT","

VanEck has revised the registration documents of its spot Ethereum ETF to include a fee waiver structure, intensifying competition among Ethereum ETF issuers. This update reflects a shift from merely launching funds to attracting early investors by offering competitive fees. Investors now closely analyze regulatory filings and capital flows to compare similar products, with fees becoming a key factor in investment decisions. While this change doesn't immediately alter market dynamics, it signals a new phase where detailed features influence portfolio choices and the evolving Ethereum ETF market.

CoreWeave, a leading neocloud operator, is currently trading at a discounted forward EV/EBITDA of 11.9x compared to the sector median of 15x. The company has a substantial backlog of $99.4 billion, with 98% secured under five-year take-or-pay contrac...

Sonoco Products Company is considered a soft buy due to its attractive valuation and ongoing cost-cutting efforts, despite recent revenue declines and mixed profitability. Management aims to save $150–$200 million over three years and expects adjuste...

Hyundai is testing stablecoins USDT and USDC for faster internal transfers between its subsidiaries, reducing transfer times from hours to about 7 minutes. The pilot with Tether's USDT showed superior speed and stability compared to traditional bank ...

This week in crypto, Bitcoin rebounded to $64,000 with Standard Chartered reaffirming a $100,000 price target by 2026, citing easing fears over recent Bitcoin sales. Robinhood Chain rapidly gained traction, surpassing $1.2 billion in decentralized ex...

Kanzhun Ltd. (BZ) is rated a buy due to the underestimated positive impact of AI on its recruitment platform. The company's two-sided scale and direct chat model create strong network effects, making it hard for competitors to replicate. Growth is ex...","{'href': 'https://pluang.com', 'title': 'Pluang'}","cryptocurrency"
"https://news.google.com/rss/search?q=ethereum","US spot Bitcoin ETFs see $90M inflows, Ethereum ETFs add $18M, signaling cautious return of institutional investors.","https://pluang.com/en/news-feed/etf-bitcoin-ethereum-as-us-dollar-masuk-juli-2026","Sat, 11 Jul 2026 05:38:14 GMT","

On July 10, US spot Bitcoin ETFs attracted $90.4 million in net inflows, while Ethereum ETFs gained $18.4 million, indicating a cautious return of institutional capital after a massive $4 billion outflow in June. This inflow follows a break in a 10-day outflow streak and highlights renewed interest in crypto ETFs, led by BlackRock and Fidelity products. The inflows suggest a broader re-engagement with crypto assets amid easing inflation and Bitcoin prices stabilizing between $56,000 and $64,000. Investors should watch if this positive trend continues, as it could signal a shift in institutional sentiment after the June selloff.

GE Vernova is emerging as a leader in the nuclear energy sector, leveraging 65 years of experience and a global footprint. Its Small Modular Reactor (SMR), the BWRX-300, is already under commercial contract with construction underway in Canada, and p...

AI data centers have shifted the electric utility industry from a stable, recession-hedging sector to one with significant growth potential and increased risks. Utilities are now valued based on a hybrid model combining the traditional stability of r...

Robinhood launched its Arbitrum-based chain on July 1, 2026, driving a spike in on-chain trading volume to over $568 million on July 8, which coincided with a 19% rise in ARB token price. However, ARB is primarily a governance token and not used for ...

Meta has discontinued its new AI feature, Muse Image, which allowed users to generate images using photos from public Instagram accounts. The tool faced immediate criticism for privacy concerns, as it was automatically enabled without explicit user c...

The RiverNorth Opportunities Fund (RIV) provides a high yield of 13.48% by investing tactically in closed-end funds, SPACs, BDCs, and ETFs. Its largest allocation to special purpose acquisition companies (SPACs) adds diversification but also increase...","{'href': 'https://pluang.com', 'title': 'Pluang'}","cryptocurrency"
"https://news.google.com/rss/search?q=blockchain","Jacksonville's Business Infrastructure Boom Is Starting To Overlap With Blockchain Data","https://www.jacksonville.com/story/special/contributor-content/2026/07/10/jacksonvilles-business-infrastructure-boom-is-starting-to-overlap-with-blockchain-data/90878889007/","Sat, 11 Jul 2026 01:10:03 GMT","

Jacksonville already runs on constant movement. Cargo flows through the port, healthcare systems coordinate vendors across large service areas, and hotels, restaurants, and retailers adjust daily to tourism demand and changing customer habits. Increasingly, some businesses are also watching the broader top cryptocurrency market to monitor where digital payment infrastructure and blockchain-based coordination tools may be gaining traction.

That does not mean local executives are suddenly turning into crypto traders. The conversation has become more focused on infrastructure maturity, payment systems, and operational utility than market hype.

One reason digital asset data keeps showing up in business conversations is that the numbers can reveal behavior long before a technology becomes mainstream.

Price alone is rarely the useful part.

Volume, liquidity, market capitalization, transaction activity, and network participation can help businesses gauge whether a blockchain ecosystem is attracting enough support to remain operationally relevant. That does not automatically make a digital asset trustworthy or practical. But it can help companies understand whether a technology is developing into something larger than a niche experiment.

For a logistics-heavy region like Northeast Florida, that distinction matters.

A warehouse operator near the port may eventually encounter software vendors offering blockchain-linked shipment records or tokenized invoicing systems. A freight forwarder could see payment platforms experimenting with faster supplier settlement workflows tied to stablecoin infrastructure. In those situations, market participation becomes a rough indicator of whether supporting infrastructure is actually growing.

The token itself is often secondary. The surrounding network is what businesses are really evaluating.

Another reason the tone around blockchain has shifted is that institutional finance keeps inching deeper into the space.

The World Economic Forum's 2025 report on asset tokenization discusses digital ownership models tied to issuance, securities financing, and asset management. Instead of treating blockchain systems purely as speculative assets, the report examines how tokenized infrastructure may support programmable records, shared transaction systems, and more flexible coordination between financial participants.

That shift matters because large institutions rarely move quickly unless they see operational potential somewhere underneath the hype.

The result is that blockchain tools are increasingly embedded within existing business systems rather than outside them. Payment processors test stablecoin settlement. Financial software platforms experiment with tokenized documentation. Vendors build verification layers tied to digital identity or transaction records.

Most businesses may not even notice the transition happening at first.

In Jacksonville, that gradual overlap could show up in industries already built around coordination and documentation. A port-adjacent logistics company, for instance, could eventually work with systems designed to verify delivery records between suppliers, warehouses, trucking firms, and insurers. The goal would not be speculation. It would be to reduce friction when multiple organizations need synchronized information.

A healthcare vendor could monitor digital payment adoption before testing stablecoin settlement through a third-party processor. A hotel group or tourism-facing business might explore prepaid digital credits or loyalty-linked rewards if vendors provide reliable dollar settlement and customer support.

None of those systems would matter simply because blockchain is involved. They would matter only if they improve workflows businesses already care about.

At the same time, experienced operators are not ignoring the downside.

Reuters has reported on risks associated with tokenization and blockchain infrastructure, including counterparty exposure, uncertainty over asset rights, technology vulnerabilities, and spillover risks between digital asset markets and traditional financial systems.

For local businesses, those concerns become practical very quickly.

Can a payment processor reliably convert transactions into dollars? How are refunds handled? What accounting procedures are required? Does staff understand the system well enough to explain it to customers? What happens if a vendor loses technical support or changes compliance standards?

Cybersecurity is another obvious concern. Most businesses already manage customer databases, payroll systems, payment processors, booking platforms, and vendor software. Introducing another infrastructure layer only works if the security standards are genuinely strong.

Then there is the issue of noise.

A surprising number of blockchain projects still operate with thin liquidity, weak governance, unclear disclosures, or limited real-world adoption. Some ecosystems may mature into durable infrastructure. Others may disappear before businesses ever find a practical use for them.

That uncertainty is part of why most companies are approaching blockchain-related systems with measured curiosity instead of aggressive adoption.

Jacksonville's economy is deeply tied to logistics, healthcare, tourism, transportation, and service coordination, so businesses tend to evaluate technology through a practical lens. Does it reduce friction? Does it improve coordination? Does it make payments, records, or customer interactions easier to manage?

That mindset may ultimately matter more than hype cycles or market swings. As blockchain infrastructure slowly filters into payment systems, vendor software, and operational tools, many Northeast Florida businesses are likely to judge it the same way they judge every other technology decision: by whether it solves a real-world business problem. 

Investing involves risk and your investment may lose value. Past performance gives no indication of future results. These statements do not constitute and cannot replace investment advice.

The information provided in this article is for general informational and educational purposes only. It is not intended as legal, financial, medical, or professional advice. Readers should not rely solely on the content of this article and are encouraged to seek professional advice tailored to their specific circumstances. We disclaim any liability for any loss or damage arising directly or indirectly from the use of, or reliance on, the information presented.","{'href': 'https://www.jacksonville.com', 'title': 'The Florida Times-Union'}","cryptocurrency"
"https://news.google.com/rss/search?q=blockchain","Como 1907's €20M bid for Davinson Sánchez signals Serie A club's growing ambitions under blockchain-forward ownership","https://cryptobriefing.com/como-sanchez-transfer-blockchain-ownership/","Sat, 11 Jul 2026 08:27:49 GMT","

Searching...


                The Italian club's pursuit of the Galatasaray defender reflects a broader trend of ambitious spending by crypto and tech-adjacent ownership groups reshaping European football.            

Share

Como 1907 has tabled a €20M offer for Colombian centre-back Davinson Sánchez, a move that underscores just how far the once-obscure Italian club has come since being purchased for roughly €800K in 2019. The bid, reportedly structured as €18M in base fees plus €2M in performance-related add-ons, is the latest signal that Como's billionaire owners are serious about competing at the top of Italian football.

Galatasaray, for its part, is not exactly rushing to the negotiating table with open arms. The Turkish giants are reportedly holding out for somewhere between €25M and €35M, a significant gap that suggests these talks could drag on.

Sánchez joined Galatasaray from Tottenham Hotspur in September 2023 for €9.5M, having made over 200 appearances for Tottenham prior to that move. The defender's contract runs until June 2029, which gives Galatasaray considerable leverage.

What works in Como's favor is that Sánchez himself is reportedly open to the move. The lure of playing under coach Cesc Fàbregas, the former Barcelona and Arsenal midfielder turned manager, seems to be a meaningful draw. The prospect of Champions League football adds another layer of appeal for the Colombian international.

Como is not the only club circling. Inter Milan and several Saudi Arabian clubs have also been linked with monitoring Sánchez's situation, which could trigger a bidding war and push the final price closer to Galatasaray's asking range.

The club was languishing in Serie D, Italy's fourth tier, when Indonesian billionaires Robert and Michael Hartono acquired it in 2019 for a reported €800K. From Serie D to Serie A in the span of five years, the club completed its return to Italy's top flight in 2024. The Hartono brothers' fortune stems from tobacco and tech conglomerate Djarum Group.

The gap between Como's €20M bid and Galatasaray's €25-35M valuation is meaningful. If the deal closes near the midpoint, it would represent one of Como's most significant transfer outlays since returning to Serie A. That kind of spending, by a club that cost less than a million euros to acquire just a few years ago, illustrates how quickly capital can transform a football operation when paired with strategic ambition.


                        The Italian club's pursuit of the Galatasaray defender reflects a broader trend of ambitious spending by crypto and tech-adjacent ownership groups reshaping European football.                    

Share

Como 1907 has tabled a €20M offer for Colombian centre-back Davinson Sánchez, a move that underscores just how far the once-obscure Italian club has come since being purchased for roughly €800K in 2019. The bid, reportedly structured as €18M in base fees plus €2M in performance-related add-ons, is the latest signal that Como's billionaire owners are serious about competing at the top of Italian football.

Galatasaray, for its part, is not exactly rushing to the negotiating table with open arms. The Turkish giants are reportedly holding out for somewhere between €25M and €35M, a significant gap that suggests these talks could drag on.

Sánchez joined Galatasaray from Tottenham Hotspur in September 2023 for €9.5M, having made over 200 appearances for Tottenham prior to that move. The defender's contract runs until June 2029, which gives Galatasaray considerable leverage.

What works in Como's favor is that Sánchez himself is reportedly open to the move. The lure of playing under coach Cesc Fàbregas, the former Barcelona and Arsenal midfielder turned manager, seems to be a meaningful draw. The prospect of Champions League football adds another layer of appeal for the Colombian international.

Como is not the only club circling. Inter Milan and several Saudi Arabian clubs have also been linked with monitoring Sánchez's situation, which could trigger a bidding war and push the final price closer to Galatasaray's asking range.

The club was languishing in Serie D, Italy's fourth tier, when Indonesian billionaires Robert and Michael Hartono acquired it in 2019 for a reported €800K. From Serie D to Serie A in the span of five years, the club completed its return to Italy's top flight in 2024. The Hartono brothers' fortune stems from tobacco and tech conglomerate Djarum Group.

The gap between Como's €20M bid and Galatasaray's €25-35M valuation is meaningful. If the deal closes near the midpoint, it would represent one of Como's most significant transfer outlays since returning to Serie A. That kind of spending, by a club that cost less than a million euros to acquire just a few years ago, illustrates how quickly capital can transform a football operation when paired with strategic ambition.


                    All content is for informational purposes only and does not constitute investment advice. CryptoBriefing does not provide recommendations to buy, sell, or hold any asset or contract. See our Disclaimer & Risk Disclosure.
                


                    © Decentral Media and Crypto Briefing® 2026.
                

Sign in to your account

Create your account

Already have an account? Sign In

Forgot your password?

Sign In

Daily news, analysis & market insights delivered free.","{'href': 'https://cryptobriefing.com', 'title': 'Crypto Briefing'}","cryptocurrency"
"https://news.google.com/rss/search?q=blockchain","SSS taps AI, blockchain for proposed LoanLite digital microloan program","https://politiko.com.ph/2026/07/10/sss-taps-ai-blockchain-for-proposed-loanlite-digital-microloan-program/politiko-lokal/","Sat, 11 Jul 2026 03:29:16 GMT","



By Politiko staff

The Social Security System (SSS) has signed an agreement with financial technology firm Standard Economics to develop LoanLite, a proposed digital microloan facility aimed at giving members faster, safer and more affordable access to short-term loans.

In a statement on Friday (July 10), the SSS said it signed a memorandum of understanding (MOU) and a non-disclosure agreement with Standard Economics on July 3 to formalize the partnership.

The agreement was signed by SSS President and Chief Executive Officer Robert Joseph de Claro and Standard Economics President and CEO Evan Stanley Jones.

Under the partnership, the pension fund will explore the use of Standard Economics' Economic Superintelligence platform in the development and implementation of LoanLite.

According to the SSS, the platform integrates secure financial infrastructure with artificial intelligence-driven systems for identity verification, risk assessment, loan underwriting, digital payments, fraud detection and data security.

The technology is designed to help governments and institutions manage financial transactions at scale while improving the overall user experience.

“Standard Economics is honored to support SSS in its mission to serve Filipino workers and their families,” Jones said.

“Our goal is to provide modern financial infrastructure that helps institutions deliver support faster, safer and more efficiently. We believe everyday people deserve access to financial products that are trusted, high quality and built around their needs,” he added.

De Claro said the partnership aligns with President Ferdinand Marcos Jr.'s push to position the Philippines as an attractive destination for investments through innovation and digital transformation.

“Your organization may be relatively new to the industry, but it shows great promise through its innovations that enable faster loan disbursement, lower transaction costs, greater financial inclusion, automated processes and real-time monitoring,” De Claro said.

“By leveraging blockchain technology and digital payments, you have the potential to be a true game changer,” he added.

Standard Economics, for its part, said the Philippines is a key market in its broader effort to expand access to modern financial services through digital technologies.

The proposed LoanLite program is expected to complement the SSS' existing loan offerings by providing members with quicker access to small, short-term financing while reducing transaction costs and improving service efficiency.

































































































REGIONAL NEWS

LUZON

VISAYAS

MINDANAO

INTERNATIONAL POLITICS

CAMPUS POLITICS","{'href': 'https://politiko.com.ph', 'title': 'politiko.com.ph'}","cryptocurrency"
"https://news.google.com/rss/search?q=nft","World Cup quarterfinal hype is spilling into crypto markets, from fan tokens to meme coins","https://cryptobriefing.com/world-cup-crypto-fan-tokens-meme-coins/","Sat, 11 Jul 2026 04:15:19 GMT","

Searching...


                England vs. Norway has become a catalyst for speculative trading across player-linked tokens, NFTs, and prediction markets            

Share

Harry Kane called Erling Haaland a “beast.” Crypto traders, apparently, agreed. The upcoming England-Norway quarterfinal at the 2026 FIFA World Cup has turned into more than just a football spectacle. It's become a full-blown trading catalyst across fan tokens, meme coins, and prediction markets.

The match is scheduled for July 11 at Hard Rock Stadium in Miami, and the collision of two elite strikers has sparked a wave of speculative activity in crypto-native corners of the market. For Norway, this is their first World Cup quarterfinal since 1998.

Kraken is FIFA's first-ever crypto exchange partner for the 2026 World Cup, which means the exchange gets prime brand placement during the most-watched sporting event on the planet.

Then there's Sorare, the fantasy football platform built on blockchain. Sorare has seen impressive trading activity around both Kane and Haaland. A Sorare NFT card of Haaland sold for 265.1 ETH back in 2022, roughly $684,000 at the time. That remains one of the platform's record sales. As both players prepare to carry their teams into the semifinals, trading volume on their digital cards has picked up again, riding the wave of tournament attention.

The $HAALAND token on Solana has gained traction during Norway's unexpected tournament run. The token has seen surges that correlate almost directly with Norway's match results.

The $KANE and $CHK tokens tell a very different story. These tokens have fallen by nearly 99.9% from their June 2024 peaks. In English: if you put $1,000 in at the top, you'd have about a dollar left.

Chiliz and its Socios.com platform have been the infrastructure layer for national team fan tokens for years. Norway's fan token activity has grown noticeably during this World Cup run. A quarterfinal appearance after a 28-year drought is the kind of story that drives retail interest. The token's price movements have correlated with the team's progression through the tournament.

Prediction markets have also adjusted their odds around the quarterfinal. The Kane-Haaland narrative has influenced how bettors are positioning, with fluctuating expectations on both match outcomes and individual player performances. These markets, many of which now operate on-chain, are becoming increasingly sophisticated at pricing in the kind of star-player dynamics that dominate football coverage.

Kraken's official partnership gives the industry institutional credibility. Sorare's NFT marketplace demonstrates that blockchain-based collectibles can sustain real trading volume around major events. Fan tokens prove that tokenized fan engagement is a real, if volatile, market.

The $KANE token's 99.9% decline is a textbook example of what happens when speculative assets lose their narrative momentum. For traders looking to play the World Cup crypto angle, Chiliz fan tokens at least have a product and user base behind them. Sorare cards function as part of an active fantasy sports ecosystem.


                        England vs. Norway has become a catalyst for speculative trading across player-linked tokens, NFTs, and prediction markets                    

Share

Harry Kane called Erling Haaland a “beast.” Crypto traders, apparently, agreed. The upcoming England-Norway quarterfinal at the 2026 FIFA World Cup has turned into more than just a football spectacle. It's become a full-blown trading catalyst across fan tokens, meme coins, and prediction markets.

The match is scheduled for July 11 at Hard Rock Stadium in Miami, and the collision of two elite strikers has sparked a wave of speculative activity in crypto-native corners of the market. For Norway, this is their first World Cup quarterfinal since 1998.

Kraken is FIFA's first-ever crypto exchange partner for the 2026 World Cup, which means the exchange gets prime brand placement during the most-watched sporting event on the planet.

Then there's Sorare, the fantasy football platform built on blockchain. Sorare has seen impressive trading activity around both Kane and Haaland. A Sorare NFT card of Haaland sold for 265.1 ETH back in 2022, roughly $684,000 at the time. That remains one of the platform's record sales. As both players prepare to carry their teams into the semifinals, trading volume on their digital cards has picked up again, riding the wave of tournament attention.

The $HAALAND token on Solana has gained traction during Norway's unexpected tournament run. The token has seen surges that correlate almost directly with Norway's match results.

The $KANE and $CHK tokens tell a very different story. These tokens have fallen by nearly 99.9% from their June 2024 peaks. In English: if you put $1,000 in at the top, you'd have about a dollar left.

Chiliz and its Socios.com platform have been the infrastructure layer for national team fan tokens for years. Norway's fan token activity has grown noticeably during this World Cup run. A quarterfinal appearance after a 28-year drought is the kind of story that drives retail interest. The token's price movements have correlated with the team's progression through the tournament.

Prediction markets have also adjusted their odds around the quarterfinal. The Kane-Haaland narrative has influenced how bettors are positioning, with fluctuating expectations on both match outcomes and individual player performances. These markets, many of which now operate on-chain, are becoming increasingly sophisticated at pricing in the kind of star-player dynamics that dominate football coverage.

Kraken's official partnership gives the industry institutional credibility. Sorare's NFT marketplace demonstrates that blockchain-based collectibles can sustain real trading volume around major events. Fan tokens prove that tokenized fan engagement is a real, if volatile, market.

The $KANE token's 99.9% decline is a textbook example of what happens when speculative assets lose their narrative momentum. For traders looking to play the World Cup crypto angle, Chiliz fan tokens at least have a product and user base behind them. Sorare cards function as part of an active fantasy sports ecosystem.


                    All content is for informational purposes only and does not constitute investment advice. CryptoBriefing does not provide recommendations to buy, sell, or hold any asset or contract. See our Disclaimer & Risk Disclosure.
                


                    © Decentral Media and Crypto Briefing® 2026.
                

Sign in to your account

Create your account

Already have an account? Sign In

Forgot your password?

Sign In

Daily news, analysis & market insights delivered free.","{'href': 'https://cryptobriefing.com', 'title': 'Crypto Briefing'}","cryptocurrency"
"https://news.google.com/rss/search?q=cbdc","US Housing Bill Barring Fed CBDC Becomes Law Without Trump Signature","https://en.bloomingbit.io/feed/news/116039","Sat, 11 Jul 2026 05:45:40 GMT","

Summary

Forecast Trend Report by Period

A bipartisan US housing bill, the 21st Century ROAD to Housing Act, has become law without President Donald Trump's signature. The legislation includes a provision that bars the Federal Reserve from issuing a central bank digital currency, or CBDC.

The Block reported on July 10 that the measure took effect despite Trump's refusal to sign it. Under the US Constitution, a bill sent to the president automatically becomes law without a signature if the president neither signs nor vetoes it within 10 days.

Trump wrote on Truth Social that he would not sign the housing bill even though Congress had approved it. He said the move was a protest after the Senate failed to pass the SAVE America Act, which would require proof of citizenship for voting in federal elections.

Despite Trump's opposition, the bill won overwhelming support in Congress. It passed the Senate last month by 85-5 and cleared the House by 358-32 with bipartisan backing. Its main goal is to lower housing supply costs by promoting home construction and expanding financing options.

For the digital-asset industry, the bill's significance lies in its outright ban on CBDC issuance. A CBDC is a digital form of fiat currency issued and regulated directly by a central bank. The Fed released a related report in 2022 and has since explored the possibility of introducing one. Senior officials, however, have remained skeptical and have maintained that they would not issue a CBDC without explicit congressional approval.

Blocking a CBDC has long been one of Republican lawmakers' top priorities. Last year, a stablecoin bill known as the GENIUS Act also failed after Republicans opposed it because it did not include a blanket CBDC ban.

With the housing bill now in effect, the Fed's inability to issue a CBDC has been formally written into law. The US digital-asset ecosystem is now set to develop around private-sector cryptocurrencies and stablecoins.

Doohyun Hwang

What do you think about this news?

Contact Us help@bloomingbit.io","{'href': 'https://en.bloomingbit.io', 'title': 'bloomingbit'}","cryptocurrency"
"https://news.google.com/rss/search?q=cbdc","US CBDC Ban Becomes Law Without Presidential Signature","https://bitcoinworld.co.in/us-cbdc-ban-becomes-law/","Sat, 11 Jul 2026 05:40:11 GMT","

A provision that prohibits the U.S. Federal Reserve from issuing a central bank digital currency (CBDC) has automatically become law without President Donald Trump's signature, marking a significant legislative development for the cryptocurrency industry. The ban is embedded within the broader ROAD to Housing Act, a bipartisan bill aimed at addressing housing affordability.

According to a report from The Block, the bill took effect under a U.S. constitutional rule that allows legislation passed by Congress to become law if the president neither signs nor vetoes it within 10 days. President Trump had previously stated he would not sign the housing bill unless the SAVE America Act, a separate piece of legislation restricting non-citizen voting, was passed first. By not acting on the ROAD to Housing Act, the CBDC prohibition was enacted automatically.

The key component for the cryptocurrency sector is the explicit clause that forbids the Federal Reserve from issuing a CBDC. This effectively blocks any near-term development of a U.S. digital dollar, a concept that has been debated by policymakers and financial regulators for years. While the Fed had previously explored CBDC research, this law now places a statutory barrier on any future issuance without further congressional action.

For the cryptocurrency industry, the ban removes a potential government-backed competitor to private digital assets like Bitcoin and Ethereum. Many crypto advocates have argued that a CBDC could centralize financial control and threaten privacy. The law's passage is seen as a victory for those who favor decentralized digital currencies over a state-issued alternative. However, it also means the U.S. will not have a government-backed digital currency for the foreseeable future, potentially leaving the field open for other nations, such as China, which has already launched a digital yuan pilot.

        

The ROAD to Housing Act is a bipartisan measure designed to ease housing costs by increasing supply and providing financial support. Its primary focus is on housing affordability, but the inclusion of the CBDC ban demonstrates how digital asset policy has become intertwined with broader legislative efforts. The bill's passage highlights the complex political landscape in Washington, where cryptocurrency regulations are often attached to larger, must-pass legislation.

The automatic enactment of the U.S. CBDC ban represents a clear, legislated stance against a central bank digital dollar. While the move is welcomed by many in the crypto space, it also underscores the divided views on digital currency within the U.S. government. For now, the Federal Reserve's role in digital currency is legally restricted, and the future of a U.S. digital dollar will require new legislation to reverse this ban.

Q1: What is a CBDC?A CBDC, or central bank digital currency, is a digital form of a country's fiat currency issued and regulated by its central bank. Unlike cryptocurrencies, it is centralized and backed by the government.

Q2: Why did President Trump not sign the bill?President Trump stated he would not sign the ROAD to Housing Act unless the SAVE America Act, a separate bill on non-citizen voting, was passed first. By not signing or vetoing it within 10 days, the bill became law automatically under the U.S. Constitution.

Q3: Can the Federal Reserve still research CBDCs?The law explicitly forbids the Federal Reserve from issuing a CBDC, but it does not necessarily prohibit all research. However, any practical steps toward a digital dollar are now blocked without new legislation.

Disclaimer: The information provided is not trading advice,  Bitcoinworld.co.in  holds no liability for any investments made based on the information provided on this page. We strongly recommend independent research and/or consultation with a qualified professional before making any investment decisions.

Copyright © 2026 BitcoinWorld | Powered by BitcoinWorld","{'href': 'https://bitcoinworld.co.in', 'title': 'Bitcoin World'}","cryptocurrency"
"https://news.google.com/rss/search?q=cbdc","Why the US Opposes a Central Bank Digital Currency","https://en.sedaily.com/news/2026/07/11/why-the-us-opposes-a-central-bank-digital-currency","Sat, 11 Jul 2026 02:00:05 GMT","

US Adopts Private-Led Model
Expanding Digital Dollar Influence
Non-Reserve Currency Korea Seeks Coexistence
Won Internationalization Strategy Also a Challenge

The digital currency policies of the United States and South Korea are heading in different directions. While the US is drawing a line against introducing a government-issued central bank digital currency (CBDC), Korea is maintaining a stance that it should embrace stablecoins while making a CBDC the central axis of its monetary system. This difference in policy temperature is interpreted as stemming from the two countries' monetary environments as a reserve currency nation and a non-reserve currency nation.

According to the blockchain industry on the 11th, the US government's opposition to a CBDC is firm. Mike Selig, chairman of the US Commodity Futures Trading Commission (CFTC), stressed on the 8th via X, ""President Trump's Digital Asset Markets Working Group is fully aware of the risks a CBDC could pose to Americans,"" adding that ""a US CBDC will never be introduced under our administration.""

He went on to say, ""Americans do not want the government to surveil and censor their economic decisions."" This revealed concerns that a CBDC could be misused as a means of government financial surveillance and transaction control.

In fact, the US Congress recently passed the Road to Housing Act, which contains a provision restricting the Federal Reserve (Fed) from issuing a CBDC until 2030. Even after 2030, the Fed would need separate congressional approval to introduce a CBDC. However, President Trump did not immediately sign the bill. Interpretations suggest that this was not because he opposed the bill, but because he used it as a political bargaining card to advance key legislation being pushed by the Republican Party.

Instead, the US is making private-led stablecoins the core of its digital dollar strategy. Through the GENIUS Act enacted last year, it institutionalized the regulation of stablecoin issuance and reserve assets, laying the legal foundation for private companies to issue dollar-based stablecoins.

This is interpreted as a strategy to expand the dollar's international influence through privately issued stablecoins rather than having the government directly issue a digital dollar. Tether's USDT and Circle's USDC have already established themselves as key means of trading and settlement in the global digital asset market, effectively serving as digital dollars.

Korea, by contrast, takes the position that monetary trust should be maintained with the central bank at the center. Hyun Song Shin, Governor of the Bank of Korea, said at a plenary session of the National Assembly's Finance and Economy Committee on the 9th, ""I think stablecoins and deposit tokens each have their own specialized uses."" Earlier, at a National Assembly confirmation hearing in April, he had stated that ""a CBDC and the deposit tokens issued by commercial banks based on it should be the center of the digital currency ecosystem.""

Analysts say the difference in the two countries' approaches lies in the distinction between a reserve currency nation and a non-reserve currency nation. The US can expand the dollar's international influence with privately issued dollar-based stablecoins alone, whereas Korea must also consider the impact on foreign exchange management and monetary policy if won-based stablecoins spread abroad. For this reason, the Bank of Korea is interpreted as seeking to maintain a CBDC as a safety valve for its monetary system.

Within the industry, opinions are being raised that Korea should devise a digital currency strategy suited to its own monetary environment rather than simply following US policy.

Kim Jong-seung, CEO of Xcrypton, said, ""The stablecoin ecosystem, deposit tokens, and CBDC models are highly likely to coexist,"" adding that ""Korea's core issue is not the replacement of won settlement by dollar stablecoins, but how to secure the won's role in the digital currency order."" He continued, ""A won stablecoin should not be a channel for circumventing foreign exchange regulations, but rather infrastructure for experimenting with the internationalization of the won in a controlled manner.""

Original reporting by Do Ye-ri for Seoul Economic Daily.

AI-translated from Korean. Quotes from foreign sources are based on Korean-language reports and may not reflect exact original wording.

Watch · Seoul Economic Daily

◆ SIGNAL English Edition

SIGNAL English Edition — Korean capital markets coverage, translated. Subscribers see M&A, IPOs, and fund flows often before global wires.

50% intro rate at launch

◆ SIGNAL English Edition

Korean capital markets, translated. Subscribers see deals before the wires.

50% intro rate at launch

Seogyeong IN (Commentary)

SedaeilyIN (Commentary)

Seoul Economic Daily

Seoul Economic Daily (Commentary)

the Editorial Board (Opinion)

An independent data project

Your chart, luck cycles, today's flow, wealth, career, and ideal match — from one date of birth.

Saju · sedaily.ai

A live, cap-weighted view of every KOSPI and KOSDAQ sector, with same-day Korean reporting distilled by company — built for foreign investors, correspondents and analysts who need to scan Korea before the next session.

An English-first interactive map of Samsung, SK, Hyundai, LG and Lotte — built for foreign investors, correspondents and analysts. Korea translates companies into English. We translate the families behind them.

Pre-register for SIGNAL English Edition — a premium subscription bringing Korean capital markets coverage (M&A, IPOs, private equity, fund flows) to global institutional investors. First access to the 50% introductory rate.

Copyright ⓒ Sedaily, All right reserved","{'href': 'https://en.sedaily.com', 'title': 'Seoul Economic Daily'}","cryptocurrency"
"https://news.google.com/rss/search?q=digital+currency","Hawaii green card holder accused of using cryptocurrency to skirt Iran sanctions","https://www.hawaiinewsnow.com/2026/07/11/hawaii-green-card-holder-accused-using-cryptocurrency-skirt-iran-sanctions/","Sat, 11 Jul 2026 04:19:00 GMT","

HONOLULU (HawaiiNewsNow) - A green card resident in Hawaii is accused of sending money to Iran through non-traditional banking channels over several years, according to federal court documents.

Federal prosecutors say Arash Einolghozati, 37, had been working to send money to Iran since March 2020. 

Court filings include conversations between Einolghozati and others. “Participant #1″ asked whether it is illegal to send cryptocurrency. 

Another person described as “participant #2″ replied that cryptocurrency is not traceable. Then Einolghozati joined the conversation, suggesting Coinbase, a U.S.-based digital currency exchange app.

Einolghozati is then accused of using a Coinbase account to send 72 transactions totaling approximately $109,000. Court records show he also used other electronic money companies, including PayPal, to send more money, bringing the total sent to about $150,000.

  Criminal complaint on Arash Einolghozati  by  HNN  

Einolghozati is charged for violating sanctions rules that have been in place since 1995.

Retired federal public defender Alexander Silvert said the case centers on how the money was moved.

“The allegation is that the person evaded the sanctions by going through non-traditional banking methods which are required under the sanctions,” Silvert said.

Defense attorney Victor Bakke, a former deputy city prosecutor, said the government takes such cases seriously.

“We're at war with Iran,” Bakke said.

Einolghozati was arrested in Waialua in 2024. The 37-year-old is out on a $50,000 unsecured bond.

Court records show he claimed the money was going to family members in Iran, but no recipient was named specifically.

Silvert noted that sending money to family abroad is common, but carries different legal weight depending on the destination country.

“If you're able to send that kind of money back home and to support your extended family, that's great. It helps the family back in their home country. But most people, they're sending money back to countries that aren't sanctioned,” Silvert said.

Einolghozati was initially charged via complaint in 2024. New documents filed this month show he is now charged by information, which indicates he is working with federal prosecutors. He faces up to 20 years in prison and deportation.

Bakke said the cooperation could significantly affect his sentence.

“That will make a huge difference in his ultimate sentence, if he is able to give the government good information about how these currency markets work and how other people may be abusing the system,” Bakke said.

His next court date is set for Monday.

Copyright 2026 Hawaii News Now. All rights reserved.","{'href': 'https://www.hawaiinewsnow.com', 'title': 'Hawaii News Now'}","cryptocurrency"
"https://news.google.com/rss/search?q=digital+currency","Circle Wins Final OCC Approval to Open a National Trust Bank","https://startupfortune.com/circle-wins-final-occ-approval-to-open-a-national-trust-bank/","Sat, 11 Jul 2026 07:55:35 GMT","

AI Briefing

5 most important AI updates after 8pm every day, curated for you.

Circle Internet Group has won final OCC approval to open First National Digital Currency Bank, N.A., operating as Circle National Trust, making it the first stablecoin issuer to convert a conditional national trust charter into final approval. The move gives Circle federally regulated custody of USDC's reserves and put its shares up as much as 14%.

Circle's new OCC charter moves USDC closer to the banking system. That's the story, not the stock pop.

The Office of the Comptroller of the Currency gave Circle Internet Group final approval on July 10, 2026 to establish Circle National Trust, N.A., a national trust bank built around digital asset custody. Circle shares jumped roughly 13% after the news, according to The Wall Street Journal. Markets like a regulatory win. This one is bigger than a one-day trade.

Circle applied to the OCC on June 30, 2025 and received conditional approval on December 12, 2025. Final approval means the company has cleared the last federal hurdle to open the trust bank. That matters because USDC is no side project. The Financial Times reported that the dollar-pegged stablecoin has about $73 billion in circulation, making it one of the main pieces of plumbing in crypto payments and settlement.

You should read this as a custody story first. Circle National Trust won't open branches, take consumer deposits or make loans. It isn't that kind of bank. The approved business plan initially lets it provide fiduciary custody for Circle and its affiliates, with room later to serve a limited group of institutional customers such as banks and regulated derivatives organizations.

Jeremy Allaire put the company's preferred framing on it in Circle's announcement, saying OCC approval brings blockchain technology and digital assets into the core of the US financial system. That's a big claim, but the useful part is narrower and more concrete: Circle now has a path to hold more of USDC's backing infrastructure under direct federal supervision instead of leaning only on outside banking partners.

Circle wasn't alone in the OCC's December batch of conditional approvals. Ripple National Trust Bank was also cleared conditionally as a new charter, while BitGo Bank and Trust, Fidelity Digital Assets and Paxos Trust Company sought to convert existing state trust companies into national ones. Circle got there first. That isn't a small thing.

The company now has a federal trust charter before its closest stablecoin peers have final OCC approval. In a market where USDC still trails Tether's USDT by supply but is trying to win banks, payment firms and regulated trading desks, that first-mover status gives Circle a cleaner answer to the question institutions always ask: who supervises the money?

Here's the thing: crypto companies have spent years asking Wall Street to treat stablecoins as serious payment infrastructure while also arguing that old bank rules don't quite fit them. Circle is choosing the harder route. It's putting a central piece of USDC's operating model under the same federal banking regulator that supervises national banks. You can call that institutionalization, but plain English is better. Circle wants banks to trust the wrapper around USDC as much as the token itself.

The timing helps. The GENIUS Act, signed in July 2025, created the federal stablecoin framework and gave regulators including the OCC, Federal Reserve and FDIC a July 18, 2026 deadline to finish implementing rules. Circle's final approval arrived one week before that date. As Forbes has noted, the law keeps a dual banking system for smaller issuers, but larger payment stablecoin companies face a more direct federal path. Circle is already walking it.

Circle doesn't need a history lesson on reserve risk. In March 2023, after Silicon Valley Bank failed, USDC briefly lost its dollar peg because part of Circle's reserves were tied up at the bank. Regulators stepped in, the peg recovered, and the market moved on. Circle didn't. Since then, the company has spent a lot of effort making the reserve story less fragile.

A national trust bank helps with that. It gives Circle a way to bring custody of reserve assets closer to home, under one federal supervisor, rather than depending on a patchwork of banking relationships it doesn't fully control. That's control. For a stablecoin issuer, control over custody is not cosmetic. It's the difference between telling customers the money is safe and being able to show exactly which regulated entity is responsible for holding it.

None of this removes the hard parts. A trust charter doesn't make USDC risk-free, and it doesn't turn Circle into JPMorgan. It also doesn't settle the competitive fight with Tether, Ripple, Paxos, BitGo or Fidelity Digital Assets. What it does is give Circle a stronger regulatory credential at the exact moment stablecoins are being pulled from crypto trading desks into bank settlement, card networks and corporate payment systems.

If you're watching this market, don't get distracted by the premarket move. The share price will move again tomorrow. The charter is the durable fact. Circle now has final OCC approval for a national trust bank, its rivals are still waiting, and USDC's reserve infrastructure has moved one step closer to the center of the US financial system.

Also read: Circle Wins Final OCC Approval to Become a National Trust Bank • Mike Novogratz Turned a Distressed Bitcoin Mine Into an AI Power Giant • What Is a Fair Launch in Crypto and Why Almost Nothing Qualifies","{'href': 'https://startupfortune.com', 'title': 'Startup Fortune'}","cryptocurrency"
"https://news.google.com/rss/search?q=digital+currency","X-Agent Taps UstarPay to Broaden Crypto Payment Use Cases","https://cryptonews.net/news/market/33133406/","Sat, 11 Jul 2026 04:26:39 GMT","

X-Agent, a notable Web3 AI agent platform, has partnered with UstarPay, a prominent crypto payment infrastructure platform. The partnership is set to fortify the link between daily financial operations and cryptocurrency. As X-Agent mentioned in its official social media announcement, the development focuses on enhancing the accessibility and practicality of digital asset utilities. Hence, the move merges conventional financial and crypto services under an inclusive payment model.

We're excited to announce our partnership with @UstarPay🤝UstarPay is the global payment platform for digital assets. It bridges digital currency with real-world spending through seamless virtual/physical cards, global transfers, and unified crypto-fiat management.Excited for… pic.twitter.com/nB8oc68qLj

The partnership between X-Agent and UstarPay endeavors to explore exclusive opportunities and expand digital asset use cases. In this respect, UstarPay delivers both physical and virtual payment cards, permitting consumers to enable seamless digital asset spending in a relatively convenient manner. Along with card-based payments, the platform also supports worldwide money transactions, assisting clients in making cross-border capital transfers with more flexibility. The crypto-fiat management mechanism integration of the platform seamlessly tackles traditional currencies alongside digital assets within a unified network.

Apart from that, the development underscores the rising demand for resilient payment solutions to minimize the gap between daily commerce and blockchain technology. Amid the continuous expansion of crypto adoption around the world, businesses and consumers are increasingly moving toward convenient digital use cases for routine payments. Companies that merge crypto wallets, fiat conversion, and payment cards are gaining wider traction within the digital finance sector.

Thus, the joint effort underscores the intention to contribute to the respective evolving network with cutting-edge solutions that stress usability and convenience. Additionally, the partnership highlights that future endeavors could deal with the enhancement of digital asset payment experiences. Such strategic partnerships often allow technology providers to incorporate necessary services, establishing a relatively comprehensive financial system for consumers.

According to X-Agent, the collaboration brings together the established payment model with the next-gen blockchain capabilities to support broader adoption. As a result, the move expresses the commitment to broadening the practical applications of digital assets. As the crypto-based payments landscape keeps advancing, collaborations between payment providers and blockchain platforms are anticipated to be significant in accelerating growth in the mainstream. Overall, the market members will potentially monitor the impact of this development and the exclusive products, network enhancements, or payment services that it adds.","{'href': 'https://cryptonews.net', 'title': 'Cryptonews.net'}","cryptocurrency"
"https://news.google.com/rss/search?q=digital+currency","Why the US Opposes a Central Bank Digital Currency","https://en.sedaily.com/news/2026/07/11/why-the-us-opposes-a-central-bank-digital-currency","Sat, 11 Jul 2026 02:00:05 GMT","

US Adopts Private-Led Model
Expanding Digital Dollar Influence
Non-Reserve Currency Korea Seeks Coexistence
Won Internationalization Strategy Also a Challenge

The digital currency policies of the United States and South Korea are heading in different directions. While the US is drawing a line against introducing a government-issued central bank digital currency (CBDC), Korea is maintaining a stance that it should embrace stablecoins while making a CBDC the central axis of its monetary system. This difference in policy temperature is interpreted as stemming from the two countries' monetary environments as a reserve currency nation and a non-reserve currency nation.

According to the blockchain industry on the 11th, the US government's opposition to a CBDC is firm. Mike Selig, chairman of the US Commodity Futures Trading Commission (CFTC), stressed on the 8th via X, ""President Trump's Digital Asset Markets Working Group is fully aware of the risks a CBDC could pose to Americans,"" adding that ""a US CBDC will never be introduced under our administration.""

He went on to say, ""Americans do not want the government to surveil and censor their economic decisions."" This revealed concerns that a CBDC could be misused as a means of government financial surveillance and transaction control.

In fact, the US Congress recently passed the Road to Housing Act, which contains a provision restricting the Federal Reserve (Fed) from issuing a CBDC until 2030. Even after 2030, the Fed would need separate congressional approval to introduce a CBDC. However, President Trump did not immediately sign the bill. Interpretations suggest that this was not because he opposed the bill, but because he used it as a political bargaining card to advance key legislation being pushed by the Republican Party.

Instead, the US is making private-led stablecoins the core of its digital dollar strategy. Through the GENIUS Act enacted last year, it institutionalized the regulation of stablecoin issuance and reserve assets, laying the legal foundation for private companies to issue dollar-based stablecoins.

This is interpreted as a strategy to expand the dollar's international influence through privately issued stablecoins rather than having the government directly issue a digital dollar. Tether's USDT and Circle's USDC have already established themselves as key means of trading and settlement in the global digital asset market, effectively serving as digital dollars.

Korea, by contrast, takes the position that monetary trust should be maintained with the central bank at the center. Hyun Song Shin, Governor of the Bank of Korea, said at a plenary session of the National Assembly's Finance and Economy Committee on the 9th, ""I think stablecoins and deposit tokens each have their own specialized uses."" Earlier, at a National Assembly confirmation hearing in April, he had stated that ""a CBDC and the deposit tokens issued by commercial banks based on it should be the center of the digital currency ecosystem.""

Analysts say the difference in the two countries' approaches lies in the distinction between a reserve currency nation and a non-reserve currency nation. The US can expand the dollar's international influence with privately issued dollar-based stablecoins alone, whereas Korea must also consider the impact on foreign exchange management and monetary policy if won-based stablecoins spread abroad. For this reason, the Bank of Korea is interpreted as seeking to maintain a CBDC as a safety valve for its monetary system.

Within the industry, opinions are being raised that Korea should devise a digital currency strategy suited to its own monetary environment rather than simply following US policy.

Kim Jong-seung, CEO of Xcrypton, said, ""The stablecoin ecosystem, deposit tokens, and CBDC models are highly likely to coexist,"" adding that ""Korea's core issue is not the replacement of won settlement by dollar stablecoins, but how to secure the won's role in the digital currency order."" He continued, ""A won stablecoin should not be a channel for circumventing foreign exchange regulations, but rather infrastructure for experimenting with the internationalization of the won in a controlled manner.""

Original reporting by Do Ye-ri for Seoul Economic Daily.

AI-translated from Korean. Quotes from foreign sources are based on Korean-language reports and may not reflect exact original wording.

Watch · Seoul Economic Daily

◆ SIGNAL English Edition

SIGNAL English Edition — Korean capital markets coverage, translated. Subscribers see M&A, IPOs, and fund flows often before global wires.

50% intro rate at launch

◆ SIGNAL English Edition

Korean capital markets, translated. Subscribers see deals before the wires.

50% intro rate at launch

Seogyeong IN (Commentary)

SedaeilyIN (Commentary)

Seoul Economic Daily

Seoul Economic Daily (Commentary)

the Editorial Board (Opinion)

An independent data project

Your chart, luck cycles, today's flow, wealth, career, and ideal match — from one date of birth.

Saju · sedaily.ai

A live, cap-weighted view of every KOSPI and KOSDAQ sector, with same-day Korean reporting distilled by company — built for foreign investors, correspondents and analysts who need to scan Korea before the next session.

An English-first interactive map of Samsung, SK, Hyundai, LG and Lotte — built for foreign investors, correspondents and analysts. Korea translates companies into English. We translate the families behind them.

Pre-register for SIGNAL English Edition — a premium subscription bringing Korean capital markets coverage (M&A, IPOs, private equity, fund flows) to global institutional investors. First access to the 50% introductory rate.

Copyright ⓒ Sedaily, All right reserved","{'href': 'https://en.sedaily.com', 'title': 'Seoul Economic Daily'}","cryptocurrency"
"https://news.google.com/rss/search?q=crypto+technology","EX DeFi Introduces AI-Powered Trading Technology Amid Growing Adoption of Artificial Intelligence in Financial Markets","https://finance.yahoo.com/technology/ai/articles/ex-defi-introduces-ai-powered-014000467.html","Sat, 11 Jul 2026 01:40:00 GMT","

Oops, something went wrong

New York City, NY, July 10, 2026 (GLOBE NEWSWIRE) -- Global financial markets continued to experience heightened attention from investors as market participants monitored economic data, corporate earnings, and developments in artificial intelligence (AI) technologies across industries. 

Major stock markets showed mixed but stable performance, with investors continuing to assess economic conditions, monetary policy expectations, and corporate performance. At the same time, artificial intelligence has become an increasingly discussed area within financial technology, with applications ranging from market data analysis and risk management to automated decision-support systems. 

Against this backdrop, EX DeFi announced the launch of its AI-powered automated trading technology, designed to combine artificial intelligence, data analysis, and automated execution tools within a digital trading platform. 

According to EX DeFi, the technology uses AI-based systems to analyze market-related information, including price movements, trading data, and technical indicators. The company stated that the system is designed to support automated trading processes based on predefined strategies selected by users. 

""Artificial intelligence continues to transform the financial technology sector by enabling faster data processing and new approaches to market analysis,"" said EX DeFi. ""Our focus is on continuing to develop technology solutions that support automation, data analysis, and platform functionality."" 

Expanding Applications of AI in Financial Technology 

Artificial intelligence has become an important area of development across the financial services industry. Financial institutions and technology companies are increasingly exploring AI applications for analyzing large datasets, identifying market patterns, improving operational processes, and supporting risk management activities. 

EX DeFi stated that its AI technology development focuses on areas including: 

- AI-based market data analysis 

- Automated trading technology 

- System monitoring and performance optimization 

- Risk management tools 

- Platform infrastructure development 

The company noted that ongoing research and development efforts are focused on improving system capabilities and enhancing the overall functionality of its technology platform. 

Focus on Technology Development and Security Measures 

EX DeFi stated that it has implemented multiple technical measures as part of its platform infrastructure, including encryption technology, multi-factor authentication systems, monitoring processes, and automated risk detection mechanisms. 

The company added that it continues to review and improve its technology systems as part of its ongoing efforts to support platform reliability and security. 

Future Development 

As artificial intelligence adoption continues to expand across the fintech sector, EX DeFi stated that it plans to continue investing in AI research and technology development. 

The company said future priorities include further improvements to AI analytics capabilities, platform performance, infrastructure development, and technology innovation. 

About EX DeFi 

EX DeFi is a fintech platform focused on artificial intelligence applications, automated trading technology, market data analysis, and digital financial technology solutions. 

The company develops technology solutions that combine AI, data analytics, and automation tools to support innovation within the evolving fintech ecosystem. 

For more information, visit: 

https://exdefi.com/ 

Media Contact: 

info@exdefi.com 

 ","{'href': 'https://finance.yahoo.com', 'title': 'Yahoo Finance'}","cryptocurrency"
"https://news.google.com/rss/search?q=site:coindesk.com","Bitcoin halving cycle history challenges $300,000–$500,000 moonshot forecasts","https://www.coindesk.com/markets/2026/07/10/bitcoin-analysts-predict-usd300-000-usd500-000-price-in-2029-the-math-says-no","Sat, 11 Jul 2026 02:31:05 GMT","

Crypto analysts are already looking at how high bitcoin BTC$64,209.91 could rally in the next cycle, expected to begin later this year, with ambitious targets ranging from $300,000 to $500,000.

But one important data point runs counter to those forecasts, suggesting that gains may be more measured than ever.

Unlike gold or stocks, bitcoin tends to move in clear four-year cycles centered on the mining reward halving, an event that halves the amount of new bitcoin produced per block every 4 years. Think of it as a programmed 50% reduction in the growth rate of the money supply.

The first halving happened in 2012, and the fifth one is scheduled for April 2028. In the past, prices have tended to bottom out and begin a new bull run roughly 18 months before the halving. That same bull run then peaks about 16-18 months after the halving, paving the way for a year-long bear market. That's the four-year cycle, and the peak of the next one is expected in 2029.

On the back of this, analysts and market experts have been calling for a massive bull run in the next few years. 

Veteran trader Peter Brandt anticipates a peak between $300,000 and $500,000. Bernstein analysts Gautam Chhugani and Mahika Sapra expect prices to hit $500,000 by 2029, citing booming demand for spot exchange-traded funds (ETFs).

However, while the four-year cycles have consistently produced new all-time highs, each successive one has seen markedly lower multiples, compressed gains, and slower overall expansion.

As bitcoin grows, matures, and becomes more valuable, it takes significantly more capital to push it meaningfully higher. The track record of cycle highs proves it:

What this means is that bull runs are getting steadier, with more measured gains rather than moonshots. If this trend continues, the next peak may fall well short of the anticipated $300,000 to $500,000 levels. (A rally to $300,000 or more requires over 2 times the jump from the 2025 high)

This is not necessarily bad news, however. 

As noted earlier, the bigger the asset becomes, the more capital is required to move it higher. And with the institutionalization of the market and an ever-increasing array of advanced risk management products, such as bitcoin ETFs, futures, options, volatility products, arbitrage funds, and structured products with embedded options, BTC is naturally becoming less volatile and more Wall Street-like. 

Bulls might argue that a potential full-blown Fed stimulus and outright purchases of BTC as a reserve asset by the U.S. Treasury may do the trick.

However, even massive fiscal and monetary stimulus after the 2020 COVID crash – not just in the U.S. but worldwide – could only lift BTC to nearly $70,000 in that cycle, 3.5x from 2017, marking a slowdown from the previous cycle. The 2025 high, which came with ETF flows and the most institutionalization ever, could only muster 1.8 times the level.

All this suggests that bitcoin is maturing and growing, not breaking. The days of peak-to-peak moonshots may be gone for good. The asset is now large, liquid, and institutionalized, and investors chasing the next parabolic supercycle might want to recalibrate.

Digital assets posted a third consecutive quarter of losses in Q2 2026, the longest losing streak since the 2022 bear market, as institutional capital rotated into AI equities and Bitcoin ETFs recorded their largest quarterly outflow since launch. Our report examines what drove the divergence, where structural adoption continued regardless, and what Q3 signals to watch.

Digital assets posted a third consecutive quarter of losses in Q2 2026, the longest losing streak since the 2022 bear market, as institutional capital rotated into AI equities and Bitcoin ETFs recorded their largest quarterly outflow since launch. Our report examines what drove the divergence, where structural adoption continued regardless, and what Q3 signals to watch.

Why it matters:

Digital assets posted a third consecutive quarter of losses in Q2 2026, the longest losing streak since the 2022 bear market, as institutional capital rotated into AI equities and Bitcoin ETFs recorded their largest quarterly outflow since launch. Our report examines what drove the divergence, where structural adoption continued regardless, and what Q3 signals to watch.

Disclosure & Polices: CoinDesk is an award-winning media outlet that covers the cryptocurrency industry. Its journalists abide by a strict set of editorial policies. CoinDesk has adopted a set of principles aimed at ensuring the integrity, editorial independence and freedom from bias of its publications. CoinDesk is part of Bullish (NYSE:BLSH), an institutionally focused global digital asset platform that provides market infrastructure and information services. Bullish owns and invests in digital asset businesses and digital assets and CoinDesk employees, including journalists, may receive Bullish equity-based compensation.","{'href': 'https://www.coindesk.com', 'title': 'CoinDesk'}","cryptocurrency"
"https://news.google.com/rss/search?q=site:cointelegraph.com","Robinhood to Launch AI Agent Feature For Crypto Trading","https://cointelegraph.com/news/robinhood-says-ai-agents-will-be-trading-for-crypto-users-soon?utm_source=rss_feed&utm_medium=rss&utm_campaign=rss_partner_inbound","Sat, 11 Jul 2026 04:43:04 GMT","

More than 70,000 agentic accounts have already been created by Robinhood equities and options traders since late May, when Robinhood launched a beta version of the product.


Robinhood said eligible US-based customers will soon be able to connect third-party AI agents to make crypto trades on their behalf, marking the latest expansion in autonomous trading after the company rolled out a similar product to equities and options traders in May.

“You can work with an agent to create a strategy with specific guardrails and not need to be constantly monitoring your account,” a Robinhood executive said during a presentation on Friday.

Robinhood didn't set a date for when it would roll out the product to eligible US crypto traders but noted that its UK customers would be next in line to access the offering.

Equities traders can already ask AI agents to invest in crypto mining stocks on their behalf. Source: Robinhood

The push for autonomous crypto trading adds to Robinhood's broader crypto strategy, which has primarily focused on real-world asset tokenization and the company's Ethereum layer 2 Robinhood Chain, which launched earlier this month.

Robinhood's senior vice president and general manager of crypto, Johann Kerbrat, said the new blockchain processed 17 million transactions from nearly 350,000 wallet addresses in its first week.

Meanwhile, over 70,000 agentic accounts have already been created by Robinhood equities and options traders since late May, when the platform launched a beta version of the product.

During the presentation, the Robinhood executive said the AI agents would enable retail users to base trades on data that they would have otherwise missed, putting them on a more equal playing field with institutions:

“This is another big step towards giving retail investors every advantage that institutions have enjoyed for decades.”

Robinhood offers the agentic accounts through several third-party AI companies, including Anthropic, OpenAI and SpaceX's Grok.

Robinhood is also enabling eligible users to have credit card purchases made on their behalf by AI agents.

It comes as crypto industry executives like Coinbase CEO Brian Armstrong and Circle CEO Jeremy Allaire have tipped that AI agents will become the dominant users of blockchain payments in the next few years. 

Several notable integrations advancing AI agent-driven stablecoin spending have emerged in recent months, including one by Amazon Web Services in May when it integrated Coinbase's x402 payments protocol into Amazon Bedrock AgentCore, allowing agents to transact in the USDC (USDC) stablecoin. 

Related: Robinhood Venture Fund invests $75M in OpenAI 

In April, crypto wallet startup Oobit launched a Visa-supported virtual card for AI agents to make online purchases in USDt (USDT) on behalf of businesses. 

Despite the integrations, data shows that AI-agent transaction activity on the blockchain remains relatively small, with Artemis data showing that only $2 million in transaction volume was facilitated through the AI agent-supported x402 protocol in June.

Features: The 5 types of real world assets being tokenized fastest onchain 

More on the subject

Cointelegraph is committed to providing independent, high-quality journalism across the crypto, blockchain, AI, and fintech industries.

All news, reviews, and analyses are produced with full journalistic independence and integrity. For more details on our standards and processes, please read our Editorial Policy.","{'href': 'https://cointelegraph.com', 'title': 'cointelegraph.com'}","cryptocurrency"
"https://news.google.com/rss/search?q=site:sciencedaily.com","Europe just unveiled a new rival to SpaceX's Starship","https://www.sciencedaily.com/releases/2026/07/260710003526.htm","Sat, 11 Jul 2026 01:16:28 GMT","

When SpaceX's Starship lifted off from the Texas coast in the summer of 2023, it marked a milestone that aerospace engineers had discussed for decades but few expected to witness so soon. The towering stainless steel rocket, standing taller than a 30 story building, ignited all 33 of its engines and climbed into the sky. The mission did not unfold perfectly, but it proved the concept could fly.

The significance became even clearer during Starship's fifth integrated flight test, when the returning Super Heavy booster was successfully caught in mid air by the giant mechanical arms of the launch tower. That demonstration suggested a new era of reusable spaceflight had begun.

Starship is ultimately intended to carry more than 100 tonnes into low Earth orbit while remaining fully reusable. If SpaceX achieves that goal, it could become the most powerful and cost effective launch vehicle ever built. As a result, space agencies and aerospace companies are now focused less on whether Starship will reshape the industry and more on how they should respond.

Independent Analysis Confirms Starship's Capabilities

Researchers at the German Aerospace Center (DLR) recently completed one of the most comprehensive independent evaluations of Starship to date. Rather than relying on SpaceX's published specifications, the team reconstructed the rocket's performance by extracting telemetry from publicly available video of its first four integrated flight tests. They analyzed the data second by second to build and validate their own performance models.

Their findings suggest Starship's capabilities are both realistic and impressive.

According to the analysis, the current fully reusable version of Starship could deliver about 59 tonnes to low Earth orbit. That is roughly comparable to what Falcon Heavy can launch when none of its boosters are recovered.

The researchers also evaluated SpaceX's planned next generation Starship, which is expected to feature larger propellant tanks and more powerful Raptor 3 engines. Their models project a reusable payload of about 115 tonnes to low Earth orbit, with as much as 188 tonnes possible in an expendable configuration. That would exceed the lift capability of NASA's legendary Saturn V rocket.

Europe's RLV C5 Takes a Different Approach

The study also introduces a European concept for a super heavy launch vehicle called the RLV C5. Instead of attempting full reusability from the beginning, the design focuses on partial reuse while maximizing efficiency.

The concept combines the reusable winged booster from DLR's long running SpaceLiner program with an expendable upper stage. It uses liquid hydrogen and liquid oxygen, a more efficient propellant combination than the methane and oxygen used by Starship's Raptor engines.

Unlike Starship, the RLV C5 booster would not perform a powered vertical landing. After reentering the atmosphere, it would glide on wings before being captured in mid air by a large subsonic aircraft. Although the recovery method sounds futuristic, the researchers argue it offers important advantages. Because the booster does not need to reserve propellant for landing, more of its fuel can be devoted to reaching orbit.

Efficiency Versus Maximum Payload

The study highlights the different engineering priorities behind the two vehicles.

Starship weighs more than three times as much as the proposed RLV C5 at liftoff. Much of that additional mass comes from the hardware required for complete reusability, including heat shield tiles, landing propellant, structural reinforcements, and other recovery systems.

As a result, only about 40% of the mass Starship places into orbit is useful payload. By comparison, the partially reusable RLV C5 would dedicate about 74% of its mass to payload. Although it cannot match Starship's enormous lifting capacity, it achieves much greater efficiency.

Different Missions, Different Solutions

The DLR researchers stress that the two rockets are not direct competitors so much as different solutions to different problems.

Starship's enormous payload capacity and planned rapid reuse make it well suited for ambitious projects such as lunar bases, Mars missions, and massive satellite constellations.

The RLV C5, on the other hand, is intended to provide Europe with an independent super heavy launch capability without the enormous cost of developing a fully reusable system immediately. Because it builds on technologies already being studied through the SpaceLiner program, the researchers believe it could serve as an intermediate step before Europe eventually develops a fully reusable launcher.

A Concept Versus a Flying Rocket

The study also acknowledges an important reality.

Starship is already conducting flight tests, despite continuing technical challenges. The RLV C5 remains a paper concept, and transforming it into an operational launch vehicle would require years of additional development.

Starship itself still faces major engineering hurdles. During its fourth integrated flight test, damage to its thermal protection system was severe enough that the design had to be substantially revised. Achieving rapid, reliable, and fully reusable operations remains one of the biggest unsolved challenges behind the rocket's long term economic model.

Even so, lead author Moritz Herberhold and his colleagues conclude that the ""RLV C5 offers an effective path for Europe to independently develop partially reusable super-heavy launch capabilities.""

Whether the future belongs to fully reusable giants like Starship or more efficient partially reusable systems, the study suggests there may be more than one successful path to the next generation of spaceflight.

Story Source:

Materials provided by Universe Today. Original written by Mark Thompson. Note: Content may be edited for style and length.

Journal Reference:

Cite This Page:

Endless Supply of Cancer-Fighting Immune Cells Unlocked by USC Scientists

Building the Brain Requires Millions of Dangerous DNA Breaks

A Tiny Chemical Trick Could Lead to Much More Powerful Computer Chips

The Future of Obesity Care Goes Far Beyond Ozempic, Wegovy, and Zepbound

Stay informed with ScienceDaily's free email newsletter, updated daily and weekly. Or view our many newsfeeds in your RSS reader:

Keep up to date with the latest news from ScienceDaily via social networks:

Tell us what you think of ScienceDaily -- we welcome both positive and negative comments. Have any problems using the site? Questions?","{'href': 'https://www.sciencedaily.com', 'title': 'ScienceDaily'}","science"
"https://news.google.com/rss/search?q=site:sciencedaily.com","Scientists discover the one nutrient beneficial parasites can't live without","https://www.sciencedaily.com/releases/2026/07/260707054114.htm","Sat, 11 Jul 2026 00:00:58 GMT","

Intestinal worms may help reduce inflammation, but new research suggests they can only do so when they have enough dietary fiber to thrive. Without sufficient fiber, these worms enter a hibernation-like state and lose their ability to provide anti-inflammatory benefits.

The findings, published in Nature Communications, come from parasitologists at the Biology Centre of the Czech Academy of Sciences.

Why Scientists Are Studying Intestinal Worms

For most of human history, intestinal parasites were a normal part of the digestive system. In industrialized countries, however, they have become far less common because of improved hygiene and modern medicine. During that same period, autoimmune disorders and inflammatory bowel diseases have become increasingly common.

This trend prompted researchers about two decades ago to investigate whether certain intestinal worms could be used to treat inflammatory conditions. The approach, known as helminth therapy, has shown promise, but its results have been inconsistent.

""However, the results of helminth therapy have been inconsistent -- sometimes the worms suppress inflammation, sometimes they do not. That's why we focused on factors that may influence their effects in the gut,"" says Kateřina Jirků from the Institute of Parasitology, Biology Centre CAS.

The team's research pointed to one major factor: the amount of dietary fiber in the host's diet.

How Fiber Changes Worm Behavior

To better understand the connection, the researchers examined how an intestinal parasite responds to different levels of dietary fiber. They used the rat tapeworm Hymenolepis diminuta, a non-pathogenic species commonly used to study interactions among parasites, gut microorganisms, and the immune system because of its known anti-inflammatory properties.

Their experiments revealed a striking difference between fiber-rich and fiber-poor diets.

""We found that when the diet contains a high proportion of structural fiber, the tapeworm is not only in excellent condition but is also able to induce an anti-inflammatory response in the host. When fiber is lacking, the worm enters an energy-saving state resembling hibernation in mammals, and its anti-inflammatory effect disappears,"" explains Jirků.

When the animals consumed a low-fiber diet, the tapeworms were several times smaller, never reached sexual maturity, and failed to produce eggs. Genetic testing also showed widespread shifts in gene expression affecting the worms' development, metabolism, and reproduction.

Fiber Reshapes the Gut Microbiome

The researchers also found that dietary fiber transformed the host's gut microbiome.

A fiber-rich diet encouraged the growth of bacteria associated with a healthy intestinal environment. In contrast, a Western-style diet reduced microbial diversity and allowed bacteria linked to dysbiosis to become more abundant. These microbial changes were mirrored by differences in the host's immune response.

According to the researchers, the study highlights how strongly diet influences the entire gut ecosystem, from parasites and microbes to the immune system itself.

Health organizations generally recommend that adults consume about 25 to 30 grams of fiber each day, yet average intake across many Western countries falls below that level. Traditional populations, by comparison, are estimated to consume between 80 and 120 grams of fiber daily.

Previous research has shown that too little dietary fiber can weaken the gut microbiome, which plays an important role not only in digestive health but also in immune function, brain health, and mental well-being. An unhealthy microbial balance has been associated with a higher risk of allergies, depression, anxiety, and neurodegenerative diseases, including Alzheimer's disease.

Story Source:

Materials provided by Biology Centre of the Czech Academy of Sciences. Note: Content may be edited for style and length.

Journal Reference:

Cite This Page:

Endless Supply of Cancer-Fighting Immune Cells Unlocked by USC Scientists

Building the Brain Requires Millions of Dangerous DNA Breaks

A Tiny Chemical Trick Could Lead to Much More Powerful Computer Chips

The Future of Obesity Care Goes Far Beyond Ozempic, Wegovy, and Zepbound

Stay informed with ScienceDaily's free email newsletter, updated daily and weekly. Or view our many newsfeeds in your RSS reader:

Keep up to date with the latest news from ScienceDaily via social networks:

Tell us what you think of ScienceDaily -- we welcome both positive and negative comments. Have any problems using the site? Questions?","{'href': 'https://www.sciencedaily.com', 'title': 'ScienceDaily'}","science"
"https://news.google.com/rss/search?q=site:sciencedaily.com","Rare fossil goose rewrites the story of New Zealand's giant birds","https://www.sciencedaily.com/releases/2026/07/260709160637.htm","Sat, 11 Jul 2026 01:58:58 GMT","

A rare fossil goose discovered in the remains of an ancient lake in Central Otago is changing scientists' understanding of how New Zealand's unique bird life evolved. According to researchers from the University of Otago -- Ōtākou Whakaihu Waka, the find adds to growing evidence that the origins of Aotearoa's birds were far more dynamic than previously believed.

Associate Professor Nic Rawlence, Director of the Otago Palaeogenetics Laboratory, is a co author of the new study, which investigates the fossil and its evolutionary relationships.

The research, published in Historical Biology, was carried out by an international team from the University of Otago, the Museum of New Zealand Te Papa Tongarewa, and the University of Cambridge (UK). The scientists examined fossil material recovered from the well known St Bathans fossil deposits.

A New Species Hidden Among Fossils

Rawlence explained that although waterfowl fossils are abundant at St Bathans, goose remains are much less common.

To investigate further, the team re examined every fossil bone previously identified as belonging to geese. They compared those remains with other fossil waterfowl from the site as well as an extensive collection of modern and extinct bird skeletons.

""We determined that the bones included an undescribed species, the size of a small goose,"" he says.

The newly identified bird has been named Meterchen luti. Its name is inspired by the nursery rhyme Old Mother Goose, reflecting the idea of an ancient goose emerging from the mud of a fossil deposit. Meterchen means ""mother goose"" in ancient Greek, while luti is Latin for ""of the mud.""

Rawlence noted that ""The St Bathans goose is not closely related to the recently-extinct giant flightless New Zealand geese (Cnemiornis species) or their Australian cousin, the Cape Barren goose.""

Rethinking New Zealand Bird Evolution

Combined with recent genetic evidence, the discovery suggests New Zealand's bird history is much more complex than scientists once assumed.

Lead author Alan Tennyson of Te Papa said many bird species have reached New Zealand over millions of years, but the ancestors of some of the country's best known large birds arrived surprisingly recently. Those more recent arrivals, dating back only four to five million years, include takahē, Forbes' harrier, and the giant Haast's eagle.

""An earlier theory argued that the St Bathans goose represented the direct ancestors of giant flightless Cnemiornis geese, implying this lineage had a very long history (of at least 14 million years) in Zealandia,"" he says.

""However, this conflicts with genetic evidence suggesting the ancestors of Cnemiornis arrived from Australia only about seven million years ago, which proponents of the earlier theory discarded.

""Our rigorous reassessment supports the later arrival theory.""

DNA and Fossils Reveal a More Dynamic Past

According to Rawlence, the ancestors of the St Bathans goose reached Zealandia more than 14 million years ago, but their lineage eventually disappeared without leaving surviving descendants.

""Using all the tools in the toolbox, including DNA and fossils, we can reconstruct how the dynamic geological, climatic and human history of Zealandia has shaped the evolution of Aotearoa fauna in ever more detail,"" he says.

He added that the giant flightless Cnemiornis geese provide another remarkable example of how quickly island species can change.

""The relatively recent evolution of the giant flightless Cnemiornis geese offers another striking example of rapid morphological change that can occur within a short timeframe on islands. At one metre tall and weighing up to 18kg, these were the largest geese in the world.""

Story Source:

Materials provided by University of Otago. Note: Content may be edited for style and length.

Journal Reference:

Cite This Page:

Endless Supply of Cancer-Fighting Immune Cells Unlocked by USC Scientists

Building the Brain Requires Millions of Dangerous DNA Breaks

A Tiny Chemical Trick Could Lead to Much More Powerful Computer Chips

The Future of Obesity Care Goes Far Beyond Ozempic, Wegovy, and Zepbound

Stay informed with ScienceDaily's free email newsletter, updated daily and weekly. Or view our many newsfeeds in your RSS reader:

Keep up to date with the latest news from ScienceDaily via social networks:

Tell us what you think of ScienceDaily -- we welcome both positive and negative comments. Have any problems using the site? Questions?","{'href': 'https://www.sciencedaily.com', 'title': 'ScienceDaily'}","science"
"https://news.google.com/rss/search?q=site:sciencedaily.com","Why the human body has so many design flaws","http://www.sciencedaily.com/releases/2026/07/260709160641.htm","Sat, 11 Jul 2026 02:36:59 GMT","

The human body is often described as a marvel of “perfect design”:  elegant, efficient and finely tuned for its purpose. Yet, when we look  closer, a rather different picture emerges.

Far from being a flawless machine, the body reads more like a  patchwork of compromises shaped by millions of years of evolutionary  tinkering. Evolution does not design structures from scratch. Rather, it  modifies what already exists.

As a result, many aspects of human anatomy are just “good enough”  solutions – functional, but far from perfect. Some of the most familiar  medical problems and ailments arise directly from these inherited  constraints.

The human spine tells this story best.

Our vertebral column has evolved little  from our four-legged, quadrupedal tree-dwelling ancestors, where it  functioned primarily as a flexible beam for smooth movement from branch  to branch, while also protecting the spinal cord.

When humans adopted an upright bipedal gait, the spine retained these  functions. But it was also repurposed for the additional need of  supporting our body weight vertically and maintaining our center of  gravity, while still allowing the flexibility for us to move. These  opposing demands creates strain.

The characteristic curves of the human spine helps distribute weight,  but it also predisposes us to lower back pain, herniated discs and  degenerative changes affecting its most important function – protection  the spinal cord and surrounding nerves. These conditions are extraordinarily common, not because the spine is inherently poorly made, but because it's doing a job it was never originally designed to do.

Another clear argument against divine design is the recurrent laryngeal nerve, which takes a course that simply makes no sense to invent.

This nerve, which is a branch of the vagus nerve, predominantly  controls our organs' “rest and digest” functions (such as slowing heart  rate and breath). The laryngeal nerve also connects the brain and  larynx, helping control speech and swallowing.

Logically, one might expect it to use the most direct route to  connect brain and larynx. Instead, it descends from the brain into the  chest, loops around a major artery, then travels back up to the voice  box.

This detour is not a clever design, but a historical leftover  from our fish-like ancestors when the nerve took a straightforward path  around the gill arches. As necks lengthened over evolutionary time, the  nerve was stretched rather than rerouted.

This inefficiency can increase our vulnerability to injury during surgery.

Even the eyes reflect evolutionary compromise.

In humans and other vertebrates, the retina (the light-sensitive  layer at the back of the eyeball) is wired “backwards.” This means light  must pass through layers of nerve fibres before reaching the  photoreceptors – specialised cells responsible for detecting light and  converting that into a nerve impulse to send to the brain.

The optic nerve then exits through the back of the retina, creating a blind spot  just below the horizontal level of the eye where no vision is possible.  The brain fills in this gap seamlessly, so we rarely notice it.

So while we've developed incredible vision and light receptor cells,  this has happened at the expense of having a gap in our visual field.

Our teeth offer another reminder that evolution prioritises adequacy over durability.

Humans develop two sets of teeth: baby teeth and adult teeth – and  that's all. Once adult teeth are lost, they're not replaced – unlike  sharks, which continually regenerate teeth throughout life.

In mammals, tooth development  is tightly regulated and linked to complex jaw growth and feeding  strategies. This system worked well for our ancestors, but for modern  humans it leaves us vulnerable to decay and tooth loss.

Wisdom teeth provide another example of evolutionary lag. Our  ancestors had larger jaws, suited to tougher diets that required heavy  chewing. Over time,  human diets softened and jaw size decreased. However, the number of  teeth did not change as quickly. Many people no longer have space for  their third molars – leading to impaction, crowding and often requiring  surgical removal.

Wisdom teeth aren't useless in principle, but they no longer fit comfortably within modern skulls.

Childbirth presents one of the most profound evolutionary compromises. Like the spine, the human pelvis must balance two competing demands: efficient bipedal walking and birthing large-brained infants.

A narrow pelvis improves locomotion, but restricts the birth canal's size. Meanwhile, human babies have unusually large heads relative to body size, resulting in a difficult and sometimes dangerous birth process – often requiring outside assistance.

This tension between mobility and brain size has shaped not only anatomy but also social behaviour, encouraging cooperative care and cultural adaptations around childbirth.

Evolution doesn't necessarily eliminate structures unless they impose  a strong disadvantage. So some anatomical features persist despite  offering limited benefit.

The appendix, once considered a completely useless evolutionary left-over, is now thought to have minor immune functions. Yet it can become inflamed, causing appendicitis – a potentially life-threatening condition.

Similarly, the sinuses, have unclear functions. They may lighten the  skull or influence voice resonance, and we can even use their size and  variability for forensic identification. But the sinus's drainage pathways  go direct into the nose, making it prone to regular blockage and  infection, a developmental byproduct rather than a purposeful  adaptation.

Even tiny muscles around the ears hint at our evolutionary past. In  many mammals, tiny ear muscles allow the outer ear (pinna) to swivel,  improving directional hearing. Humans have these muscles, but most people cannot use them effectively.

Our bodies are not perfectly designed, but are a living archive of  evolution. Anatomy reveals a historical record of adaptation, compromise  and contingency. Evolution does not aim for perfection; it works with  what is available, modifying structures step by step.

Understanding anatomy through this evolutionary lens can also help us  reframe how we see common medical problems. Back pain, difficult  childbirth, dental crowding and sinus infections are not random  misfortunes. They are, in part, the consequences of our evolutionary  history.

Story Source:

Materials provided by The Conversation. Original written by Lucy E. Hyde, Lecturer, Anatomy, University of Bristol. Note: Content may be edited for style and length.

Cite This Page:

Endless Supply of Cancer-Fighting Immune Cells Unlocked by USC Scientists

Building the Brain Requires Millions of Dangerous DNA Breaks

A Tiny Chemical Trick Could Lead to Much More Powerful Computer Chips

The Future of Obesity Care Goes Far Beyond Ozempic, Wegovy, and Zepbound

Stay informed with ScienceDaily's free email newsletter, updated daily and weekly. Or view our many newsfeeds in your RSS reader:

Keep up to date with the latest news from ScienceDaily via social networks:

Tell us what you think of ScienceDaily -- we welcome both positive and negative comments. Have any problems using the site? Questions?","{'href': 'http://www.sciencedaily.com', 'title': 'ScienceDaily'}","science"
"https://news.google.com/rss/search?q=site:wired.com","OpenAI's Head of Safety Is Leaving the Company","https://www.wired.com/story/openai-head-of-safety-leaving/","Sat, 11 Jul 2026 01:07:00 GMT","

OpenAI's head of safety systems, Johannes Heidecke, told staff this week that he's leaving the company, WIRED has learned. Heidecke's departure follows a reorganization that sought to integrate OpenAI's safety and research teams.

In a memo to staff seen by WIRED, chief research officer Mark Chen said OpenAI's safety teams will now report to the company's VP of research and head of alignment Mia Glaese, who will take on an expanded role as VP of research and safety. Saachi Jain, who previously led safety teams at OpenAI, will become the company's interim head of safety systems, reporting to Glaese.

“The demands on safety continue to increase—we are training models at a much faster cadence, and release cycles have come down greatly in turn,” said Chen in the memo. “As a result, we have bigger coordination challenges around safety today than ever before.”

Heidecke joined OpenAI in 2021 as an AI safety analyst. He took over as the company's head of safety systems in 2024, after the previous head, Lilian Weng, left to cofound Thinking Machines Lab with other OpenAI researchers.

“We're grateful for Johannes' contributions to OpenAI,” said Chen in a statement to WIRED. “It's important that our safety work is integrated with frontier-model development, with an earlier and more direct role in shaping key model, product, and launch decisions. We're excited for this next chapter under Mia Glaese's leadership across research and safety.”

Heidecke's departure comes as OpenAI tries to launch increasingly capable AI models. Earlier this week, the company launched GPT-5.6, its most capable model to date on agentic coding tasks. However, compared to previous models, OpenAI says GPT-5.6 showed concerning forms of misaligned behavior.

Heidecke is the latest safety-focused leader to depart from OpenAI in recent days. Earlier this week, OpenAI's chief futurist, Joshua Achiam, also told colleagues he would leave the company after nine years researching safety.

It's also not just OpenAI's safety teams that are changing. Earlier this week, OpenAI's CEO of AGI deployment Fidji Simo told staff she would step down from her role after an extended medical leave. The company said that Greg Brockman would continue leading OpenAI's product teams, which he had been assigned to do in her absence, but would also take on go-to-market strategy as well.

In your inbox: Brian Kahn's guide to how the universe works

Leak exposes members of Peter Thiel's secretive ‘Dialog' society

Big Story: How Hunter Biden won the internet

Tesla batteries keep getting stolen before they even leave the factory

Special edition: The future of home

More From WIRED

Reviews and Guides

© 2026 Condé Nast. All rights reserved. WIRED may earn a portion of sales from products that are purchased through our site as part of our Affiliate Partnerships with retailers. The material on this site may not be reproduced, distributed, transmitted, cached or otherwise used, except with the prior written permission of Condé Nast. Ad Choices","{'href': 'https://www.wired.com', 'title': 'WIRED'}","technology"
"https://news.google.com/rss/search?q=site:techcrunch.com","US cybersecurity agency CISA had to build its incident playbook during the incident, agency reveals","https://techcrunch.com/2026/07/10/us-cyber-agency-cisa-had-to-build-its-incident-playbook-during-the-incident-agency-reveals/","Sat, 11 Jul 2026 01:01:28 GMT","



		Latest	




		AI	




		Amazon	




		Apps	




		Biotech & Health	




		Climate	




		Cloud Computing	




		Commerce	




		Crypto	




		Enterprise	




		EVs	




		Fintech	




		Fundraising	




		Gadgets	




		Gaming	




		Google	




		Government & Policy	




		Hardware	




		Instagram	




		Layoffs	




		Media & Entertainment	




		Meta	




		Microsoft	




		Privacy	




		Robotics	




		Security	




		Social	




		Space	




		Startups	




		TikTok	




		Transportation	




		Venture	




		Staff	




		Events	




		Startup Battlefield	




		StrictlyVC	




		Newsletters	




		Podcasts	




		Videos	




		Partner Content	




		TechCrunch Brand Studio	




		Crunchboard	




		Contact Us	


U.S. federal cybersecurity agency CISA said it did not have a prepared response plan for how it should handle a cybersecurity incident in May, after an investigative reporter notified the agency that a contractor had publicly exposed sensitive keys and credentials for accessing U.S. government systems.

CISA, the Homeland Security unit tasked with defending federal networks and helping to safeguard critical infrastructure, revealed Friday in a postmortem report that its staff “had to spend time building [a playbook] during the early stages of the incident.” The agency said it is important to prepare playbooks for “all anticipated needs” to ensure that organizations are ready to respond in the event of a security incident rather than scrambling to improvise one in real time.

The agency did not say how long the missing playbook delayed CISA's response, and a spokesperson did not immediately respond to TechCrunch's request for comment. 

Independent cybersecurity journalist Brian Krebs reported in May that a security researcher with cyber firm GitGuardian alerted him to reams of exposed passwords stored in a publicly accessible GitHub repository, which an employee of a CISA contractor had uploaded.

According to Krebs, the researcher tried to alert the contractor but didn't hear back. Only after Krebs contacted CISA did the agency take the repository offline and revoke and replace all of the exposed credentials to prevent any potential future abuse.

CISA said that no customer or mission data was exposed in the incident and thanked the researcher and reporter for their help. The agency said that its channels for allowing security researchers to notify CISA of potential incidents “were not well defined,” and that it has made changes to make it easier and faster for researchers to contact the agency.

CISA has been without a permanent director since the start of President Donald Trump's second term in January 2025. The agency has also been affected by cuts, furloughs, and layoffs affecting about a third of its workforce since Trump took office. 

Topics

When you purchase through links in our articles, we may earn a small commission. This doesn't affect our editorial independence.


Security Editor


Zack Whittaker is the security editor at TechCrunch. He also authors the weekly cybersecurity newsletter, this week in security. 

He can be reached via encrypted message at zackwhittaker.1337 on Signal. You can also contact him by email, or to verify outreach, at zack.whittaker@techcrunch.com. 

Last chance to save up to $190 on TechCrunch Founder Summit. Join 1,000+ founders and VCs at all stages for real-world scaling insights and connections that move the needle.Savings end June 26, 11:59 p.m. PT.

 Elon Musk praises Mythos/Fable, promises not to ‘cut off' Anthropic


 Instagram users: Here's how to stop Meta's AI from using your photos


 Figma acquires team behind a vibe-coding app


 If you use Google, you're training its AI. Here's how to opt out.


 Reddit is using LLMs to solve a problem LLMs largely created


 Amazon will stop accepting new customers for Mechanical Turk


 5 desk gadgets that can make your workday better


© 2026 TechCrunch Media LLC.","{'href': 'https://techcrunch.com', 'title': 'TechCrunch'}","technology"
"https://news.google.com/rss/search?q=site:techcrunch.com","Phia accused of ‘cookie stuffing,' taking affiliate credit on purchases it didn't earn","https://techcrunch.com/2026/07/10/phia-accused-of-cookie-stuffing-taking-affiliate-credit-on-purchases-it-didnt-earn/","Sat, 11 Jul 2026 00:29:25 GMT","



		Latest	




		AI	




		Amazon	




		Apps	




		Biotech & Health	




		Climate	




		Cloud Computing	




		Commerce	




		Crypto	




		Enterprise	




		EVs	




		Fintech	




		Fundraising	




		Gadgets	




		Gaming	




		Google	




		Government & Policy	




		Hardware	




		Instagram	




		Layoffs	




		Media & Entertainment	




		Meta	




		Microsoft	




		Privacy	




		Robotics	




		Security	




		Social	




		Space	




		Startups	




		TikTok	




		Transportation	




		Venture	




		Staff	




		Events	




		Startup Battlefield	




		StrictlyVC	




		Newsletters	




		Podcasts	




		Videos	




		Partner Content	




		TechCrunch Brand Studio	




		Crunchboard	




		Contact Us	


Posted:

Phia, the shopping startup co-founded by Bill Gates' daughter, Phoebe Gates, and Sophia Kianni, has been accused of a practice known as “cookie stuffing,” which may have helped the product receive commissions and credit for sales it did not actually generate, according to a Bloomberg investigation. 

The report has sparked controversy and led to Phia's suspension from Impact.com, a leading affiliate and influencer platform. Other startups have been sued over “cookie stuffing,” notably Honey, which is owned by PayPal and remains the subject of an ongoing class action lawsuit. 

Founded in 2025, Phia has raised more than $40 million in funding and has a star-studded list of investors, including Khloé Kardashian and Hailey Bieber. The startup developed an app as a browser extension that works somewhat like Google Flights, but for shopping. Phia helps customers find the lowest-priced items across various retailers as well as discount codes to use when shopping. The company takes a commission on purchases made through the platform, an industry practice known as affiliate marketing. 

The Bloomberg investigation, as well as findings from an independent consultant and a competitor, found that if a user shopped at an online retailer — even if they arrived at the site on their own or through another affiliate program like Wirecutter — Phia would open a new tab in the background. During the checkout process, Phia would override the referral codes from other affiliates and instead inject its own, allowing it to take credit for and potentially receive a commission on a purchase it didn't earn. 

Once the issue was flagged to Phia, a spokesperson told Bloomberg that all necessary changes had been made to fix the issue. A check by Bloomberg found the issue had been resolved. It's unclear if the fix is enough to satisfy the retailers and affiliate partners that work with Phia.

TechCrunch reached out to Phia for comment and has not received a response. 

This article was updated to clarify the celeb investors in the company. 

Topics

Last chance to save up to $190 on TechCrunch Founder Summit. Join 1,000+ founders and VCs at all stages for real-world scaling insights and connections that move the needle.Savings end June 26, 11:59 p.m. PT.

Subscribe for the industry's biggest tech news

Every weekday and Sunday, you can get the best of TechCrunch's coverage.

TechCrunch Mobility is your destination for transportation news and insight.

Startups are the core of TechCrunch, so get our best coverage delivered weekly.

Provides movers and shakers with the info they need to start their day.

By submitting your email, you agree to our Terms and Privacy Notice.

© 2026 TechCrunch Media LLC.","{'href': 'https://techcrunch.com', 'title': 'TechCrunch'}","technology"
"https://news.google.com/rss/search?q=site:ycombinator.com","The Vintage Beauty of Soviet Control Rooms","https://news.ycombinator.com/item?id=48868996","Sat, 11 Jul 2026 06:01:10 GMT","

- here's Bugey, the oldest active nuclear plant in France: 
https://cdn-s-www.leprogres.fr/images/5A6732BE-29F9-43FA-806...- And here's Dampierre, the second oldest, which I was lucky enough to visit: https://www.larep.fr/photoSRC/Gw--/centrale-nucleaire-indust...I'm sure their's plenty of other control rooms in the same style, for subways, water networks, electricity grid, train networks, scattered around the western world.

- And here's Dampierre, the second oldest, which I was lucky enough to visit: https://www.larep.fr/photoSRC/Gw--/centrale-nucleaire-indust...I'm sure their's plenty of other control rooms in the same style, for subways, water networks, electricity grid, train networks, scattered around the western world.

I'm sure their's plenty of other control rooms in the same style, for subways, water networks, electricity grid, train networks, scattered around the western world.

reply

He makes use of a lot of early test equipment. The look is very functional but not ugly.  It's not colourful but everything is well made because it's made for professionals.I see the same thing in mid-century BBC studios.--1.  Which I love.2.  https://www.hainbachmusik.com/

I see the same thing in mid-century BBC studios.--1.  Which I love.2.  https://www.hainbachmusik.com/

--1.  Which I love.2.  https://www.hainbachmusik.com/

1.  Which I love.2.  https://www.hainbachmusik.com/

2.  https://www.hainbachmusik.com/

reply

Nuclear plants, planes, etc use colour so you can differentiate very quickly under pressure. Much easier to shout ""THE RED BUTTON!!!"" than ""The second button five down from the left!""

reply

Nuclear operators are highly trained professionals (two years of training in France, for instance) who know their machine by heart, so what you'll hear will be much more specific like “isolate vapor generator number 3”. Also, the way it's organized it will very rarely be orders, but instead description if what each of them are doing while following the safety procedure, to keep other crew members aware of what they're doing.So no “Press that god damn red button!” but instead “I'm bypassing turbine through GCTA and moving to step 342.B.3”.

So no “Press that god damn red button!” but instead “I'm bypassing turbine through GCTA and moving to step 342.B.3”.

reply

reply

To paraphrase, the Three Mile Island Disaster happened because the operators couldn't discern the right red light in a sea of other lights and noise.https://uxdesign.cc/three-mile-island-how-bad-ux-led-to-a-nu...

https://uxdesign.cc/three-mile-island-how-bad-ux-led-to-a-nu...

reply

reply

reply

reply

This is from Swedens Ågesta Nuclear Plant, the first in the country.I don't really get why you'd need all the used floor space. That seems to really be the key difference from those early control rooms and more modern ones. The old ones had you walking around and the new ones are designed to keep you seated. Still, it seems like the old ones had an excessive amount of floor space.

I don't really get why you'd need all the used floor space. That seems to really be the key difference from those early control rooms and more modern ones. The old ones had you walking around and the new ones are designed to keep you seated. Still, it seems like the old ones had an excessive amount of floor space.

reply

reply

Highly relevant: ""Why So Many Control Rooms Were Seafoam Green""Link: https://bethmathews.substack.com/p/why-so-many-control-rooms...Discussion: https://news.ycombinator.com/item?id=47518960 (3 months ago)

Link: https://bethmathews.substack.com/p/why-so-many-control-rooms...Discussion: https://news.ycombinator.com/item?id=47518960 (3 months ago)

Discussion: https://news.ycombinator.com/item?id=47518960 (3 months ago)

reply

reply

reply

Previously,eg:2022, 139 points, 99 commentshttps://news.ycombinator.com/item?id=305818672020, 677 points, 268 commentshttps://news.ycombinator.com/item?id=23334339Etc

2022, 139 points, 99 commentshttps://news.ycombinator.com/item?id=305818672020, 677 points, 268 commentshttps://news.ycombinator.com/item?id=23334339Etc

https://news.ycombinator.com/item?id=305818672020, 677 points, 268 commentshttps://news.ycombinator.com/item?id=23334339Etc

2020, 677 points, 268 commentshttps://news.ycombinator.com/item?id=23334339Etc

https://news.ycombinator.com/item?id=23334339Etc

Etc

reply

[0] https://bethmathews.substack.com/p/why-so-many-control-rooms...[1] https://news.ycombinator.com/item?id=47518960

[1] https://news.ycombinator.com/item?id=47518960

reply

You can see in these pictures, where every input and output is a real physical thing, just how much density of information was required for Operators to process. As we moved to computer screens representing the same, those original screens would represent these control room layouts faithfully (and you can understand why, training an operator must have taken ages; retraining is not palatable).Over time, multiple “control rooms” coalesced into one room of computer screens with fewer operators and yet an exponential increase in information to process. So how on earth can a person keep track of it all? Intervene promptly when things go wrong? Determine what needs attention right now vs something that can wait? As a problem space, the seemingly simply world of designing SCADA UI is quite fascinating.

Over time, multiple “control rooms” coalesced into one room of computer screens with fewer operators and yet an exponential increase in information to process. So how on earth can a person keep track of it all? Intervene promptly when things go wrong? Determine what needs attention right now vs something that can wait? As a problem space, the seemingly simply world of designing SCADA UI is quite fascinating.

reply

reply

reply

reply

reply

reply

reply","{'href': 'https://news.ycombinator.com', 'title': 'Hacker News'}","technology"
"https://news.google.com/rss/search?q=site:ycombinator.com","An iroh powered smart fan","https://news.ycombinator.com/item?id=48817539","Sat, 11 Jul 2026 00:37:06 GMT","

https://docs.iroh.computer/languages/javascriptEdit: actually, that's a Node.js-specific API. For browsers, it seems like they should have a platform-independent JavaScript/TypeScript API that includes a WebAssembly file (if needed) instead of expecting you to compile WebAssembly yourself.

Edit: actually, that's a Node.js-specific API. For browsers, it seems like they should have a platform-independent JavaScript/TypeScript API that includes a WebAssembly file (if needed) instead of expecting you to compile WebAssembly yourself.

reply

reply

reply

reply

reply

What do you think ahead of time compilation is?





It links to my Google Home installation and responds to voice commands.https://us.store.tapo.com/products/tapo-h110-smart-ir-iot-hu...Someone with too much time on their hands might benefit from the iroh solution....

https://us.store.tapo.com/products/tapo-h110-smart-ir-iot-hu...Someone with too much time on their hands might benefit from the iroh solution....

Someone with too much time on their hands might benefit from the iroh solution....

reply

There's a lot that comes for free by adding all these libraries and crates and steps.  But from what I can tell it comes down to:let _ = if fan_on { fan.set_high() } else { fan.set_low() };

let _ = if fan_on { fan.set_high() } else { fan.set_low() };

reply

reply

reply

reply

reply

reply

But that 10% is magic. A fan that switches on when air quality falls below a threshold? Not that useful in a living room, but in a workshop setting - especially a shared workshop setting? Awesome. Just awesome.A well defined use case, in the right setting, and smart stuff can be genuinely very useful. Usually that's not how they're used - i know, because of the 15-20 smart things i have only one or two are genuinely useful.

A well defined use case, in the right setting, and smart stuff can be genuinely very useful. Usually that's not how they're used - i know, because of the 15-20 smart things i have only one or two are genuinely useful.

reply

Why wouldn't that be useful? People be surprised how poor their air quality generally are inside, unless they already measure it, making it better sounds useful in oh so many ways.> i know, because of the 15-20 smart things i have only one or two are genuinely useful.What are those things? I have about 70-80 ""smart things"" by now, but every single one is genuinely useful, otherwise I wouldn't install them in the first place. Lots of open/closed sensors, soil moisture, temperature+pm2.5 sensors, water taps and so on.

> i know, because of the 15-20 smart things i have only one or two are genuinely useful.What are those things? I have about 70-80 ""smart things"" by now, but every single one is genuinely useful, otherwise I wouldn't install them in the first place. Lots of open/closed sensors, soil moisture, temperature+pm2.5 sensors, water taps and so on.

What are those things? I have about 70-80 ""smart things"" by now, but every single one is genuinely useful, otherwise I wouldn't install them in the first place. Lots of open/closed sensors, soil moisture, temperature+pm2.5 sensors, water taps and so on.



Anyway, why are you commenting here if you're not into this sort of thing?  Feels like you're just trying to stir up an argument.

reply

reply

reply

Pff, assuming that everyone have arms and hands much?Also I don't see the point of a fan, I live right next to the ocean, if you want moving air, why don't you just open a window?! Talk about useless invention

Also I don't see the point of a fan, I live right next to the ocean, if you want moving air, why don't you just open a window?! Talk about useless invention

reply

reply

Now I am not sure it is feasible but it would be interesting to have it available in esphome. I feel this is really where real adoption happens.

reply

reply

Somebody wanted to do something, and they did it; it doesn't have to be any more complicated than that :-)> Don't be curmudgeonly. Thoughtful criticism is fine, but please don't be rigidly or generically negative.Sincerely, HN Guidelines Police :-)https://news.ycombinator.com/newsguidelines.html

> Don't be curmudgeonly. Thoughtful criticism is fine, but please don't be rigidly or generically negative.Sincerely, HN Guidelines Police :-)https://news.ycombinator.com/newsguidelines.html

Sincerely, HN Guidelines Police :-)https://news.ycombinator.com/newsguidelines.html

https://news.ycombinator.com/newsguidelines.html

reply

reply

reply","{'href': 'https://news.ycombinator.com', 'title': 'Hacker News'}","technology"
"https://news.google.com/rss/search?q=site:medscape.com","Buprenorphine XR Injections Cut 'Need-Based' Opioid Craving","https://www.medscape.com/viewarticle/buprenorphine-xr-injections-cut-need-based-opioid-craving-2026a1000n2m","Sat, 11 Jul 2026 06:19:58 GMT","

Edited by Mamta Pawara

Extended-release buprenorphine (BUP-XR) increased the number of opioid-free days compared with methadone or sublingual buprenorphine (MET/BUP-SL) in adults with moderate-to-severe opioid use disorder (OUD) primarily through direct treatment pathways and targeted suppression of need-related craving rather than improved personal functioning, a causal mediation analysis found.

""Our findings suggest that the therapeutic benefit of BUP-XR arises primarily through direct pathways, with additional benefit associated with suppression of need-based craving,"" the authors wrote.

The study was led by John Marsden, King's College London, London, England. It was published online on July 01, 2026, in Addiction.

The study was limited by the evaluation of a selected subgroup of methadone-enrolled participants rather than the full population, a high treatment discontinuation rate as approximately one third of participants missed complete follow-up data, and differential treatment retention between groups. It was further limited by variations in complete case samples across models, the non-equivalent construction of mediators, the reliance on self-reported mediator measures subject to recall and response bias, and an inability to model the dynamic and potentially reciprocal longitudinal relationships between craving and opioid use over time.

The study was funded by Indivior UK Limited. Many authors disclosed receiving collaborative research grants, institutional funding, consultancy fees, traveling support, or presentation honoraria from Indivior, Beckley Psytech, PCM Scientific, OPEN Health, the National Institute for Health and Care Research, and other national research or health institutes.

This article was created using several editorial tools, including AI, as part of the process. Human editors reviewed this content before publication.

Marsden J, Kelleher M, Cowden F, et al. Craving and personal functioning as mediators of extended-release buprenorphine efficacy: A four-way decomposition analysis from a randomised trial. Addiction. Published online July 01, 2026. doi:10.1111/add.70521

Send comments and news tips to uknewsdesk@medscape.co.uk.

All material on this website is protected by copyright, Copyright © 1994-2026 by WebMD LLC. This website also contains material copyrighted by 3rd parties.","{'href': 'https://www.medscape.com', 'title': 'Medscape'}","health"
"https://news.google.com/rss/search?q=women's+us+soccer","USWNT to benefit from men's success after conversations familiar to Scotland","https://uk.sports.yahoo.com/news/uswnt-benefit-mens-success-conversations-060000387.html","Sat, 11 Jul 2026 06:00:00 GMT","

...

It is one of life's great ironies that the US sports system is one of the stellar examples of a socialist structure doing its best work.

The 4th of July, Thanksgiving and Superbowl Sunday are as American as apple pie and home-baked cookies but there is always some surprise that the capitalist utopia actually has the most efficient left-leaning policy underpinning its sporting success.

The NFL and NBA operate salary caps and luxury taxes, punish teams who over spend and strive to diminish the gap between rich and poor. Top draft picks – in baseball, basketball and ice hockey – go to the worst performing squads from the previous season, with the onus constantly on sustaining competitive parity with wealth recycled. 

It should be no surprise, then, that the US Women's National Team (USWNT) should stand to gain significantly from the success the men's squad have enjoyed at this summer's World Cup.

In 2022, the USWNT signed a landmark equal pay agreement that evenly splits all prize money across both their female and male squads. What that means now is that the US Soccer Federation will take 20 per cent from this summer's World Cup participation, with an even split then going to both national team squads.

Those players involved in this summer's tournament, and those who qualify for the FIFA Women's World Cup in Brazil next year, will receive the rest of the pot divided equally. As it stands, that equates to $246,000 per player.

Having banked around $15million from FIFA for reaching the last 16 of this summer's competition, the federation will now retain about $3m. With $12m to be shared between the men's and women's player pools, it will mean approximately $6m for each team. However, that money goes into an account until the end of the 2027 Women's World Cup cycle. Should the women's team have a successful tournament then the pot will increase.

That agreement came on the back of years of legal action by the USWNT, whose achievements on the pitch have long eclipsed their male counterparts. Between 1991 and 2019, the women's US team claimed four FIFA World Cups and four Olympic gold medals. The men's best modern World Cup finish is a quarter-final appearance in 2002.

The landmark ruling came after years of legal discourse and challenges but ultimately the biggest catalyst for change was public pressure and key sponsors leaning in favour of the women's team.

When the USWNT first raised the gender discrimination lawsuit under the Equal Pay Act and Title VII of the Civil Rights Act, their argument was that they were performing equal work while receiving inferior pay and working conditions. Their case was dismissed by a deferral judge a year later. But with sponsors and public opinion heavily weighted in favour of the players, the pressure was on the federation.

Such conversations aren't new to these shores. In December 2022, the Scotland women's team launched legal action over the SFA before the case was resolved without going to tribunal in September 2023.

The biggest issue at the time was that it was unclear just exactly what the wishes of the players were.

The SFA stated at the time that neither male nor female players were paid for playing for the national team but instead received a per diem rate for their time with the fee equal since 2017.

Players are incentivised to qualify for major tournaments with a percentage of the prize money going to the players, the same percentage for both squads.

The big issue here is that the financial rewards on offer in the women's competitions are still light years away from what is on offer in the men's sphere.

Read more

MacIntyre enjoys the ride as home hero stays in hunt at Genesis Scottish Open Novak Djokovic planning Wimbledon return despite semi-final defeat

AND ANOTHER THING

Melissa Andreatta's Scotland side will play the second leg of their FIFA World Cup qualifier against Czechia at the SMiSA in Paisley in October as they bid to reach the World Cup for the first time since 2019.

Having topped their qualification group after going unbeaten against Belgium, Israel and Luxembourg –securing promotion back to

League A2 for the UEFA Nations League campaign – there is a feeling that this is where the hard work truly kicks in.

The first leg of the tie is away before the return leg four days later. If successful, they will then face the winners of Lithuania or Sweden. The expectation is that it will be Sweden – and Scotland would have to produce arguably their best result to beat the Scandinavians.

But playing the first play-off tie in Paisley makes sense. With attendances at Hampden poor, the atmosphere is better served at a venue where the genuine expectation is that it could be a sell-out – or thereabouts.

For both the optics of the game and the energy for the players, it is an ideal venue to maximise the vibe around what will be a huge encounter.

AND ANOTHER THING

The transfer carousel is underway in the SWPL with plenty of movement ahead of the new campaign. Rangers, Celtic, Hearts, Hibs and Glasgow City have all had a busy week as they look to prepare for a new season.

Champions Hearts will need to buck a recent trend if they are to retain the league as no team have done so since pre-Covid.

They will also have to mount that challenge with a budget that has had a sledgehammer taken to it.

The USP of the league is its competitiveness, particularly after the split. Sustaining that element is crucial now as it faces severe financial challenges.","{'href': 'https://uk.sports.yahoo.com', 'title': 'Yahoo Sports UK'}","soccer"
"https://news.google.com/rss/search?q=men's+us+soccer","U.S. Soccer Officials Banned From USMNT World Cup Match vs. Belgium","https://www.si.com/soccer/us-soccer-officials-banned-usmnt-world-cup-match-vs-belgium","Sat, 11 Jul 2026 01:24:11 GMT","

FIFA banned at least two U.S. Soccer officials from attending Monday's World Cup round of 16 match between the U.S. men's national team and Belgium, according to multiple reports.

Monday's affair was already marred by controversy. In the 24 hours preceding the match, the status of USMNT star striker Folarin Balogun's red card dominated the news cycle. FIFA controversially suspended Balogun's round of 32 red card for one year, enabling him to play in the round of 16 after all. 

The decision, made even more contentious after it was soon revealed that U.S. President Donald Trump had called up FIFA President Gianni Infantino, received heavy backlash from Belgium as well as other national teams, questioning the integrity of the tournament.

While Balogun made a miraculous appearance at Seattle's Lumen Field, USMNT team manager Sam Zapatka and U.S. Soccer vice president of security Frank Pannell reportedly did not. The USMNT lost and were subsequently eliminated from the tournament.

FIFA did not publicly explain the suspensions, but they were reportedly a consequence of incidents that occurred during the round of 32 victory against Bosnia and Herzegovina at Levi's Stadium in Santa Clara. The officials alleged violated FIFA's match protocols, specifically regarding who can be in certain designated areas, per ESPN. No physical altercation is thought to have taken place. 

U.S. Soccer did not elaborate on the officials' suspensions, but told the Associated Press that they were not tied to Balogun's red card controversy. 

Zapatka joined U.S. Soccer in 2015 and took over as team manager in Jan. 2020. He was on the sidelines for the four previous USMNT matches. Pannell formerly worked for the Secret Service and CIA before joining U.S. Soccer.

The USMNT was thumped 4–1 by Belgium, a shocking defeat that USMNT manager Mauricio Pochettino was adamant not to blame on the now-multiple external complications that happened before kickoff.

“Everyone saw from the beginning that we did not connect with the game. We were never in the game, even when we scored the goal [to equalize], we conceded in the next action. It was really tough from the beginning,” Pochettino noted.

“Congratulations to Belgium, they were better than us. It's not to find excuses, we didn't show what we normally showed. That is the reality.”

Sophia Vesely is a writer, reporter and editor for SI FC, with an emphasis on North American coverage. Her experience comes from regional journalism as a former sports reporter for the Orlando Sentinel, Dallas Morning News and Seattle Times. Vesely graduated from Swarthmore College, where she played collegiate soccer as a wingback. She specializes in MLS, NWSL and NCAA soccer.

© 2026  ABG-SI LLC - SPORTS ILLUSTRATED IS A REGISTERED TRADEMARK OF ABG-SI LLC. - All Rights Reserved. The content on this site is for entertainment and educational purposes only. Betting and gambling content is intended for individuals 21+ and is based on individual commentators' opinions and not that of Sports Illustrated or its affiliates, licensees and related brands. All picks and predictions are suggestions only and not a guarantee of success or profit. If you or someone you know has a gambling problem, crisis counseling and referral services can be accessed by calling 1-800-GAMBLER.","{'href': 'https://www.si.com', 'title': 'Sports Illustrated'}","soccer"
"https://news.google.com/rss/search?q=men's+us+soccer","What's next for the USMNT after World Cup? USA men's soccer timeline: Olympics, Copa America, 2030 World Cup","https://sports.yahoo.com/articles/whats-next-usmnt-world-cup-014208149.html","Sat, 11 Jul 2026 01:42:00 GMT","

...

We don't want to waste your time — this post is not about what's next in terms of who will coach the USMNT moving forward or the roles of Christian Pulisic and Malik Tillman in the future of the program.

MORE — What we learned, big and small picture, from USMNT's World Cup

No, this is about the nitty gritty. What competitions are next for U.S. Soccer's men's side — the women have a World Cup next summer in case you're unaware — and what will the Yanks be doing between the end of this tournament and the 2030 World Cup in Portugal, Spain, and Morocco (and, for three games, Uruguay, Argentina, and Paraguay)?

There's also the matter of a home Olympics in Los Angeles, a U-23 competition led by program legend Steve Cherundolo which is bound to draw some bigger names to the overage pool (only three players over the age of 23 are allowed to join a roster).

MORE — USMNT's results, fixtures as they are announced

It's going to be a lot different than the last cycle when the USMNT did not have to qualify for the World Cup and it'll be a bit different in general as FIFA have shaken up their international calendar.

The U.S. will get an expanded international break from September 21 - October 6, where there will be four matches played and those will not include the fifth edition of the CONCACAF Nations League — there's a group stage draw forthcoming on July 23 but the Yanks are very, very likely set to be one of four nations to receive a bye to November's quarterfinals.

The Americans are in League A with Canada, Costa Rica, Curacao, Dominican Republic, El Salvador, Guatemala, Haiti, Honduras, Jamaica, Martinique, Mexico, Nicaragua, Panama, Suriname, and Trinidad and Tobago.

November's international break will be home-and-away matches against a group stage qualifier for the right to compete in next March's semifinals and either third-place match or final (March 25-28, 2027)

The Yanks will then warm up for next summer's Gold Cup with two friendlies June 7-15 before the tournament proper.

There were reports that the 2028 Copa America was awarded to the United States as part of a deal to host the 2024 Copa America.

If that's true, the Yanks will again face a summer deciding how to best use their talent for two huge tournaments — as in 2024 — and this time both will be on American soil.

The men qualify as hosts for the 2028 Olympics, and that tournament — a u23 roster with three overage players — will run from July 10-29.

Dates for the 2028 Copa America are not set but the 2024 edition was held June 20-July 14 and the 2021 tournament ran from June 13-July 10.

There are still questions about how CONCACAF World Cup qualifying will look for 2030 because there will be three more teams in the pool after the United States, Canada, and Mexico all bypassed qualifying for the 2026 World Cup as tri-hosts.

The qualification tournament should begin for the United States sometime in 2028. CONCACAF's automatic 2026 World Cup berths were awarded over about 20 months between late March 2024 and November 2025.

2022 World Cup qualifying for CONCACAF was conducted in barely over a year thanks to the COVID-19 pandemic.

Before the 2018 World Cup, the U.S. did not enter the qualification process until the fourth round, which started a 23-month run that ultimately did not end with a place in the World Cup.","{'href': 'https://sports.yahoo.com', 'title': 'Yahoo Sports'}","soccer"
"https://news.google.com/rss/search?q=men's+us+soccer","Why Can't USMNT Win a World Cup? Pay-to-Play System Under Scrutiny","https://www.newsweek.com/why-cant-usmnt-win-a-world-cup-pay-to-play-system-under-scrutiny-12182574","Sat, 11 Jul 2026 09:00:00 GMT","

Published

Jul 11, 2026 at 05:00 AM EDT

updated

Jul 11, 2026 at 05:01 AM EDT

Reporter

The final whistle in Seattle had barely sounded when the question returned.

Belgium's 4-1 dismantling of the United States men's national team on July 6 ended the Americans' World Cup on home soil at the Round of 16, the same stage where they exited the previous three tournaments they played, and by the heaviest margin the team has suffered at a World Cup since 1934.

And so began, once again, the conversation that follows every American elimination: when, if ever, will the U.S. become a soccer superpower? Why can't the country that dominates nearly every other sport it plays produce a men's team capable of beating the world's best?

Commentator Clay Travis, wrote on X that American youth development ""has to get more affordable,"" prompting a response from Alexi Lalas, former national team defender turned Fox Sports analyst, who defended the country's fee-based model.

""Youth soccer (youth sports) is a competitive market with businesses selling a product that obviously customers are willing to pay for,"" Lalas wrote. ""I'd love if soccer was free to all. But who is going to pay for all this free soccer?""

The responses came quickly, and from every corner. Television host Kevin Frazier, appearing on The Dan Patrick Show, accused Lalas of defending a system he had personally benefited from as a suburban kid in Michigan. 

""We've got to stop Alexi Lalas,"" Frazier said. ""Every four years, we lose, and we go through this thing where we say, 'What's the problem with U.S. soccer?' and then he gives his explanation. He's like, 'oh, the pay-for-play system works,' and it's okay. And I'm like, 'Alexi, what are you talking about? You benefited from it. You are part of the problem.'""

View this post on X

Landon Donovan, the national team's joint all-time leading scorer, has spent months making the case that the system prices out talent before it can be found.

""Only 2 percent of kids who were playing organized soccer in America came from households that made less than $50,000,"" Donovan said in an interview with Junior Rodigan. ""Think about how many kids you are missing out on in this country because they can't afford to play the game.""

The criticism crossed the Atlantic. Stan Collymore, the former England striker who played for Premier League clubs Liverpool and Aston Villa, posted a lengthy response to Lalas arguing the cost of the American system will permanently cap the country's ceiling.

""Why the USA will never be a football superpower. Pay to play,"" Collymore wrote.

Collymore said his mother paid roughly 200 pounds ($267.95) in total over six or seven years of junior soccer in England, against the $4,000 or more American families routinely pay each year.

""Money, greed, pay to play. 99.9 percent of greats to play the game wouldn't have made it in America. Because they couldn't afford $4000 (plus) to play,"" he wrote on X, calling on the U.S. Soccer Federation to organize low-cost junior leagues, ban profiteering and offer cheap coaching licenses for volunteer parents.

Retired stars including Alex Morgan have joined the push, with Morgan advocating for a more accessible youth system.

The structural gap between the U.S. and the sport's traditional powers is stark.

In the U.S., competitive youth soccer is largely run by private clubs that operate as businesses. Families typically pay between $3,000 and more than $10,000 per year to cover coaching salaries, tournament fees, travel and facility rentals. Because club revenue depends on registration fees, clubs are incentivized to field as many paying teams as possible.

American families spent an average of $1,016 on a child's primary sport in 2024, a 46 percent increase since 2019, according to Project Play, a youth sports research initiative at the Aspen Institute.

In Europe and South America, the elite pathway runs in the opposite direction. Professional club academies in countries such as France, England, Germany, Spain, Brazil and Argentina absorb the cost of developing players. If a child is selected, the family generally pays nothing. Travel, equipment, coaching and often housing and education are covered by the club, which treats development as an investment recouped through first-team promotion or transfer fees.

France's model, anchored by the national Clairefontaine academy and a network of free professional club academies, has produced consecutive World Cup finalists and a steady stream of players drawn heavily from working-class immigrant suburbs. In South America, informal street soccer and low-cost neighborhood clubs remain the primary entry point into the professional pipeline.

FIFA rules reinforce those systems through two mechanisms: training compensation and solidarity payments, which direct a share of future transfer fees back to the clubs that developed a player between the ages of 12 and 23. That gives even small grassroots clubs a financial stake in finding talent rather than charging families for access.

Those mechanisms barely function inside the U.S. The U.S. Soccer Federation has argued the payments could violate American antitrust law, and Major League Soccer (MLS) does not pay solidarity fees or training compensation to independent domestic youth clubs whose players pass through its academies.

Not everyone agrees the youth system explains the Belgium result.

Analysts have noted the current national team pool was developed largely through free MLS academies and European clubs, and the squad's stars play at top European sides. The majority of specialized postmortems argued the problem in Seattle was simpler: the players were not good enough against elite opposition, and no coach, including Mauricio Pochettino, could change that.

Former national team goalkeeper Tim Howard said before the elimination that the gap remained too wide.

""The U.S. cannot, unequivocally, win the World Cup,"" he said on the Unfiltered Soccer podcast. ""The U.S. would have to play the greatest game they've ever played... four games in a row.""

Critics of the pay-to-play framing point to other culprits: coaching quality, the absence of promotion and relegation, the college soccer detour and a youth culture that prioritizes tournament wins for 10-year-olds over technical development. Reform advocates counter that all of those problems trace back to the same root, a system that selects for family income before it selects for talent, shrinking the effective player pool in a country of 340 million.

The debate has reached Congress. In May, Connecticut Senator Chris Murphy and Pennsylvania Representative Chris Deluzio, both Democrats, introduced the ""Let Kids Play"" Act, which would force certain private equity investors to divest from youth sports businesses, prohibit hidden fees and create a youth sports fund for scholarships and local facilities. The bill has not advanced since its introduction.

""As a hockey dad, I've seen how viciously these private equity companies rip families off,"" Murphy said when the bill was introduced. ""It is shameful to deny that opportunity to millions of kids just so some greedy Wall Street executives can boost their bottom line. We are getting these profit-obsessed corporations out of kids' sports for good.""

Experts and former players have coalesced around a set of proposals: expanding free professional academies beyond MLS markets, implementing training compensation and solidarity payments domestically so grassroots clubs are rewarded for developing talent rather than charging for it, subsidizing coaching education, and rebuilding low-cost local leagues and school-based soccer as genuine pathways.

""U.S. soccer culture still selects for income much more than we do for talent,"" Doug Andreassen, the former president of Washington state's youth soccer association who led U.S. Soccer's diversity task force, told WLRN days before the elimination that the problem starts with who gets filtered out.

""We're still a pay-to-play system in this country. Follow the money. The costs have escalated. Travel, food, hotels, coaches, gear, tournament fees, and the referee fees. It's an overall system that we've got to fix.""

A common counterargument holds that the U.S. underperforms because Americans simply do not care enough about soccer, and that indifference translates into underinvestment.

The numbers from this tournament tell a different story. 

The U.S.-Belgium match drew 30 million viewers on Fox, the most-watched soccer telecast in U.S. history. Five days earlier, the Americans' Round of 32 win over Bosnia and Herzegovina averaged 26.4 million viewers on Fox's English-language broadcast and another 9.8 million on Telemundo and Peacock, a combined audience that shattered the previous U.S. record for any soccer match. Group stage matches averaged 5.1 million viewers on English-language television, up 92 percent from 2022.

""We're seeing numbers for some of these matches that we don't see for anything but the NFL,"" Michael Mulvihill, Fox Sports' president of insight and analytics, told Variety.

Polling points in the same direction. Gallup found last month that 40 percent of American adults planned to watch at least some of the tournament, matching the 38 percent recorded in 1994 and well above the roughly 30 percent measured in other World Cup years. Twenty-seven percent of American adults describe themselves as fans of professional soccer, and the sport's fan base has held steady over the past decade even as fandom for several traditional American sports has declined.

Felipe Cárdenas, an Atlanta-based soccer journalist who has covered the sport's growth in the U.S. for years, told Newsweek the disconnect is not between Americans and soccer, but between the game's gatekeepers and the fans who already exist.  

""This idea of 'Americanizing' soccer isn't really coming from American fans. It's coming from FIFA,"" Cárdenas said. ""FIFA believes it needs to reshape parts of the experience to appeal more to the American sports consumer.""

American soccer audiences, he argued, were already there, international, immigrant and bilingual, connected to soccer cultures from around the world. ""They were already invested into the game,"" Cárdenas said.

The composition of that fan base explains why soccer's footprint is often underestimated. Interest skews heavily toward younger Americans, 34 percent of whom identify as soccer fans, and toward Hispanic Americans, an average of 47 percent of whom have identified as soccer fans in Gallup polling since 2012. YouGov data shows soccer is one of only two major sports, alongside basketball, that is more popular among adults under 35 than among the general population.

American soccer interest is also uniquely fragmented. Rather than concentrating on a single domestic league, as NFL and NBA fandom does, it is spread across the Premier League, Liga MX, MLS, the Champions League and international tournaments. That diversification makes the sport look smaller in any single measurement than it is in aggregate.

The question, reform advocates say, is not whether the appetite exists but whether the money it generates reaches the base of the pyramid. Fox paid $485 million for the English-language rights to the tournament, and FIFA is projecting record revenue from the 48-team event.

Four in ten Americans watched their national team this summer. The debate now consuming American soccer is whether the next generation of those viewers will be able to afford to play.

Contact Newsweek editors for this story: Jason Lemon and Anthony Murray.

© 2026 Newsweek Digital LLC","{'href': 'https://www.newsweek.com', 'title': 'Newsweek'}","soccer"
"https://news.google.com/rss/search?q=men's+us+soccer","Top 25 players in the USMNT pool right now: A post-World Cup view of the USA men","https://www.nbcsports.com/soccer/news/top-25-players-in-the-usmnt-pool-right-now-a-post-world-cup-view-of-the-usa-men","Sat, 11 Jul 2026 00:47:44 GMT","

Whenever we conduct this most-fun, super-serious exploration of the United States men's national team, it usually revolves around how that USMNT coach would organize the USA for an upcoming World Cup.

Considering the 2026 World Cup is ongoing, this exercise is a bit trickier than that. For one thing, extreme recency bias has combined with the sick, sick world of scapegoating — mimetic desire is real — to produce ridiculous ideas about invaluable players.

MORE — What we learned, big and small picture, from USMNT's World Cup

For example, Christian Pulisic did not have a good World Cup and has not had a good seven months. For some reason, that's turned into takes so melty hot they make the villains at the end of “Raiders of the Lost Ark” look cool as cucumbers. No, he should not be done with the national team. Yes, he's still one of the best to ever put on the shirt. And no, in the next World Cup his then-31-year-old body won't be rolling up with a cane asking about the senior discount.

That said, this exercise has always purported to be one measuring value and the Yanks right now sure look to be in shorter supply at maybe eight of the 10 other positions on the field than Pulisic's attacking role. In other words, his replacement-level American player at the moment doesn't seem like nearly the downgrade it is if — say — Chris Richards or Tyler Adams were to be out of picture in 2030.

So let's take a short-term look at a long-term plan.

So how far down the line would we go after this World Cup to find Pulisic? Does he drop out of the top two, the top five?

Yes, and no. There are a few things to consider here — not just for Pulisic but for the rest of the team.

One of the biggest is that it seems unlikely to us that Mauricio Pochettino is going to return to the USMNT. A new coach is going to give Pulisic every chance to be a star in his system and may even design his system around the AC Milan star.

MORE — USMNT 1-4 Belgium recap | Player ratings

There will also be favorites who disappear into the ether. The USMNT had players like Wil Trapp, Kyle Beckerman, and Aaron Long become regulars at times under different coaches and play... not-so-much under others. Max Arfsten and Cristian Roldan found favorable places under Pochettino and may not be the cup of tea of the next boss. In a similar way, Yunus Musah and James Sands could find new leases on life.

And how would a list look if Pochettino re-ups for another four years (which would seem to have an expiration date of approximately one year considering he's one of the top available club coaches on the market. It's just about the only reason I wouldn't want him to sign a new deal).

Well, we imagine he'd immediately be figuring out the best man to pair with Adams or at least the best option to give Adams rest over the course of a tournament. Johnny Cardoso (injured) and Tanner Tessmann (still staring at his phone in disbelief, we imagine) could've changed games at this World Cup. Would he call up different goalkeepers for the Nations League in September? Would he demand the best players show up for the Gold Cup next summer?

First names out: Jack McGlynn (Houston Dynamo), Zavier Gozo (Real Salt Lake), Aidan Morris (Middlesbrough), Yunus Musah (Atalanta), Andrew Thomas (Seattle Sounders)

First names out: Patrick Agyemang (Derby County), Diego Luna (Real Salt Lake), Mark McKenzie, (Toulouse), Aidan Morris (Middlesbrough), Matt Turner (New England Revolution), 

A Division of NBCUniversal.

DISCLAIMER: This site and the products offered are for entertainment purposes only, and there is no gambling offered on this site. This service is intended for adult audiences. No guarantees are made for any specific outcome. If you or someone you know has a gambling problem, please call 1-800-GAMBLER.

Ⓒ 2024 NBC Universal","{'href': 'https://www.nbcsports.com', 'title': 'NBC Sports'}","soccer"
"https://news.google.com/rss/search?q=club+world+cup","World Cup star Erling Haaland was born in Leeds, how close was he to playing for England?","https://www.nytimes.com/athletic/7433667/2026/07/11/world-cup-erling-haaland-england-norway/","Sat, 11 Jul 2026 04:15:26 GMT","

Log in

Subscribe Now

Region

Search

Top News

Podcasts

Play Center

2026 Men's World Cup

Home

Bracket

Schedule

Live Results

Teams

Newsletter

Pick'em

Fantasy

Daily Recap

Pick Your 2nd Team

Watch: The Athletic FC 

Watch: The Athletic FC Daily Cup

Watch: The Totally Football Show

Play Soccer Connections

NFL

Home

Teams

Scores & Schedule

Standings

Fantasy

NFL Odds

NFL Picks

NFL Draft

Podcasts

NFL Newsletter

Offseason Winners and Losers

Lingering Team Questions

Training Camp Dates

Preseason Games

2026 NFL Schedule

NBA

Home

Teams

Scores & Schedule

Standings

The Bounce Newsletter

NBA Draft

Podcasts

Fantasy

NBA Odds

NBA Picks

Free Agency Winners & Losers

LeBron Leaving Lakers

Early 2027 Mock Draft

MLB

Home

Teams

Scores & Schedule

Standings

Podcasts

The Windup Newsletter

Fantasy

MLB Prospects

MLB Odds

MLB Picks

MLB Draft

Power Rankings

Top 50 Prospects

NHL

Home

Teams

Scores & Schedule

Standings

Podcasts

Fantasy

NHL Odds

NHL Picks

Offseason Trade Board 6.0

Red Light Newsletter

College Football

Home

Teams

Scores & Schedule

Standings

Podcasts

Newsletter

Recruiting

Odds

Picks

Mandel's Top 25

Top 100 Transfers

Best Portal Classes

WNBA

Home

Teams

Scores & Schedule

Standings

Podcasts

Newsletter

No Offseason Newsletter

Tennis

Home

Grand Slam Newsletter

Wimbledon Men's Semifinals

NCAAM

Home

Teams

Scores & Schedule

Standings

Transfer Portal Rankings

NBA Draft

Bracket

NCAAW

Home

Newsletter

Scores & Schedule

Standings

Podcasts

No Offseason Newsletter

Golf

Home

Scores and Schedule

Travelers Championship leaderboard

Golf Newsletter

Premier League

Home

Teams

Scores & Schedule

Standings

Fantasy

The Athletic FC Newsletter

Podcasts

Soccer

Women's Soccer

Home

NWSL Schedule

Full Time Newsletter

Podcasts

Motherhood in Soccer

NWSL

Women's World Cup

USWNT

College Sports

Champions League

Home

Scores & Schedule

Standings

Podcasts

MLS

Home

Teams

Scores & Schedule

Standings

Podcasts

NWSL

Home

Teams

Scores & Schedule

Standings

Full Time Newsletter

Podcasts

Motherhood in Soccer

Olympics

Home

Winter Paralympics Medal Table

Medal Table

Global Sports

College Sports

Fantasy Baseball

Home

MLB Home

Rates & Barrels

Fantasy Football

Fantasy Hockey

ROS SP Rankings

Top 250 ROS Rankings

Draft Kit

Terminology

Fantasy Football

Home

NFL Home

Football Show

Betting

Customizable Cheat Sheet

2026 Fantasy Football Rankings

2026 Dynasty Rankings

Discord

Peak

Formula 1

Home

Prime Tire newsletter

Schedule

Alpine

Aston Martin

Audi

Cadillac

Ferrari

Haas

McLaren

Mercedes

Racing Bulls

Red Bull

Williams

Sports Business

Home

MoneyCall Newsletter

Sailing

Opinion

Home

Betting

Home

Fantasy Football

Odds

NFL Picks

UK Betting

Memorabilia and Collectibles

Culture

Home

Motorsports

Home

Podcasts

NASCAR

Women's Hockey

Home

Scores & Schedule

Standings

Teams

MMA

Home

Boxing

Home

The Pulse Newsletter

World Cup Daily Recap

Adebayo-Herro Altercation

World Cup Bracket

Sports Connections

World Cup

FIFA World

Cup 2026

Haaland was born in England but is proud leader of Norway's World Cup campaign Julian Finney - FIFA/FIFA via Getty Images

The big decision Erling Haaland would have to make was set out for him when he was a child.

As Haaland spent the first three to four years of his life in England, the family would speak English during the day and Norwegian in the evenings.

That's right. Norway's talisman, the man looking to dump England out of the World Cup quarter-finals later today, was born in Leeds, West Yorkshire. His father, Alfie, was a professional footballer too, and had recently completed a transfer from Leeds United to Manchester City when his youngest son was born on July 21, 2000.

Get free access to the most comprehensive World Cup coverage in The Athletic app

Advertisement

Haaland senior would retire in July 2003 through injury and the family eventually returned to their homeland, living in the south-western town of Bryne. It is one of Haaland's youth coaches at local club Bryne, Alf Ingve Berntsen, who tells The Athletic about the striker's bilingual start to life.

“When you are three or four years old and you are used to speaking English in the daytime, but Norwegian in the evenings, then you go back home to Norway, it's all about the Norwegian language,” he says. “You are in kindergarten, and then in school. It would be different if he had come back to Norway when he was seven or eight. He would be more English.”

Haaland directly answered the question of Norway vs England in 2023.

Speaking to Goal.com, he said: “I lived here (in the UK) for three and a half to four years, and I lived in Norway for such a long time, so then it was natural to choose Norway.

“You never know how it would be if maybe my father played longer in England or whatever. Maybe I would be English, I don't know, but I'm Norwegian and I'm proud of it.”

Can you imagine Haaland starting alongside Harry Kane in attack for England in Miami tonight?

But it was not to be.

Haaland's heritage is Norwegian; he grew up in Norway, made lifelong friends in Norway and developed as a footballer in Norway. You could see how much he relished banging the drum in the ‘Viking Row' celebrations after his two goals to beat Brazil in the World Cup's round of 16.

Berntsen, who coached Haaland between the ages of eight and 15, says: “His mum and dad are Norwegian, he left England when he was three or four, his grandparents and cousins, brother and sister, all of them are Norwegian. So it was theoretically possible (for him to play for England), but not in reality.”

Norway may have looked like the obvious destination for Haaland, but he would not have been the first player to have their head turned by another eligible nation.

Advertisement

The Football Association, the governing body of the sport in England, has to be alive to opportunities like this.

In 2020, as Haaland was making a name for himself at German club Borussia Dortmund, Gareth Southgate, England's head coach, was asked about the striker. He said: “Obviously at the younger age groups, that wouldn't have been on my radar because, when he broke into first-team football, he was pretty much already in the Norwegian youth system.

“We recruit early, but we wouldn't have been into him when he was still in Yorkshire, that's for sure. We're always trying to monitor those cases, but he was tied up pretty early by Norway, and with players like him, they're quite clear where they want to play as well.

“He feels that allegiance to the country he's playing for now and you're always very respectful of that.”

A former England youth coach, speaking anonymously to protect relationships, was asked by The Athletic if a serious approach was ever made.

“No,” the coach, who worked with the FA around the time Haaland was emerging as a teenager for Norway, said. “We were never getting him. That wasn't going to happen. They were who his dad had played for, and that was what his ambition was.”

He added: “There was no point in even trying. It was sort of tongue-in-cheek, but never on a serious level, because we come across a lot of players at those ages who you could potentially get.”

Another FA source, who worked in talent identification, acknowledged Haaland did not seriously come onto their radar until he was around 17.

The more digging you do on this subject, the more obvious it is that England never really stood a chance once Haaland had returned to Norway so young. He has, though, always reflected on and embraced those English roots.

Berntsen said: “He was proud of all his (father's) former clubs: Nottingham Forest, Leeds and (Manchester) City. All three have been part of Erling's history, and Leeds is special since he was born there.”

In a piece he wrote for The Athletic last month, Michael Vigrestad, one of Haaland's junior-level team-mates and friends in Bryne, recalled how the forward would wear City or Leeds shirts when they played together at weekends.

Advertisement

Today, as one of the highest-profile footballers in the world game and City's star player, Haaland has grown too shrewd to pin his colours to any one mast. However, in 2017, when he was 16, he was quoted by Aftenposten, a Norwegian newspaper, as saying: “I want to be the best (footballer) possible.

“The dream is to win the Premier League with Leeds. In addition, the goal is to become a better player than my dad was. I hope to get more caps than he did.”

He's become more coy about his links to the Yorkshire city since then.

Former Leeds player Stuart Dallas has told how Haaland whispered, “Marching on together”, the title of the club's long-time fan anthem, in his ear as the pair swapped shirts after an international game between Norway and his Northern Ireland side.

In 2000, two Leeds supporters were murdered in the Turkish city of Istanbul on the eve of a UEFA Cup (now Europa League) semi-final first leg meeting with Galatasaray. In January this year, Haaland scored against Galatasaray for City in the Champions League. As he celebrated the goal, Haaland momentarily put a clenched fist across his chest in front of the opposition supporters. It looked every inch the salute Leeds fans hold dear around the world.

In 2018, when he was with Norwegian side Molde, Leeds tried to bring Haaland back to his hometown club. He was given a tour of their Elland Road stadium and the training ground, but Red Bull Salzburg of Austria ultimately blew them out of the water with their offer.

Haaland was born in England, took his first steps in England, treasures English clubs and plays for a club in England, but he has become Norway's best chance of dumping England out of this World Cup.

Spot the pattern. Connect the terms

Find the hidden link between sports terms

Play today's puzzle","{'href': 'https://www.nytimes.com', 'title': 'The New York Times'}","soccer"
"https://news.google.com/rss/search?q=club+world+cup","When the World Cup finishes, the football continues on BBC Sport","https://sports.yahoo.com/articles/world-cup-finishes-football-continues-060341221.html","Sat, 11 Jul 2026 06:03:41 GMT","

...

A massive summer of football is well under way - and more of you than ever are spending it with BBC Sport.

In recent weeks, a record number of people have been coming to our website and app, and we've seen huge numbers across live pages, articles and videos.

We're delighted to see you all enjoying our coverage of the World Cup - as well as Wimbledon, Formula 1, cricket, and much more - across all of our platforms.

While the thrilling drama of the football is driving you to visit our pages, we've also been working hard over recent months to ensure our content and experiences match the quality of the action.

Our storytelling is getting more in-depth, with stronger analysis, expert insights and the inside stories behind the headlines.

You will also have spotted some new additions, such as a Shorts tab on the app, a new Predictor game and the popular Fifa World Cup 3D Experience.

The 'as it stands' projection for the last 32 of the World Cup was also a massive hit, helping you to plot a team's path through the knockout stage.

We've also added more football quizzes, including the new Who Am I? format and tested live comments in our live pages for some matches.

All of these innovations are based on your feedback. We constantly monitor the data and our BBC teams speak to our audiences regularly to understand how you're using the website and app.

When the World Cup ends, regardless of who wins, we'll still have loads of great content every day as we build up to the new football season.

As well as all the fall-out and reaction to the tournament, we'll quickly shift back in the club football with pre-season coverage and all the latest transfer gossip and stories.

BBC Sport and teams across BBC Nations and Regions cover every club in the Premier League, WSL, EFL, Scotland, Wales and Northern Ireland.

We have dedicated club reporters, who will be travelling to bring you behind-the-scenes insights from pre-season tours.

We'll also have live pages for selected pre-season matches as well as in-depth features and storytelling, giving you the latest updates before the new campaign.

Once the World Cup ends, some of the standout players will be hot property in the transfer market, with top clubs chasing their signatures.

Our reporters, including senior football correspondent Sami Mokbel, will be breaking the big transfer stories on our website and app.

We'll also have our daily transfer gossip column, wrapping up all the rumours from across the football world.

For fans of World Cup Predictor, a brand new weekly Predictor game will be launching immediately after the tournament with five fixtures a week to predict the outcomes of.

You'll be able to build up your streaks and share your results with friends and family.

Our quizzes will also continue to be available to play so you can test your knowledge of the beautiful game.

We're already working on some exciting new things for the new football season.

In the men's game, you'll be able to watch highlights from the Premier League, Champions League, Scottish Premiership, FA Cup, La Liga and Bundesliga.

In the women's game, there will be highlights from the WSL and Women's Champions League

Our new Shorts tab in the BBC Sport app will be the new home of sport videos with content throughout the week from your club, including explainers, pundit analysis, interviews and behind-the-scenes content.

We'll also be starting to include more reaction from fans so you can see the latest hot takes and debate the biggest talking points from your club.

Want to make Shorts your default tab in the app? You can do that in Settings.

Live pages are going to get bigger and better with more interactive elements, more conversation and improved functionality. They'll have Radio 5 Live audio commentaries for the Premier League and Champions League as well as live video for FA Cup.

Our trusted Scores & Fixtures pages will be the place to keep up with matches as they happen across the football pyramid.

Remember, the best way to get all of this content is to download the BBC Sport app and follow your favourite teams and sports using the My Sport tab.

Once you've set this up, you'll have quick access to those pages at the top of your Home tab and we'll be able to serve you better, more personalised, experiences in future.

If you follow a Premier League team, from the start of the new season you'll also get Live Notifications which give you score updates directly on your phone's lock screen during a match.

Still want more? We'd love to hear your feedback on what's working, what's not and what else you'd love to see more of on the BBC Sport website and app.

Got an idea for a piece of content, a regular feature or something you'd like to change with the website or app? Let us know using this form:

Take all of our football quizzes

Follow your club with BBC Sport

Get football news sent straight to your phone","{'href': 'https://sports.yahoo.com', 'title': 'Yahoo Sports'}","soccer"
"https://news.google.com/rss/search?q=club+world+cup","Man Utd's £50m Andrey Santos signing is 'strange' and 'a gamble' as ex-Red Devils and Chelsea stars agree on transfer verdict","https://www.goal.com/en-gb/lists/man-utd-andrey-santos-transfer-chelsea-nicky-butt-emmanuel-petit-verdict/blt0dd2feddc44836d7","Sat, 11 Jul 2026 06:45:30 GMT","

This page contains affiliate links. When you purchase through the links provided, we may earn a commission.

Nicky Butt has questioned Manchester United's reported £50 million move for Andrey Santos, arguing the Brazilian has yet to prove he is ready to start at Old Trafford. Emmanuel Petit has also described the transfer as a gamble, warning the midfielder must rebuild his confidence if he is to succeed.

United legend Butt has cast doubt on the club's reported move for Chelsea midfielder Santos. Sky Sports reports that United have agreed a deal worth up to £50 million for the 22-year-old, but Butt believes the fee demands an immediate impact.

While Butt accepts the Red Devils need to strengthen their squad depth, he argued Santos would not arrive for such a significant fee simply to provide cover. Instead, he believes the Brazilian would be expected to become a regular starter despite having limited experience at the highest level.



18+, UK residents, new customers only. To Claim:

Click to see T&Cs here.

UK Disclaimer: eToro is a multi-asset investment platform. The value of your investments may go up or down. Your capital is at risk. Terms and Conditions apply.

Speaking exclusively to Paddy Power, Butt explained why he struggles to understand the reported transfer. He stressed that signing young players is important, but questioned whether Santos has shown enough to justify a £50m investment and an immediate place in the starting XI.

""If he's brought in at £25-30 million you could understand it... But he's not being signed for £50m to just be sat on the bench, he has to be a starter. I've seen him play a few times but nothing stands out that makes you go, 'wow, he's got great ability on the ball or he's a powerhouse',"" Butt explained.

""It's either genius by the recruitment team and they're saying, ‘this lad is going to be the next big thing, we'll pay the £50m quick and throw him straight in the deep end'. But by virtue of him only starting 13 games for Chelsea last year, who finished 10th, it doesn't scream out a good signing to me. I hope I'm wrong, I hope he turns out to be a great player and blows us away. 

""This lad's barely played 10 games. It's a strange one, it's not one I'm jumping around going, ‘what a signing, I'm really happy with it'. We need players in midfield that make us a lot better. I really don't like having a go at young players or new signings before they go and prove themselves, but it's one where they're buying potential over someone that's done it.""

It isn't just former United players who are worried; ex-Chelsea midfielder Petit also believes the move is fraught with risk. Speaking to BOYLE Sports, who offer football odds, Petit suggested that Santos needs a complete mental reset if he is to succeed under the pressure of the Champions League at United.

""Andrey Santos to Man Utd is a gamble for both him and the club,"" Petit said. ""Andrey Santos had a great season with Strasbourg before returning to Chelsea, where he didn't play often or perform as expected. 

""The dynamic at Manchester United is different now, they are in the Champions League and need to keep improving. Andrey needs to recover his confidence. He has the quality, but does he have the mindset? Joining United after a difficult period at Chelsea is a gamble, for him and the club.""

Add GOAL.com as a preferred source on Google to see more of our reporting

If Santos completes the reported move, expectations will be high given the size of the transfer fee. Both Butt and Petit believe the Brazilian will face immediate pressure to deliver, with little time to adapt if he is expected to become a key figure in United's midfield.","{'href': 'https://www.goal.com', 'title': 'Goal.com'}","soccer"
"https://news.google.com/rss/search?q=fifa+world+cup","England set for open-air Miami heat","https://www.bbc.com/sport/football/articles/cx2jzl3zxpzo","Sat, 11 Jul 2026 05:08:35 GMT","

The roof at the Hard Rock Stadium reduces the airflow and exacerbates the conditions

England head into unknown territory at this World Cup when they face Norway in Miami on Saturday - playing in searing temperatures.

The Three Lions have been largely shielded from excess heat in North America.

Their schedule has included indoor matches in Dallas and Atlanta, and the three they have played outdoors - in Boston, New Jersey and Mexico City - have been in cooler, damper conditions.

That changes on Saturday for their quarter-final tie (kick off 22:00 BST), which could be played in conditions the global players' union considers too dangerous for the game to go ahead.

Norway have played all but one of their matches outdoors - the exception being their last-32 victory over Ivory Coast in the air-conditioned Dallas Stadium.

Their 2-1 victory over Brazil on Sunday was played outside while New Jersey was under a US National Weather Service (NWS) extreme heat warning. 

So who might be better prepared for the heat of Miami?

Put simply, conditions in Miami will be hot and humid.

The NWS is warning of a ""hazardous heat threat"", with the chance of heat-related illnesses likely to increase.

While air temperatures are likely to sit about 33C (91F), once you add in the humidity, it will feel like about 41C (106F).

The NWS put a heat advisory in place for the area on Friday, and experts say it is likely one will be issued covering the weekend too.

There is a risk of thunderstorms, especially near the start of the match, and a possibility of showers - but otherwise sunny spells are expected.

Global sporting bodies such as Fifa use an index called Wet Bulb Globe Temperature (WBGT), which takes into account temperature, humidity, time and amount of sunshine.

In its guidelines for playing in heat, external, players' union Fifpro says a WBGT above 28C should lead to the ""delay or postponement of matches"" until conditions are safer.

Calculations of the WBGT for Miami at about kick-off give the WBGT as 28-30C.

There is no suggestion the game will not take place.

Check the forecast for Miami

This video can not be played

Will it be too hot to play?

While two of England's group-stage matches were played in the hotter Texas and Georgia climates, they felt the benefit of air-conditioned stadiums, where the temperature is set to a comfortable 21C.

The warmest the Three Lions have played in was 25C for the final group game against Panama, but that featured overcast skies.

July is Mexico City's wettest month of the year, so when England headed to altitude last Sunday they would have felt at home - 18C and rain. 

The hot and humid weather in Miami will be a very different challenge.

Norway's tournament opener against Iraq, meanwhile, was played under clear skies and in a temperature of 25C.

There was rain and cloud during their games against Senegal and France, though they rested most of their first-choice players against Les Bleus.

After being indoors against Ivory Coast, Norway experienced oppressive conditions in the victory over Brazil. The temperature in New Jersey hit 31C in the shade, but on the pitch the heat and humidity would have made it feel far hotter.

England's initial base when arriving in the United States was, coincidentally, Florida.

Thomas Tuchel and his team spent 10 days in the area, playing warm-up games against New Zealand in Tampa and Costa Rica in Orlando.

The Three Lions then moved to their tournament facility in Kansas, where daily air temperatures are about 32-34C (90-93F).

That should help England cope with the heat.

Dr Lee Taylor from Loughborough University - a leading expert in elite athlete performance and the challenges of heat and altitude - told BBC Sport acclimatisation was crucial.

""That is the gold-standard method to protect players' health and performance,"" said Taylor.

""They've been getting those exposures into the players pretty consistently as they had two hot bases.

""So we're fairly certain those players are acclimated. They haven't been able to really test that in a game environment, but we're not too concerned because we know they've acquired those physiological adaptations.""

Norway played their two warm-up matches against Sweden and Morocco in the cooler climes of Oslo and New Jersey respectively.

They are based in Greensboro, North Carolina, where they experiencing similar temperatures to the England squad.

""Norway have played four pretty warm games, and the one in New Jersey was particularly hot,"" Taylor said.

""I'd probably rather have the scenario that England have evolved through, based on the fatigue the Norway players have acquired.""

England have used several methods of recovery at their training base in Kansas, including cooling tents

Many outdoor World Cup stadiums are open, with no roof or canopy. The Hard Rock Stadium is different, and looks more like a traditional European football ground.

That may keep the fans shielded from the elements but it prevents any breeze from reaching the pitch.

""It's a humidity trap,"" Taylor said. ""There is no free-flowing air. 

Sweating is king - it is the best way we can lose heat. We're highly efficient then. But in an environment that's got high humidity, with high water vapour pressure, there's nowhere for the sweat to go.""

Fifa has introduced climate-controlled benches, the provision of water and electrolyte drinks, ice, cold towels, fans, mist and shade.

Another way of addressing the heat is by wearing phase-change ice vests - jackets with pockets for blocks of ice - before the match.

During hydration breaks and at half-time, a large towel that has been immersed in ice-cold water is more effective.

Whoever emerges victorious on Saturday must re-adapt for Wednesday's semi-final against Argentina or Switzerland. That game will be back indoors in Atlanta.

How do England stop Norway - and Haaland?

The wild hip-hop parties that started Tuchel's journey to England boss

I've changed my mind, we might actually be able to win this thing - Shearer

Matches at the Hard Rock Stadium come with a risk of heat exhaustion and heatstroke.

After the first three fixtures, the Miami-Dade Fire and Rescue said it had received 38 heat-related calls at the stadium, with five requiring hospital treatment.

It has been more marked at the Fan Fest in the city, with the of City of Miami reporting 79 heat-related calls in one day on 23 June.

Fans have been urged to use shuttle stations, which have cooling sites, rather than walk all the way. 

""The biggest issues come in what is often referred to as the final mile,"" said Taylor.

""This often has cordoning or protracted routes to manage crowd flow, and can be really difficult.

""The advice is pretty simple: seek shade, stay hydrated, have a refillable bottle and a wide-brim hat.""

To underline what will await the teams, the two hottest games in the group stage were both in Miami.

For Uruguay's 1-1 draw with Saudi Arabia, the WBGT reached about 32.9C. This was surpassed by the 33C for Uruguay's 2-2 draw with Cape Verde six days later.

During the last-32 fixture in New Jersey, with temperatures of 32.22C, France's players tried to keep cool under the on-field sprinklers.

The warmest game of the tournament came last Saturday. Paraguay and France played their last 16-tie in Philadelphia at 37C.  It felt closer to 44C thanks to the record-breaking heatwave that had developed across eastern states of the US.

One of the hottest World Cup games ever was in 1994 in Orlando, Florida, when temperatures hit 110 F (43.33 C) as Republic of Ireland played Mexico.

It will not quite be that warm in Miami on Saturday, but it still going to be testing for two countries from northern Europe.

When the World Cup finishes, the football continues on BBC Sport

World Cup 2026 knockout path

How to watch the World Cup on the BBC and ITV

Is it time to give record-breaker Pickford the credit he deserves?

World Cup 2026: Will England join Spain and France in semi-finals? 

Nations Championship: Grandidier Nkanang scores again to cut Australia's lead over France

Louis Theroux's knockout chat with Anthony Joshua

Sydney Sweeney and Glen Powell star in this heated hit rom-com

A captivating cancer story hides a dark secret

Adrenaline-fuelled war drama by Peaky Blinders creator Steven Knight

Hey Jude: Bellingham's return to England indispensability

Is it time to give record-breaker Pickford the credit he deserves?

How do England stop Norway - and Haaland?

Why question marks hang over McGregor's UFC return

France cruise into semi-finals - could this be the best Les Bleus ever?

Are stuttering penalties clever or a fail? Stats suggest they are a no-no

Can Wales make headlines in football-mad Argentina?

'The whole match was the tie-break' - how Muchova-Gauff semi-final unfolded

Late goals, comebacks and upsets - is record-breaking World Cup best ever?

I've changed my mind, England might actually be able to win this thing - Shearer

I've lost the fire to regain spot in new-look England side - Beaumont

How Kane and Haaland compare - who would you pick?

A striker duel for the ages & Qatar revenge - what to expect in quarter-finals

The man who invented a sport and played tennis with Willy Wonka

Ronaldo's World Cup career ends in tears as 'pandering' Martinez departs

The personal story of a dad who took his autistic son to the British Grand Prix

Play BBC Sport's new World Cup predictor game

Copyright © 2026 BBC. The BBC is not responsible for the content of external sites. Read about our approach to external linking.","{'href': 'https://www.bbc.com', 'title': 'BBC'}","soccer"
"https://news.google.com/rss/search?q=fifa+world+cup","World Cup star Erling Haaland was born in Leeds, how close was he to playing for England?","https://www.nytimes.com/athletic/7433667/2026/07/11/world-cup-erling-haaland-england-norway/","Sat, 11 Jul 2026 04:15:26 GMT","

Log in

Subscribe Now

Region

Search

Top News

Podcasts

Play Center

2026 Men's World Cup

Home

Bracket

Schedule

Live Results

Teams

Newsletter

Pick'em

Fantasy

Daily Recap

Pick Your 2nd Team

Watch: The Athletic FC 

Watch: The Athletic FC Daily Cup

Watch: The Totally Football Show

Play Soccer Connections

NFL

Home

Teams

Scores & Schedule

Standings

Fantasy

NFL Odds

NFL Picks

NFL Draft

Podcasts

NFL Newsletter

Offseason Winners and Losers

Lingering Team Questions

Training Camp Dates

Preseason Games

2026 NFL Schedule

NBA

Home

Teams

Scores & Schedule

Standings

The Bounce Newsletter

NBA Draft

Podcasts

Fantasy

NBA Odds

NBA Picks

Free Agency Winners & Losers

LeBron Leaving Lakers

Early 2027 Mock Draft

MLB

Home

Teams

Scores & Schedule

Standings

Podcasts

The Windup Newsletter

Fantasy

MLB Prospects

MLB Odds

MLB Picks

MLB Draft

Power Rankings

Top 50 Prospects

NHL

Home

Teams

Scores & Schedule

Standings

Podcasts

Fantasy

NHL Odds

NHL Picks

Offseason Trade Board 6.0

Red Light Newsletter

College Football

Home

Teams

Scores & Schedule

Standings

Podcasts

Newsletter

Recruiting

Odds

Picks

Mandel's Top 25

Top 100 Transfers

Best Portal Classes

WNBA

Home

Teams

Scores & Schedule

Standings

Podcasts

Newsletter

No Offseason Newsletter

Tennis

Home

Grand Slam Newsletter

Wimbledon Men's Semifinals

NCAAM

Home

Teams

Scores & Schedule

Standings

Transfer Portal Rankings

NBA Draft

Bracket

NCAAW

Home

Newsletter

Scores & Schedule

Standings

Podcasts

No Offseason Newsletter

Golf

Home

Scores and Schedule

Travelers Championship leaderboard

Golf Newsletter

Premier League

Home

Teams

Scores & Schedule

Standings

Fantasy

The Athletic FC Newsletter

Podcasts

Soccer

Women's Soccer

Home

NWSL Schedule

Full Time Newsletter

Podcasts

Motherhood in Soccer

NWSL

Women's World Cup

USWNT

College Sports

Champions League

Home

Scores & Schedule

Standings

Podcasts

MLS

Home

Teams

Scores & Schedule

Standings

Podcasts

NWSL

Home

Teams

Scores & Schedule

Standings

Full Time Newsletter

Podcasts

Motherhood in Soccer

Olympics

Home

Winter Paralympics Medal Table

Medal Table

Global Sports

College Sports

Fantasy Baseball

Home

MLB Home

Rates & Barrels

Fantasy Football

Fantasy Hockey

ROS SP Rankings

Top 250 ROS Rankings

Draft Kit

Terminology

Fantasy Football

Home

NFL Home

Football Show

Betting

Customizable Cheat Sheet

2026 Fantasy Football Rankings

2026 Dynasty Rankings

Discord

Peak

Formula 1

Home

Prime Tire newsletter

Schedule

Alpine

Aston Martin

Audi

Cadillac

Ferrari

Haas

McLaren

Mercedes

Racing Bulls

Red Bull

Williams

Sports Business

Home

MoneyCall Newsletter

Sailing

Opinion

Home

Betting

Home

Fantasy Football

Odds

NFL Picks

UK Betting

Memorabilia and Collectibles

Culture

Home

Motorsports

Home

Podcasts

NASCAR

Women's Hockey

Home

Scores & Schedule

Standings

Teams

MMA

Home

Boxing

Home

The Pulse Newsletter

World Cup Daily Recap

Adebayo-Herro Altercation

World Cup Bracket

Sports Connections

World Cup

FIFA World

Cup 2026

Haaland was born in England but is proud leader of Norway's World Cup campaign Julian Finney - FIFA/FIFA via Getty Images

The big decision Erling Haaland would have to make was set out for him when he was a child.

As Haaland spent the first three to four years of his life in England, the family would speak English during the day and Norwegian in the evenings.

That's right. Norway's talisman, the man looking to dump England out of the World Cup quarter-finals later today, was born in Leeds, West Yorkshire. His father, Alfie, was a professional footballer too, and had recently completed a transfer from Leeds United to Manchester City when his youngest son was born on July 21, 2000.

Get free access to the most comprehensive World Cup coverage in The Athletic app

Advertisement

Haaland senior would retire in July 2003 through injury and the family eventually returned to their homeland, living in the south-western town of Bryne. It is one of Haaland's youth coaches at local club Bryne, Alf Ingve Berntsen, who tells The Athletic about the striker's bilingual start to life.

“When you are three or four years old and you are used to speaking English in the daytime, but Norwegian in the evenings, then you go back home to Norway, it's all about the Norwegian language,” he says. “You are in kindergarten, and then in school. It would be different if he had come back to Norway when he was seven or eight. He would be more English.”

Haaland directly answered the question of Norway vs England in 2023.

Speaking to Goal.com, he said: “I lived here (in the UK) for three and a half to four years, and I lived in Norway for such a long time, so then it was natural to choose Norway.

“You never know how it would be if maybe my father played longer in England or whatever. Maybe I would be English, I don't know, but I'm Norwegian and I'm proud of it.”

Can you imagine Haaland starting alongside Harry Kane in attack for England in Miami tonight?

But it was not to be.

Haaland's heritage is Norwegian; he grew up in Norway, made lifelong friends in Norway and developed as a footballer in Norway. You could see how much he relished banging the drum in the ‘Viking Row' celebrations after his two goals to beat Brazil in the World Cup's round of 16.

Berntsen, who coached Haaland between the ages of eight and 15, says: “His mum and dad are Norwegian, he left England when he was three or four, his grandparents and cousins, brother and sister, all of them are Norwegian. So it was theoretically possible (for him to play for England), but not in reality.”

Norway may have looked like the obvious destination for Haaland, but he would not have been the first player to have their head turned by another eligible nation.

Advertisement

The Football Association, the governing body of the sport in England, has to be alive to opportunities like this.

In 2020, as Haaland was making a name for himself at German club Borussia Dortmund, Gareth Southgate, England's head coach, was asked about the striker. He said: “Obviously at the younger age groups, that wouldn't have been on my radar because, when he broke into first-team football, he was pretty much already in the Norwegian youth system.

“We recruit early, but we wouldn't have been into him when he was still in Yorkshire, that's for sure. We're always trying to monitor those cases, but he was tied up pretty early by Norway, and with players like him, they're quite clear where they want to play as well.

“He feels that allegiance to the country he's playing for now and you're always very respectful of that.”

A former England youth coach, speaking anonymously to protect relationships, was asked by The Athletic if a serious approach was ever made.

“No,” the coach, who worked with the FA around the time Haaland was emerging as a teenager for Norway, said. “We were never getting him. That wasn't going to happen. They were who his dad had played for, and that was what his ambition was.”

He added: “There was no point in even trying. It was sort of tongue-in-cheek, but never on a serious level, because we come across a lot of players at those ages who you could potentially get.”

Another FA source, who worked in talent identification, acknowledged Haaland did not seriously come onto their radar until he was around 17.

The more digging you do on this subject, the more obvious it is that England never really stood a chance once Haaland had returned to Norway so young. He has, though, always reflected on and embraced those English roots.

Berntsen said: “He was proud of all his (father's) former clubs: Nottingham Forest, Leeds and (Manchester) City. All three have been part of Erling's history, and Leeds is special since he was born there.”

In a piece he wrote for The Athletic last month, Michael Vigrestad, one of Haaland's junior-level team-mates and friends in Bryne, recalled how the forward would wear City or Leeds shirts when they played together at weekends.

Advertisement

Today, as one of the highest-profile footballers in the world game and City's star player, Haaland has grown too shrewd to pin his colours to any one mast. However, in 2017, when he was 16, he was quoted by Aftenposten, a Norwegian newspaper, as saying: “I want to be the best (footballer) possible.

“The dream is to win the Premier League with Leeds. In addition, the goal is to become a better player than my dad was. I hope to get more caps than he did.”

He's become more coy about his links to the Yorkshire city since then.

Former Leeds player Stuart Dallas has told how Haaland whispered, “Marching on together”, the title of the club's long-time fan anthem, in his ear as the pair swapped shirts after an international game between Norway and his Northern Ireland side.

In 2000, two Leeds supporters were murdered in the Turkish city of Istanbul on the eve of a UEFA Cup (now Europa League) semi-final first leg meeting with Galatasaray. In January this year, Haaland scored against Galatasaray for City in the Champions League. As he celebrated the goal, Haaland momentarily put a clenched fist across his chest in front of the opposition supporters. It looked every inch the salute Leeds fans hold dear around the world.

In 2018, when he was with Norwegian side Molde, Leeds tried to bring Haaland back to his hometown club. He was given a tour of their Elland Road stadium and the training ground, but Red Bull Salzburg of Austria ultimately blew them out of the water with their offer.

Haaland was born in England, took his first steps in England, treasures English clubs and plays for a club in England, but he has become Norway's best chance of dumping England out of this World Cup.

Spot the pattern. Connect the terms

Find the hidden link between sports terms

Play today's puzzle","{'href': 'https://www.nytimes.com', 'title': 'The New York Times'}","soccer"
"https://news.google.com/rss/search?q=fifa+world+cup","Lionel Messi has spent 63% of this World Cup walking — but he is always ready to pounce","https://www.nytimes.com/athletic/7434324/2026/07/11/lionel-messi-walking-world-cup-argentina/","Sat, 11 Jul 2026 07:29:49 GMT","

World Cup

FIFA World

Cup 2026

 (Illustration: Eamonn Dalton / The Athletic; Getty Images)

The best players make soccer look like a walk in the park. For Lionel Messi, it often is.

Argentina's 3-2 comeback victory against Egypt in the round of 16 took an emotional toll, with Messi uncharacteristically bursting into tears after the final whistle. Physically, though, he hardly broke a sweat.

Advertisement

As in every game he has played at this tournament, Messi spent most of it walking. Walking has accounted for 63 per cent of his movement across the World Cup, a share that is far clear of any other outfield player in the competition.



And even these strolls were among his more energetic movements, with Messi spending a further 25 per cent of the match simply standing still. Occasionally, 8.6 per cent of the time to be precise, he breaks into a jog, lagging far behind the tournament average of 23 per cent, while he rarely accelerates into a sprint.

It is tempting to put this down to age: a 39-year-old carefully managing his body, conserving his energy for the most decisive moments. But while he no longer has the same explosiveness over short distances, ambling about has always been part of Messi's game. In 2024, he told Clank Media that, when asked to do running drills for his Argentinian boyhood side Newell's Old Boys, he “used to hide behind a tree”.



But behind that idleness lies a ruthless efficiency. Messi ranks third for touches in the attacking third, has created the third-most big chances with 15, and, alongside Kylian Mbappe, leads the race for the Golden Boot with eight goals.

The volume of Messi's walking starts to make more sense when you look at where those steps are taken. While he can be seen patrolling across the length and width of the pitch, the heatmap below, using FIFA's tracking data, shows that his walking is most concentrated in that familiar inside-right pocket between the centre circle and the penalty area.



That is where Messi is at his most dangerous, able to take the ball on the turn and drive at the back line. Before the quarter-finals, he had received the ball 97 times between the opposition's midfield and defensive lines, the sixth-highest total in the competition.

Advertisement

Not wanting to draw attention or be pulled outside his favoured area, Messi creates space here through subtle adjustments rather than explosive sprints. Rather than making the run himself, he lets his team-mates move the defence for him.

Against Cape Verde, Argentina attack down the right, with the quick runs around Messi dragging the back line across to that side. As the defence shifts one way, Messi simply takes two steps in the opposite side. He is now free, positioned almost equidistant from four players, but without any one defender having clear responsibility for him.



Raphael Varane, the former Real Madrid, Manchester United and France defender who played against Messi 21 times, including the 2022 World Cup final, told The Athletic that Messi is a master at drifting into these areas of uncertainty.

“You really have to communicate a lot with team-mates to know who should do what,” he said. “Messi's speciality was walking in areas where you don't know who should defend (him). Is it the midfielder? Is it the full-back? Is it the (central) defender?”

That perceptiveness, knowing when defenders' attention has been pulled elsewhere, is especially useful when Argentina attack at speed. With runners bursting beyond him and defenders forced into recovery runs, Messi hangs back, waiting for space to open at the edge of the box.

It was how he scored his opening goal in Argentina's 2-0 group-stage win over Austria, sauntering to the edge of the D unnoticed while defenders scrambled back to pick up runners in behind, before applying a trademark finish.



That ability to escape detection at walking pace also helps Messi beat the offside trap. When defensive lines push up, he is in no rush to return onside, choosing instead to linger out of view as he drifts back into position.

Once defenders have lost track of him, he makes one sharp movement to return onside before darting in behind, as he did for his goal against Cape Verde, stealing a blindside run on centre-back Diney before latching onto Lisandro Martinez's flighted pass.



That run captures one of the main reasons Messi's walking is so dangerous: it lulls opponents into a false sense of security, and when he does burst forward, defenders are left flat on their heels.

Advertisement

Before Manchester City's match against Barcelona in 2016, Messi's former coach Pep Guardiola outlined that dynamic. “It looks like he's just ambling around and maybe he's the guy who runs least in the Spanish league but, boy, when that ball reaches him, he knows the complete time-space X-ray of who is where. Then… pow!” said Guardiola.

These selective, sudden bursts are kept for the moments when Messi can do the most damage. The plot below shows that when Messi does run, he is almost always moving forward. Of his runs with Argentina in possession, 71 per cent have ended in the final third and 21 per cent in the box.



Rene Meulensteen, Australia's assistant coach when they faced Argentina at the 2022 World Cup, experienced this first-hand. “He spent 80 per cent of his time just wandering in our match and comes to life in the final third where he knows he can do something that matters,” he told The Athletic.

One such burst is shown below from the Cape Verde game, where Messi sidles up to the edge of the box before a sudden acceleration catches midfielder Kevin Pina by surprise, leaving him grasping as Messi gets a shot off inside the area.



Given how dangerous Messi can be even at walking pace, defenders might be tempted to get touch-tight and smother him completely. But as former Arsenal defender William Gallas, who played against a young Messi for Barcelona and Argentina, explained, it is not so simple.

“Even if he was walking, what you wouldn't want as a defender is for him to receive the ball, so you would think about getting close to him,” he told The Athletic. “But if you get close to him, he has already won that battle because if he doesn't get the ball, you've allowed space behind you to be created and that's exactly what he wants.”

An example of that perilous trade-off is shown below. Diney tries to step up aggressively on Messi, only for Messi to peel away into the space vacated by the centre-back, run onto Lautaro Martinez's pass and go one-vs-one with goalkeeper Vozinha.



Above all, Messi's stillness plays into his preternatural game intelligence, giving him the calm perspective to digest the chaos around him and identify the vulnerabilities he can attack. Guardiola has talked about how Messi uses the opening 10 minutes to stroll about, building a mental picture of the game in front of him.

Advertisement

Yet in Argentina's 3-2 victory over Egypt, Messi showed that he is constantly recalibrating that mental map throughout the course of the game. With his country two down with 15 minutes remaining, Messi, from his usual detached vantage point, plotted a new route through Egypt's defence, one that felt like a throwback to his earliest days.

As the heat maps below show, Messi's early Barcelona career saw him operate as a dribble-heavy, touchline-hugging winger before he gradually moved into a more advanced, infield position. He turned the game by shifting back to the wing and, although he no longer possesses the same explosiveness, his dribbling ability remains elite, with Egypt's left flank unable to cope.



It was another example of Messi adapting his movement to the ebb and flow of the game. When Argentina are struggling to build, Messi drops deep to inject quality into their play. His movement can look sluggish, but it is never predictable.

Messi's walking does come with a cost out of possession. Modern tactics often demand aggressive collective pressing from the entire team, something Messi does not offer, nor is he especially active when it comes to tracking back either. That leaves his team-mates with a greater defensive burden, but as Pablo Zabaleta — Messi's former international team-mate and now part of FIFA's Technical Study Group for the summer — told The Athletic, it is a cross that they are more than willing to carry.

“If the strikers need to run twice as much, they will do that,” he said, recalling that when he played with Messi, “he would bring those moments of magic” on the ball. Preserving Messi for those critical attacking moments far outweighs the need for extra defensive cover.

To an untrained onlooker, Messi's strolling carries the aloof detachment of a disinterested player on the fringes. But that is exactly what he wants you to think. Behind those long stretches of inactivity lies a mind as quick as ever, ready to pounce.

Spot the pattern. Connect the terms

Find the hidden link between sports terms

Play today's puzzle","{'href': 'https://www.nytimes.com', 'title': 'The New York Times'}","soccer"
"https://news.google.com/rss/search?q=fifa+world+cup","Argentina vs Switzerland: World Cup quarterfinal","https://www.aljazeera.com/sports/2026/7/11/argentina-switzerland-fifa-world-cup-quarterfinal-messi-prediction-news","Sat, 11 Jul 2026 07:01:08 GMT","

Lionel Messi's Argentina faces Breel Embolo's Switzerland for a place in the semifinals of the FIFA World Cup 2026.

Save

Share

Three wins to go. How can your team reach the final and win the World Cup 2026? Click here to find out.

Who: Argentina vs Switzerland
What: FIFA World Cup 2026 – Quarterfinal
Where: Kansas City Stadium in Kansas City, Missouri, the United States
When: Saturday at 8pm (01:00 GMT on Sunday)
How to follow: We will have all the build-up on Al Jazeera Sport from 22:00 GMT before our live text commentary stream.

After two gruelling knockout contests, defined by controversies more than goals, Argentina enter the business end of the World Cup.

The reigning champions outclassed most title contenders in the group stage, thanks to the unstoppable striking force of Lionel Messi.

But their unconvincing, stuttering run in the knockout phase – where they were pitted against far inferior opponents – has raised a question: Can Argentina really retain their title?

Up next for the two-time world champions is Switzerland, who have quietly made a remarkable return to the quarterfinals for the first time in 72 years.

The impressive duo of Breel Embolo and Johan Manzambi has won Swiss hearts, and Saturday's clash offers them a chance to seek revenge for a World Cup defeat by Argentina in 2014.

Argentina had a strong showing in the first round, topping Group J by beating Austria, Jordan and Algeria. In the round of 32, they were pushed to their limits by Cape Verde before squeezing past 3-2 in extra time, and came from two goals down to beat Egypt 3-2 in a controversial last-16 contest which drew allegations of officiating bias.

Switzerland topped Group B with an unbeaten record, winning against Canada and Bosnia and Herzegovina, and drawing with Qatar. They beat Algeria 2-0 in the round of 32 and beat Colombia 4-3 on penalties to reach the quarterfinals for the first time in 72 years.

What started out as a confident campaign has slowly turned into a shaky title defence for Argentina.

Tournament debutants Cape Verde – the smallest nation to play in the World Cup knockouts – gave Argentina a wake-up call, forcing the reigning champions to dig deep for victory.

The Argentinian suffering continued in the next game, where they trailed 2-0 against Egypt before turning it around in stoppage time – in a contest where the opposition accused the referee of favouring the title holders.

These performances have pushed Argentina down to fourth in the pecking order of the favourites, while they've also slipped from the top spot to number two in the FIFA rankings.

It has instilled the belief in the Swiss camp that beating Argentina is not out of reach.

“We're up against the defending champions, which is a unique opportunity. ‌At the same time, we've realised that Argentina are not invincible,” Switzerland coach Murat Yakin said.

“It should be an interesting match from a tactical point of view.”

At 39, when most players' careers are long behind them, Messi is proving that age is just a number.

In his sixth and possibly last World Cup, Messi has maintained a perfect record, scoring in each of Argentina's five matches so far. His eight goals keep him second in the Golden Boot race, only behind France's Kylian Mbappe, who has also scored eight goals but has played a game more, on account of assists.

Although no longer at his athletic peak, Messi is still very much carrying the burden of the goal-scoring duties for his national team – and rescued them from early elimination in the round of 16 with a goal and assist.

In a rare show of emotion, he even broke down after that game, saying he was desperate for his World Cup journey to continue.

But after his own admission of fatigue after playing 120 minutes against Cape Verde and pushing hard against a resilient Egypt, Messi's ageing body is fighting to keep up with the gruelling demands of tournament football.

As the stakes get higher and the margins for error reduce, it begs the question: Will age finally catch up with him?

The Opta supercomputer gives Argentina a 57.1 percent likelihood of winning in regulation time, while Switzerland's chances of winning are 18.7 percent.

The model estimated a 24.2 percent probability of the game going to extra time.

To check the TV listings for your country, head to FIFA's TV listing schedule here.

 



 

The winner of the Argentina vs Switzerland match will face either Norway or England in the semifinals in Atlanta on Wednesday.

The two countries have met seven times, with Argentina winning five of those matches, while two ended in a draw.

Argentina have also won both of their World Cup games against Switzerland: 2-0 in a group game in 1966 and 1-0 in the round of 16 in 2014, which was also the last meeting between the sides in any competition.

Only ⁠three players remain from the 2014 meeting: Messi, Swiss captain Granit Xhaka, and defender Ricardo Rodriguez.

While no injuries are reported in the Argentina camp, Switzerland's Manzambi and Jaquez are out with knee and muscle injuries, respectively, while Aebischer is doubtful.

Manzambi, Switzerland's 20-year-old breakout star, also missed the last game.

(4-1-3-2): Martinez (goalkeeper); Molina, Romero, Lisandro, Tagliafico; Paredes; De Paul, Enzo, Mac Allister; Messi, Lautaro

(4-2-3-1): Kobel (goalkeeper); Zakaria, Elvedi, Akanji, Rodriguez; Freuler, Xhaka; Vargas, Rieder, Ndoye; Embolo

 



 



















Follow Al Jazeera English:","{'href': 'https://www.aljazeera.com', 'title': 'Al Jazeera'}","soccer"
"https://news.google.com/rss/search?q=fifa+world+cup","Today's FIFA World Cup 2026™ Games: Listen Live on SiriusXM","https://www.siriusxm.com/blog/world-cup-quarterfinal-games","Sat, 11 Jul 2026 06:12:45 GMT","

Tune in to every knockout match live throughout the tournament on car radios and the SiriusXM app.

The FIFA World Cup 2026™ quarterfinals continue today as Spain takes on Belgium for a place in the semifinals. SiriusXM listeners can hear every remaining quarterfinal match live from kickoff to the final whistle.

 

The quarterfinals conclude Saturday, July 11, with Norway facing England followed by Argentina taking on Switzerland. The four quarterfinal winners will advance to the FIFA World Cup 2026™ semifinals, which begin Tuesday, July 14.

Hear every FIFA World Cup 2026™ match live on FOX Sports on SiriusXM (Ch. 83) in your car and on the SiriusXM app.

Plus, tune in to SiriusXM FC (Ch. 157) anytime for around-the-clock World Cup highlights and analysis, exclusive soccer shows, and more.

Listen Live to Every England FIFA World Cup 2026™ Match on SiriusXM

Listen Live to Every Spain FIFA World Cup 2026™ Match on SiriusXM

Listen Live to Every Argentina FIFA World Cup 2026™ Match on SiriusXM

Listen Live to Every France FIFA World Cup 2026™ Match on SiriusXM","{'href': 'https://www.siriusxm.com', 'title': 'SiriusXM'}","soccer"
"https://news.google.com/rss/search?q=site:goal.com","Watch Norway vs England World Cup game LIVE: Online streams, TV channel, early teams news, start time","https://www.goal.com/en-us/news/watch-norway-v-england-live-stream-online-tv-channel/bltec1f56111e8bd162","Sat, 11 Jul 2026 03:21:27 GMT","

How to watch the World Cup match between Norway and England, as well as kick-off time and team news

Today's game between Norway and England will kick-off at Jul 11, 2026, 5:00 PM.

READ MORE: Today's FW2026 TV schedule

Norway vs England is available to watch live in the United States across several platforms. TV channel and live stream options are listed below.

FOX

Click here

Telemundo

Click here

Fubo

Click here

DirecTV Stream

Click here

Sling TV

Click here

Peacock

Click here

Fox One

Click here

Norway and England meet in Miami for a place in the World Cup semi-finals, with Staale Solbakken's side looking to extend one of the tournament's great stories and Thomas Tuchel's men determined to keep their own title ambitions alive.

Erling Haaland has been the central figure in Norway's run to the last eight. The Manchester City striker scored a late brace to dump Brazil out in the round of 16, a result he has described as still feeling surreal. He scored in both group stage matches against Iraq and Senegal, then delivered the winner against Ivory Coast in the last 32. His record in qualifying, 16 goals across eight matches, set the tone.

Young Player of the Tournament

FIFA Power Rankings Explainer

Attacking

Creativity

Defending

But Norway are not a one-man operation. Solbakken has built a squad with genuine depth and collective quality, and their ability to grind out results — including a 1-2 win over Brazil and a 1-2 victory against Ivory Coast — shows a team that knows how to win ugly when required.

England arrive in Miami having beaten Mexico 3-2 in their last-16 tie, though the win came at a cost. Thomas Tuchel's squad has been hit by a sickness bug in camp, with Declan Rice missing two successive training sessions and his availability for Saturday's match in serious doubt. Jarell Quansah is also suspended, leaving Tuchel with decisions to make at right-back, where Reece James, Djed Spence, and Ezri Konsa are all options.

Jude Bellingham has been the creative heartbeat of England's campaign, while Harry Kane has been in the form of his life, making a mockery of past criticism about his performances at major tournaments. Kane's goals and Bellingham's drive give England a threat to match anything Norway can offer.

Former Norway international John Arne Riise has backed Haaland to overpower England's defence, while ex-Three Lions defender Des Walker has been wrestling publicly with the question of how to stop the striker. It is the fixture's defining tactical puzzle.

Here is everything you need to know about how to watch Norway vs England live, including TV channel and live stream options in the United States.

If you are travelling abroad or just want to access your usual streaming services from a different part of the world, you may run into geo-restrictions. This is where a Virtual Private Network (VPN) comes in handy.

A VPN, such as ExpressVPN, allows you to establish a secure, encrypted connection online. By virtually changing your location to a country where the game is being broadcast, you can bypass blackout restrictions and watch your favourite team live. A step-by-step guide is described later in this article, or you can also check out our guide to the best VPNs for streaming sports.

Staale Solbakken has not confirmed a probable lineup for Norway, and no injuries or suspensions have been reported in the camp ahead of the quarter-final. Updates will be added closer to kick-off if new information becomes available.

Thomas Tuchel faces a more pressing set of concerns with England. Declan Rice has missed two consecutive training sessions due to a sickness bug that has spread through the squad, leaving his participation in serious doubt. Jarell Quansah serves a two-match suspension, creating a vacancy at right-back that Reece James, Djed Spence, and Ezri Konsa are competing to fill. Marc Guehi is also managing a knock picked up during the Mexico game. No probable lineup has been confirmed, and further updates are expected before kick-off.

J. Henderson

J. Quansah

NOR - Form

ENG - Form

Norway head into the quarter-final with four wins from their last five World Cup matches, their only defeat coming against France, who beat them 4-1 in the group stage. They have recovered emphatically since, beating Senegal 3-2, Ivory Coast 1-2, and Brazil 1-2 in the round of 16. Across those five matches, Norway have scored 10 goals and conceded 10, though their most recent performances suggest a tightening defensive structure.

England have been even more consistent, winning four and drawing one of their last five. Their solitary dropped points came in a 0-0 draw with Ghana in the group stage. They beat Croatia 4-2, Panama 2-0, DR Congo 2-1, and most recently Mexico 3-2 in the round of 16. England have scored 11 goals across those five fixtures and conceded five, with their attack showing no signs of slowing.

Last 2 matches

0

Wins

0

Draws

2

Wins

England

1

-

0

Norway

Norway

0

-

1

England

Goals scored

The head-to-head record between these two nations is limited in recent history. England beat Norway 1-0 in a friendly in September 2014, the most recent meeting between the sides. Before that, Norway hosted England in May 2012, with the Three Lions winning 1-0 away. England have won both of the last two encounters, though neither match carried competitive stakes.

Norway finished second in Group I, while England topped Group L to advance to the knockout rounds.

Watching on your phone or laptop is fine, but live sports belongs on the big screen. Here is how to get the VPN working on your TV:

Add GOAL.com as a preferred source on Google to see more of our reporting","{'href': 'https://www.goal.com', 'title': 'Goal.com'}","soccer"
"https://news.google.com/rss/search?q=site:goal.com","'I sacrificed everything'","https://www.goal.com/en/lists/sadio-mane-senegal-international-retirement-world-cup-exit/bltf1e249f0e7c5c89c","Sat, 11 Jul 2026 06:41:19 GMT","

Senegal icon Sadio Mane has officially announced his retirement from international football following the country's recent elimination from the World Cup. The 34-year-old forward calls time on a legendary 14-year career with the Lions of Teranga, during which he earned 130 caps and famously secured continental glory.

Senegal football icon Mane has officially announced his retirement from the international stage following his country's elimination in the round of 16. The former Liverpool forward's momentous decision was made public via the Senegalese outlet Le Quotidien, just days after a painful 3-2 defeat against Belgium in North America.

In his poignant written farewell letter from Dakar, Mane demonstrated his humility by apologising to the Senegalese public for any shortcomings or disappointments during his time representing the national team. 

The captain emphasised the total commitment and ultimate sacrifices he consistently delivered every time he donned his country's historic jersey on the pitch. Mane stated in his official release: ""Know that I sacrificed everything for this flag. I gave my best and I always fought fiercely for our country."" 

He also expressed his deep appreciation to the supporters: ""Your constant support has been the engine of my success.""

Mane's international career will forever be remembered as the most glorious period in his nation's footballing history, thanks to capturing two Africa Cup of Nations (AFCON) titles – though the latter was stripped after a walkout saw them leave the pitch during the 2025 final in protest over a penalty decision.

Although his impact at the 2026 World Cup was limited due to only regaining fitness towards the end of the tournament, the number 10 remains an enduring symbol of modern African football. After hanging up his boots for his country, the former Metz player immediately reaffirmed his desire to remain heavily involved in the sport.

Mane revealed his future plans for domestic football: ""Tomorrow, I will gladly put my experience at the service of the nation, whether within a technical staff, on the sidelines as a coach, or in the governing bodies.""

Add GOAL.com as a preferred source on Google to see more of our reporting

The captain's international retirement forces the Senegal national team to immediately execute a squad regeneration and overhaul their attacking frontline ahead of the next international cycle. Meanwhile, Mane can now focus entirely on the remainder of his club career without the added physical strain of a demanding international calendar.","{'href': 'https://www.goal.com', 'title': 'Goal.com'}","soccer"
"https://news.google.com/rss/search?q=site:goal.com","Man Utd's £50m Andrey Santos signing is 'strange' and 'a gamble' as ex-Red Devils and Chelsea stars agree on transfer verdict","https://www.goal.com/en/lists/man-utd-andrey-santos-transfer-chelsea-nicky-butt-emmanuel-petit-verdict/blt0dd2feddc44836d7","Sat, 11 Jul 2026 06:45:30 GMT","

Nicky Butt has questioned Manchester United's reported £50 million move for Andrey Santos, arguing the Brazilian has yet to prove he is ready to start at Old Trafford. Emmanuel Petit has also described the transfer as a gamble, warning the midfielder must rebuild his confidence if he is to succeed.

United legend Butt has cast doubt on the club's reported move for Chelsea midfielder Santos. Sky Sports reports that United have agreed a deal worth up to £50 million for the 22-year-old, but Butt believes the fee demands an immediate impact.

While Butt accepts the Red Devils need to strengthen their squad depth, he argued Santos would not arrive for such a significant fee simply to provide cover. Instead, he believes the Brazilian would be expected to become a regular starter despite having limited experience at the highest level.



Speaking exclusively to Paddy Power, Butt explained why he struggles to understand the reported transfer. He stressed that signing young players is important, but questioned whether Santos has shown enough to justify a £50m investment and an immediate place in the starting XI.

""If he's brought in at £25-30 million you could understand it... But he's not being signed for £50m to just be sat on the bench, he has to be a starter. I've seen him play a few times but nothing stands out that makes you go, 'wow, he's got great ability on the ball or he's a powerhouse',"" Butt explained.

""It's either genius by the recruitment team and they're saying, ‘this lad is going to be the next big thing, we'll pay the £50m quick and throw him straight in the deep end'. But by virtue of him only starting 13 games for Chelsea last year, who finished 10th, it doesn't scream out a good signing to me. I hope I'm wrong, I hope he turns out to be a great player and blows us away. 

""This lad's barely played 10 games. It's a strange one, it's not one I'm jumping around going, ‘what a signing, I'm really happy with it'. We need players in midfield that make us a lot better. I really don't like having a go at young players or new signings before they go and prove themselves, but it's one where they're buying potential over someone that's done it.""

It isn't just former United players who are worried; ex-Chelsea midfielder Petit also believes the move is fraught with risk. Speaking to BOYLE Sports, who offer football odds, Petit suggested that Santos needs a complete mental reset if he is to succeed under the pressure of the Champions League at United.

""Andrey Santos to Man Utd is a gamble for both him and the club,"" Petit said. ""Andrey Santos had a great season with Strasbourg before returning to Chelsea, where he didn't play often or perform as expected. 

""The dynamic at Manchester United is different now, they are in the Champions League and need to keep improving. Andrey needs to recover his confidence. He has the quality, but does he have the mindset? Joining United after a difficult period at Chelsea is a gamble, for him and the club.""

Add GOAL.com as a preferred source on Google to see more of our reporting

If Santos completes the reported move, expectations will be high given the size of the transfer fee. Both Butt and Petit believe the Brazilian will face immediate pressure to deliver, with little time to adapt if he is expected to become a key figure in United's midfield.","{'href': 'https://www.goal.com', 'title': 'Goal.com'}","soccer"
"https://news.google.com/rss/search?q=site:goal.com","Tottenham spending £100m on Sandro Tonali is further evidence of a market that's gone mad: GOAL grades the biggest deals of the 2026 summer transfer window","https://www.goal.com/en/lists/summer-transfer-window-2026-biggest-deals-graded/bltba6505bafe3b2faa","Sat, 11 Jul 2026 02:40:20 GMT","

For some football fans, the summer is the part of the calendar that they look forward to the most - and that's not just because it's filled by a World Cup every four years! Rather, it's because the end of the season means only one thing: It's time for transfers! The 2026 window is once again proving to be busy, with some huge names making big-money moves before deadline day on September 1.

We know that some transfers turn out well for all parties involved, but there are plenty where at least one of the clubs, or even the player, are left wondering what might have been had they made a different decision while at the negotiating table.

GOAL is here, then, to ensure you know who did the best out of every massive deal before the players have even been officially unveiled. Throughout the summer window, we will be grading every done deal as it happens, letting you track the big winners - and losers - of transfer season.

Check out all of our grades below, and let us know what you think in the comments section...

For Chelsea: Chelsea's strange summer continues as they agree to sell one of their promising young players to a direct rival for a top-four finish in the Premier League. Andrey Santos seemed to be developing nicely after he returned from his successful loan with sister club Strasbourg to become part of the first team, featuring regularly throughout the 2025-26 campaign and often impressing as he deputised for Enzo Fernandez and Moises Caicedo. If Fernandez leaves, as seems likely, then new manager Xabi Alonso will be left very short of options. However, the 22-year-old clearly hasn't been deemed untouchable, and Man Utd's offer of £48m ($64m) plus £2m in add-ons for a midfielder who isn't yet a guaranteed starter was evidently too good to turn down. This is the BlueCo model in action; Chelsea are set to make a significant profit on Santos, who was signed as a young, high-potential player from Brazilian club Vasco da Gama for £16m in 2023. The cynical business decision leaves a bit of a sour taste, but the substantial money on offer means the deal was probably too good to turn down. However, if Santos develops into a world-class talent at Man Utd, this is not a deal that will be reflected upon fondly. Grade: B-

For Man Utd: One of those transfers that is a little puzzling from all parties. Having missed out on primary midfield targets Elliot Anderson and Matheus Fernandes to Man City and Tottenham respectively, Man Utd have panickedly turned to Santos as they look to avoid a scenario where Mason Mount is their only recognised senior midfielder when their pre-season campaign begins on July 18, with Kobbie Mainoo still at the World Cup with England. It has been reported that United's decision-makers were 'calm' after the pursuit of Fernandes came to nothing, but Santos is not at the same level as their previous targets and a £50m package is steep for a player who Chelsea were clearly willing to part with. The Red Devils do need bodies in the middle of the park following Casemiro's exit and the serious injury suffered by Manuel Ugarte, but they have overpaid here for someone who will not be a guaranteed starter once the transfer window is over. The hope will be that, at 22, he still has plenty more levels to reach. Grade: C

For Andrey Santos: Perhaps motivated by the fact that he was left out of Carlo Ancelotti's Brazil squad following a season where he was in and out of the Chelsea team, it has been reported that Santos is leaving the Blues in search of 'regular first-team football'. Whether or not he will find more minutes at Old Trafford than he was afforded at Stamford Bridge remains to be seen, and much will depend on who else United bring in, with his compatriot Ederson also inbound and others likely to follow amid the club's midfield revamp. Santos might feel like he needs a fresh start away from the chaos at boardroom level and churn in the dugout at Chelsea, although there is no guarantee that Man Utd will be able to provide any more long-term stability. They can, however, offer Champions League football, which will inherently mean more minutes given Santos' soon-to-be former employers haven't qualified for any form of European football. Effectively, it will be up to the player to ensure he establishes himself as a key figure in his new surroundings. Grade: B

Krishan Davis

For Newcastle: The bubble has well and truly burst! When Newcastle qualified for last season's Champions League, after ending their trophy drought by upsetting Liverpool in the Carabao Cup final, supporters were dreaming of their state-sponsored club becoming England's answer to Qatar-backed Paris Saint-Germain. However, the Reds then gave the Magpies a brutal reminder of their place in the Premier League pecking order by taking Alexander Isak away from them in the most torturous of circumstances. Had Newcastle spent that then-British-record fee well, things might still have worked out well. Instead, millions of pounds were blown on panic-buys such as Yoane Wissa, Nick Woltemade and Anthony Elanga, resulting in Eddie Howe's team finishing 12th in the table. It was clear that Anthony Gordon was leaving long before the end of a catastrophic campaign, but it is Tonali's departure for Tottenham - of all teams - that really represents the death of a dream. And the truly traumatising thing for the fans is that this probably isn't even the final nail in the coffin, with captain Bruno Guimaraes also certain to leave in the coming weeks. Basically, with the club's Saudi Arabian owners scaling back on their investment in sports, more misery is on the way, meaning the supporters can't even take comfort in the nine-figure fee, which is likely to be squandered anyway. Grade: F

For Tottenham: Another stunning signing. Just a day after finalising an historic £85m deal for Mateus Fernandes, Spurs decided to break their record transfer fee again for Tonali. Whether these are signs of desperation or shows of ambition are open to debate. Maybe it's just evidence of a transfer market gone mad. After all, if Elliot Anderson is worth £116m, why wouldn't Tonali command a similar fee?! The Italy international has unquestionably proven himself one of the best midfielders in the Premier League over the past couple of seasons and he looks an even better bet to flourish under compatriot Roberto De Zerbi than Fernandes. Of course, paying this much money for a 26-year-old who still has much to prove at the very highest level is still a gamble - and one that Spurs desperately need to pay off. For now, though, the fans probably won't care. After years of being frustrated by the prudent/miserly approach to the transfer market overseen by former executive chairman Daniel Levy, they've now seen their club blow Premier League rivals out of the water to sign one of the most-coveted midfielders on the market. Grade: B+

For Tonali: A most unexpected move. The presumption was that if Tonali were to leave the club that stood by him during his illegal betting ban, it would be for one of Europe's strongest sides. He has instead joined a team that finished 17th in the Premier League in each of the past two seasons. So, what gives? Obviously, there was never any chance of a Serie A side having sufficient cash to grant Tonali's reported wish to return home, and even England's elite were understandably put off by Newcastle's asking price. As a result, Tonali has ended up at Tottenham, where he's now set to spend his peak years - which is undeniably odd. Still, if De Zerbi stays at Spurs for more than two seasons - and that's a big 'if' - maybe this move will work out well for Tonali in the long run... Grade: C+

Mark Doyle

For Inter: You have to question Inter's decision to include such a lowly release clause in the contract of a player who has become one of their most important figures, albeit an ankle injury and subsequent surgery hampered Dumfries' 2025-26 campaign. Nevertheless, he is still one of the finest attacking full-backs around on his day, so €20m (£17m/$23m) represents pretty poor business for the Nerrazurri, who could have commanded a lot more in today's market for a player who still had two years to run on his deal. Inter's hands may well have been tied, in fairness; when the Dutchman renewed his contract in September 2024, he apparently demanded the clause, which was set at €25m for clubs outside of Italy in the summer of 2025 before dropping this year. Grade: C

For Madrid: This looks like another very shrewd piece of business for Real, who are developing a reputation as bargain hunters as they navigate La Liga's stringent financial rules. Dumfries is worth at least double the amount that Los Blancos have paid, and that fee is well below the €30m Los Blancos had reportedly set aside for a new right-back to compete with Trent Alexander-Arnold following club legend Dani Carvajal's exit. However, like his English counterpart, Dumfries is another right-sided defender who is arguably more effective going forward than he is at the back, leaving Madrid with something of an imbalance in that position that could be exploited by better teams. At 30, he also isn't exactly a long-term alternative, but for such a low fee it's hard to argue that he can't be a decent stop-gap for a couple of seasons at least. Grade: A

For Dumfries: This kind of move, at this stage of his career, is exactly the reason why Dumfries will have wanted that release clause included in his contract. He's been a loyal servant to Inter since arriving from PSV in 2021, providing 55 goal contributions in 207 appearances from right wing-back while helping the Nerazzurri claim the Serie A title in both 2023-24 and 2025-26, and reach two Champions League finals. He has certainly earned what will potentially be his last big move, and his low price tag means the pressure will be somewhat off at the Bernabeu. It will be very interesting to see whether he keeps Alexander-Arnold out of the team, having reportedly had conversations with Jose Mourinho about the role he will play. Grade: A+

Krishan Davis

Add GOAL.com as a preferred source on Google to see more of our reporting

For Forest: Maybe some mixed emotions. On the one hand, Forest will be sad to see Anderson leave, given he played such an integral role in them first qualifying for the Europa League, and then making it all the way to the semi-finals last season. Anderson was the fulcrum of the team. Absolutely everything went through him, so replacing him will not be easy. At least money won't be an issue, though. Whether the true fee is £116m or £130m (Forest say the latter), it's a colossal amount of cash for a player signed for just £35m two years ago. So, while Anderson will clearly be missed at the City Ground, the overriding emotion at boardroom level will be satisfaction, because Forest have taken City to the cleaners here. Grade: A

For Man City: Their new Rodri. Or, at least, he better be. Although Rodri has yet to make clear his intentions, all signs point to the Ballon d'Or winner leaving the Etihad this summer to return to his native Spain - and even if he doesn't, City needed a worthy heir to the 30-year-old's throne anyway. After all, it's not as if Nico Gonzalez or Matheus Nunes has ever really convinced in the No.6 role. Anderson looks the part, though. He's a proven Premier League player who had more touches and won more duels than any other player in England's top-flight last season, meaning he looks like a perfect fit for Enzo Maresca's midfield. There is simply no denying, though, that this is the ultimate example of the ‘English tax'. Anderson is a very good player who, at 23, could eventually become a great one. But he's coming off the back of a couple of good seasons at Forest and has yet to even play in the Champions League. There's just no way City would have had to pay a nine-figure fee for Anderson if he were still representing Scotland at international level - rather than England. Grade: C

For Anderson: The right move at the right time. Anderson has clearly outgrown Forest. He's shown he has the potential to play at the highest level and he's now going to get the chance to do so at City. The size of the fee will bring with it an awful lot of pressure and Anderson wouldn't be the first promising young England midfielder to struggle at the Etihad. However, the 23-year-old looks a more complete footballer than Kalvin Phillips at the same age, and the big, big difference between their respective situations is that it doesn't look like Rodri won't be standing between Anderson and a starting spot. So, while there's a lot of uncertainty surrounding the post-Pep Guardiola era at City, this is a glorious chance for him to establish himself as one of the best central midfielders in Europe. Grade: A+

Mark Doyle

For West Ham: A massive fee that will go a long way towards cushioning the economic impact of relegation from the Premier League. It was clear as soon as the Hammers went down that some major sales would be required, and Fernandes was one of their most valuable assets, a classy midfielder who was attracting plenty of admiring glances from rival clubs even before their fate was sealed on the final day of the season. His departure, thus, comes as absolutely no surprise. What is shocking, though, is that West Ham have managed to get exactly what they were demanding for the Portuguese despite being in a pretty poor bargaining position. For that, the club's deservedly maligned board deserve some rare credit. Grade: A

For Tottenham: Yet more confirmation that the club means business this summer. After two calamitous campaigns, the second of which very nearly ended in relegation, Spurs have moved quickly to ensure that they never find themselves in that position again, and if paying £52m for Jan Paul van Hecke was a statement of intent, this is next level. Fernandes is a very talented 21-year-old. He can play in a variety of roles and has long looked like a player that would thrive in a stronger team. It's also clear that Roberto De Zerbi believes him perfect for his style of play. However, there is an undeniable air of desperation about this deal. Spurs, as we've seen from their interest in signing Sandro Tonali too, are intent on doing whatever it takes to overhaul their mediocre midfield and were, thus, willing to pay over the odds for Fernandes to fend off interest from the likes of Manchester United. Consequently, this transfer really needs to work for Spurs - and right away - or it will quickly become another stick with which to beat the club's owners. Indeed, just to put the numbers involved in context, PSG paid Benfica €60m for Joao Neves and Fernandes is nowhere near as good as his fellow 21-year-old compatriot, so he really needs to show that he could be. Grade: C+

For Fernandes: A strange move on the face of it. Fernandes was linked with some of the game's biggest names: United, Liverpool and PSG. He has instead ended up at Spurs, the team that finished one place and two points above West Ham last season, making this look like something of a sideways move. However, the north Londoners should be a lot stronger next season and Fernandes is unquestionably the kind of midfielder that De Zerbi could help take to a whole other level. There should, of course, be some concern over how long the Italian will actually stay at Spurs, given neither party is renowned for their stability, but Fernandes will walk straight into the starting line-up, and that might not have happened elsewhere. Grade: B

Mark Doyle

For PSV: A disappointing but inevitable exit. Saibari won three consecutive titles with PSV and his influence grew incrementally during that time. It was, therefore, only a matter of time before he was snapped up by one of Europe's top teams. Some might argue that PSV could have waited until after the World Cup before setting a price for Saibari, given there was always a chance that he would shine in North America, but this is still a fine fee for a player signed from Genk for a little over €5m four years ago. It's also likely that the money will be put to good use by a club that has consistently managed to win trophies in the Netherlands despite continually having to sell their best players. Grade: B 

For Bayern: A brilliant bit of business. Saibari's market value had only increased over the past few weeks due to his sensational performances for Morocco, with the 25-year-old netting in all three of his country's World Cup group games before then converting the decisive penalty in the round-of-32 win over Netherlands. However, as sporting director Max Eberl stated when the transfer was confirmed, this was a deal that Bayern had been working on for some time. This was no reactionary move to a random player making a name for himself at a World Cup; the Bavarians had long been convinced that Saibari had the right mix of technique, industry and versatility to make a significant contribution to an already stellar forward line - and we see nothing to question that assessment. Grade: A

For Saibari: The best summer of his life. The World Cup really couldn't be going any better for Saibari, who has caught the eye of the average football fan with his dynamic displays up front for a very impressive Morocco team. Now, he's completed the classic ""dream"" move to ""one of the world's biggest clubs"", even if forcing his way into a starting line-up featuring Harry Kane, Luis Diaz, Michael Olise and Jamal Musiala could prove something of a nightmare! However, Saibari's best years are still ahead of him, he's on cloud nine right now and he understandably believes that he can prove a very useful addition to Bayern's squad. Vincent Kompany clearly agrees, because Saibari undoubtedly looks a better fit for his side's style of play than Nicolas Jackson. Grade: A

Mark Doyle

For Atalanta: Following their agreement to sell Ederson to Manchester United, this has the makings of yet another shrewd deal for Atalanta. The significant, €55m (£47m/$62m) package for Palestra represents pure profit for a player who came through their academy, but only made a handful of first-team appearances, with the club supposedly deciding some time ago to cash in rather than reintegrate Palestra following his successful loan at Cagliari. The 21-year-old becomes the fourth most-expensive sale in the club's history, and though it is perhaps a shame that Palestra won't stay in Bergamo and make an impression at the club he joined as a 10-year-old, once the likes of Inter and Chelsea expressed their interest, his head was turned and it was always likely to be an uphill battle to keep him. Grade: A

For Chelsea: An interesting marker of Xabi Alonso's influence as Chelsea manager, rather than head coach. The Spaniard reportedly signed off on this deal, and the club acted swiftly to strike an agreement with Atalanta, moving into pole position in the space of 24 hours to hijack Inter's move for Palestra. He had been widely expected to join the Scudetto winners, so this is certainly a coup in that sense. A versatile, pacy and powerful full-back, Palestra - who was named Serie A's Defender of the Year for 2025-26 - is expected to fit Alonso's system in either a back three or four, and he should be well-suited to the rigours of the Premier League. However, after splurging up to €55m, there is a sense that Chelsea have overpaid; that is a huge sum in Serie A terms, apparently blowing Inter's offer out of the water, and he is still raw at 21 with just one decent season of top-flight football under his belt. This, therefore, represents a bit of a risk. Grade: B

For Palestra: Only Palestra himself will be able to answer the question of why he has chosen Chelsea over a transfer to Inter, whose academy he played for as a boy and he is believed to have supported, but the fact the Blues' reported contract offer (close to £100,000 per week) was worth more than double what the Nerazzurri had tabled might go some way to explaining it. That said, Palestra has all the attributes to succeed in the Premier League and seemingly jumped at the opportunity to test himself in the English top-flight. He will be encouraged by Riccardo Calafiori's success at Arsenal, while fellow Italian youngster Giovanni Leoni joined Liverpool last summer in a sign that more players are ready to leave Serie A early in their careers. He may well have been swayed by Alonso's determination to bring him to Stamford Bridge, which reflects that he could be set to become a key figure under the new manager. Grade: A

Krishan Davis

For PSG: Jackpot! The European champions will be laughing all the way to the bank after finding someone willing to pay them such a ridiculous sum of money for a reserve player who didn't start a single Champions League game last season. Ramos, remember, was meant to be the answer to PSG's striking problem, but he spent the vast majority of his time at Parc des Prince sitting on the bench, as Luis Enrique found a better solution by converting Ousmane Dembele into a ‘false nine' - which hardly reflects well on the Portuguese. And nor does the fact that he's still playing second fiddle to a 41-year-old Cristiano Ronaldo at international level. So, the game's top teams were hardly lining up to sign Ramos this summer - and certainly not for an absurd €75m.  With one sensational deal, though, PSG have raised more than half of the money they'll need to sign Yan Diomande, a player who will actually improve their attack. Grade: A+

For Milan: Mind-blowing, simply mind-blowing. Let's get something out of the way immediately: Ramos is a good striker. He showed great potential at Benfica and proved he can make an impact off the bench at PSG by netting 45 times across three seasons. However, his price tag makes no sense, and particularly for a Milan side that is hardly flush with cash. Consequently, supporters, pundits and journalists in Italy are presently scrambling around trying to find out what exactly has gone on here. While this transfer could well mean that Rafael Leao will soon leave San Siro, the fact that Jorge Mendes is involved has inevitably provoked plenty of conspiracy theories, while it's also been pointed out that Milan owner Gerry Cardinale has a good relationship with PSG president Nasser Al-Khelaifi. Nobody knows for sure, though, why Milan felt compelled to pay a club-record fee for Ramos. Again, to be clear, we do think he'll score goals in Serie A, particularly as he should provide everything Ruben Amorim wants from his No.9. But this is the most expensive signing in Italy since Inter signed Romelu Lukaku, and Ramos doesn't actually offer anything like the same guarantee in terms of goals. Grade: D+

For Ramos: A long overdue opportunity for the perennial understudy to be a leading man. We thought when Ramos hit a hat-trick for Fernando Santos' Portugal at the 2022 World Cup that a star had been born. However, rather than build his Portugal attack around a centre-forward of real promise, Santos' replacement, Roberto Martinez, opted to stick with Ronaldo, thus holding Ramos back for years. However, it also has to be said that he's not done a particularly great job of putting Ronaldo and Martinez under any real pressure. It's been a similar story in Paris, where the common consensus is that while PSG had an enviable collection of phenomenal forwards, Ramos wasn't one of them. He was merely a good guy to bring off the bench, a decent impact sub. Crucially, he now has the chance to change that narrative. Ramos is going to be the spearhead of a new Milan, who remain one of the biggest clubs in world football. The pressure on him to justify his price tag is going to be enormous, because while this is a big fee anyway, it's absolutely gargantuan for a Serie A side. Over to you, Goncalo, it's time to prove your worth... Grade: A

Mark Doyle

For Brighton: Yet another very shrewd piece of business from Brighton, who will enhance their reputation as one of the best selling clubs around by pocketing £52m ($70m) for a player they signed for just £2m six years ago. The deal is made all the better by the fact that Van Hecke's contract at the Amex Stadium was due to expire in just 12 months' time. They will be delighted, therefore, to have generated such a significant fee for the Dutch defender, albeit it was previously reported that he was valued at £70m ($94m). They will inevitably reinvest that fee in a high-potential replacement, with Spurs prospect Luka Vuskovic notably on their radar in what would be a separate transfer after his impressive loan at Hamburg. They aren't too short on centre-back options as is, with Lewis Dunk and Olivier Boscagli on their books and Igor Julio set to return from his loan spell at West Ham. Grade: A

For Tottenham: Clearly a transfer driven by new head coach Roberto De Zerbi, who worked with Van Hecke during his time at Brighton, you can't help but feel that Spurs have been duped into overpaying for the centre-back after those reports emerged suggesting Brighton valued him at £70m, despite the fact he was on the cusp of entering the final year of his contract on the south coast. You'd think a cut-price deal for a player of his calibre should realistically have cost something in the region of £40m ($54m), but Brighton are notoriously tough negotiators and Tottenham might feel they needed to act; their Premier League rivals Chelsea and Liverpool were reported to be interested in Van Hecke, while club captain Cristian Romero looks all-but certain to move on this summer after a turbulent season, and his fellow central defender Micky van de Ven could follow suit. Tottenham are, at least, getting a Premier League-proven defender who, at 26, is yet to reach his peak, is a fine passer of the ball and has the kind of fight and leadership abilities they have been dearly lacking. The Netherlands international may well form a new-look centre-back partnership with free signing Marcos Senesi. Grade: B-

For Van Hecke: From the player's perspective, this is a move that makes a lot of sense. Having apparently made it clear that he wouldn't extend his stay at the Amex, Van Hecke takes a step up from Brighton at the midway point of his career and may well see this as a stepping stone to even bigger things after establishing himself in the Premier League. Presumably neither Chelsea nor Liverpool solidified their reported interest, so if he wants to be a guaranteed starter at a so-called ‘Big Six' club, Tottenham could be the ideal starting point - albeit they can't offer any form of European football. Having worked with the fiery Italian before, Van Hecke will know exactly how De Zerbi wants to play, which should help him settle in quickly. The only way is up really for Spurs after another disastrous domestic campaign, and a partnership with Senesi looks very strong on paper, at least - giving the side a solid defensive basis as the north Londoners move through what is likely to be a period of transition after they staved off the threat of relegation late in 2025-26. Grade: A

Krishan Davis

For Osasuna: At first glance, it might seem as though Osasuna have made a very healthy profit on a player they only signed last summer for just €5m, but the Pamplona-based side were always going to be hamstrung by a steep 50 percent sell-on clause in their deal with Real Madrid. That means €20m of his €40m (£34.5m/$45m) release clause is heading to Los Blancos, albeit a €15m (£13m/$17m) gain is still significant for a club the size of Osasuna. Munoz's exit was always likely after a season in which he made 12 goal contributions and earned a call-up to Spain's World Cup squad, and the release clause meant their hands were tied in terms of the fee. Grade: B-

For Liverpool: The first signing of the Andoni Iraola era, and more fuel for Liverpool's transfer market rivalry with Newcastle! The Magpies had identified Munoz as the ideal long-term replacement for Anthony Gordon, who has joined Barcelona, but - sensing a market opportunity - the Reds pounced to hijack their move despite talks reaching an advanced stage and the Tynesiders' own bid reportedly being accepted. Liverpool will already view this as something of a coup, then, but they will also be thrilled to sign such a highly-rated young winger for what could prove to be a bargain fee. Munoz can operate off either flank as well as through the middle, providing some much-needed quality and depth after Mohamed Salah's exit and Hugo Ekitike's injury left a gaping hole in the Reds' frontline. A direct, pacey attacker who also works hard defensively, the 22-year-old seems like the ideal fit for new Iraola's style of play, with the new head coach apparently pushing for the deal to happen. He will, however, have to make sure that the young Spaniard doesn't block Rio Ngumoha's path to becoming a bonafide superstar, although the club is reportedly confident that that won't be the case. Grade: A 

For Munoz: After both Liverpool and Newcastle had bids accepted, you'd have to think the decision between the two came down to the player, and you can't really blame Munoz for picking a move to Anfield. Despite still being just 22, he has had something of a nomadic early career and this will be his third big club already. After coming through Barcelona's famed La Masia academy system, he later ended up at Real Madrid before joining Osasuna just one year ago. This time, Munoz will be hoping to bed in and establish himself as a long-term star in his new surroundings, and his compatriot Iraola should be the perfect head coach to help him settle. He will have a fight on his hands to earn a starting place, and that may require him to improve his overall output with Liverpool still expected to go after RB Leipzig's highly-rated wing wizard Yan Diomande, but he should still see plenty of opportunities in the Reds' new-look attack thanks to his versatility. Grade: A

Krishan Davis

For Liverpool: Liverpool really were stuck between a rock and a hard place when it came to Konate's future, but this situation could have been avoided if the defender's contract wasn't allowed to run down in the first place. Had the Reds tied him to a new deal when he was at the peak of his powers during the title-winning 2024-25 campaign, then they would have been able to command a decent fee when the time came to part ways - but the Frenchman ultimately walked away for nothing following a dire individual season. As it was, it would have been downright bizarre for Liverpool to acquiesce to Konate's eye-watering wage demands (reportedly around £250,000 per week) amid a haphazard campaign that was punctuated by a string of high-profile errors, with gruelling negotiations that had dragged on for months and months coming to nothing, despite the player claiming in April that he was close to an agreement. Liverpool have, at least, already signed potential replacements in Giovanni Leoni and Jeremy Jacquet, but this was still a massive waste of everyone's time. Grade: D

For Real Madrid: Presumably, then, Real Madrid will be giving long-term target Konate the kind of astronomical wages he is after, which - despite the fact they won't pay a fee - represents a risk given how poor the centre-back was throughout Liverpool's feeble title defence. It's worth remembering that Los Blancos had reportedly decided to end their interest in the player back in November last year, which is telling. The Frenchman is a fine defender on his day, and at 27 he is probably still short of the peak years for players in his position. Real are effectively gambling on him rediscovering his best form in Spain, and he could be a relatively low-cost solution to a problem area for the club; David Alaba will leave the Bernabeu this summer, Antonio Rudiger is past his best, Eder Militao continues to be plagued by injuries and Dean Huijsen is still very young. Konate is hardly a top-class solution, however, and this has the air of a move that could very quickly go wrong given the intense scrutiny around Los Blancos, from the fans and media alike. Grade: B

For Konate: Certainly the biggest winner of this situation is Konate, who is set to get both his dream move to Real Madrid and the blockbuster wages he craves. However, he will have to settle quickly as a potential starter alongside Huijsen; in the cauldron that is the Bernabeu, there will be far less patience for the kinds of errors that plagued his final season at Anfield. Konate has followed in Trent Alexander-Arnold's footsteps by completing a free transfer to Madrid, and the Englishman's debut season struggles should serve as a warning. However, if he can rediscover his confidence and best form early, then he has the opportunity to establish himself as a key cog at one of the biggest clubs in the world in Jose Mourinho's new-look Real side. Whether that is something he is capable of, though, is far from guaranteed. Grade: A

Krishan Davis

For Man City: The loss of a legend. Bernardo is quite simply one of the finest footballers ever to play in the Premier League, a wonderfully industrious and innovative attacking midfielder who was absolutely integral to Manchester City's period of sustained success. Indeed, the Portuguese was essentially the perfect Pep Guardiola player - which is why the Catalan loved him so much and even shed a few tears during Silva's emotional farewell to the Etihad. Guardiola had hoped that the 31-year-old would finish his career at City, but this is an exit that had been coming for some time. Seeing him leave for nothing obviously isn't great from a financial perspective, but it's the least he deserved after nine years of stellar service. Still, his skill, intelligence and, perhaps most of all, personality will be sorely missed at City. Grade: D

For Real Madrid: Two reasons to celebrate. Not only have Los Blancos landed a player of outstanding quality on a free, they pipped bitter rivals Barcelona to his signature. After months of speculation - some of which Bernardo even commented on himself - a move to Camp Nou looked like a given. However, Jose Mourinho's arrival at the Bernabeu clearly changed everything. 'The Special One' made the signing of his compatriot a priority and the deal was effectively done inside 36 hours. Silva's very best days are unquestionably behind him, but he showed during last season's Premier League title race that he remains capable of imposing himself on the biggest games (his performance against Arsenal at the Etihad was outstanding). Perhaps more importantly than anything else, though, Bernardo is probably the ideal role model for the younger members of Madrid's squad, the personification of what Mourinho wants from his players, that perfect mix of talent and tenacity. In that context, it's easy to understand why Real hijacked Barca's move for the Portugal international. Grade: B+

For Bernardo Silva: The move to Spain he's sought for so long. For at least the past three summers - if not more - Silva has been linked with a transfer to one of La Liga's top teams. Time and time again, though, Guardiola convinced him to spend another season at the Etihad. There was no changing Bernardo's mind this time, though, and now he'll finally have the opportunity to play for one of the traditional superpowers of European football. Granted, Madrid are going through a tough time, having been usurped at the summit of Spanish football by Barca, but helping Mourinho put them back on their perch is a challenge he'll no doubt embrace, and enjoy. The competition for places at Real is intense and Silva isn't quite as dynamic as he once was, but, as Guardiola has pointed out, the first five yards are in your head and, in that sense, few players are as fast as the former City skipper. So, while it's perhaps a shame that he didn't move to Madrid when he was slightly younger, Bernardo has the experience and quality to emulate Luka Modric (whom Mourinho brought to the Bernabeu) by shining in Spain well into his late-30s. Grade: A+

Mark Doyle

For Chelsea: This feels like a strange one for Chelsea; Cucurella is a player who has developed into a key defensive figure for the Blues since arriving in 2022 after an inauspicious start, so seeing him leave for a loss is a little puzzling. At his best, he is arguably among the best in his position on the planet. That said, Chelsea definitely overpaid in the first place when they signed the Spaniard from Brighton for £60m ($80m), and given he had reportedly signalled his intent to move on behind the scenes and has been openly critical of the way the club is being run, they will probably be content to recoup as much as £52m ($69m) having deemed that he wasn't untouchable. Indeed, they might have struggled to get any more than that in windows to come for a player who turns 28 in July. Cucurella's exit also means a squad dearly lacking experience has been shorn of one of its most seasoned heads, but Chelsea must be confident that young Jorrel Hato can fill the void, as well as expected new arrival Valentin Barco. Grade: B-

For Real Madrid: It seems that whatever Jose Mourinho says, goes, as Real Madrid kick-off their early-window recruitment drive with a shock signing. The club spent big on a left-back just last summer to bring Alvaro Carreras back to the Bernabeu from Benfica, but that hasn't stopped them splurging on Cucurella, who was reportedly identified as a target by their new (old) manager. A €60m fee is very steep for a team that has taken a fairly frugal approach to the transfer window in recent years, and it will necessitate an instant return on their investment from a player whose form has dipped somewhat in recent months. Soon turning 28, Cucurella should be at the peak of his powers, but how many more high-quality years are Los Blancos realistically going to get out of him? He does, at least, have the hallmarks of a ‘Mourinho' player with his energy and aggression. Real also now find themselves with four first-team left-backs in the new man, Carreras, Ferland Mendy and Fran Garcia, so something's surely got to give in terms of outgoings. Grade: C

For Cucurella: Undoubtedly the main beneficiary of this move, Cucurella has fulfilled his objective of escaping a rudderless Chelsea side and joined one of the biggest clubs on the planet at his peak. It had been widely reported that the defender wanted to return to Spain, having grown disillusioned with the manner in which BlueCo were conducting their business at Stamford Bridge, but no one was expecting him to head to the Bernabeu amid interest from Atletico Madrid. It's unsurprising that the deal was wrapped up so quickly, then, with Cucurella presumably saying yes immediately when Real came calling. Given he was seemingly earmarked by Mourinho, he stands a strong chance of establishing himself as a key player, too, with Carreras likely rotating in and out of the Portuguese's XI. However, in light of the hefty fee, he must deliver immediately or risk the notoriously impatient Bernabeu faithful being on his back, especially given his Barcelona connections. Grade: A

Krishan Davis



For Liverpool: An emotional exit. Robertson easily ranks as one of the finest signings in the club's history, a key figure in the Jurgen Klopp era acquired for just £8 million from Hull City all the way back in 2017 and, in his pomp, was arguably the best left-back in the world. There's no denying, though, that age had begun to catch up with the 32-year-old - which is why Liverpool moved early to replace him by bringing in Milos Kerkez last summer, and would have even sold Robertson during the winter window had they been able to recall Kostas Tsimikas from Roma. The problem now, though, is that Kerkez still hasn't fully settled at Anfield, while it became painfully clear during a trying 2025-26 campaign for the Reds that Robertson's experience, tenacity and personality are going to be sorely missed on Merseyside. Indeed, the worry among the fanbase now is that Robertson's departure, along with that of Mohamed Salah, will only result in standards falling even further next season. Grade: D

For Tottenham: Still a surprising move. Spurs obviously tried to sign Robertson in January, but it was difficult to work out why exactly. The Tottenham squad may have been lacking in quality and depth in several areas of the pitch, but left-back wasn't really one of them. Ben Davies had just broken his ankle, of course, but Spurs still had Destiny Udogie and the versatile Djed Spence to choose from, while Brazilian teenager Souza had just arrived from Santos. The argument was that Robertson would have been an important addition to a dressing room in disarray - and he could certainly help new coach Roberto De Zerbi cultivate a new culture of 100 percent commitment within the squad. The fact that he's belatedly arriving on a free is a nice little bonus, but the feeling persists that Tottenham didn't necessarily need Robertson. Grade: C

For Robertson: A puzzling decision. One can understand why Robertson was willing to leave Liverpool in January. He'd been relegated to second-choice behind a player who wasn't performing particularly well and wanted regular Premier League football in the run-up to the World Cup - something Spurs were apparently willing to offer him. Robertson ultimately started more games in the second half of the season than he probably expected, meaning he's in decent shape as he heads off to North America, but there was never any chance of him staying at Anfield, because Liverpool didn't offer him an extension at any point. However, he did have options other than Spurs, with Juventus among those said to have been interested in signing the Scotland skipper. It's, thus, a little strange that he's decided to join a club that only barely avoided relegation to the Championship on the final day of the season. However, Robertson may actually find Tottenham are a more attractive option now than they were in January, given De Zerbi is unquestionably capable of significantly improving Spurs over the summer. We're still not convinced, though, that Robertson will actually play much more in north London than he did at Liverpool last season. Grade: C

Mark Doyle

For Atalanta: Yet another demonstration of their brilliant business model. Atalanta signed Ederson from Salernitana in 2022 for roughly €23m and could now almost double that fee if all add-ons are met by selling him to United after four years of fantastic service that included a historic Europa League success. There's no doubt that replacing the Brazilian will be difficult, but this is what Atalanta do: they unearth rough diamonds and then sell them on to the highest bidder a few seasons later. Remember, Atletico Madrid also wanted Ederson, but Atalanta stood firm on the fee and United ultimately agreed to pay what they were demanding for a player with just one year left on his contract. Just more excellent work from one of the best recruitment teams in the business. Grade: A

For United: A sensible signing from a club renowned for reckless recruitment. With Casemiro having bid a fond farewell to Old Trafford, United were in need of another midfielder, so they've gone for a like-for-like replacement by bringing in another Brazilian ball-winner who can also play. Ederson's stock has fallen somewhat over the course of the past year - which is why he's not in Carlo Ancelotti's World Cup squad and Casemiro is. However, that arguably has a lot to do with Gian Piero Gasperini leaving Atalanta last summer, as Ederson was previously considered ""the lynchpin"" of the terrific team that dismantled Xabi Alonso's Bayer Leverkusen in the 2024 Europa League final. Back then, Ederson was being linked with the likes of Liverpool and Manchester City, and if he can rediscover that form, he could form a formidable midfield partnership with Kobbie Mainoo - because while Ederson might not be as good as Casemiro was in his prime, he's a serious upgrade on Manuel Ugarte! Grade: B+

For Ederson: The big move he's long deserved. Ederson has never hidden his interest in playing in the Premier League, and now he's going to get a chance to test himself in a championship that should suit his particular set of skills. Ederson is excellent when it comes to both reclaiming and maintaining possession, while he also poses a threat in the box. One could, of course, argue that he'd have been better of joining Diego Simeone's Atletico, but Michael Carrick was a fine defensive midfielder in his own right and, even more importantly, appears to have restored some stability at Old Trafford, which was previously considered a very dangerous destination for talented footballers hoping to take their game to the next level. As far as we're concerned, Ederson has everything to make a big impact at 'The Theatre of Dreams', which would undoubtedly go a long, long way towards getting him back into the Brazil squad. Grade: A

Mark Doyle

For Newcastle: A telling change of approach. Newcastle fought tooth and nail to hold onto Alexander Isak last summer before belatedly allowing him to join Liverpool. Sad as it may seem, it would have been far better just to give in immediately and let him leave as soon as he handed in a transfer request, as the disruption caused by the striking Swede did Eddie Howe and his players no favours at all. Newcastle have, thus, moved quickly to offload another unsettled forward - and for a fantastic fee. Gordon is a hard-working, talented and versatile attacker - but he's never done anything for club or country to suggest that he's worth £69m. Of course, the challenge now for Newcastle is to invest the money wisely, because they completely wasted what they got for Isak, and attracting top talent isn't going to be any easier this summer. The Magpies can no longer offer Champions League football to potential new recruits, and their pathetic 12th-placed finish in the Premier League, coupled with Gordon's desire to follow Isak out the door at St. James' Park, proves that Newcastle are no longer a serious threat to England's elite under increasingly disinterested Saudi Arabian owners. Grade: B-

For Barcelona: A really worrying sign. Barcelona haven't been in a position to spend big on players for some time now due to their well-documented issues adhering to La Liga's strict financial regulations, so it doesn't bode well that their first move after finally getting their house in order is to blow €80m on Gordon. The England international should certainly prove a useful addition. He can play pretty much anywhere across the front three and is a pressing machine - unlike Marcus Rashford - so it's easy to understand why Hansi Flick gave Gordon's arrival the green light. However, there's simply no getting away from the fact that Barca have overpaid. Granted, Gordon could have a good World Cup, thus casting the price in a more favourable light, while it's also been pointed out that the Scouser scored 10 times in this season's Champions League - but six of those goals came against Qarabag and Union Saint-Gilloise, and half from the penalty spot. Twelve goals in his last 60 Premier League appearances is a far better indicator of the kind of strike-rate Barca supporters should expect from their latest signing. So, while Gordon is more likely to give Flick what he wants from a winger, and he'll be on a smaller wage than Rashford, there was better value to be found elsewhere, suggesting Barca are back to having more money than sense. Grade: C+

For Gordon: The stuff dreams are made of. Despite some seriously inconsistent performances in the Premier League, particularly over the past two years, Gordon has got the move to a big club that he's been clearly eyeing for some time now. He admitted himself that he had his head turned by previous links with hometown club Liverpool, whom he also supported as a boy, while it initially looked like he was going to join Bayern Munich this summer. However, the Bavarians understandably baulked at the asking price and therein lies the big challenge now facing Gordon. The possible arrival of Julian Alvarez would take a fair bit of attention away from the 25-year-old, but he'll still be under enormous pressure to justify his fee - because Barca haven't paid €80m for a bit-part player. Gordon's got to prove himself worthy of starting for a star-studded side, and that won't be easy. Just ask Rashford, who is now looking surplus to requirements at Camp Nou despite racking up a combined 28 goals and assists in his debut season at Barca. Still, Gordon can probably hardly believe his luck. He's going to go from playing with Anthony Elanga to lining up alongside Lamine Yamal! Grade: A

Mark Doyle","{'href': 'https://www.goal.com', 'title': 'Goal.com'}","soccer"
"https://news.google.com/rss/search?q=site:goal.com","'I wanted to stay on'","https://www.goal.com/en/lists/thibaut-courtois-belgium-injury-exit-spain-world-cup-quarter-final/bltc2bd80d3c5642ef5","Sat, 11 Jul 2026 08:00:01 GMT","

Thibaut Courtois has expressed his immense devastation after a cruel quadriceps injury forced him out of Belgium's heartbreaking World Cup quarter-final exit against Spain. The Real Madrid goalkeeper left the pitch in tears before his replacement, Senne Lammens, committed a costly late error that allowed Mikel Merino to seal a 2-1 victory.

Belgium's first-choice goalkeeper Courtois was forced to withdraw in the second-half due to a quadriceps muscle injury during the World Cup quarter-final clash against Spain. The 34-year-old shot-stopper briefly tried to continue playing but ultimately left the pitch in tears in the 71st minute. The introduction of substitute goalkeeper Lammens proved fatal, as his failure to secure a Pau Cubarsi strike allowed Merino to pounce and seal a 2-1 defeat for Belgium in Los Angeles.

Speaking to the media after the match, Courtois detailed the timeline of the injury he sustained. Despite feeling capable of remaining between the posts for defensive duties, the veteran goalkeeper accepted the decision of manager Rudi Garcia, who chose not to take any further risks for the remainder of the game.

Courtois said: ""It's just a shame to go off. It was a special match. I felt good. I had taken two goal kicks. On the second one, I felt a bit more pain in the quadriceps. I let them know that I couldn't kick long balls anymore.

""I could have stayed in goal. But the coach told me he would sub me off if I didn't feel 100 percent. I wanted to keep playing out there, but he then made the decision to replace me. That's no problem; the team comes before everything.""

The defeat felt more painful as Lammens, making only his third international appearance, committed a costly blunder that directly led to Spain's 88th-minute winner. Nevertheless, Courtois immediately demonstrated his leadership by offering moral support to his compatriot in the dressing room.

The former Chelsea goalkeeper also insisted that the entire squad must hold their heads high after breaking the European champions' impressive defensive record during the tournament.

Courtois offered a full defence of Lammens: ""It's a shame that Senne couldn't quite hold onto that ball. We went up to give him a hug after the match. Senne is an excellent keeper. This is bitter, but moments like this make you stronger. We should be proud. We are the only team that has scored against Spain, one of the biggest favourites.""

He also reflected on his international future: ""I thoroughly enjoyed experiencing this tournament with the squad. I am happy. We will see. Together with the coach and Vincent [Mannaert], I have to make a choice.""

Add GOAL.com as a preferred source on Google to see more of our reporting

Courtois' injury adds to a growing casualty list for Belgium, following the earlier tournament exits of Amadou Onana and Youri Tielemans during their North American campaign. Garcia's squad must now head home with deep regrets while preparing for uncertainty surrounding the international futures of several senior players ahead of the next break.

Meanwhile, the Los Blancos goalkeeper is scheduled to undergo intensive medical examinations upon returning to his club to assess the severity of the muscle damage before pre-season begins.","{'href': 'https://www.goal.com', 'title': 'Goal.com'}","soccer"
"https://news.google.com/rss/search?q=site:hollywoodreporter.com","Barbara Ling, Oscar-Winning Production Designer on ‘Once Upon a Time in Hollywood,' Dies at 73","https://www.hollywoodreporter.com/movies/movie-news/barbara-ling-dead-once-upon-time-hollywood-production-designer-1236644433/","Sat, 11 Jul 2026 04:04:44 GMT","

Subscribe for full access to The Hollywood Reporter

Subscribe for full access to The Hollywood Reporter

Her credits also included ‘The Pee-Wee Herman Show,' ‘Falling Down, ‘The Doors,' ‘Fried Green Tomatoes' and ‘Michael.'


							By 

	Mike Barnes


Senior Editor


	Barbara Ling, the production designer who turned back time and won an Oscar for re-creating 1969 Los Angeles for Quentin Tarantino's acclaimed Once Upon a Time in Hollywood, has died. She was 73.


	Ling died Thursday in Santa Barbara after a battle with cancer, a spokesperson for WME announced.




	A Los Angeles native, Ling also tooled around her hometown for the present-day, Michael Douglas-starring Falling Down (1993), then reteamed with director Joel Schumacher to set up the fictional Gotham City for Batman Forever (1995) and Batman & Robin (1997).

	











	
	
		
					Related Stories		
	












	
	Movies
			



	
		
					Don Iwerks, Disney Camera and Projection Pioneer, Dies at 96		
			














	
	Movies
			



	
		
					Peter Van Norden, 'Police Academy 2' Actor, Dies at 75		
			









	In a career that spanned more than four decades, Ling served as the production designer on two 1991 classics, Oliver Stone's The Doors and Jon Avnet's Fried Green Tomatoes, on which she also was an associate producer.




			Related Video		







	She also teamed with director Scott Hicks on Hearts in Atlantis (2001), No Reservations (2007), The Lucky One (2012) and Fallen (2016).


	Most recently, she worked on Marc Forster's A Man Called Otto (2022), starring Tom Hanks, and on the blockbuster biopic Michael (2026), directed by Antoine Fuqua.


	On Once Upon a Time in Hollywood (2019), Ling shared the Oscar for best production design with set decorator Nancy Haigh; the two had worked together once before, on the 1988 film Checking Out.


	Tarantino's “main thing from the moment we sat down was, ‘I want this to be real. I want to see. I want to smell and I feel that Hollywood. I don't want to do green screen over here or have the digital interpretation. Let's really change the billboards, and let's put the real facades back on,'” Ling said in a 2019 interview.

	











	“That is, to me, very exciting. It's something we don't do much of anymore. I knew that what he wanted was to encompass himself and the actors into an environment that you could feel is real. You're not just staring at something that's a piece of green screen where we piece together later. That was the starting ground of this.


	“I had to go out and figure out where I could attach real things to. It was quite an engineering feat to do, particularly on Hollywood Boulevard, to say, ‘I want the Pussycat Theater back.' To build those marquees, it's added weight. These are old and fragile buildings that we were working with. We had to also work with engineers to make sure we weren't going to pull the facade off once we rebuilt the old signs. It was laborious but well worth it.


	“The night of the first shoot when all the neon lit up and the period cars came out and [Arianne Phillips'] costumes were out there, you absolutely believed you were in 1969 because everything was real. It was a movie filming a real street. We pretty much carried that theme through Westwood [to re-create the Bruin Theater] and everywhere we shot.”


	After winning her Oscar, Ling lamented to reporters backstage that “L.A. is not a preservation city, never has been. Now there's been a nonstop movement of apartment building and glass towers. … What we did will be impossible to do next year. It's unfortunate. We hope this will bring some nostalgia back and stop things from being torn down.”

	











	Born in August 1952, Barbara Claire Ling began her career designing sets and lighting for more than 200 theater, opera and musical productions. Among her early efforts was the 1981 HBO special The Pee-Wee Herman Show, taped at the Roxy in West Hollywood.


	She made the leap to filmmaking when David Byrne enlisted her to design his directorial debut, True Stories (1986).


	Her credits also included Heaven (1987), Less Than Zero (1987), V.I. Warshawski (1991), With Honors (1994) and Sydney Pollack's Random Hearts (1999), among the films that demonstrated she was equally comfortable with period authenticity, contemporary realism and stylized fantasy.


	Survivors include her wife, Lindsay, and their sons, Clay and Will. 

Sign up for THR news straight to your inbox every day

Send us a tip using our anonymous form.","{'href': 'https://www.hollywoodreporter.com', 'title': 'The Hollywood Reporter'}","entertainment"
"https://news.google.com/rss/search?q=site:hollywoodreporter.com","Peter Van Norden, ‘Police Academy 2' Actor, Dies at 75","https://www.hollywoodreporter.com/movies/movie-news/peter-van-norden-dead-police-academy-naked-gun-actor-1236644400/","Sat, 11 Jul 2026 02:14:54 GMT","

Subscribe for full access to The Hollywood Reporter

Subscribe for full access to The Hollywood Reporter

Van Norden had an extensive stage career, appearing in various Broadway, off-Broadway and regional productions


							By 

	McKinley Franklin



	Peter Van Norden, the actor who appeared in the Police Academy and Naked Gun films, has died. He was 75.


	Van Norden's son, Robert, announced that his father died on Thursday. 




	“Peter passed away peacefully last night with his wife, Wendy, at his side,” Robert wrote in an Instagram post. “He was a terrific father, husband, friend, and a greatly respected member of the theater community. He will be missed.” 


	Born Dec. 16, 1950, Van Norden earned his first acting credit in the late 1970s in the comedy Squeeze Play. He went on to appear in numerous film projects, including the 1985 Police Academy follow-up, entitled Their First Assignment. There, Van Norden portrayed policeman Vinnie Schtulman, the first partner of Steve Guttenberg's Carey Mahoney.

	











	
	
		
					Related Stories		
	












	
	TV
			



	
		
					Randolph Mantooth, Firefighter-Paramedic Johnny Gage on 'Emergency!,' Dies at 80		
			














	
	Business
			



	
		
					Nicolas Johnson, Son of Entertainment Attorney Matt Johnson, Dies at 28		
			









	Another sequel, he acted in the second Naked Gun movie in 1991, where he took on the role of John Sununu, President George H. W. Bush's former White House chief of staff. 


	On the small screen, he has acted in Three's A Crowd (1985); an episode of Silver Spoons; a 1991 episode of Matlock; L.A. Law (1990-1992); The Stand; Murder, She Wrote (1989-1996); two 2004 episodes of Days of Our Lives; and 9-1-1 (2019). 


	Van Norden's film credits include The Accused; An Innocent Man; Love Hurts; Hunky Dory; and West Virginia, among others. 


	Outside film and TV, Van Norden had an extensive stage career, appearing in various Broadway, off-Broadway and regional productions. His Broadway stints included features in St. Joan, Macbeth, Little Johnny Jones, Romeo and Juliet and The Inspector General. He performed his final stage role last year in Corktown '39 at Los Angeles' Matrix Theatre.

	











	Van Norden was also part of The Rehearsal Room actors workshop, which “help[s] actors and artists grow their careers through challenging material.” Last August, he partook in breaking down Shakespeare's Richard III. 


	He is survived by his wife, Wendy, and their son, Robert. 

Sign up for THR news straight to your inbox every day

Subscribe for full access to The Hollywood Reporter

Send us a tip using our anonymous form.","{'href': 'https://www.hollywoodreporter.com', 'title': 'The Hollywood Reporter'}","entertainment"
"https://news.google.com/rss/search?q=site:hollywoodreporter.com","Christopher Nolan Praises ‘Obsession' and ‘Backrooms,' Says Young Audiences Are Rejecting “AI Slop”","https://www.hollywoodreporter.com/movies/movie-news/christopher-nolan-young-audiences-reject-ai-slop-1236644273/","Sat, 11 Jul 2026 01:57:24 GMT","

Subscribe for full access to The Hollywood Reporter

Subscribe for full access to The Hollywood Reporter

""I've never seen a more rapid wholesale dismissal of a supposedly foundational jump in technology in my lifetime,"" the Oscar winner said in a recent interview with The Telegraph. 


							By 

	Lexi Carson


Associate Editor


Christopher Nolan is the latest major filmmaker to praise the breakout horror hits Obsession and Backrooms.


	In a new interview with The Telegraph promoting his upcoming epic The Odyssey, Nolan reflected on the lengths he went to in order to make the film feel authentic, including traveling the world and assembling a “cast of thousands.”




	“I think cinema is vital and essential and continues to transform itself,” the Oscar winner said. “We've got all these great new young voices in movies, making the medium their own and moving it forward.”

	











	
	
		
					Related Stories		
	












	
	Business
			



	
		
					Meta Pulls Back on Opt-Out AI Function After Hollywood Outrage: ""This Feature Missed the Mark""		
			














	
	Music
			



	
		
					Music Coalition Pushes for AI Labels on Streaming Services		
			









	The article states that Nolan pointed to Curry Barker and Kane Parsons — the filmmakers behind Obsession and Backrooms — as evidence that “things are on the right track.” Both horror films have made history at the box office.


	Barker's Obsession, released May 15, has grossed more than $400 million globally on a $750,000 budget. The film became the highest-grossing festival acquisition of all time after premiering at the Toronto International Film Festival and is now Focus Features' highest-grossing release ever.


	Meanwhile, Parsons' Backrooms has surpassed $350 million globally and is A24's highest-grossing film in a number of countries. Parsons, 21, also became the youngest director to top the domestic box office.


	“This is why I never bought into the arguments that young audiences' attention spans are too fried to enjoy a three-hour Greek epic,” Nolan said. “Those films are so mysterious and ruminative. I mean, parts of Backrooms are like David Lynch at his most obscure. And yet young people can't get enough of them.”

	











	The Oppenheimer director continued: “I've never seen a more rapid wholesale dismissal of a supposedly foundational jump in technology in my lifetime. So much energy has been expended on bringing in AI, but if you look at that generation's reaction, they're utterly rejecting it.”


	Nolan also cited his children, who are in their late teens and early 20s, as examples.


	“Their judgment of AI slop has been immediate and harsh. They see it for what it is very quickly — and it's much easier for them to identify it, because it grew out of an online world they know really well,” he explained. “While that doesn't mean that every aspect of the technology is useless or meaningless, in filmmaking it's hitting at exactly the wrong time. After years of driving towards heavily virtual environments, we're seeing a renewed interest in more tactile, more real forms of storytelling.”


	That sentiment was echoed when The Hollywood Reporter spoke with Gen Z moviegoers about the rise of younger filmmakers like Barker and Parsons.


	“Audiences in general, but especially audiences my age, are getting so overwhelmed by all of the CGI movies — the Marvel epidemic. It really deterred a lot of people from wanting to go and see these big-budget movies,” one moviegoer said.


	Nolan isn't the only legendary filmmaker championing the next generation of talent. Steven Spielberg also recently praised Obsession, saying he “loved” the film and applauded Barker for making it on a budget of less than $1 million. 

	











	As far as Nolan's next film, The Odyssey tells the story of Odysseus' long, torturous trip back to Ithaca after the Trojan War to save his wife Penelope and son Telemachus. Its star-studded cast includes Matt Damon, Anne Hathaway, Tom Holland, Zendaya, Robert Pattinson, Jon Bernthal, Travis Scott, Elliot Page, Lupita Nyong'o and more.


Check out all of The Hollywood Reporter‘s Obsession coverage here and Backrooms coverage here.

Sign up for THR news straight to your inbox every day

A scoop-driven, insider view of Hollywood's genre and blockbuster movie landscape, led by Borys Kit and Aaron Couch.

Subscribe for full access to The Hollywood Reporter

Send us a tip using our anonymous form.","{'href': 'https://www.hollywoodreporter.com', 'title': 'The Hollywood Reporter'}","entertainment"
"https://news.google.com/rss/search?q=site:hollywoodreporter.com","Don Iwerks, Disney Camera and Projection Pioneer, Dies at 96","https://www.hollywoodreporter.com/movies/movie-news/don-iwerks-dead-disney-camera-legend-1236644425/","Sat, 11 Jul 2026 03:47:43 GMT","

Subscribe for full access to The Hollywood Reporter

Subscribe for full access to The Hollywood Reporter

In 1997, he received the Gordon E. Sawyer Award from the Academy of Motion Picture Arts and Sciences' Board of Governors, then was named a Disney Legend in 2009. 


							By 

	McKinley Franklin



	Don Iwerks, the Disney legend who spearheaded various camera and projection systems for the company's parks and films, has died. He was 96.  


	Disney announced Iwerks died Thursday evening.




	“It is with great sadness that we report that Disney Legend Don Iwerks has passed away at the age of 96,” reads a statement shared on Disney D23's Instagram. “Iwerks was an innovator whose work brought The Walt Disney Company to new technological heights, aiding in perfecting the sodium vapor process used in 1964's Academy Award®-winning Mary Poppins, developing the 360-degree Circle-Vision camera used to film America the Beautiful for Disney Parks, and implementing the projection system for the fan-favorite Star Tours attraction, among numerous other advancements. The achievements of Don Iwerks and his family have shaped Disney's creative ethos and will forever be part of the company's history.”

	











	
	
		
					Related Stories		
	












	
	Movies
			



	
		
					Peter Van Norden, 'Police Academy 2' Actor, Dies at 75		
			














	
	TV
			



	
		
					Randolph Mantooth, Firefighter-Paramedic Johnny Gage on 'Emergency!,' Dies at 80		
			









	Born on July 24, 1929, Iwerks was the son of fellow Disney Legend Ub Iwerks, co-creator of Mickey Mouse (alongside Walt Disney himself). Iwerks began at Walt Disney Productions in 1950, when he was a special photographic processes laboratory technician. He was drafted into the Korean War but upon his return two years later returned to Disney.




			Related Video		







	Iwerks took on his role as a camera technician position in 1953, when he worked on his first feature 20,000 Leagues Under the Sea. He went on to lead the machine shop department, camera service department and technical engineering and manufacturing division.

	











	The executive is particularly known for developing the 360-degree Circle-Vision camera; alongside Ub, he also helped develop the sodium vapor process. 


	After 35 years with Disney, he founded Iwerks Entertainment Inc. in 1986. The company was acquired by SimEx Inc. in 2001.


	In 1997, Iwerks received the Gordon E. Sawyer Award from the Academy of Motion Picture Arts and Sciences' Board of Governors, then named a Disney legend in 2009.


	“Don embodied that rare combination of heart, ingenuity and passion that has always defined Disney,” Disney CEO Josh D'Amaro said in a statement. “Through his innovative contributions to some of our most iconic films and attractions, he helped create experiences that have delighted generations of fans around the world. All of us at The Walt Disney Company will miss him deeply, and we send our most heartfelt condolences to his family, whose enduring connection to Disney has helped shape its legacy for over a century.”

Sign up for THR news straight to your inbox every day

Send us a tip using our anonymous form.","{'href': 'https://www.hollywoodreporter.com', 'title': 'The Hollywood Reporter'}","entertainment"
"https://news.google.com/rss/search?q=site:hollywoodreporter.com","‘Big Brother' Season 28 Cast Revealed: ‘RuPaul's Drag Race' Alum, Rocket Scientist, MMA Fighter and More","https://www.hollywoodreporter.com/lists/big-brother-season-28-cast/","Sat, 11 Jul 2026 08:07:08 GMT","

Subscribe for full access to The Hollywood Reporter

Subscribe for full access to The Hollywood Reporter

The reality competition series, which also includes a pickleball coach and jumbotron engineer among its players, premiered July 9 on CBS. 


							By 

	Lexi Carson


Associate Editor


	CBS has unveiled the cast for Big Brother season 28.


	On Tuesday, the network announced the houseguests competing in the upcoming season of the long-running reality series. The initial 14-player cast includes everyone from a rocket scientist and an MMA fighter to a pickleball coach and a RuPaul's Drag Race alum, better known as Salina EsTitties.


	The reality competition series follows a group of strangers living together in a house under 24/7 surveillance as they form alliances, compete in challenges and vote one another out until one houseguest remains to claim the $750,000 grand prize. This season's theme, “Time Trip,” will see the “past, present and future collide,” according to CBS. 


Big Brother premiered on Thursday at 8 p.m. ET/PT. The 24/7 live feeds are available the following day on Paramount+, Pluto and YouTube for a limited time. Additional surprise houseguests will also be revealed during the premiere. (This list was originally published on July 7 and has been updated as new characters were revealed.)


	Meet the Big Brother season 28 houseguests, with official bios and photos provided by CBS, below.


Age: 27


Hometown: Dallas, Texas


Occupation: Supply Chain Analyst


Age: 22


Hometown: Temecula, Calif.


Occupation: Surgical Dental Assistant


Age: 29


Hometown: Neosho, Mo.


Current City: Wildwood, Mo.


Occupation: Telemedicine Executive


Age: 35


Hometown: San Francisco, Calif.


Current City: West Hollywood, Calif.


Occupation: Drag Queen


Age: 32


Hometown: Phoenix, Ariz.


Occupation: MMA Fighter


Age: 57


Hometown: Kankakee, Ill.


Current City: Maplewood, N.J.


Occupation: Boutique Salesperson


Age: 25


Hometown: Honolulu, Hawaii


Occupation: Attorney


Age: 24


Hometown: Township of Washington, N.J.


Occupation: Rocket Scientist


Age: 24


Hometown: Thornton, Colo.


Current City: Maricopa, Ariz.


Occupation: Corporate Game Show Host


Age: 28


Hometown: Traverse City, Mich.


Current City: Delray Beach, Fla.


Occupation: Pickleball Coach


Age: 27


Hometown: Deerfield Beach, Fla.


Occupation: Elementary School Counselor


Age: 27


Hometown: Benton, Ark.


Current City: Austin, Texas


Occupation: Jumbotron Engineer


Age: 24


Hometown: Alton, Ill.


Current City: Chicago, Ill.


Occupation: Bartender


Age: 24


Hometown: Monroe Township, NJ


Occupation: Financial Analyst


Age: 42


Hometown: Macon, Ga. 


Occupation: Communications Director


Age: 52


Hometown: Syracuse, Utah


Occupation: Real Estate Agent

Sign up for THR news straight to your inbox every day

Inside the business of TV with breaking news, expert analysis and showrunner interviews

Subscribe for full access to The Hollywood Reporter

Send us a tip using our anonymous form.","{'href': 'https://www.hollywoodreporter.com', 'title': 'The Hollywood Reporter'}","entertainment"
"https://news.google.com/rss/search?q=site:billboard.com","Taylor Swift & Travis Kelce Paid ‘Over $160,000' for NYC Wedding Permit, Mayor Zohran Mamdani Says","https://www.billboard.com/music/pop/taylor-swift-travis-kelce-nyc-wedding-permit-mayor-mamdani-1236292220/","Sat, 11 Jul 2026 00:16:51 GMT","

What did the couple have to pay to host their wedding in the thick of New York City?


													By
												

	Katie Atkinson


Executive Digital Director, West Coast


	We don't know all the details of what went down inside Madison Square Garden during Taylor Swift and Travis Kelce‘s July 3 wedding last week, but now we know how much they had to pay so they could host the event in the thick of New York City.


	During a press conference on Friday (July 10), NYC Mayor Zohran Mamdani was asked by a reporter whether Swift would be paying back the city for police overtime needed to support her wedding weekend events in Midtown Manhattan, and the politician confirmed that she already has.

	











	“Taylor Swift … has paid already the cost of the permit that was lodged, which was over $160,000 for that event and for the response to that event,” Mamdani told reporters. “That was a permit that was finalized, I think, in just the days before the event itself.”

.@NYCMayor Mamdani on Taylor Swift paying New York City back for police overtime during her wedding: ""Taylor Swift will be paying… has paid already the cost of the permit that was lodged, which was over $160,000 for that event and for the response to that event."" pic.twitter.com/rlYhUmi9AS


	The security permit included street closures and traffic management around the famed arena, starting with a rehearsal dinner event on July 2 through the wedding itself on July 3.


	Most details have been kept under wraps, but in a press release announcing Swift and Kelce's marriage, Swift's rep confirmed that the pop superstar and football player wore outfits designed by Christian Dior Haute Couture; that the couple did not have traditional bridesmaids or groomsmen, but Swift's brother Austin was her man of honor while Jason Kelce was Travis' best man; and that actor/comedian Adam Sandler officiated the nuptials.

	











Two performers at the event have been reported as well, with Good Morning America co-host Robin Roberts confirming that Stevie Nicks took the stage, and People sharing that Paul McCartney performed The Beatles' “I Want to Hold Your Hand” for the first time since 1963 at the MSG wedding.

Get weekly rundowns straight to your inbox



					Your email address will not be published.				
									Required fields are marked					*




				Post Comment				



A daily briefing on what matters in the music industry

Send us a tip using our anonymous form.

A daily briefing on what matters in the music industry

Send us a tip using our anonymous form.

Billboard is a part of Penske Media Corporation. © 2026 Billboard Media, LLC. All Rights Reserved.","{'href': 'https://www.billboard.com', 'title': 'Billboard'}","entertainment"
"https://news.google.com/rss/search?q=site:deadline.com","Christopher Nolan Praises Gen Z Filmmakers For “Utterly Rejecting” AI Slop: “It's Hitting At Exactly The Wrong Time”","https://deadline.com/2026/07/christopher-nolan-praises-gen-z-utterly-rejecting-ai-1236979769/","Sat, 11 Jul 2026 02:32:00 GMT","


					By Glenn Garner 

Associate Editor


	As Christopher Nolan prepares to take viewers on an Imax odyssey, he's hopeful for the future of filmmaking without the use of AI.


	The 2x Oscar winner admitted that not all applications of artificial intelligence are “useless of meaningless,” he explained that generative AI is “hitting at exactly the wrong time” for Hollywood.


	“I've never seen a more rapid wholesale dismissal of a supposedly foundational jump in technology in my lifetime,” Nolan told The Telegraph. “So much energy has been expended on bringing in AI, but if you look at that generation's reaction, they're utterly rejecting it.”

	











	Citing his own kids as an example, Nolan added, “Their judgment of AI slop has been immediate and harsh. They see it for what it is very quickly – and it's much easier for them to identify it, because it grew out of an online world they know really well. And while that doesn't mean that every aspect of the technology is useless or meaningless, in film-making it's hitting at exactly the wrong time. After years of driving towards heavily virtual environments, we're seeing a renewed interest in more tactile, more real forms of storytelling.”




			Watch on Deadline		







	Nolan praised young filmmakers like Obsession director Curry Barker and Backrooms‘ Kane Parsons for their use of practical effects when possible, noting “young people can't get enough of” their work.


	“I think cinema is vital and essential and continues to transform itself – we've got all these great new young voices in movies, making the medium their own and moving it forward,” added Nolan.

	











	The use of AI in Hollywood continues to be a hot-button topic in recent years. SAG-AFTRA has endorsed the Trump administration's AI policy framework, which calls for Congress to enact legislation that includes parental controls, intellectual property rights protection, First Amendment protections, expanding AI workforce development, allowing data centers to generate their own power and removing legal barriers that limit AI innovation.


	Last month, Trump signed an executive order for voluntary framework in which AI companies would provide the government with access to new models for a 30-day review period before their release.

Get our Breaking News Alerts and Keep your inbox happy.

Comments On Deadline Hollywood are monitored. So don't go off topic, don't impersonate anyone, and don't get your facts wrong.

Comment 

Name 

Email 

Website 

 





Δ

Not every filmmaker gets $250m to make their practical film, with a guranteed yes on any reshoots or additional. 

If a mega tight budget needs an establishing shot of a bridge over a river, …AI can do it in 30 seconds.
Helps the movie itself.
Not stealing jobs, the movie would simply open without the bridge. 

No harm in that.

AI can't put the story straight n your head. AI can't tell you if the smoke it blows up your ass is any good,

Signup for Breaking News Alerts & Newsletters


			By providing your information, you agree to our Terms of Use and our Privacy Policy.
				We use vendors that may also process your information to help provide our services. This site is protected by reCAPTCHA Enterprise and the Google Privacy Policy and Terms of Service apply.		

Get our latest storiesin the feed of your favorite networks

We want to hear from you! Send us a tip using our annonymous form.

Sign up for our breaking news alerts


		By providing your information, you agree to our Terms of Use and our Privacy Policy.
				We use vendors that may also process your information to help provide our services. This site is protected by reCAPTCHA Enterprise and the Google Privacy Policy and Terms of Service apply.	

Deadline is a part of Penske Media Corporation. © 2026 Deadline Hollywood, LLC. All Rights Reserved.


		By providing your information, you agree to our Terms of Use and our Privacy Policy.
				We use vendors that may also process your information to help provide our services. This site is protected by reCAPTCHA Enterprise and the Google Privacy Policy and Terms of Service apply.	","{'href': 'https://deadline.com', 'title': 'Deadline'}","entertainment"
"https://news.google.com/rss/search?q=site:deadline.com","Zucked Up! Meta Disables AI Image Generator After CAA & SAG-AFTRA Trashed It: “Missed The Mark”","https://deadline.com/2026/07/meta-disables-new-ai-image-generator-zuckerberg-1236979706/","Sat, 11 Jul 2026 00:51:00 GMT","


			By Glenn Garner, Dominic Patten 


	Just days after Meta introduced its Muse Image AI generator, the Mark Zuckerberg-run company has done a complete U-turn.


	Under pressure from a now-victory-lap-taking CAA and SAG-AFTRA, the tech behemoth announced Friday that the feature is “no longer available” on Instagram, admitting they “missed the mark” amid privacy concerns over the automatic opt-in for users.


	“Earlier this week, we announced that one way for people to generate images in Meta AI is by @-mentioning public Instagram accounts that they want to reference,” Meta said in an IG post Friday. “Our intent was to provide a useful creative tool and to give people control over whether their public content could be referenced in this way. We've heard the feedback that this feature missed the mark, so it's no longer available.”

	











	Meta added, “We've heard the feedback that this feature missed the mark, so it's no longer available.”




			Watch on Deadline		







	A quick scan of Instagram shows that Meta has, in fact, disabled Muse.


	At its core, a Muse user just needed to tag a public or unprotected IG feed, and it instantly becomes meat for the AI generator to create its own images or “remixes,” as they are sometimes called, after which the images are available online permanently.


	Friday's announcement comes after CAA called for Meta to implement guardrails for Muse, despite the agency rolling out its own AI Vault program to archive its members' likenesses forever. “No one's name, image, likeness, voice, or creative work should be used by any third party, including AI models, without clear, documented consent,” the uber-agency said Wednesday.

	











	In a statement on Friday, CAA said: “We commend Meta for its swift decision to remove the Muse Image feature. Putting individual rights and consent at the forefront is essential to building responsible technology. We look forward to ongoing conversations to ensure creators stay protected as technology evolves.”


	After sharing instructions on how to “dig into [Instagram's] settings” to opt-out of the Muse Image tool and “protect your likeness,” SAG-AFTRA echoed CAA's concerns about what appears to be a case of Big Tech overreach. In a statement issued Friday, SAG-AFTRA said: “With the dangers of nonconsensual digital replicas well known to all, a feature that encouraged that behavior is unwise. We appreciate its discontinuance. It is the responsible thing to do.”


	The use of AI in Hollywood continues to be a hot-button topic in recent years. SAG-AFTRA has endorsed the Trump administration's AI policy framework, which calls for Congress to enact legislation that includes parental controls, intellectual property rights protection, First Amendment protections, expanding AI workforce development, allowing data centers to generate their own power and removing legal barriers that limit AI innovation.


	Last month, Trump signed an executive order for voluntary framework in which AI companies would provide the government with access to new models for a 30-day review period before their release.


Erik Pedersen contributed to this report.

Get our Breaking News Alerts and Keep your inbox happy.

Comments On Deadline Hollywood are monitored. So don't go off topic, don't impersonate anyone, and don't get your facts wrong.

Comment 

Name 

Email 

Website 

 





Δ

Too late. They already fed your entire life into their data suckers to further enrich themselves with their thieving resource consuming circle jerk.

Exactly. No one really wondered why we were suddenly able to have 20 images on a post vs 10 before. It was just to feed the AI more content to reference.

Signup for Breaking News Alerts & Newsletters


			By providing your information, you agree to our Terms of Use and our Privacy Policy.
				We use vendors that may also process your information to help provide our services. This site is protected by reCAPTCHA Enterprise and the Google Privacy Policy and Terms of Service apply.		

Get our latest storiesin the feed of your favorite networks

We want to hear from you! Send us a tip using our annonymous form.

Sign up for our breaking news alerts


		By providing your information, you agree to our Terms of Use and our Privacy Policy.
				We use vendors that may also process your information to help provide our services. This site is protected by reCAPTCHA Enterprise and the Google Privacy Policy and Terms of Service apply.	

Deadline is a part of Penske Media Corporation. © 2026 Deadline Hollywood, LLC. All Rights Reserved.


		By providing your information, you agree to our Terms of Use and our Privacy Policy.
				We use vendors that may also process your information to help provide our services. This site is protected by reCAPTCHA Enterprise and the Google Privacy Policy and Terms of Service apply.	","{'href': 'https://deadline.com', 'title': 'Deadline'}","entertainment"
"https://news.google.com/rss/search?q=site:deadline.com","Oregon AG Drops Demand For Records & Motion To Delay Paramount-Warner Bros. Discovery Merger","https://deadline.com/2026/07/paramount-warner-bros-oregon-attorney-general-motion-1236979773/","Sat, 11 Jul 2026 02:40:00 GMT","


					By Ted Johnson 

Political Editor


UPDATED, with comment from AG: Oregon‘s attorney general has dropped a civil investigative demand for Paramount to turn over records related to its efforts to secure federal approval for its merger with Warner Bros. Discovery.


	Oregon Attorney General Dan Rayfield also had asked a state circuit court judge to order Paramount to turn over the materials and to delay Paramount's closing of its proposed acquisition of Warner Bros. Discovery by 60 days so the documents could be reviewed. A hearing has been scheduled for Monday in Multnomah County Circuit Court.


	A Paramount spokesperson said, “We are pleased that the Oregon Attorney General has withdrawn its motion to delay this transaction. It was the right decision and avoids an unwarranted effort to delay a lawful, pro-competitive merger.

	











	
	
		
					Related Stories		
	













	News
	



	
		
					New York Times Alleges Trump Administration's  Reverse Discrimination Lawsuit Was Retaliation For Its Reporting On EEOC		
			















	Politics
	



	
		
					Donald Trump Names Country Singer John Rich As Special Envoy For American Landowners; Focus Will Be On Fighting Large Wind And Solar Development		
			








	“Antitrust authorities around the world have carefully reviewed this transaction, clearing it or concluding that it does not violate any competition laws. That regulatory record underscores what the facts, the law and the economics make clear: this transaction will create a stronger challenger to dominant global streaming and technology platforms, expand consumer choice, increase investment in premium content and theatrical distribution, and create more opportunities for creators and workers. We look forward to completing the transaction and delivering those benefits.”




			Watch on Deadline		







	Jenny Hansson, communications director for Rayfield, said in a statement, “Paramount made it clear that they weren't going to comply with the investigative demand, and that they think they're above the law. We're not going to let them waste Oregonians' resources on these games. We've withdrawn the motion to consider our next steps.”

	











	California Attorney General Rob Bonta and other state attorneys general are said to be considering a legal challenge to the transaction.


	Rayfield sought Paramount records of lobbying of federal officials, as well as its role in a statement that the DOJ released in support of the transaction. The attorney general also sought documents “related to the formulation and execution of lobbying strategies aimed at obtaining regulatory approval of the proposed merger, which Respond as internally named ‘Project Warrior.'”


	In a court filing, Paramount has objected to the document requests, arguing, among other things, that they impose “burdens and demands which are disproportionate” to the Oregon investigation and are “of such marginal relevance that the value of any materials sought is outweighed by the burden imposed on Paramount in having to provide such information.”


	“Lobbying activities and related communications are wholly irrelevant to whether the proposed acquisition ‘violates Oregon's antitrust laws,'” the company's legal team wrote.

Get our Breaking News Alerts and Keep your inbox happy.

Comments On Deadline Hollywood are monitored. So don't go off topic, don't impersonate anyone, and don't get your facts wrong.

Comment 

Name 

Email 

Website 

 





Δ

It's called stay in your lane bruh.

“Will Disney be forced to sell back 20th Century Fox if the Paramount/WB merger is allowed to be completed

Signup for Breaking News Alerts & Newsletters


			By providing your information, you agree to our Terms of Use and our Privacy Policy.
				We use vendors that may also process your information to help provide our services. This site is protected by reCAPTCHA Enterprise and the Google Privacy Policy and Terms of Service apply.		

Get our latest storiesin the feed of your favorite networks

We want to hear from you! Send us a tip using our annonymous form.

Sign up for our breaking news alerts


		By providing your information, you agree to our Terms of Use and our Privacy Policy.
				We use vendors that may also process your information to help provide our services. This site is protected by reCAPTCHA Enterprise and the Google Privacy Policy and Terms of Service apply.	

Deadline is a part of Penske Media Corporation. © 2026 Deadline Hollywood, LLC. All Rights Reserved.


		By providing your information, you agree to our Terms of Use and our Privacy Policy.
				We use vendors that may also process your information to help provide our services. This site is protected by reCAPTCHA Enterprise and the Google Privacy Policy and Terms of Service apply.	","{'href': 'https://deadline.com', 'title': 'Deadline'}","entertainment"
"https://news.google.com/rss/search?q=site:pagesix.com","Newlyweds Taylor Swift and Travis Kelce hold hands in first photos post-wedding at former teammate's nuptials","https://pagesix.com/2026/07/10/entertainment/taylor-swift-and-travis-kelce-make-first-appearance-post-wedding/","Sat, 11 Jul 2026 01:13:00 GMT","


				See more of our coverage in your search results.			

Taylor Swift and Travis Kelce stepped out for their first outing as husband and wife.

The couple attended JuJu Smith-Schuster and Laura Kruk's wedding Friday at the Ritz-Carlton, Laguna Niguel in Orange County, California — one week after their own star-studded nuptials at Madison Square Garden.

For the event, Swift wore a strapless pink floral ball gown while Kelce wore a gray suit.

They were spotted holding hands as they made their way inside the venue.

Prior to attending Smith-Schuster and Kruk's wedding, however, Swift and Kelce were spotted in Montana hanging out with Jason Kelce and Kylie Kelce before jetting to the West Coast.

The newlyweds have not been publicly seen together since attending the Tight End University festivities in Nashville, just one week before their nuptials.

Swift and Kelce were pictured at TEU's welcome party at Twelve Thirty Club, which kicked off the annual three-day football summit for NFL tight ends.

The pop star also stunned fans at the Tight Ends & Friends concert the following night when she delivered a surprise performance of her 2008 hit “Love Story” — the same song she reportedly walked down the aisle to. 

The couple tied the knot on July 3 at Madison Square Garden and transformed the iconic arena into a beautiful garden for the festivities.

Over 1,000 guests attended, including Gigi Hadid, Bradley Cooper, Selena Gomez, Karlie Kloss and more. 

Adam Sandler officiated the ceremony, Swift's longtime publicist, Tree Paine, told Page Six. 

Paine also told us that the bride and groom both wore Christian Dior Haute Couture for their wedding ceremony.

One day before the wedding, sources exclusively told Page Six that the Grammy winner and the tight end wed in private ahead of their star-studded soirée. 

The couple — who began dating in 2023 — said “I do” nearly one year after breaking the internet with their engagement news in August 2025. 

At the time, Swift and Kelce announced the exciting news via Instagram, sharing snaps of the dreamy proposal, which took place in the backyard of the athlete's Kansas City-area mansion.

“Your English teacher and your gym teacher are getting married,” they captioned the joint post.


						Your voice matters. Discussions are moderated for civility. Read our guidelines here 

Our community is about connecting people through open and thoughtful conversations. We want our readers to share their views and exchange ideas in a safe space.

In order to do so, we've created a simple set of rules that will improve your experience.

Simply put, keep it civil.

Your post will/might be rejected if it contains:

User accounts will/might be blocked if we notice:

So, how can you be a power user?

Thanks for reading our community guidelines. Don't forget, freedom of speech is not the freedom of reach!



","{'href': 'https://pagesix.com', 'title': 'Page Six'}","entertainment"
"https://news.google.com/rss/search?q=site:pagesix.com","Randolph Mantooth, ‘Emergency!' star who played Johnny Gage, dead at 80","https://pagesix.com/2026/07/11/celebrity-news/randolph-mantooth-emergency-star-who-played-johnny-gage-dead-at-80/","Sat, 11 Jul 2026 05:20:00 GMT","


				See more of our coverage in your search results.			

Randolph Mantooth, the actor best known for playing firefighter-paramedic Johnny Gage on NBC's hit 1970s series “Emergency!,” has died. He was 80.

Mantooth died Thursday at a hospice facility in Ventura, Calif., after a long illness, his brother Donald Mantooth told The Hollywood Reporter.

Donald said the actor had “been ill for a number of years and kept getting thinner and thinner.”

Advertisement

Mantooth shot to fame in 1972 when he was cast as Johnny Gage on “Emergency!,” the NBC drama that introduced the profession of paramedics to millions of viewers.

He starred alongside Kevin Tighe on the series, which ran for six seasons, and performed most of his own stunts.

Advertisement

The actor later reprised his role as Gage on shows including “Adam-12” and remained a longtime advocate for firefighters, paramedics and EMTs.

Mantooth recalled the positive reception he received from firefighters after the show aired, saying the “Emergency!” cast “did not want to make them look bad.”

“They were so ecstatic that they had a show about them,” Mantooth said in a 2013 interview, according to the Television Academy. “Because there's always shows about cops. There's always shows about lawyers and doctors. But here's a show about the fire department! I mean, their hair stood up on end. It's like, ‘yeah, honey, that's what I do!'”

Advertisement

“They took to us well because we did not want to make them look bad. We wanted to make them look like exactly who they were — heroes,” Mantooth added. “Now, everyone's got to have a flaw. It drives me crazy. I don't care about your flaws. Just show me what you do. How's the job done? And do it real. Show me!” 

Born in Sacramento, Calif., Mantooth discovered acting through school plays after his family settled in the Santa Barbara area, according to IMDb.

He attended Santa Barbara City College before earning a scholarship to the American Academy of Dramatic Arts in New York.

Advertisement

After being spotted in a stage production of “Philadelphia, Here I Come,” he signed with Universal and launched his television career.

Before “Emergency!,” he appeared on series including “Ironside,” “The Virginian,” “Marcus Welby, M.D.,” “The Bold Ones,” “McCloud” and “Alias Smith and Jones.”

After the show ended, Mantooth continued acting for decades, appearing on “Dallas,” “Charlie's Angels,” “The Love Boat,” “Criminal Minds,” “Ghost Whisperer” and “Sons of Anarchy.”

Advertisement

He also had a lengthy run in daytime television, playing Clay Alden and later Alex Masters on “Loving,” Richard Halifax on “General Hospital,” and appearing on “One Life to Live,” “As the World Turns” and “The City.”

Mantooth's “Loving” co-star Rena Sofer mourned her “dear friend” and mentor, who “took me under his wing.”

“I have so much to say about him, so much love for him that I am left speechless,” Sofer posted on Instagram on Friday night. “This man came into my life when I was 18 years old and never left. He took me under his wing as he did to most young actors he ever met. He treated me with respect and kindness but most of all friendship.

“We have been lifelong friends and I cherish every moment I had with him. He was a friend to so many, a true great friend.”

Mantooth is survived by his wife, Kristen, and his siblings, Donald and Tonya.


						Your voice matters. Discussions are moderated for civility. Read our guidelines here 

Our community is about connecting people through open and thoughtful conversations. We want our readers to share their views and exchange ideas in a safe space.

In order to do so, we've created a simple set of rules that will improve your experience.

Simply put, keep it civil.

Your post will/might be rejected if it contains:

User accounts will/might be blocked if we notice:

So, how can you be a power user?

Thanks for reading our community guidelines. Don't forget, freedom of speech is not the freedom of reach!



","{'href': 'https://pagesix.com', 'title': 'Page Six'}","entertainment"
"https://news.google.com/rss/search?q=site:avclub.com","Meta successfully shamed out of its terrible ""remix total strangers' Instagram photos with AI"" plan","https://www.avclub.com/meta-shamed-out-of-instagram-photos-ai-remix-plan","Sat, 11 Jul 2026 00:18:13 GMT","

Well, that was quick: Retreating like a spanked puppy, Mark Zuckerberg's Meta announced today that, now that it thinks about it, it won't let users of its new Muse Images AI slop factory start remixing people's photos on Instagram; a press statement from the company attempted to put a “We're all adults and nobody's mad at us” spin on this, declaring that the “feature missed the mark.” Which is, y'know, a pretty diplomatic way of framing “Literally everyone yelled at us about what a crappy idea this was.”

This is per THR, which notes that pushback against the recently announced ability to remix the public Instagram photos of anyone you tagged in an AI generation prompt—barring those who'd deliberately opted out of the feature—didn't just get pushback from normals: Hollywood agency CAA and acting union SAG-AFTRA—whose clients, as The Beautiful People, would presumably come in for a disproportionate percentage of all this feverish and sweaty-handed remixing—were quick to condemn the whole thing, too. CAA put out a statement on Wednesday saying that “No one's name, image, likeness, voice, or creative work should be used by any third party, including AI models, without clear, documented consent,” while SAG-AFTRA—whose recent negotiations have included hefty arguments with the studios on very similar topics—added that making the technology opt-out was untenable: “Anything other than a clear and conspicuous OPT-IN for these types of uses of Instagram users' images is unacceptable, and an utter miscalculation of public sentiment regarding the obvious dangers and harms inherent in such use.”

Meta has now been successfully shamed out of this latest bad idea, even as it tried to ruefully explain that “Our intent was to provide a useful creative tool and to give people control over whether their public content could be referenced in this way.” Which is a fun lesson that there are, in fact, ideas so bad and unpopular that even AI techbros will abandon them if you yell at them enough. (At least, until they find some other avenue to shoehorn this concept in.)


Recommended for You1A lore-heavy Cape Fear makes both the heroes and villains dull2Obsession is now the highest-grossing movie ever made for less than $1 million3Netflix turns in a scattered CliffsNotes version of Little House On The Prairie4Widow's Bay scores, Stranger Things whiffs, and other snubs and surprises from the 2026 Emmy nominations5Netflix keeps producing second-season bombs because it's a tech company


© 2026 Paste Media Group. All Rights Reserved","{'href': 'https://www.avclub.com', 'title': 'A.V. Club'}","entertainment"
"https://news.google.com/rss/search?q=site:indiewire.com","‘Evil Dead Burn' Just Made Sam Raimi's Profoundly Silly ‘Army of Darkness' Essential Viewing Again","https://www.indiewire.com/features/best-of/army-of-darkness-sam-raimi-evil-dead-burn-wise-men-rewatch-1235204582/","Sat, 11 Jul 2026 03:59:00 GMT","

By providing your information, you agree to our Terms of Use and our Privacy Policy.
				We use vendors that may also process your information to help provide our services. This site is protected by reCAPTCHA Enterprise and the Google Privacy Policy and Terms of Service apply.

On Friday nights, IndieWire After Dark honors fringe cinema in the streaming age with midnight movies from any moment in film history.

First, the BAIT: a weird genre pick, and why we're exploring its specific niche right now. Then, the BITE: a spoiler-filled answer to the all-important question, “Is this old cult film actually worth recommending?”

Whether you've already seen Sébastien Vaniček's strangely cerebral “Evil Dead Burn” in theaters or you're planning to catch it soon, serious genre fans should probably spend at least part of the upcoming weekend brushing up on Sam Raimi‘s deeply unserious “Army of Darkness.”

 











			Popular on IndieWire		




Related Stories ‘Reading Lolita in Tehran' Review: A Beloved Literary Memoir About Rebellion Through Reading Gets a Straightforward Cinematic Treatment Physical Media Matters, Now More Than Ever 

For one thing, this goofy fantasy adventure explains who the so-called “Wise Men” name-dropped in Warner Bros.' latest sequel even are. More importantly, Raimi's divisive spinoff reveals the creative franchise scaffolding he quietly established when he first brought his and Bruce Campbell‘s indie horror sensation to the studio system in 1993 — whether he realized it or not.

 










After spending several years away from the “Evil Dead” franchise, Raimi returned with a kind of imaginative fearlessness that still feels startling to describe today. Co-written with his brother Ivan Raimi, who made his “Evil Dead” debut here, “Army of Darkness” is the undeniable black sheep of Raimi's original trilogy. It's a medieval fantasy comedy that trades claustrophobic home-invasion terror for skeleton armies, broad slapstick antics, gleeful self-parody, and a slew of visual effects that haven't all aged with the same grace.

But what once looked like a bizarre detour for Raimi now feels more like the moment “Evil Dead” discovered what it could actually become — not a horror franchise defined by narrative continuity, but a cinematic sandbox built around stylistic freedom. Without getting into spoilers, the ending of “Evil Dead Burn” invites fans to reconsider what Raimi was really trying to accomplish with “Army of Darkness” (which, yes, once boasted the vastly superior working title “Medieval Dead”) and offers an intriguing glimpse of where the series could theoretically go next.

Both resetting and continuing the events of 1987's masterful “Evil Dead II,” “Army of Darkness” opens with a snappy prologue that sends the chainsaw-handed Ash Williams (Campbell) sailing past yet another doomed cabin and straight into battle with the Deadites in the Middle Ages. In hindsight, that wild tonal swing — and Raimi's ability to survive it, both creatively and commercially — revealed a defining principle of the “Evil Dead” legacy.

 










Love it or hate it, “Army of Darkness” helped cinematic individuality become just as important to diehard “Evil Dead” fans as the Deadites themselves. Raimi had already hinted at that philosophy by casting Campbell opposite three different actresses as Ash's ill-fated girlfriend Linda (here, Bridget Fonda ever so briefly) and repeatedly trapping them in variations of the same grisly fate.

As the fair maiden Sheila, Embeth Davidtz arrives armed with the audience's familiarity with two previous “Evil Dead” films, demonstrating why repetition is often the key to innovation. You have to have a mold before you can break it, and Raimi did today's filmmakers a tremendous service by stress-testing his own invention before moving on.

Distributed by Universal after two fiercely independent productions, “Army of Darkness” irritated some critics but performed respectably at the box office. Today, it also stands as a uniquely vibrant example of a young filmmaker pushing the blockbuster form as far as he could without sacrificing its populist appeal.

A true steward of the modern blockbuster, Raimi has continued that balancing act ever since — from the “Spider-Man” films (second sequels are tricky for him, huh?) to this year's triumphant “Send Help.” As for the growing “Evil Dead” canon, the modern sequels from Fede Álvarez, Lee Cronin, and now Vaniček don't imitate their executive producer so much as inherit his audacity.

 










If “Evil Dead Burn” is defined by Vaniček's uncanny aptitude for rendering uncomfortable textures, then “Army of Darkness” feels like examining Raimi's creative DNA under a microscope. Exuberant and endlessly inventive, it's perhaps the finest showcase of Campbell's physical talents and a game-changing chapter in horror history that's making the future look brighter by the day. —Alison Foreman

To start this write-up on an appropriately lowbrow note: is Bruce Campbell the hottest man in horror history? The star of Raimi's original “Evil Dead” trilogy has the chiseled jawline, broad shoulders, and pitch-black hair of a Golden Age of Hollywood star, and his pretty boy features only become significantly more appealing when he's caked in all the blood, dirt, and cuts that poor Ash accumulates across three increasingly ridiculous films. But what really makes him such a swoon-worthy presence is his charmingly elastic face.  

With a mouth that can stretch out as wide as rubber and eyes that seem perpetually on the verge of bulging out of their sockets, Campbell is the closest live-action screen actor equivalent cinema has ever had to Bugs Bunny. And it's put to especially good use in “Army of Darkness,” a film that gives the actor space to look utterly majestic, staring into the night with wind perfectly running through his raven hair, and a pitiful buffoon, taking enough physical punishment to make Wile E. Coyote blush.  

 










Over a gloriously packed 81 minutes, Campbell is dragged through muddy water, gets poked in the bum, has a skeleton stick their bony hand in his nose and slap him silly in the face, and so much more punishment than really has time to be catalogued in this column. Slapstick is a classic form of comedy that appeals to the most base and animalistic of human desires — it's quite simply funny to see someone experience a little pain — but it can only work with an expressive performer who makes every punch and pratfall feel real. Campbell is such an actor, and the visceral power of his performance makes Ash, for all the moments he goes full badass, a figure it's hard not to feel a little protective of.  

What strikes me most watching Raimi's “Evil Dead” films is how tactile they are, infused with a sense of physicality that makes the director's outlandish world of demons and chainsaws gritty and raw. Shot on a budget twice that of its predecessor — a whopping $11 million — “Army of Darkness” constructs a Middle Ages that mostly consists of a single castle, a windmill, and a few acres of woodland. And yet it never feels like a theme park for Ash to run around, but a living time and place filled with curmudgeonly knights, bodacious maidens, and undead demons ripped straight out of a gnarly horror comic. 

 










Raimi's projects throughout his career have often felt like the midpoint where live-action and cartoon meet, and “Army of Darkness” is where that strain of his nerdom reaches its zenith. Making the film, Raimi utilized the Introvision front-projection process — in which pre-shot material is projected over performers to achieve an effect — to pay tribute to the stop-motion work of animator Ray Harryhausen, with skeletons ripped straight out of the iconic sword fights of “Jason and the Argonauts.”

The results aren't traditionally pretty, yet this stylized world has real weight to it, with Campbell's performance ably bridging the gaps where the special effects sometimes falter, making for a movie you can feel as much as you can watch. In the face of slick, airless, digitized horror films all too common today, the synesthetic experience of “Army of Darkness” hits like a startling burst of adrenaline.  

As horror franchises evolve across installments, there's a natural tendency for the creatives behind them to overthink things and get a bit too lost in the sauce of mythos and worldbuilding and topping themselves with bigger, juicier scares. What Raimi does with his original “Evil Dead” trilogy is much more interesting, setting a new aesthetic template for zombie cinema in his debut before promptly taking the piss out of the standard he set in the follow-ups, treating this demonic hellscape as a playground rather than a jigsaw puzzle to form a portrait of.

 










Blasting Ash back to the medieval past, the director doesn't let the promise of exploring the origins of the Necronomicon get in the way of a blissed-out good time. “Army of Darkness” is a testament to the pleasures of watching an absolutely beautiful man get the shit kicked out of him, and to properly thank Sam Raimi for giving it to us, I have five little words: “Hail to the king, baby.” —Wilson Chapman

“Army of Darkness” is now streaming on HBO Max and VOD. 

Read more installments of After Dark, IndieWire's midnight movie club:

By providing your information, you agree to our Terms of Use and our Privacy Policy.
				We use vendors that may also process your information to help provide our services. This site is protected by reCAPTCHA Enterprise and the Google Privacy Policy and Terms of Service apply.","{'href': 'https://www.indiewire.com', 'title': 'IndieWire'}","entertainment"
"https://news.google.com/rss/search?q=site:rollingstone.com","Comic Fends Off ‘Frivolous' $27 Million Lawsuit Over ‘Lion King' Joke, Will Seek Legal Fees","https://www.rollingstone.com/tv-movies/tv-movie-news/lion-king-zulu-chant-joke-lawsuit-dismissed-comic-learnmore-1235592335/","Sat, 11 Jul 2026 01:48:11 GMT","


							By 

	Nancy Dillon



	A federal judge in Los Angeles has dismissed a $27 million defamation lawsuit brought against the comedian Learnmore Jonasi by Lebohang Morake, the South African singer and composer professionally known as Lebo M. Morake's Zulu chant opens “Circle of Life” in Disney's The Lion King.


	The ruling, issued Friday, threw out the suit that Morake filed in March. Bryan Sullivan, a lawyer for Jonasi, called the decision a vindication of his client's right to free speech.


	“We have always believed this was a frivolous lawsuit in violation of our client's First Amendment rights,” Sullivan tells Rolling Stone. He says the dismissal came after his side filed a motion for sanctions against Morake. Jonasi will now seek attorneys' fees under California's anti-SLAPP statute, which is designed to deter lawsuits aimed at silencing public speech, he says.


	Morake sued after Jonasi appeared on the One54 Africa podcast and offered a decidedly less majestic translation of the chant, “Nants'ingonyama bagithi Baba.”

	











	He said the line translates to, “Look, there's a lion. Oh, my God.” The podcast hosts looked visibly stunned. A clip of the funny exchange later made the rounds on social media.


	For his part, Morake says the line actually translates to, “All hail the king, we all bow in the presence of the king.” His lawsuit accused Jonasi of promoting a false translation with reckless disregard for the truth and for Morake's reputation.


	A lawyer for Morake did not immediately respond to Rolling Stone‘s request for comment.


	In her order, U.S. District Judge Josephine Staton said the parties had “fully discussed the matter” and agreed to dismiss the case voluntarily. The dismissal was effective immediately, she wrote, and would not affect Jonasi's right to ask the court to order Morake to cover his legal expenses.


	Jonasi previously shared a video on TikTok showing himself getting served with the lawsuit while performing onstage at The Laugh Factory. The comedian also started a GoFundMe fundraiser to gather a legal war chest to fight the complaint.

	











	
		Editor's picks
	
	











	
	
		
					The 250 Greatest Albums of the 21st Century So Far		
	














	
	
		
					The 100 Best TV Episodes of All Time		
	














	
	
		
					The 500 Greatest Albums of All Time		
	














	
	
		
					100 Best Movies of the 21st Century		
	









	“What started as a bit of humor has escalated into a devastating legal battle,” Jonasi wrote on the fundraising page. “I am a passionate creator who never intended harm, but I now face overwhelming legal fees just to defend my right to speak and tell jokes.”


	In the 19-page complaint, obtained by Rolling Stone, Morake argued that Jonasi had presented the translation as fact during a conversational podcast rather than as part of a stand-up routine.


	“Defendant presented it as factual knowledge with misguided authenticity to increase exposure and mockery of Lebo M's creative masterpiece,” the lawsuit said.


	Morake claimed the remarks created a false narrative around his work and amounted to Jonasi “spitting on” it. He also expressed concern that the controversy could jeopardize his longstanding relationship with Disney, including his recent work on Mufasa: The Lion King.


	“This is not free speech, because the statements by defendant are false, vicious, and intended to cause significant harm to the legacy of Lebo M,” the complaint said.





	
		Trending Stories
	
	






	
	
		
					My Chemical Romance Bring Wembley Stadium to Its Knees With ‘Black Parade' Show		
	









	
	
		
					Yungblud Receives Support From SZA, Alyssa Milano, More After Opening Up About ‘Industry Plant' Discourse		
	









	
	
		
					How Much Did Taylor Swift's Wedding to Travis Kelce Cost?		
	









	
	
		
					A Lucifer-Loving Band Says Charley Crockett Dropped It From His Tour Over ‘Satanic Imagery'		
	









	Jonasi also turned the dispute into merchandise, selling T-shirts bearing the words, “Look, it's a Lawsuit. Oh, my God.” The shirts featured a cartoon of the comedian holding up legal papers in a pose recalling Mufasa presenting Simba.


	“Get your T-shirt now,” Jonasi wrote on Instagram. “You can really help me pay these legal fees.”

We want to hear it. Send us a tip using our anonymous form.

Rolling Stone is a part of Penske Media Corporation. © 2026 Rolling Stone, LLC. All rights reserved.","{'href': 'https://www.rollingstone.com', 'title': 'Rolling Stone'}","entertainment"
"https://news.google.com/rss/search?q=site:rollingstone.com","Bad Bunny's Ex Wins Round in Battle Over Voice Note Used on ‘Un Verano Sin Ti'","https://www.rollingstone.com/music/music-news/bad-bunny-ex-girlfriend-un-verano-sin-ti-lawsuit-1235592278/","Sat, 11 Jul 2026 00:34:32 GMT","


							By 

	Nancy Dillon



Bad Bunny's former girlfriend may proceed with a lawsuit accusing the reggaeton star of using a recording of her voice saying “Bad Bunny baby” on his 2022 song “Dos Mil 16” without her permission.


	In an 80-page ruling obtained by Rolling Stone, the Puerto Rico Supreme Court found that Carliz De La Cruz Hernández can move forward with her claim that the recording's use violated her right to protect her identity from commercial exploitation. Bad Bunny, born Benito Martinez Ocasio, has been fighting the lawsuit since it was first filed in 2023.


	In her filings, De La Cruz Hernández says she began dating Bad Bunny in 2011 and recorded the phrase at his request in 2015. The couple later separated, reconciled in 2017, and broke up again, though they continued communicating intermittently until 2019, she claims.


	According to De La Cruz Hernández, she never authorized the recording's use on “Pa Ti,” released in 2015, or on “Dos Mil 16,” a track from the chart-topping album Un Verano Sin Ti. She alleges Bad Bunny and his company, Rimas Entertainment, used her voice memo across streaming services, social media, television, radio, and promotional campaigns, turning it into a marketing hook that fueled interest in the couple's on-and-off relationship and drove sales. She alleges the defendants unfairly profited from her voice without compensating her, and the Supreme Court found that she presented sufficient facts to support her claim of a plausible commercial use.

	











	While De La Cruz Hernández can move forward with her claim related to “Dos Mil 16,” the court found she waited too long to pursue damages for “Pa Ti.” The statute of limitations for the earlier song had run out, the court ruled.

	











	
		Trending Stories
	
	






	
	
		
					My Chemical Romance Bring Wembley Stadium to Its Knees With ‘Black Parade' Show		
	









	
	
		
					Yungblud Receives Support From SZA, Alyssa Milano, More After Opening Up About ‘Industry Plant' Discourse		
	









	
	
		
					How Much Did Taylor Swift's Wedding to Travis Kelce Cost?		
	









	
	
		
					A Lucifer-Loving Band Says Charley Crockett Dropped It From His Tour Over ‘Satanic Imagery'		
	








			Popular on Rolling Stone		







	In its opinion, the majority also reversed an earlier dismissal of De La Cruz Hernández's copyright claim. It found she had a right to pursue her claims that the recording of her personal and distinguishable voice performance might be protectible as a copyright.


	Attempts to reach lawyers on both sides were not immediately successful on Friday. A dissenting judge said he would have dismissed both claims, finding that neither was supported by law.

We want to hear it. Send us a tip using our anonymous form.

Rolling Stone is a part of Penske Media Corporation. © 2026 Rolling Stone, LLC. All rights reserved.","{'href': 'https://www.rollingstone.com', 'title': 'Rolling Stone'}","entertainment"
"https://news.google.com/rss/search?q='unidentified+flying+objects'","Pentagon Releases New UFO Records Detailing Decades of Unexplained Aerial Encounters","https://people.com/pentagon-shares-newly-declassified-ufo-files-dating-back-to-1948-12016578","Sat, 11 Jul 2026 04:00:07 GMT","

The newly released records span from 1948 to 2025 and include reports, videos and images tied to unresolved unidentified aerial phenomena

Department of War

 The Pentagon has expanded its public UFO archive with dozens of newly released records, from declassified documents to videos, audio recordings and images tied to decades of unexplained aerial incidents.


 The latest release includes 40 files made up of 14 documents, 19 videos, four audio files and three images, all related to what officials describe as “unresolved” unidentified anomalous phenomena (UAP), more commonly referred to as UFOs, or unidentified flying objects.


 The files released on July 10 were sourced from several government agencies and cover incidents from 1948 through 2025.


Department of War

 Among the newly released records is a 1949 analysis of unexplained flying objects that references a fatal military pursuit the previous year. According to the document, a National Guard pilot died on Jan. 7, 1948, while attempting to intercept an unidentified object at an altitude of 30,000 feet.


 The report states that investigators believed the pilot likely suffered anoxia before crashing, a severe medical condition in which the body or brain completely runs out of oxygen, but noted that his final radio transmission described the object as a large metallic object.


 “It appears to be metallic object…of tremendous size…directly ahead and slightly above…I am trying to [get] close for a better look,” the pilot said in his last message to the control tower, according to the document.


Department of War

 Another document included in the release features a transcript from a 1949 conference held in Los Alamos, New Mexico, where prominent physicists and scientists gathered. During the discussion, attendees examined reports of unusual “green fireballs” seen over the nuclear facility, though they were unable to determine a clear explanation for the sightings.


 One theory suggested the objects could have been meteors entering Earth's atmosphere. However, according to the transcript, a prominent astronomer argued that “nothing like this … has ever been observed in the case of meteorite drops.”


 The collection also includes a 2019 “range fouler reporting form,” which the Pentagon described as a standardized U.S. Navy reporting form used to document unauthorized intrusions into controlled airspace during military operations or training.


 In that report, an aviator described witnessing an object unlike anything encountered during nearly three decades of military service.


 “In between mission sorties, I noticed an object with flight characteristics unlike anything I had seen in my 28 years of performing [redacted] for the USAF and Navy,” the report states. “Others with equal or more experience were also unsure as to what this object might be.”


 The newly released videos similarly document separate incidents in which infrared sensors detected unidentified aerial objects in different locations.


 Never miss a story — sign up for PEOPLE's free daily newsletter to stay up-to-date on the best of what PEOPLE has to offer​​, from celebrity news to compelling human interest stories.


 The latest records are part of the fourth public release, according to a statement shared on X by Assistant to the Secretary of War for Public Affairs and Chief Pentagon Spokesman Sean Parnell.


 “Today, the Department of War is publishing the fourth release of declassified and historical Unidentified Anomalous Phenomena (UAP) files as part of the Presidential Unsealing and Reporting System for UAP Encounters (PURSUE),” the statement said. It added that the collection continues to be hosted on the department's UFO website and that additional releases are planned “on a rolling basis.”


Department of War

 The public archive first launched on May 8, when officials said they hoped making the records available would encourage “the application of private-sector analysis, information and expertise,” according to the Pentagon.


 Hours after the website launched, Parnell said public interest had quickly surged.


 “In just 12 hours, the site has received 340 MILLION hits from Americans and truth seekers worldwide seeking unfiltered UAP information,” Parnell wrote on X.


Department of War

 President Donald Trump also announced the website's launch on Truth Social, saying the records were being released for the public's “review and study.”


 “As for my promise to you, the Department of War has released the first tranche of the UFO/UAP files to the Public for their review and study,” Trump wrote. “In an effort for Complete and Maximum Transparency, it was my Honor to direct my Administration to identify and provide Government files related to Alien and Extraterrestrial Life, Unidentified Aerial Phenomena, and Unidentified Flying Objects.”


 He concluded the post by writing, “Whereas previous Administrations have failed to be transparent on this subject, with these new Documents and Videos, the people can decide for themselves... Have Fun and Enjoy!”
","{'href': 'https://people.com', 'title': 'People.com'}","other"
"https://news.google.com/rss/search?q='unidentified+flying+objects'","Pentagon releases fourth batch of UFO files","https://www.nbcnews.com/video/pentagon-releases-fourth-batch-of-ufo-files-266532933775","Sat, 11 Jul 2026 02:01:37 GMT","



 news Alerts

There are no new alerts at this time

The Pentagon has released a new series of videos as part of the latest batch of UFO, or UAP files. NBC News' Gadi Schwartz explains.July 11, 2026



© 2026 NBCUniversal Media, LLC","{'href': 'https://www.nbcnews.com', 'title': 'NBC News'}","other"
"https://news.google.com/rss/search?q=ufo","Pentagon releases fourth batch of UFO files","https://www.nbcnews.com/video/pentagon-releases-fourth-batch-of-ufo-files-266532933775","Sat, 11 Jul 2026 02:01:37 GMT","



 news Alerts

There are no new alerts at this time

The Pentagon has released a new series of videos as part of the latest batch of UFO, or UAP files. NBC News' Gadi Schwartz explains.July 11, 2026



© 2026 NBCUniversal Media, LLC","{'href': 'https://www.nbcnews.com', 'title': 'NBC News'}","other"
"https://news.google.com/rss/search?q=unidentified+anomalous+phenomena'","Pentagon Releases New UFO Records Detailing Decades of Unexplained Aerial Encounters","https://people.com/pentagon-shares-newly-declassified-ufo-files-dating-back-to-1948-12016578","Sat, 11 Jul 2026 04:00:07 GMT","

The newly released records span from 1948 to 2025 and include reports, videos and images tied to unresolved unidentified aerial phenomena

Department of War

 The Pentagon has expanded its public UFO archive with dozens of newly released records, from declassified documents to videos, audio recordings and images tied to decades of unexplained aerial incidents.


 The latest release includes 40 files made up of 14 documents, 19 videos, four audio files and three images, all related to what officials describe as “unresolved” unidentified anomalous phenomena (UAP), more commonly referred to as UFOs, or unidentified flying objects.


 The files released on July 10 were sourced from several government agencies and cover incidents from 1948 through 2025.


Department of War

 Among the newly released records is a 1949 analysis of unexplained flying objects that references a fatal military pursuit the previous year. According to the document, a National Guard pilot died on Jan. 7, 1948, while attempting to intercept an unidentified object at an altitude of 30,000 feet.


 The report states that investigators believed the pilot likely suffered anoxia before crashing, a severe medical condition in which the body or brain completely runs out of oxygen, but noted that his final radio transmission described the object as a large metallic object.


 “It appears to be metallic object…of tremendous size…directly ahead and slightly above…I am trying to [get] close for a better look,” the pilot said in his last message to the control tower, according to the document.


Department of War

 Another document included in the release features a transcript from a 1949 conference held in Los Alamos, New Mexico, where prominent physicists and scientists gathered. During the discussion, attendees examined reports of unusual “green fireballs” seen over the nuclear facility, though they were unable to determine a clear explanation for the sightings.


 One theory suggested the objects could have been meteors entering Earth's atmosphere. However, according to the transcript, a prominent astronomer argued that “nothing like this … has ever been observed in the case of meteorite drops.”


 The collection also includes a 2019 “range fouler reporting form,” which the Pentagon described as a standardized U.S. Navy reporting form used to document unauthorized intrusions into controlled airspace during military operations or training.


 In that report, an aviator described witnessing an object unlike anything encountered during nearly three decades of military service.


 “In between mission sorties, I noticed an object with flight characteristics unlike anything I had seen in my 28 years of performing [redacted] for the USAF and Navy,” the report states. “Others with equal or more experience were also unsure as to what this object might be.”


 The newly released videos similarly document separate incidents in which infrared sensors detected unidentified aerial objects in different locations.


 Never miss a story — sign up for PEOPLE's free daily newsletter to stay up-to-date on the best of what PEOPLE has to offer​​, from celebrity news to compelling human interest stories.


 The latest records are part of the fourth public release, according to a statement shared on X by Assistant to the Secretary of War for Public Affairs and Chief Pentagon Spokesman Sean Parnell.


 “Today, the Department of War is publishing the fourth release of declassified and historical Unidentified Anomalous Phenomena (UAP) files as part of the Presidential Unsealing and Reporting System for UAP Encounters (PURSUE),” the statement said. It added that the collection continues to be hosted on the department's UFO website and that additional releases are planned “on a rolling basis.”


Department of War

 The public archive first launched on May 8, when officials said they hoped making the records available would encourage “the application of private-sector analysis, information and expertise,” according to the Pentagon.


 Hours after the website launched, Parnell said public interest had quickly surged.


 “In just 12 hours, the site has received 340 MILLION hits from Americans and truth seekers worldwide seeking unfiltered UAP information,” Parnell wrote on X.


Department of War

 President Donald Trump also announced the website's launch on Truth Social, saying the records were being released for the public's “review and study.”


 “As for my promise to you, the Department of War has released the first tranche of the UFO/UAP files to the Public for their review and study,” Trump wrote. “In an effort for Complete and Maximum Transparency, it was my Honor to direct my Administration to identify and provide Government files related to Alien and Extraterrestrial Life, Unidentified Aerial Phenomena, and Unidentified Flying Objects.”


 He concluded the post by writing, “Whereas previous Administrations have failed to be transparent on this subject, with these new Documents and Videos, the people can decide for themselves... Have Fun and Enjoy!”
","{'href': 'https://people.com', 'title': 'People.com'}","other"
"https://news.google.com/rss/search?q=uap","Presidential Unsealing and Reporting System for UAP Encounters (PURSUE)","https://www.war.gov/UFO/release/03/?releaseDate=Release+04&amp;release=04","Sat, 11 Jul 2026 07:19:34 GMT","

Official websites use .gov

Secure .gov websites use HTTPS



 The Department of War just released the fourth tranche of records under PURSUE. The first tranche was released on May 8, 2026. Scroll down to view the fourth tranche, released on July 10, 2026. 

 Based on the tremendous interest shown, I will be directing the Secretary of War, and other relevant Departments and Agencies, to begin the process of identifying and releasing Government files related to alien and extraterrestrial life, unidentified aerial phenomena (UAP), and unidentified flying objects (UFOs), and any and all other information connected to these highly complex, but extremely interesting and important, matters. GOD BLESS AMERICA! 

 In response to President Donald J. Trump's directive for transparency on U.S. government information regarding Unidentified Anomalous Phenomena (UAP), the Department of War (DOW), with support from the Office of the Director of National Intelligence (ODNI), is overseeing government wide efforts to expeditiously find, review, identify, declassify and publicly release unresolved UAP-related records and historical documents in the federal government's possession. This is an unprecedented, historic undertaking that requires coordination between dozens of agencies and the review of tens of millions of records, many existing only on paper, spanning many decades. Given the scope of this task, the Department of War will be releasing new materials on a rolling basis as they are discovered and declassified, with tranches posted every few weeks. 

 The materials archived here are unresolved cases, meaning the government is unable to make a definitive determination on the nature of the observed phenomena. This can occur for a variety of reasons, including a lack of sufficient data, and the Department of War welcomes the application of private-sector analysis, information and expertise. DOW will continue to conduct separate reporting on resolved UAP cases, as mandated by statute. Under this Administration, we will pursue the truth and share our findings with the American people. 

 ""The Department of War is in lockstep with President Trump to bring unprecedented transparency regarding our government's understanding of Unidentified Anomalous Phenomena. These files, hidden behind classifications, have long fueled justified speculation — and it's time the American people see it for themselves. This release of declassified documents demonstrates the Trump Administration's earnest commitment to unprecedented transparency."" - United States Secretary of War Pete Hegseth 

 Search the database below for all PURSUE files released to date. Use the tabs above or the filters below to search by release date, agency and file type, and to access file downloads. Click here to view the LATEST RELEASE and related documents. 

 Search, filter, sort, view and download all available PURSUE records in the database. 

  CLEARED FOR RELEASE - MAY 8, 2026  

 Search, filter, sort, view and download Release 01 PURSUE records in the database. 

  CLEARED FOR RELEASE - MAY 22, 2026  

 Search, filter, sort, view and download Release 02 PURSUE records in the database. 

  CLEARED FOR RELEASE - JUNE 12, 2026  

 Search, filter, sort, view and download Release 03 PURSUE records in the database. 

 CLEARED FOR RELEASE - JULY 10, 2026  

 Search, filter, sort, view and download Release 04 PURSUE records in the database. 

If you want to see other historical UAP records:


                                The Department of War provides the military forces needed to deter war and ensure our nation's security.","{'href': 'https://www.war.gov', 'title': 'U.S. Department of War (.gov)'}","other"
"https://news.google.com/rss/search?q=uap","Fourth Release of UAP Encounter Documents","https://www.leonarddavid.com/fourth-release-of-uap-encounter-documents/","Sat, 11 Jul 2026 03:44:30 GMT","



Today, the Department of War published the fourth release of declassified and historical Unidentified Anomalous Phenomena (UAP) files as part of the Presidential Unsealing and Reporting System for UAP Encounters (PURSUE).

The fourth release of UAP files are available now on https://www.war.gov/UFO/

Green fireballs

There are a large number of documents released, sure to keep UFO/UAP researchers busy.

For instance, there's a transcript of a 1949 conference held at Los Alamos Scientific Laboratory (now Los Alamos National Laboratory), Los Alamos, New Mexico. Attendees included several eminent scientists and physicists, many of whom had contributed to the development of the first nuclear weapons during the Manhattan Project.

Among the attendees was Dr. Edward Teller. He joined others to discuss and gather hypotheses to account for the nature and origin of a phenomenon involving “green fireballs” that had been reported over a period of several months in the vicinity of the laboratory.

“The group did not come to a consensus on a likely attribution for the phenomenon,” the website explains, “though a leading hypothesis was that the observations may have been related to meteors entering the atmosphere at a shallow angle and high altitude.”

During STS-80, between November 19 and December 7, 1996, astronauts aboard Space Shuttle Columbia captured a series of three images of an unidentified object in low-Earth orbit. In the second photograph, the object is visible near the center of the frame, to the right of the limb of the Earth. It appears to have rotated or tumbled about its major axis, which is consistent with the behavior of a free-floating object.Image credit: NASA

CIA-convened panel warning

Another file contains an initial report from the Air Materiel Command regarding Project Sign – a 1948-1949 U.S. Air Force program to investigate the nature and origin of unidentified flying objects (UFO). The report details 100 UFO sightings from 1947-1948.

Also in the roster of documents, correspondence and reports dated 1952–1953 from the Scientific Advisory Panel on Unidentified Flying Objects, convened by the CIA's Office of Scientific Intelligence.

“The panel's primary conclusion was that “flying saucers” did not pose a direct physical threat to the national security of the United States. The panel found no evidence that these phenomena were attributable to hostile foreign artifacts or indicated a need to revise existing scientific concepts,” the website notes.

Rendering of a sighting incident.Image credit: FBI

Indirect threat

However, the panel identified a significant indirect threat stemming from the public's fascination with the subject.

“The panel concluded that the high volume of reports, encouraged by a ‘sensationalist press,' could overwhelm and clog vital intelligence and communication channels, potentially distracting from genuine threats,” it is noted.

Furthermore, the CIA-convened panel warned that a “morbid national psychology” could be exploited by adversaries to incite “hysterical behavior and harmful distrust of duly constituted authority.” The panel recommended an official policy of “debunking” to “strip the UFO subject of its mystery,” alongside a training initiative for military personnel to better recognize and filter out misidentified objects, thereby reducing communication “noise” and allowing the national security apparatus to focus on more “legitimate defense concerns.”

The collection continues to be housed on WAR.GOV/UFO, and the Department will release additional files on a rolling basis.


Name (required)


Mail (will not be published) (required)


Website




Submit Comment






Δ



To purchase the book please click here","{'href': 'https://www.leonarddavid.com', 'title': 'Inside Outer Space'}","other"
"https://news.google.com/rss/search?q=Alien+Encounters","Pentagon Releases New UFO Records Detailing Decades of Unexplained Aerial Encounters","https://people.com/pentagon-shares-newly-declassified-ufo-files-dating-back-to-1948-12016578","Sat, 11 Jul 2026 04:00:07 GMT","

The newly released records span from 1948 to 2025 and include reports, videos and images tied to unresolved unidentified aerial phenomena

Department of War

 The Pentagon has expanded its public UFO archive with dozens of newly released records, from declassified documents to videos, audio recordings and images tied to decades of unexplained aerial incidents.


 The latest release includes 40 files made up of 14 documents, 19 videos, four audio files and three images, all related to what officials describe as “unresolved” unidentified anomalous phenomena (UAP), more commonly referred to as UFOs, or unidentified flying objects.


 The files released on July 10 were sourced from several government agencies and cover incidents from 1948 through 2025.


Department of War

 Among the newly released records is a 1949 analysis of unexplained flying objects that references a fatal military pursuit the previous year. According to the document, a National Guard pilot died on Jan. 7, 1948, while attempting to intercept an unidentified object at an altitude of 30,000 feet.


 The report states that investigators believed the pilot likely suffered anoxia before crashing, a severe medical condition in which the body or brain completely runs out of oxygen, but noted that his final radio transmission described the object as a large metallic object.


 “It appears to be metallic object…of tremendous size…directly ahead and slightly above…I am trying to [get] close for a better look,” the pilot said in his last message to the control tower, according to the document.


Department of War

 Another document included in the release features a transcript from a 1949 conference held in Los Alamos, New Mexico, where prominent physicists and scientists gathered. During the discussion, attendees examined reports of unusual “green fireballs” seen over the nuclear facility, though they were unable to determine a clear explanation for the sightings.


 One theory suggested the objects could have been meteors entering Earth's atmosphere. However, according to the transcript, a prominent astronomer argued that “nothing like this … has ever been observed in the case of meteorite drops.”


 The collection also includes a 2019 “range fouler reporting form,” which the Pentagon described as a standardized U.S. Navy reporting form used to document unauthorized intrusions into controlled airspace during military operations or training.


 In that report, an aviator described witnessing an object unlike anything encountered during nearly three decades of military service.


 “In between mission sorties, I noticed an object with flight characteristics unlike anything I had seen in my 28 years of performing [redacted] for the USAF and Navy,” the report states. “Others with equal or more experience were also unsure as to what this object might be.”


 The newly released videos similarly document separate incidents in which infrared sensors detected unidentified aerial objects in different locations.


 Never miss a story — sign up for PEOPLE's free daily newsletter to stay up-to-date on the best of what PEOPLE has to offer​​, from celebrity news to compelling human interest stories.


 The latest records are part of the fourth public release, according to a statement shared on X by Assistant to the Secretary of War for Public Affairs and Chief Pentagon Spokesman Sean Parnell.


 “Today, the Department of War is publishing the fourth release of declassified and historical Unidentified Anomalous Phenomena (UAP) files as part of the Presidential Unsealing and Reporting System for UAP Encounters (PURSUE),” the statement said. It added that the collection continues to be hosted on the department's UFO website and that additional releases are planned “on a rolling basis.”


Department of War

 The public archive first launched on May 8, when officials said they hoped making the records available would encourage “the application of private-sector analysis, information and expertise,” according to the Pentagon.


 Hours after the website launched, Parnell said public interest had quickly surged.


 “In just 12 hours, the site has received 340 MILLION hits from Americans and truth seekers worldwide seeking unfiltered UAP information,” Parnell wrote on X.


Department of War

 President Donald Trump also announced the website's launch on Truth Social, saying the records were being released for the public's “review and study.”


 “As for my promise to you, the Department of War has released the first tranche of the UFO/UAP files to the Public for their review and study,” Trump wrote. “In an effort for Complete and Maximum Transparency, it was my Honor to direct my Administration to identify and provide Government files related to Alien and Extraterrestrial Life, Unidentified Aerial Phenomena, and Unidentified Flying Objects.”


 He concluded the post by writing, “Whereas previous Administrations have failed to be transparent on this subject, with these new Documents and Videos, the people can decide for themselves... Have Fun and Enjoy!”
","{'href': 'https://people.com', 'title': 'People.com'}","other"
"https://news.google.com/rss/search?q=Psychic","Pokémon Go Mega Mewtwo Y counters, weaknesses and best moveset","https://www.eurogamer.net/pokemon-go-mega-mewtwo-y-counters-weaknesses-best-moveset","Sat, 11 Jul 2026 07:08:34 GMT","

How to beat Mega Mewtwo Y in Pokémon Go.

Mega Mewtwo Y was released worldwide in Pokémon Go during 2026's Go Fest Global event, and can be fought in Super Mega Raids. This super-powerful Pokémon is a must-have for any serious trainer, ranking as the best Psychic type in the game. You won't want to pass up on this one. Below you'll find the Mega Mewtwo Y counters and weaknesses in Pokémon Go, along with a look at shiny Mewtwo Y.

On this page:

Here the Mega Mewtwo Y counters and weaknesses in Pokémon Go:

Mega Mewtwo Y type - Psychic

Weak against:

Resistant to:

Mega Mewtwo Y Mega counters

The top picks for Mega counters against Mega Mewtwo Y are itself (Mega Mewtwo Y) with Shadow Ball, Mega Tyranitar and Mega Mewtwo X (also with Shadow Ball). Failing all else, Mega Gengar or Mega Rayquaza will do the job.

Mega Mewtwo Y non-Mega counters

Dawn Wings Necrozma is your best counter in this match-up, thanks to its double-Ghost-type moveset. After this, you're looking at Shadow Tyranitar, Shadow Hydreigon or Shadow Darkrai as your next-best options.

After that it's academic. This is a tough battle, so just pick your strongest Dark and Ghost-types, and have a few teams as back-up, ready to go.



Go Fest 2026: Global has arrived! Make sure you know the habitat hour and raid schedule. Make sure you take the time to add Bouffalant and Tropius to your Pokédex. Don't forget about the Mega Mewtwo Y and Mega Mewtwo X counters as well.

There's a lot to do in Pokémon Go outside of the current event! From the Go Battle League, Remote Trading, PokéStop Showcase, Routes and Max Battles. Don't forget to catch rare Pokémon while you're at it.




This one won't be easy. It has two real weaknesses you can look to exploit (Bug doesn't count as Bugs are pretty weak), and it isn't shy about letting you know how strong it is. Just keep hammering it with the Pokémon it's weak to - and have a couple of back-up teams set for if you wipe out and need to jump back in - and it will eventually fall.

When it comes to your choice of Mega Evolution, if you don't have Mega Mewtwo (which is totally fair), Mega Tyranitar is a solid option - just make sure it has Brutal Swing as this move wrecks Psychic-types. The rest of your counters should ideally be an army of Dawn Wings Necrozmas or Shadow Tyranitars, but failing that just bring your strongest Pokémon that it is weak to. Basically, anything with Brutal Swing is worth a look

Remember, this is tough, even by Super Mega Raid standards. It's highly recommended to fight Mega Mewtwo Y alongside at least ten other trainers. While you may be able to defeat it with a lower number, you will need finely tuned, optimal teams to even hope for a win. If you're a very high-level trainer with optimal counters, you might be able to do this with five or six similarly high-level friends. 

Here's the raid boss CP level for Mega Mewtwo Y, along with the CP ranges to expect when catching a regular Mewtwo after successfully defeating its Mega version in Pokémon Go:

Our recommendation for the best Mega Mewtwo Y moveset is Confusion as a Fast Move and Psystrike as a Charged Move. This maximises its potential as the best Psychic-type in the game.

If you fancy using your Mewtwo in Master League, its optimal moveset is Psycho Cut, Psystrike and Shadow Ball, but it's worth noting that the Shadow version is better if you have it. Maybe leave this Mega as a Raid attacker...

Here's Mewtwo Y's full moveset in Pokémon Go:

Yes, shiny Mewtwo Y is in Pokémon Go! Shiny Mewtwo Y was added to Pokémon Go in May 2026 when the Mega Evolution first made an appearance in the game during the Go Fest 2026: Tokyo event. (It makes sense shiny Mewtwo has been available since 2019.)

As you can see, shiny Mewtwo Y keeps its regular version's green colouring, which is a shame as shiny Mewtwo was always a little underwhelming... We vastly prefer the regular colouring, as that way we can pretend that we're Kid Buu and revel in our villainy...

Best of luck defeating Mega Mewtwo Y in Pokémon Go!


Pokémon Go



        Android, iOS
    


        Sign in and unlock a world of features
      


        Get access to commenting, personalised reading recommendations, newsletters, and more!
      



How to use a Charged TM in Pokémon Go                    




Pokémon Go A Thunderous Discovery Zeraora Special Research quest                    




Pokémon Go 'Genetic Mastery' Mega Mewtwo X or Mega Mewtwo Y best Choose Path choice and rewards                    




Pokémon Go habitat hour schedule and raid schedule for Go Fest 2026                    




How to get Bouffalant and Tropius during Go Fest 2026 in Pokémon Go                    




Pokémon Go Mega Mewtwo X counters, weaknesses and best moveset                    




Pokémon Go all released Mega Evolutions                    




Pokémon Go Mega Evolutions                    


© 2026 Eurogamer.net a brand of IGN Entertainment, Inc. All rights reserved. 60 Whitechapel High Street, London, E1 7PE, United Kingdom. No part of this website or its content may be reproduced without the copyright owner's permission. Eurogamer is a registered trademark of Gamer Network Limited.","{'href': 'https://www.eurogamer.net', 'title': 'Eurogamer.net'}","other"
"https://news.google.com/rss/search?q=Psychic","Girvan comedian to join psychic reader for show in Glasgow","https://www.ayradvertiser.com/news/26270914.psychic-readings-take-place-night-comedy-glasgow/","Sat, 11 Jul 2026 08:35:33 GMT","



 
                

 Comedy
 Entertainment



  A NIGHT of unapologetic comedy and live psychic readings featuring a South Ayrshire comedian is coming to Glasgow.



  Howling at the Moon, a new show promising laughter and surprises, will take place on Wednesday, July 29, at the Britannia Panopticon Music Hall.



 (Image: Howling at the Moon)



  The event is the brainchild of Girvan-based comedian Victoria Rose, who will share the stage with psychic reader Gemma Collins for a blend of bold stand-up comedy and spontaneous tarot readings.



  Victoria said: ""I wanted to create a night that felt special and unique – I've been friends with Gemma for ages and have always loved the way she does her readings.



  ""She's funny, direct, and completely authentic and that matches the energy of my stand-up.



  ""Because Gemma's readings are totally live and unscripted, there's no way of knowing where things will go and what will happen.



  ""I've got plenty of stories I'm planning to share, but I'll also be guided by some of the things that come up during Gemma's readings, so there's going to be a spontaneous element to the show, and even we don't know what's going to happen.""



 (Image: Howling at the Moon)



  Victoria is known for her risqué humour on the Scottish comedy circuit, often riffing on themes of dating, relationships and the awkward moments that come with getting older.



  She said: ""I'm the first to admit that my comedy is – to put it mildly ­– a little bit risqué, but I think that the things I talk about, like men, dating, and getting older are things that a lot of people, especially women, can relate to.



  ""We've all had weird dates, and a lot of us have had some bizarre interactions on dating apps; I've certainly had my share, but I've done some crazy things – like trying to manifest my soul mate with frankly creepy AI videos – that make great stories but haven't really helped me woo the guy of my dreams.



  ""Howling at the Moon is my chance to share these stories and make people laugh as they realise that no matter how embarrassing their dating misadventures are that they can rest assured that someone has done something weirder, wilder, and much more mortifying.""



  Joining her on stage is Glasgow-based psychic Gemma, founder of Just Ask Tarot, who has spent more than 20 years giving readings at events, festivals, and Glasgow's Barras Market.



  She said: ""People often ask if I know what they're going to ask before they sit down.



  ""I don't; that's the beauty of it.



  ""Every reading happens completely live.



  ""There is no script, no preparation, and no hidden agenda.



  ""People simply ask what's on their mind, and I work in the moment.



  ""That's exactly what Just Ask Tarot is all about.""



  Howling at the Moon will begin at 7pm, with doors opening at 6.45pm.



  Tickets are priced at £23.77, including booking fees, and can be purchased online. 


This website and associated newspapers adhere to the Independent Press Standards Organisation's
    Editors' Code of Practice. If you have a complaint about the editorial content which relates to
    inaccuracy or intrusion, then please 
    contact the editor here.
    If you are dissatisfied with the response provided you can
    contact IPSO here

© 2001-2026. The Ayr Advertiser is owned and operated by Newsquest Media Group Ltd, an audited local newspaper network.

Visit newsquest.co.uk to view our policies, terms and legal agreements.

The Echo Building, 18 Albert Road, Bournemouth, England BH1 1BZ. Registered in England & Wales | 01676637

Data returned from the Piano 'meterActive/meterExpired' callback event.

As a subscriber, you are shown 80% less display advertising when reading our
                    articles.

Those ads you do see are predominantly from local businesses promoting local
                        services. 

These adverts enable local businesses to get in front of their target audience – the local
                        community.

It is important that we continue to promote these adverts as our local businesses need
                    as much support as possible during these challenging times.","{'href': 'https://www.ayradvertiser.com', 'title': 'Ayr Advertiser'}","other"
"https://news.google.com/rss/search?q=Conspiracy+Theories","Man who recreated Tyler Robinson's alleged route at UVU slams conspiracy theories","https://www.foxnews.com/video/6400840407112","Sat, 11 Jul 2026 01:10:12 GMT","

Log in to comment on videos and join in on the fun.

Watch the live stream of Fox News and full episodes.

Reduce eye strain and focus on the content that matters.

Independent journalist Tayler Hansen recreated Tyler Robinson's alleged path across Utah Valley University in an attempt to debunk claims that video shows a much taller suspect.

 ©2026 Fox News Network, LLC. All rights reserved. This material may not be published, broadcast, rewritten, or redistributed. All market data delayed 20 minutes. ","{'href': 'https://www.foxnews.com', 'title': 'Fox News'}","other"
"https://news.google.com/rss/search?q=us+national+news+site:apnews.com","Multiple New York Times reporters issued subpoenas over Air Force One reporting","https://apnews.com/article/trump-nyt-air-force-one-qatari-jet-e2c798a95a1e41077d2cae969774df91","Sat, 11 Jul 2026 08:24:00 GMT","




Copyright 2026 The Associated Press. All Rights Reserved.




Copyright 2026 The Associated Press. All Rights Reserved.

Air Force One carrying President Donald Trump arrives for the NATO summit in Ankara, Turkey, Tuesday, July 7, 2026. (Abdullah Güçlü, Pool Photo via AP)

El presidente Donald Trump habla con reporteros a bordo del Air Force One tras aterrizar en la base de la Fuerza Aérea de Estados Unidos en RAF Mildenhall, en Suffolk, en el este de Inglaterra, el miércoles 8 de julio de 2026. (AP Foto/Alex Brandon)

President Donald Trump waves as he arrives on Air Force One at Ellsworth Air Force Base, S.D., Friday, July 3, 2026. (AP Photo/Alex Brandon)

Staff lay a carpet on the tarmac before President Donald Trump exits Air Force One upon arriving for the NATO summit in Ankara, Turkey, Tuesday, July 7, 2026. (AP Photo/Alex Brandon)




















WASHINGTON (AP) — The Trump administration issued subpoenas on Friday to several New York Times journalists after its report this week on security concerns involving the new Air Force One, according to the paper.

The new jet, which President Donald Trump received as a gift from Qatar, just entered service last week. 

The subpoenas seek to force the reporters to testify before a federal grand jury in Manhattan on Wednesday, the paper said, adding that federal agents delivered some subpoenas to the reporters at their homes.

The NYT report could not be independently confirmed and there was no immediate response from the White House or the Department of Justice.

“The appearance of federal law enforcement agents on the doorstep of news reporters should shock the conscience of any American who believes in the Constitution and the press freedom it protects,” said the paper's lawyer David McCraw in a Friday statement.

The developments come after Trump flew the new Air Force One to a NATO summit in Turkey. But he departed Wednesday on one of the older-model Air Force One jets for a trip to Mildenhall, a Royal Air Force base in Suffolk, England. The two jets both flew to Mildenhall. Trump then switched to the newer plane for the flight home to Joint Base Andrews.

The abrupt plane swap came as a shaky cease-fire with Iran had collapsed, with the U.S. launching airstrikes on Iran and Tehran attacking three Gulf Arab states. Iran and Turkey share a border, sparking speculation that the Qatari-gifted jet — which underwent a $400 million retrofit — lacked certain sophisticated security and countermeasure systems. 

The paper reported Wednesday the switch had come at the urging of the Secret Service. On Thursday, the paper said the newer plane lacked some of the advanced security features of the older aircraft, including antimissile capabilities. Both articles cited anonymous sources. 




Trump, at the time, denied any security concerns, posting on social media that the stop in Mildenhall was so that service members there could view the new jet. During the flight, Trump denied to the reporters accompanying him that security concerns involving Iran were a factor in flying two planes home. Asked if he was aware of any credible threats against Air Force One by Iran, Trump brushed off the question.

“I have a threat all the time. I'm No. 1 on their list,” he said

The White House later denied any security shortcomings on the new plane. 

“The new Air Force One is a state-of-the-art aircraft that has been fitted with high-level security protocols that ensure the safety of the President and his staff,” spokesman Steven Cheung said in a statement. “As the President has said recently, there are many enemies of America who have their sights on him, and we use every tool at our disposal — including distraction and misdirection — to address those threats.”

The Times journalists who received subpoenas included Julian E. Barnes, Eric Lipton, Tyler Pager and Eric Schmitt, the paper reported.

Earlier this year, the Justice Department issued subpoenas seeking to compel testimony from reporters at The Washington Post and The Wall Street Journal. In both cases, the DOJ later withdrew the subpoenas. 

___

Associated Press reporters Michelle L. Price and Konstantin Toropin contributed to this report.





















Copyright 2026 The Associated Press. All Rights Reserved.","{'href': 'https://apnews.com', 'title': 'AP News'}","national"
"https://news.google.com/rss/search?q=site:cnbc.com","UAE defense firm EDGE Group wants to turn homegrown military tech into a global business","https://www.cnbc.com/video/2026/07/11/uae-edge-group-managing-middle-east.html","Sat, 11 Jul 2026 04:28:21 GMT","



Get inside the minds of the business leaders shaping the Middle East

Abu Dhabi-backed EDGE Group is trying to turn the UAE's push for homegrown defense technology into a global business. 

Managing Director and CEO Hamad Al Marar discusses how the Iran conflict tested the UAE's defense capabilities, where demand is growing and why the company is expanding into global markets, including Europe.

Watch Hamad Al Marar's interview on ""Managing Middle East with Dan Murphy"" in the video above.

Got a confidential news tip? We want to hear from you.

Sign up for free newsletters and get more CNBC delivered to your inbox

Get this delivered to your inbox, and more info about our products and services.

© 2026 Versant Media, LLC. All Rights Reserved. A Versant Media Company.


      Data is a real-time snapshot *Data is delayed at least 15 minutes.
      Global Business and Financial News, Stock Quotes, and Market Data
      and Analysis.
    

Data also provided by","{'href': 'https://www.cnbc.com', 'title': 'CNBC'}","business"
"https://news.google.com/rss/search?q=bitcoin","Strategy Says It Might Sell Up to $1.25 Billion in Bitcoin. So Is MSTR a Buy, Sell, or Hold Right Now?","https://www.fool.com/investing/2026/07/11/strategy-says-it-might-sell-up-to-125-billion-in-b/","Sat, 11 Jul 2026 09:44:15 GMT","

Strategy (MSTR +0.80%) had a simple business model; it basically issued stock, preferred stock, and debt, and used the proceeds to buy Bitcoin (BTC 0.31%). It just held the Bitcoin, acting as a ""Bitcoin treasury."" That model appears to be broken following Bitcoin's deep price decline, and investors should be worried about the implications.

To be fair, Strategy is making the right move by shifting from a buy-and-hold model to a more dynamic one, noting that it may sell up to $1.25 billion in Bitcoin. The purpose of the sales is to fund stock buybacks and to support payments on the preferred stock and bonds it sold. It also wants to build a cash reserve roughly equal to 12 months of preferred stock and interest payments.

Image source: Getty Images.

Given the drop in the value of Bitcoin and the decline in Strategy's own stock price, the old model simply couldn't be supported anymore. A pivot was necessary and shows the company is willing to evolve along with the evolving cryptocurrency market.

From a big-picture view, however, investors buying Strategy likely see it as a way to buy Bitcoin without actually buying Bitcoin. But the massive decline in the price of Bitcoin, which has lost 40% of its value over the past year and is now down around 50% from its high in 2025, is a troubling sign. Cryptocurrency lovers may have moved on to other options, like prediction markets. Notably, Robinhood (HOOD 2.73%) saw its crypto revenue fall nearly 50% in the first quarter of 2026, while revenue from prediction markets rose 320%.

You could argue that Strategy's buying during the Bitcoin downturn has helped to soften the depth of the decline. That would speak to the value of a company acting as a ""Bitcoin treasury."" However, you could also argue that this business shift is a sign that the current drawdown is too much for even Strategy to absorb as more and more traders move on to the next hot fad.

It is entirely possible that cryptocurrencies come back into favor, but it is also possible that the crypto market is now different from what it was. To be fair, Bitcoin has always been volatile, with the deepest drawdown exceeding 80%. If you are a long-term believer in Bitcoin, you might want to hold on to your Strategy shares or, perhaps, buy more. An investment in Strategy is a way to outsource your Bitcoin ""investments"" without doing that work yourself, but you have to recognize the material risks you are taking on. Simply buying and holding Bitcoin clearly isn't a workable long-term strategy, since a company built around that business model was forced to change.

More conservative investors, however, should probably view Strategy's model shift as an indication that Bitcoin may have been an investment fad. Given that people's willingness to own crypto is the only thing supporting crypto prices, Strategy's Bitcoin sales could be the canary in the coal mine. And even if Bitcoin prices rise from here, you have to ask yourself if the risk is worth the reward, given the huge volatility in the Bitcoin market. For most investors, the answer will probably be that it isn't, and that means Strategy won't be worth owning, either.

Reuben Gregg Brewer has no position in any of the stocks mentioned. The Motley Fool has positions in and recommends Bitcoin. The Motley Fool has a disclosure policy.

*Average returns of all recommendations since inception. Cost basis and return based on previous market day close.

Invest better with The Motley Fool. Get stock recommendations, portfolio guidance, and more from The Motley Fool's premium services.

Making the world smarter, happier, and richer.

© 1995 - 2026 The Motley Fool. All rights reserved.

Market data powered by Xignite and Polygon.io.

About The Motley Fool

Our Services

Around the Globe

Free Tools

Affiliates & Friends

Strategy was all in on Bitcoin until Bitcoin's price fell dramatically.","{'href': 'https://www.fool.com', 'title': 'The Motley Fool'}","cryptocurrency"
"https://news.google.com/rss/search?q=ethereum","Vitalik Buterin Confirms AI Cracked His Anonymous Ethereum Work","https://memeburn.com/vitalik-buterin-confirms-ai-cracked-his-anonymous-ethereum-work/","Sat, 11 Jul 2026 06:20:46 GMT","

Vitalik Buterin confirmed that AI correctly identified his anonymous Ethereum proposal contribution, an EIP-7503 rewrite he disguised by writing in Chinese and machine-translating to English. The identification took roughly two hours and relied on reasoning patterns rather than prose style.

  Table of Content  

Most Read

Sponsored

TL;DR

Ethereum co-founder Vitalik Buterin has confirmed that an AI-powered tool correctly identified him as the anonymous author of a revised Ethereum proposal, ending a two-week public challenge designed to test whether artificial intelligence can reliably strip away online anonymity. The AI made the identification in roughly two hours by analyzing reasoning patterns rather than writing style.

Franklyn Wang, CEO of the trading platform Liquid and its AI product Co-Invest, submitted the winning answer on July 6. He identified the document as a December 2024 rewrite of EIP-7503, a proposal known as Zero-Knowledge Wormholes, which had been submitted through the anonymous GitHub account 0xwormhole. Buterin responded on X with a simple acknowledgment of the result.



Buterin launched the challenge on June 22 with a post on X. He stated that claims about AI text analysis making online anonymity untenable had prompted him to test the idea against his own record. He revealed that at some point during the past decade, he had written and published an Ethereum-related document under a different identity and challenged anyone with access to AI tools to find it.

He described the document as carrying “medium importance” to Ethereum and estimated it sat among roughly 200 to 2,000 publications of similar or greater significance within the ecosystem. He provided no hints about the title, publication venue, or the pseudonym he used.

The framing was intentional. Buterin has one of the most extensive publicly available writing records in crypto, spanning blog posts, Ethereum Improvement Proposals, research papers, forum comments, and social media. If AI could not identify his anonymous work given that volume of reference material, the experiment would suggest pseudonymous contribution remains durable. If it could, the implications would run in the opposite direction.



Wang's approach relied on Co-Invest, a ChatGPT and Claude-compatible AI trading tool that Liquid launched in May 2026. Rather than building a custom pipeline, Wang applied Co-Invest's analytical capabilities to a corpus of 27 Ethereum-related documents.

The system ranked Buterin as the most likely author of the anonymous EIP-7503 rewrite with approximately 20% confidence. That figure may sound low, but it was roughly 10 times higher than the probability assigned to any other candidate in the analysis. Across a pool of 27 documents and potentially dozens of candidate authors, that margin was sufficient to single out Buterin with a correct conclusion.

What made the identification notable was not the confidence level but the signal the AI latched onto. Wang stated that the tool did not detect Buterin through vocabulary, sentence structure, or any surface-level writing feature. Instead, it identified recurring patterns in how the document explained mathematical concepts, cryptographic reasoning, and algorithmic logic. These intellectual habits, as Buterin himself called them, functioned as a cognitive fingerprint that survived his deliberate attempts at disguise.



Buterin later revealed the method he had used to mask his authorship. He wrote the entire document in Chinese, used the Qwen 2.5 language model running locally to translate it into English, and then manually corrected errors in the translation to remove remaining traces of his usual prose style.

The strategy targeted surface-level stylometric markers like word choice, sentence length, and grammatical patterns. Against traditional text analysis, this approach might have been effective. Against an AI system capable of evaluating how ideas are structured and how technical arguments flow, it fell short.

Buterin acknowledged this gap in his response, noting that the AI had detected his “intellectual habits and style of math and algorithm explanation,” which bypassed his obfuscation strategy completely. The strategy only addressed prose, leaving the deeper layer of reasoning exposed.

This suggests a distinction that most existing discussions about AI and anonymity have overlooked. Surface-level text disguise may protect against older stylometric tools that match vocabulary and syntax. But AI systems trained on large corpora can now evaluate the structure of technical arguments at a deeper level, where the author's way of thinking becomes the identifying marker rather than their way of writing. For technical contributors in particular, this is far harder to disguise because it requires not just changing words but changing how you reason through problems on the page.

Buterin's challenge did not emerge in isolation. In February 2026, researchers from ETH Zurich and Anthropic published a paper titled “Large-scale online deanonymization with LLMs” that demonstrated how language models can automate the identification of pseudonymous users at scale. The study has not yet been peer-reviewed, but its findings were striking.

The research team built an automated pipeline with four stages. It extracted identity-relevant features from unstructured text, searched for candidate matches using semantic embeddings, reasoned over the top candidates, and assigned confidence scores. In tests linking Hacker News accounts to LinkedIn profiles, the system achieved up to 68% recall at 90% precision, far outperforming classical deanonymization methods that require structured data.

The researchers estimated the cost at roughly $1 to $4 per identification, making the technique accessible to any moderately resourced entity. Lead researcher Simon Lermen noted that the system was automating what skilled human investigators could already do manually, but at a fraction of the time and cost.

Pseudonymous contribution is fundamental to how open-source blockchain communities operate. Developers, security researchers, and protocol contributors regularly use pseudonyms to reduce personal exposure, avoid conflicts of interest, or protect themselves from targeted attacks. The most famous example remains Bitcoin's creator, Satoshi Nakamoto, whose identity has resisted identification for over 15 years.

Wang himself has prior experience in this space. Lighter CEO Vladimir Novakovski confirmed that he and Wang ran a 2023 project using GPT-4 to analyze writing style across cryptography research papers, attempting to identify Satoshi. That effort did not produce a high-confidence result, which may suggest that AI deanonymization works better against living authors who produce ongoing public writing than against historical figures with limited and static text samples.

The practical implication is that contributors who continue to write technical documents, even under pseudonyms, create an expanding corpus that AI systems can compare against. Each new publication adds data points that strengthen potential identification, particularly when the contributor has a distinctive way of approaching technical problems. Buterin's case illustrates this directly. He has published millions of words over more than a decade, giving AI systems extensive training material to work with.

The risk is not evenly distributed. High-profile contributors like Buterin have the largest public writing footprints and the most distinctive reasoning styles. But the ETH Zurich study showed the technique works against ordinary users as well, linking pseudonymous forum accounts to real identities using only post histories.

Several questions remain open after the experiment. Buterin's test involved a single document from a single well-known author with an unusually large body of public writing. Whether the same approach would work against less prolific or less distinctive writers has not been tested in this context.

The 20% confidence score also warrants scrutiny. Wang's identification was correct, but the system was far from certain. In a scenario without Buterin's confirmation, a 20% probability would typically be treated as a lead worth investigating rather than a definitive conclusion. The strength of the result came from the relative margin over other candidates, not from absolute certainty.

Privacy on the Lean Ethereum roadmap has been elevated to a first-class protocol goal, with Buterin's own plans covering transaction privacy, mempool confidentiality, and metadata reduction. But those upgrades address on-chain privacy. Authorship privacy occupies a separate domain that protocol changes cannot directly protect.

The next meaningful test would involve a less prominent author, a smaller reference corpus, and no public confirmation. Until those conditions are tested, the experiment demonstrates that AI can deanonymize a highly distinctive technical writer. Whether it can do so reliably across the broader population of pseudonymous blockchain contributors remains an open question.

Buterin authored an anonymous rewrite of EIP-7503, titled Zero-Knowledge Wormholes, submitted in December 2024 through the GitHub account 0xwormhole. He confirmed this after Franklyn Wang's AI-assisted analysis correctly identified the document.

Co-Invest's AI analyzed 27 documents and identified Buterin through his reasoning patterns, mathematical explanations, and cryptographic argumentation style. Surface-level prose features like vocabulary and grammar were not the primary signals.

AI deanonymization uses large language models to match anonymous writing to known authors by analyzing text patterns at scale. It matters for crypto because many blockchain developers, researchers, and protocol contributors rely on pseudonyms for security and privacy.

Franklyn Wang and Vladimir Novakovski attempted a similar approach in 2023 using GPT-4 to analyze cryptography research papers, but the effort did not produce a high-confidence match. Satoshi's limited and static text corpus makes identification harder than active writers like Buterin.

Marko Nguyen

Marko is a tech journalist covering AI, consumer technology, crypto, and digital innovation. His work focuses on clear, accessible reporting that helps readers understand how new technologies are shaping business, finance, and everyday life.

Read more

© 2026 MemeBurn. All rights reserved.","{'href': 'https://memeburn.com', 'title': 'Memeburn'}","cryptocurrency"
"https://news.google.com/rss/search?q=ethereum","Suspected Hedera exploit sends over $5.8M to Ethereum as HBAR slips","https://crypto.news/suspected-hedera-exploit-sends-over-5-8m-to-ethereum/","Sat, 11 Jul 2026 09:37:45 GMT","


        Share    

Hedera's native token HBAR has fallen more than 2% after blockchain security researchers reported that a suspected exploit had moved more than $5.8 million in assets from the Hedera network to Ethereum.

According to blockchain security researcher Specter, the suspected attacker had already bridged more than $3.7 million worth of assets from Hedera to Ethereum before continuing to move additional funds.

There appears to be an ongoing hack involving @hedera  Network, with over $3.7M already bridged to Ethereum by the attacker.The stolen funds are currently being swapped from WBTC for ETH after being bridged from the Hedera network via Layerzero.Theft addresses:… pic.twitter.com/KSxd3K2vlu

Specter said the stolen assets were being swapped from Wrapped Bitcoin (WBTC) into Ether (ETH) after crossing chains through LayerZero. The researcher also published two wallet addresses believed to be linked to the incident.

At the time of writing, CryptoBull360 reported that the wallet's estimated value had increased to roughly $5.8 million, indicating that more assets had reached Ethereum after the initial transfers. The shared wallet data showed holdings of about 3,203 ETH, representing nearly 80% of the portfolio, alongside roughly 20% in WBTC.

According to data from crypto.news, Hedera (HBAR) price traded around $0.069, down more than 2% following the reports of the suspected exploit.

As additional transactions appeared on-chain, blockchain security firm PeckShield said the suspected exploit had already transferred approximately $5.25 million from the Hedera mainnet to Ethereum. The firm added that the wallet held around 2,360 ETH, valued at roughly $4.25 million, and 15.58 WBTC, worth about $1 million, at the time of its analysis.

#PeckShieldAlert  Specter has reported that @hedera Network appeared to be exploited, with $5.25M in stolen funds already bridged from #Hedera Mainnet to Ethereum.The hacker originally funded 1 ETH from #TornadoCash and now holds 2.36K ETH ($4.25M) & 15.58 WBTC ($1M) in the… pic.twitter.com/bPcKx0FXpO

PeckShield also reported that the wallet had originally been funded with 1 ETH from Tornado Cash, citing on-chain transaction history. The observation identifies the source of the wallet's initial funding but does not establish who controls the address or who carried out the alleged attack.

The wallet screenshots shared by both Specter and PeckShield showed a series of inbound transfers arriving within a short period before the assets were converted into ETH.

Neither Specter nor PeckShield identified the party responsible for the suspected exploit, and no official estimate of the total losses had been released at the time of writing. The reported value of the stolen assets continued to change as additional funds were observed moving through the wallet.

The incident is still developing, with blockchain security researchers continuing to monitor the addresses and publish updates as new transactions appear on-chain. Meanwhile, market participants are watching for an official statement from the Hedera team regarding the reported exploit and any measures taken to contain its impact.

The Hedera incident comes amid a series of security-related developments reported by crypto.news in recent weeks. Blockaid recently said it detected an active exploit targeting Summer.fi, estimating losses of about $6 million at the time of its alert.

Separately, Ctrl Wallet announced it will permanently shut down after a security exploit affecting some Cardano wallets, giving users until Aug. 3 to withdraw their assets. Meanwhile, crypto.news also reported that Secret Network has proposed migrating SCRT from Cosmos to Arbitrum, with the team citing security risks, weaker liquidity, and an aging codebase in its July 7 governance proposal.


        Read more about    


            Best crypto platforms        


            Jul 2026        


        Deep Dives    



                    The SecondFi recovery: 16 million stolen ADA and crypto's restitution experiment                




                    Ripple joins the x402 agentic payments push. The machine-to-machine bet                




                    Intesa Sanpaolo bought XRP through a trust. How banks actually hold crypto                




                    Robinhood Chain did $570M volume on $21M of liquidity. The launch-week autopsy                




                    The altcoin depression: Everything except Bitcoin and Ethereum lost 23% in six months                




                    Pump.fun unlocks 29% of its supply on Saturday. The fair-launch economy gets a stress test                




                    Whales bought 270,000 BTC while ETFs bled $7 billion. One side is wrong                




                    The crypto IPO class of 2025-26 is down as much as 89%. Autopsy of a listing boom                




                    Ripple Prime cleared $3 trillion. How much of it actually touches XRP?                




                    XRP is vanishing from exchanges. Where the supply actually went                



                Related News            



                    Ethereum price climbs toward $1,800 as short squeeze and risk-on rally gather pace                




                    Bitcoin faces $62K max pain as $1.75B crypto options expire                




                    Ethereum Foundation dissolves key protocol coordination team                



            Get crypto market analysis and curated news delivered right to your inbox every week.        


            You have successfully joined our subscriber list.        

","{'href': 'https://crypto.news', 'title': 'Crypto News'}","cryptocurrency"
"https://news.google.com/rss/search?q=site:medscape.com","Fatty Pancreas Linked to Risk for T2D and CKD","https://www.medscape.com/viewarticle/fatty-pancreas-linked-risk-type-2-diabetes-and-chronic-2026a1000n2k","Sat, 11 Jul 2026 06:03:57 GMT","

Edited by Vinod Rane, BS Pharm

Moderate-to-severe fatty pancreas was independently associated with prevalent and incident type 2 diabetes (T2D), incident chronic kidney disease (CKD), and incident major adverse cardiovascular events (MACEs).

""[The study] findings support the clinical relevance of consensus-based PDFF thresholds within integrated cardiometabolic risk assessment in European-ancestry populations,"" the authors wrote.

This study was led by Nicola Pugliese, Department of Medicine, Centre for Reproduction, Metabolism and Molecular Medicine, Karolinska Institutet, Stockholm, Sweden. It was published online on July 02, 2026, in United European Gastroenterology Journal.

The observational design limited the ability to draw causal conclusions. Pancreatic PDFF was assessed using a slice-based MRI measurement at a single timepoint, which may not have fully captured regional heterogeneity in pancreatic fat and prevented the evaluation of changes over time. Data on A1c levels and the estimated glomerular filtration rate were not available during the imaging visit, which may have led to an underestimation of T2D and CKD.

One author received support from the Region Stockholm, Swedish Cancerfonden, Swedish Research Council, and other sources. Some authors declared receiving travel or research grants and lecture or speaking fees and/or serving as speakers or advisors, consultants, and members of advisory boards for various pharmaceutical companies.

This article was created using several editorial tools, including AI, as part of the process. Human editors reviewed this content before publication.

Pugliese N, Jamialahmadi O, Cesaro A, et al. Fatty pancreas and risk of type 2 diabetes, chronic kidney disease and cardiovascular events: Evidence from a population-based cohort. United Eur Gastroenterol J. Published online July 02, 2026. doi:10.1002/ueg2.70253

Send comments and news tips to uknewsdesk@medscape.co.uk.

All material on this website is protected by copyright, Copyright © 1994-2026 by WebMD LLC. This website also contains material copyrighted by 3rd parties.","{'href': 'https://www.medscape.com', 'title': 'Medscape'}","health"
"https://news.google.com/rss/search?q=fifa+world+cup","Why Argentina Has Become the Surprising Villain of This World Cup","https://nymag.com/intelligencer/article/argentina-surprise-villain-fifa-world-cup-egypt.html","Sat, 11 Jul 2026 09:00:03 GMT","


                        Find this story in your account's ‘Saved for Later' section.
                        








                      Find this story in your account's ‘Saved for Later' section.
                      








              Save this article to read it later.
              








              Find this story in your account's ‘Saved for Later' section.
              







Sports are inevitably full of perceived saviors and scoundrels, but Argentina's soccer team often seems to occupy both roles at the same time. No team blends soccer's central duality better: the tension between flair and brutality, between honoring the game and seeing what you can get away with in order to win. Historically, Argentina veers between playing soccer at its highest level and stooping to its lowest.

Four years ago, Lionel Messi, soccer's greatest ever player, won the World Cup with Argentina in his fifth attempt, erasing the only blemish in his incredible career with a starring role in what was called the best final of all time. This tournament feels different. Argentina is an enigma of a team centered around Messi and the religious fervor he inspires — plus, some suspect, occasional help from the officials. Suddenly, what was charming four years ago looks questionable. As they square off in the quarterfinals on Saturday against Switzerland, Argentina is, strangely enough, the closest thing this World Cup has to a villain.

They kicked off the tournament positively enough: all that title pressure was gone after 2022, the squad and coaching staff were unusually settled, and Messi was scoring as easily as ever. Their initial games resembled a greatest-hits compilation; the “Last Dance” vibes were high.

But the World Cup inevitably reveals who you are when you're put to the test.

In the round of 16, Argentina, a heavy favorite, was down a goal to Egypt early in the second half. Egypt dispossessed Argentina deep in its own half, then beautifully dribbled, passed and slashed their way across the field, scoring a spectacular counterattacking goal, possibly the best of the tournament. Argentina was suddenly on the ropes. Then, things took a turn.

Messi had spotted a possible foul before the play began and demanded the sideline official tell the referee to review it. It seemed unwarranted — the referee had initially let play go on, and Argentina still had the entire field to stop their opponent after the foul was said to have occurred. Nevertheless, the referee acceded to Messi's request, then disallowed Egypt's goal. Many watching, including the announcers, were stunned. But Egypt's outrage was just beginning. Argentina eventually roared back to tie the game (with a goal from Messi). And then in another officiating blunder, the same referee denied Egypt's legitimate claims for a penalty kick late in the game and refused to review it. Argentina pulled off a dramatic 3-2 victory, Egypt filed a formal complaint about the refereeing shortly after, and Messi-mania lived on for another round. But at what cost? It felt like two oft-criticized entities, VAR and FIFA, had helped Argentina execute a WWE-style heel turn.

Set among the Trump Administration's xenophobia and FIFA's greed, the culture around the World Cup has been largely joyous, with certain teams sticking out. Norway has their good-time Viking ship row; Scotland charmed the East Coast as their fans drank bars dry; Colombia fans impressed with their zealousness. Spain and France, two of the favorites, are almost completely uncontroversial, as is Switzerland, Argentina's opponent on Saturday. Argentina and its fans, however, are something different: they're in the midst of a highly emotional quest that can sweep up anyone in their proximity, but they have also frequently been one of the world's most polarizing teams — a tendency that is reasserting itself, even if FIFA is more to blame than the Argentine players themselves.

Why does Argentina inspire such emotion? Entire books and dissertations have been written about the nation's soccer psyche, but the short of it is that its spirit is classically encompassed by the pibe archetype: a hardscrabble, picaresque kid who gets by on both skill, and cunning.

“Argentinian football is of the streets,” British soccer journalist Jonathan Wilson once explained. He wrote a book about Argentina's soccer history called Angels with Dirty Faces. “It's the mass games on the vacant lots of the city, where it's all about technical skill, and there's not a teacher there with a whistle ready to stop things if somebody steps out of line. You've got to look after yourself.”

It's one thing for Tom Brady or Patrick Mahomes to inspire generations of future athletes. It's quite another for a nation's athletic ideal to be personified by Diego Maradona, limitlessly talented and limitlessly troubled — the perfectly rendered pibe avatar. Add to that a mid-20th century incorporation of physicality into the style of play and the intertwining of violent gangs known as “barra bravas” into the off-field culture, all taking place amid coups and assassinations, and you end up with the inveterate aesthetic of Argentina: dazzling style, ruthlessness and the occasional disregard of decorum and authority.

Maradona's two most famous goals, both of which came in the same quarterfinal game of the 1986 World Cup, encapsulate that aesthetic. The first, a shameless handball known as The Hand of God; the second, a 60-yard solo goal in which he dribbled past five players. (Fittingly, they were both against England, inventors of the game and its rules, the ultimate representatives of the establishment.)

In the 21st century, however, two things have complicated Argentina's narrative. The first is the country's increasing pay-to-play youth model, which has slowly turned soccer into a middle-and upper-class game. The second is Messi. Aside from his slight build and sublime skill, he's the anti-pibe: raised overseas, in Spain; shy; relatively guileless; trouble-free and marketable. For years, he rarely played his best in an Argentina shirt. But Messi fully won over his country in 2022, during a World Cup where Argentina's darker side reappeared: in a bad-tempered quarter-final against the Netherlands, then again when fans and players hurled racist taunts against the mostly Black French team, their opponent in the epic final, for months afterward.

Messi and Argentina's ascendancy raised a conundrum that has begun to boil over this tournament. El pibe is about fighting long odds and beating a corrupt system stacked against you. But what happens when the system needs pibe? FIFA clearly loves Messi. President Gianni Infantino invited Messi's Inter Miami team to its inaugural Club World Cup tournament last year, despite Miami not qualifying, as everyone else who was there did. And Messi is the centerpiece of this year's World Cup, scoring more goals than anyone else.

In the first three games alone, he scored six. Then Argentina was paired in the round of 32 against Cape Verde, this year's romantic underdog. Being tasked with murdering Cinderella is not an easy assignment, and Cape Verde made it even more difficult by pushing Argentina to the brink. The South American giants were a little lucky to snatch victory late into additional extra time.

Did this great escape spook the defending champs as Egypt loomed? Perhaps more to the point: Did it spook FIFA, which is expecting to earn $8.9 billion from this tournament?

Maybe there's a simpler explanation, an inevitable result of the Messi effect: At the Argentina-Egypt game, there was a huge disconnect between the stadium experience and the TV perspective. In the stadium, Argentina were heroes, and on TV, the villains. To witness Argentina, and Messi's final tournament, in the flesh appears to be such an overwhelming experience that it can suspend judgment. Perhaps that applies to officials and administrators as well.

Roger Bennett, the venerable soccer personality and founder of Men in Blazers media network, was at the Argentina–Egypt game.“For all of the charges of refereeing bias, the actual lived experience was the most profound I have had in an American stadium,” Bennett explained to me this week. “The emotion was so overwhelming, an American woman who had never been to a game before started crying because she was so moved by the near-religious ecstasy we were witnessing.” By the end of the game, “Messi walked around and sobbed inconsolably,” Bennett said. “Strangers hugged. This felt, honestly, quasi-religious. I am not a religious man, but the scenes around me were like an evangelical megachurch.”

The flip side of this ecstasy was taking place in the sewer of social media, where creepy, AI-created memes soon appeared. In one, FIFA's Infantino feeds a baby Messi, and let's just say they get much worse from there. Soccer, of course, is never far from corruption. FIFA has already shown it will tip the scales at this tournament, at least when Donald Trump asks. But for fans living in deeply unjust societies, the necessity to cheat at soccer in order to emerge victorious is just part of the game — an entirely different moral framing than American sports fans typically have. El pibe, in other words, is always the hero as long as he wins. But that doesn't mean the rest of us have to cheer when it's rewarded.

For as long as Argentina's and Messi's emotional World Cup lasts, their best victories should involve winning by skill. It's hard to imagine a better storyline than Messi exiting on top by doing the things he does better than anyone — without friendly refereeing, beyond-the-pale physicality, or an adoring, aggressively shady FIFA president. However, the dark arts of soccer isn't even the other side of the coin for Argentina; it's all the same side, and surely they're happy to win any way they can. They put everyone who loves the game of soccer into an almost impossible position. Root for them — or against them — at your peril.

By submitting your email, you agree to our Terms and Privacy Notice and to receive email correspondence from us.

Things you buy through our links may earn Vox Media a commission.









































Have an Account?","{'href': 'https://nymag.com', 'title': 'New York Magazine'}","soccer"
"https://news.google.com/rss/search?q=fifa+world+cup","Brad Pitt and Ines de Ramon Have a FIFA World Cup Date at Los Angeles Stadium","https://people.com/brad-pitt-and-ines-de-ramon-have-a-fifa-world-cup-date-at-los-angeles-stadium-12016538","Sat, 11 Jul 2026 02:01:17 GMT","

The couple has been romantically linked since 2022

Ulrik Pedersen/NurPhoto via Getty

 Brad Pitt and Ines de Ramon had a day date with another famous couple at the 2026 FIFA World Cup.


 On Friday, July 10, the Oscar winner, 62, and the 33-year-old jewelry designer were photographed in a suite as they watched Spain defeat Belgium 2-1 at SoFi Stadium in Inglewood, Calif., just outside of Los Angeles.


 The couple, who were first linked in November 2022, were joined by Penélope Cruz and her husband Javier Bardem.


Splash News

 All showed their spirit, sporting various jerseys for the match — Pitt was seemingly neutral with a USA top, while de Ramon wore Spain's colors and even added festive face paint in honor of the winning team. 


 Spain's next match will be against France on Tuesday, July 14 at Dallas Stadium (AT&T Stadium) in Arlington, Texas. The World Cup final will be held Sunday, July 19.


 Pitt and de Ramon have been known to attend sporting events together, such as the 2024 British Grand Prix.


 “It's more of a serious relationship than just dating,” a source told PEOPLE soon after the July 2024 event. “Brad loves so many things about her. She's great for him.”


 Earlier that year, a source revealed to PEOPLE that the businesswoman had moved into Pitt's home.


 “It's pretty recent,” the insider said in February 2024, noting that at the time, de Ramon still had her own residence. “They are going very strong and she is happier than ever.”


 By October 2025, a source told PEOPLE that the couple was “fully living together.”


 “Brad is really including Ines in all his travel plans, and when they are home, they just relax together,” the insider said. “They are really making their home into a home.”


 Since then, the couple has spent many milestones together, including New Year's and birthdays.


 When Pitt celebrated his 62nd birthday in December, a source told PEOPLE the Fight Club alum was “excited about his career, but he's the most excited about” de Ramon.


Etienne LAURENT / AFP via Getty

 “They've created their own traditions together and enjoy more quiet celebrations. They get together with a small group of friends and make it special,” the insider added.


 They made their red carpet debut at the Venice International Film Festival in September 2024, and de Ramon is often seen by Pitt's side, even when he's working.


Never miss a story — sign up for PEOPLE's free daily newsletter to stay up-to-date on the best of what PEOPLE has to offer, from celebrity news to compelling human interest stories.

 In March, they spent time together on the Greek island Hydra while Pitt was filming his forthcoming movie The Riders, a psychological thriller based on the 1994 novel by Tim Winton. 


 Pitt also serves as a producer on the Edward Berger-directed film.


 The upcoming film, which does not yet have a release date, follows a couple named Fred and Jennifer Scully, who purchase “an old farmhouse which stands in the shadow of a castle” in Ireland after a period of travel through Europe.
","{'href': 'https://people.com', 'title': 'People.com'}","soccer"
"https://news.google.com/rss/search?q=fifa+world+cup","Commentary: SoFi Stadium proves to be one of the biggest stars of the 2026 World Cup","https://www.latimes.com/sports/soccer/story/2026-07-10/sofi-stadium-one-of-biggest-stars-of-2026-world-cup","Sat, 11 Jul 2026 00:11:00 GMT","

 This is read by an automated voice. Please report any issues or inconsistencies here. 

 See more from the L.A. Times in Google Search.   Set us as preferred     

Erling Haaland and SoFi Stadium, ladies and gentlemen. Your breakout stars of the World Cup.

We've all fallen for the blond forward who has rowed Norway to its first World Cup quarterfinal berth — and also for SoFi Stadium.

Or “Los Angeles Stadium,” FIFA's designation for the $5.5-billion architectural masterpiece that welcomed the world to Inglewood.

I cover Rams and Chargers games there regularly, but the World Cup changed how I feel about the place. It has more soul now, more character.

 Soccer 

Fabián Ruiz and Mikel Merino score for Spain, which takes advantage of an injury to Belgium goalkeeper Thibaut Coutois in a 2-1 World Cup quarterfinal win.

There is more history attached, “core memories,” as Kevin Demoff, president of parent company Kroenke Sports & Entertainment, put it.

The exultation when the United States went up 1-0 in the seventh  minute of its tournament-opening, 4-1 victory over Paraguay? “That's now a core memory of this stadium,” Demoff said.

So is the proud Iranian diaspora showing up en masse to mostly support Team Melli twice, in draws with New Zealand and Belgium.

And the goal by LAFC's Stephen Eustáquio in the second minute of second-half stoppage time to lead Canada to a 1-0 victory over South Africa in its  first knockout game.

And Spain's taut, 2-1 victory over Belgium in Friday's high-stakes quarterfinals match.

FIFA might say these sensational scenes put L.A. — our tiny hamlet of more than  3 million people — “on the map.”

What they did was put SoFi Stadium on everyone's radar as one of the world's foremost football stadiums.

Jose Ovalle, a 34-year-old from Reynosa, Mexico, has watched matches at Estadio Azteca in Mexico City and Estadio BBVA in Monterey, both sites of World Cup action this summer.

“They're amazing stadiums — a lot of history, so much history,” Ovalle said Friday. “But [SoFi Stadium] is one of the top stadiums in the world.”

Nah, said New Zealand coach Darren Bazeley: “This is the best football stadium I've ever been in.”

Swiss center back Manuel Akanji plays for Inter Milan and roots for the Atlanta Falcons. It was a big deal for him to play at their home field, Mercedes-Benz Stadium, in last year's  FIFA Club World Cup.

“It's really nice, but this is the best,” Akanji said after Switzerland defeated Bosnia-Herzegovina in group play at Sofi Stadium. “This is the best I've seen overall among all the stadiums I've ever been to. It's amazing.”

Eight matches, five group stage games, two round-of-32 knockout affairs, Friday's quarterfinal and a partridge in a pear tree — it was a monthlong run that was everything SoFi Stadium's team could have wished for when it  began preparing to host eight years ago. And more.

“I don't think you can envision the passion of national team fans,” Demoff said. “We've seen so many great events here, NFL games, concerts, but the pride of a national event and seeing people come to Los Angeles and the U.S. for the first time, and seeing this building for the first time...

“There's something magical about 30,000 Bosnians in blue singing, marching from the airport to here. You can't properly envision that, no matter how many times you've been here.”

People raved about sight lines and sound. They admired the architecture and the infinity screen and the way the canopy kept things cool. In line to buy merchandise Friday, Orange County's Nick Valencia looked around and mused: “Wow, humans made this.”

Players had the run of the place on real grass, not the artificial turf in place for NFL games. (Don't expect that to change, Demoff said, noting that upkeep would be doubly challenging at SoFi Stadium with two NFL teams using the field.)

Soccer fans amplified their positive reviews online, where the only complaint having to do with SoFi Stadium was that FIFA decided to give the World Cup final to the archaic-by-comparison MetLife Stadium — a.k.a. “New York/New Jersey Stadium” — instead.

The stadium popped in person and on TV, its distinctive, futuristic shape making it immediately recognizable in a way that not every stadium is.

Vibes were good among volunteers and visitors from around the world and every corner of the United States — and among stadium staffers, who won  raises in a late-breaking contract agreement that resulted in increases  to more than $30 per hour.

The Rams' house — and Chargers' — was full almost every match, with four sold-out crowds of 70,492 and an eight-game  total of 561,656.

People paid thousands of dollars for tickets and got their money's worth at the world's most-expensive stadium, a modern marvel that's only getting better with age.

Dodger Stadium is dripping in lore, from Kirk Gibson's legendary walk-off home run in 1988 to more history, like Shohei Ohtani playing perhaps the greatest game ever last postseason.

 Soccer 

The U.S. soccer team showed it still can't punch past top World Cup talent during an ugly knockout loss to Belgium, but it hopes it helped grow the game.

Staples — er, Crypto.com Arena — is where Kobe Bryant dropped 81. Decathlete Rafer Johnson lit the Olympic flame in 1984 at the Los Angeles Coliseum. And we all can picture Brandi Chastain ripping off her top in her iconic celebration after scoring the game-winning penalty kick in the 1999 Women's World Cup at the Rose Bowl.

“We may not have the Brandi Chastain moment from ‘99,” Demoff said. “But we've had so many great moments off this tournament that I think will be replayed over and over and over again.”

There are more moments to come, with SoFi Stadium slated to host Super Bowl LXI in February and then, in 2028, to stage the Olympic Opening Ceremony and the Olympic swimming competition.

“Where the U.S. scored the opening goal,” Demoff said, “is going to be the middle of the Olympic swimming pool. I think that contrast blows people's minds. It certainly blows mine.”

And for the past month, Los Angeles' stadium blew the world's mind.

Get the latest on L.A.'s teams in the daily Sports Report newsletter.

 By continuing, you agree to our Terms of Service, which include arbitration and a class action waiver. You agree that we and our third-party vendors may collect and use your information, including through cookies, pixels and similar technologies, for the purposes set forth in our Privacy Policy such as personalizing your experience and ads. 

Follow Us

Mirjam Swanson is a sports columnist for the Los Angeles Times. Previously, she worked for the Southern California News Group, as a sports columnist and an NBA and WNBA beat writer. A Southern California native, she earned the distinction of a top 10 APSE honor for columns in 2023. At prior stops, she covered golf, action sports, city government, education and the occasional unexpected bear visit.

 California 

 California 

 Entertainment & Arts 

 California 

 Soccer 

 Soccer 

 Soccer 

 Soccer 

Subscribe for unlimited accessSite Map

Follow Us

MORE FROM THE L.A. TIMES  ","{'href': 'https://www.latimes.com', 'title': 'Los Angeles Times'}","soccer"
"https://news.google.com/rss/search?q=site:goal.com","'We beat them twice!'","https://www.goal.com/en/lists/spain-lamine-yamal-not-afraid-france-world-cup-semi-final/blta20db491c974e9ce","Sat, 11 Jul 2026 09:35:16 GMT","

Lamine Yamal says Spain have nothing to fear ahead of their World Cup semi-final against France after reminding Les Bleus of La Roja's recent record in the fixture. The teenage winger also brushed aside criticism of his goalscoring record, insisting team success matters far more than individual numbers.

Spain booked their place in the World Cup semi-finals for the first time in 16 years by beating Belgium 2-1 in the last eight. Goals from Mikel Merino and Fabian Ruiz sealed the victory, while Yamal was named Player of the Match.

The Barcelona star immediately turned his attention to the semi-final against Didier Deschamps' France. Although Les Bleus are among the tournament favourites, Yamal said La Roja have every reason to be confident after winning the previous two meetings between the sides.

Speaking after the victory over Belgium, Yamal made it clear Spain have arrived at the tournament to compete on the biggest stage. The winger also pointed to Spain's recent record against France as a reason for confidence.

""We came to the semifinals for this, to play these matches and win them,"" he said, as quoted by Cope. ""Now, it's time to rest and think about the match against France. The last two times we played France, we beat them. We're not afraid.""

Yamal added: ""There are two options: either they reach three consecutive World Cup finals, or we beat them three times. I don't know what might happen, but we're not afraid.""

Yamal dismissed criticism of his lack of goals during the tournament, stressing that his contribution extends beyond finding the net. The 18-year-old also pointed to Spain's successful Euro 2024 campaign as evidence that goals are not the only measure of his impact.

""If we win the World Cup, I think nobody will remember how many goals I scored or how many I didn't,"" Yamal insists. ""If we win, we'll all be happy, that's all I want.

""I know that with my movement I draw a lot of opponents away; I can create space for a teammate. Anything I can do to help, even if I don't touch the ball in a play, will be a positive. I think everyone's obsessed with scoring goals, and we won the European Championship with me scoring a single goal.""

Add GOAL.com as a preferred source on Google to see more of our reporting

Spain now prepare for a World Cup semi-final against France with a place in the final at stake. Yamal and his team will look to extend their winning run against Les Bleus and back up their confidence by reaching the tournament's showpiece.","{'href': 'https://www.goal.com', 'title': 'Goal.com'}","soccer"
"https://news.google.com/rss/search?q=site:billboard.com","Jay-Z's Yankee Stadium Night One Setlist: Every Song Played at the First Show","https://www.billboard.com/lists/jay-z-yankee-stadium-night-one-setlist/","Sat, 11 Jul 2026 05:31:20 GMT","

The star-studded affair included appearances by Beyoncé, Blue Ivy Carter, Nas, Alicia Keys and more. 


													By
												

	Carl Lamarre



	On Friday (July 11), Jay-Z delivered the first night of his long-awaited three-night run at Yankee Stadium, and he did not disappoint.


	Billed as the Reasonable Doubt evening for his day-one fans, Hov dazzled the crowd, reimagining his landmark 1996 debut alongside a live band. He seamlessly wove classics like “Ain't No N—a” into “Excuse Me Miss,” while also making the night a family affair. Beyoncé joined him to sing the hook on “Can't Knock the Hustle,” and their eldest daughter, Blue Ivy Carter, took to the piano for a silky rendition of “Feelin' It.”


	When Jay shifted into a more defiant gear, he stunned fans with a sharp new freestyle aimed at critics of his recent Target deal. But the night wasn't all about proving a point. Leaning into nostalgia, he reunited with Memphis Bleek for “Coming of Age” and Jaz-O for “Bring It On.” 


	Then, as if pulling guests out of thin air, Jay continued the surprises. Former rival Nas joined him for a mash-up of “Dead Presidents” and “New York State of Mind,” while Alicia Keys capped off one of the night's biggest moments with their Billboard Hot 100 No. 1 hit, “Empire State of Mind.”


	Among the tens of thousands in attendance were LeBron James, Megan Thee Stallion, Tobey Maguire, Leonardo DiCaprio, DJ Khaled, Swizz Beatz, Knicks star OG Anunoby and more. With two more nights to go, who knows what more Jigga Man has up his sleeve.


	Check out the full setlist from Night One of Jay-Z's three-night Yankee Stadium run below.



































Get weekly rundowns straight to your inbox



					Your email address will not be published.				
									Required fields are marked					*




				Post Comment				



A daily briefing on what matters in the music industry

Send us a tip using our anonymous form.

A daily briefing on what matters in the music industry

Send us a tip using our anonymous form.

Billboard is a part of Penske Media Corporation. © 2026 Billboard Media, LLC. All Rights Reserved.","{'href': 'https://www.billboard.com', 'title': 'Billboard'}","entertainment"
"https://news.google.com/rss/search?q=unidentified+anomalous+phenomena'","Pentagon Releases New Videos of UFOs","https://www.tasnimnews.ir/en/news/2026/07/11/3644405/pentagon-releases-new-videos-of-ufos","Sat, 11 Jul 2026 08:20:47 GMT","

Among the released documents is a report from a military pilot who described encountering an object that was ""unlike anything I had seen"" during nearly three decades of service, Anadolu Agency reported.

The latest release contains 40 files, including 14 documents, 19 videos, four audio recordings, and three images.

These materials were compiled from several US government agencies, including the Pentagon, NASA, the CIA, the FBI, and the Department of Energy.

The files were made available on the Pentagon's official UAP website as part of an executive order signed by President Donald Trump earlier this year requiring the public release of such records.

Like previous disclosures, the new release combines mostly unredacted historical records with more recent reports and videos documenting unexplained aerial incidents.

One of the most significant documents, provided by the Department of Energy, describes an unidentified object entering the restricted airspace above the Pantex nuclear weapons facility near Amarillo, Texas, in Sept. 2015.

According to the report, two security officers pursued the object while the facility was placed under lockdown.

The officers were unable to catch the object but stopped to observe it more closely. They reported that it was completely silent and that, even when viewed through binoculars, they could not detect any visible propulsion system. After hovering in view for about one to two minutes, the object continued north and left the area.

Roughly half of the released files date from 2010 onward and include infrared footage recorded by military sensors. The videos capture unexplained objects in various parts of the world, including the western Pacific Ocean, the Atlantic Ocean, and the Middle East.

One of the documented encounters took place over the Atlantic Ocean in 2020. The released files contain footage of an unidentified object that a Navy crew member described in a heavily redacted report as having a dark maroon appearance and measuring roughly 12 to 15 feet in height.

Another report describes a 2019 sighting over the eastern United States witnessed by a military aviator and four other personnel.

In the debrief, the aviator wrote that the object's flight behavior was unlike anything encountered during 28 years of service with the Air Force and Navy.

The object appeared below the aircraft and was moving rapidly in a straight line in the opposite direction. The aviator observed it for approximately 10 to 15 seconds before activating the recording system to capture video.

While attempting to zoom in for a clearer view, the object moved out of the camera's field of view because of its apparent speed and could not be relocated, even after reducing the zoom level. A post-flight review of the footage suggested the object had a rectangular shape.

According to the report, other experienced personnel who witnessed the event were also unable to identify what they had seen.

The released video appears to show an object moving at a very high speed.

All rights reserved and owned by Tasnim","{'href': 'https://www.tasnimnews.ir', 'title': 'تسنیم'}","other"
"https://news.google.com/rss/search?q=Conspiracy+Theories","Conspiracy theories about Charlie Kirk's death are still raging, infuriating friends","https://www.washingtonpost.com/nation/2026/07/11/conspiracy-theories-about-charlie-kirks-death-are-still-raging-infuriating-friends/","Sat, 11 Jul 2026 09:11:21 GMT","

Right-wing influencers sparred over the case this week as a court hearing laid out detailed evidence in Kirk's shooting.

Prosecutors had just laid out their evidence against Charlie Kirk's alleged killer in painstaking detail, walking a Utah courtroom — and those watching online — through surveillance footage, DNA analysis and apparent confessions over text. ","{'href': 'https://www.washingtonpost.com', 'title': 'The Washington Post'}","other"
"https://news.google.com/rss/search?q=world+news+site:cnn.com","Takeaways from the preliminary hearing for Charlie Kirk's accused killer","https://www.cnn.com/2026/07/11/us/charlie-kirk-tyler-robinson-hearing-takeaways","Sat, 11 Jul 2026 09:00:25 GMT","


            Over the last week, attorneys, news reporters and spectators gathered in a Provo, Utah, courtroom as prosecutors tried to convince a judge to allow the case against the 23-year-old man accused of killing conservative activist Charlie Kirk to proceed to trial.
    


            The proceedings were frequently bogged down by arguments over whether certain exhibits could be admitted into evidence and publicly broadcast via a camera in the courtroom. Still, it was a pivotal moment, offering the fullest picture yet of the case against Tyler Robinson, some ten months after the death of the 31-year-old conservative firebrand and co-founder of Turning Point USA.
    


            During the five-day preliminary hearing, the Utah County Attorney's Office displayed campus surveillance video around the time of the shooting, alleged messages from Robinson prosecutors describe as a confession and a videotaped interview with a key witness: Robinson's former roommate and romantic partner.
    


            The defense, meanwhile, worked to undercut the forensic evidence and raise questions about law enforcement's handling of the investigation. Robinson's attorneys called three witnesses to testify about the results of DNA and ballistics testing, but Robinson himself did not take the stand, choosing to heed his attorneys' advice, his defense team said.
    


            Now that both sides have presented some of their evidence, the judge must determine whether there's probable cause to support the charges: aggravated murder, felony use of a firearm, obstruction of justice, witness tampering and committing a violent act in the presence of a child.
    


            If Judge Tony Graf finds there's sufficient evidence to proceed to trial, Robinson will be arraigned and enter pleas. Graf is expected to rule after oral arguments scheduled in early September, shortly before the anniversary of Kirk's death.
    


            Kirk was killed September 10, 2025, when he was fatally shot in front of about 3,000 people during a Turning Point USA event at Utah Valley University in Orem. Graphic videos of the shooting flooded social media and politicians on both sides of the aisle condemned the killing – one example of the political violence roiling America in recent years.
    


            Prosecutors have said they intend to seek the death penalty against Robinson, who turned himself in to police the day after the shooting.
    


            Here are five things we learned in the hearing that shed new light on the case:
    


            The most anticipated evidence came Thursday, when prosecutors presented a previously recorded video interview with Lance Twiggs, Robinson's roommate at the time of Kirk's killing.
    


            Twiggs, who was also Robinson's romantic partner, told prosecutors the defendant expressed regret the day after the shooting, hours before he surrendered to police.
    


            “He started crying a little bit and said he wishes he hadn't done it, and then kept going around and just doing stuff, I think to keep himself busy or distracted or something,” Twiggs said in the interview conducted and recorded in April. Parts of the interview were redacted due to an order by the judge.
    

Lance Twiggs, former roommate of Charlie Kirk shooting suspect Tyler Robinson, described in an interview shown in court how Robinson expressed remorse after Kirk's death, testimony prosecutors could use to persuade a judge there is enough evidence to put Robinson on trial for the assassination of Kirk. CNN's Nick Watt reports.


            Twiggs is a pivotal witness for prosecutors, and not only for the alleged conversation described in the interview. The state has also pointed to text messages they say Twiggs and Robinson exchanged hours after the shooting, arguing Robinson's alleged texts amount to a confession.
    


            The first message, sent from Robinson around 11 p.m., directed Twiggs to “drop what you are doing, look under my keyboard.”
    


            Twiggs described finding a note from Robinson, which was entered into evidence and read aloud in court, though its contents were previously revealed in court records. According to an affidavit, the note read, in part:
    


            “If you are reading this per my text, then I am so sorry. I left the house this morning on a mission, and set an auto text. I am likely dead, or facing a lengthy prison sentence. I had the opportunity to take out Charlie Kirk, and I took it.”
    


            Twiggs then texted Robinson, “you weren't the one who did it right????” per the messages shown in court.
    


            “I am, I'm sorry,” Robinson allegedly replied.
    


            Twiggs' attorney told CNN his client has “cooperated consistently with the investigation.”
    


            Prosecutors played surveillance footage that allegedly showed Tyler Robinson on UVU's campus four times in the hours before and after Kirk was killed – including one video an investigator said showed Robinson's car near the scene after midnight, some 12 hours after the shooting.
    


            Robinson was first captured on camera around 8:30 a.m. the day of the shooting, when footage showed his car pulling into a parking garage, according to testimony by Sergeant David Hull, a former investigator with the Utah State Bureau of Investigation.
    


            After he left the garage on foot, Robinson visited the courtyard where Kirk's event was to take place that afternoon and spoke with Turning Point USA representatives, the investigator testified. He left campus around 9:25 a.m.
    


            Cameras captured Robinson on foot about an hour later, when Hull testified he purchased food on campus and walked into a nearby wooded area. When he returned, he no longer had a backpack, the investigator said, and he left shortly before 11 a.m.
    

Prosecutors on Tuesday showed new surveillance footage that allegedly shows Tyler Robinson's movements on Utah Valley University's campus the day of Charlie Kirk's fatal shooting. Judge Tony Graf permitted this evidence to be shown in court after the defense earlier objected to its publication, citing concerns about their ability to get a fair trial. CNN's Nick Watt reports.


            Robinson was seen again on campus surveillance footage around 11:53 a.m., about a half-hour before Kirk was killed, the footage showed. Hull noted Robinson was wearing different clothes and walking with a limp not seen in the earlier footage.
    


            Prosecutors also presented surveillance footage captured from a distance that Hull testified showed Robinson running across the rooftop of the Losee Center, a building on UVU's campus near the courtyard where Kirk's event was taking place.
    


            According to Hull, that footage showed Robinson running across the rooftop and crawling to the corner of the building, where he laid prone around 12:22 p.m.
    


            Kirk was shot around 12:23 p.m.
    


            Hull said the footage then showed Robinson – who appeared to be carrying an object – run back across the roof and lower himself down before going into the nearby wooded area.
    


            That night, around 12:30 a.m. on September 11, surveillance cameras captured a vehicle stopping and attempting to turn onto a campus road. The vehicle belonged to Robinson, Hull said.
    


            “When that vehicle was stopped, it actually made contact with an officer who was doing security detail,” Hull testified.
    


            “There was something about the interaction that made (the officer) make a note for the license plate of the vehicle,” the investigator said.
    


            When the officer learned a similar car was suspected to be tied to the shooting, he ran the information from the stop to identify the male driver. The car was registered to Tyler Robinson and his mother, Hull said.
    


            Prosecutors did not explain in this week's hearing the significance of Robinson's alleged presence near the scene that night. But in text messages with Twiggs, Robinson allegedly expressed a desire to retrieve his rifle, which a law enforcement witness testified was discovered in a wooded area nearby.
    


            Prosecutors displayed the results from ballistics and DNA testing they argue links Robinson to the alleged murder weapon: a Mauser Model 98 .30-06 caliber bolt-action rifle found wrapped in a towel in a wooded area near campus.
    


            The rifle contained one spent cartridge casing and three unfired rounds, which were each engraved with messages, said Sergeant Jennifer Faumuina, an investigator with the State Bureau of Investigation called to testify by prosecutors.
    


            Roughly a month before Kirk's killing, Twiggs said Robinson asked for a Dremel, a tool used for sanding or grinding, to engrave bullets for an upcoming family hunting trip.
    


            Police later seized a Dremel and several cartridge casings – which were the same type of round found in the rifle – from the home he shared with Twiggs, Faumuina said. One of the casings had the words “TEST SHOT” engraved on it, according to a photo displayed in court.
    


            The cartridge casings found inside Robinson's home had been fired by the rifle found near campus, according to a US Bureau of Alcohol, Tobacco, Firearms and Explosives report read in court. An ATF analysis also determined the recovered Dremel tool made the engravings on the cartridges found with the rifle and inside Robinson's home.
    


            However, an ATF analysis concluded a bullet jacket fragment recovered from Kirk's body “could not be identified or excluded” as having been fired from the rifle.
    


            “The result of the comparison was inconclusive,” the report said, a conclusion the defense has previously suggested could be exculpatory.
    


            ATF examiner Samantha Karner, the report's author, was called to testify by the defense and said she was “unable to say one way or another” due to a lack of microscopic marks on the bullet jacket fragment.
    


            Experts also conducted DNA testing on different parts of the rifle. Testing revealed it was at least 1 trillion times more likely Robinson contributed DNA to these samples than not – the highest statistic permitted under her laboratory's guidelines, ATF DNA section chief Caitlin Oliver testified.
    


            There was also “very strong support” for the conclusion that DNA collected from the towel wrapped around the gun and a screwdriver found on the roof of the Losee Center originated from Robinson and Twiggs, said Amanda Bakker, a DNA forensic examiner for the FBI.
    


Read texts police say Kirk shooting suspect and former roommate exchanged, which prosecutors could use as key evidence



            Before this week, Robinson's defense kept its strategy close to the vest. Pretrial proceedings were largely focused on technicalities – such as raising a perceived conflict of interest on the part of the prosecution and trying to get cameras banned from the courtroom.
    


            But glimpses of a strategy emerged in the preliminary hearing. Robinson's attorneys questioned the forensic evidence and grilled law enforcement officers about their handling of the investigation, highlighting potential leads that were discarded.
    


            For instance, former UVU Officer Chris Bagley testified under questioning by prosecutors he saw an empty pistol holster in the grass following the shooting. But he disregarded it because he thought the gunshot he heard came from a rifle, he said.
    


            Defense attorney Kathryn Nester noted a report written by another officer and introduced during Hull's testimony said a gun was found in the holster.
    


            She asked Hull about a bullet found on the roof of a different building on campus and other people who were questioned early on. Hull said the bullet had not been fired and was ejected from an officer's rifle and that the other people interviewed had been cleared by investigators.
    


            Nester also called into question the security protocols surrounding the event, asking Bagley about how many officers were assigned and other preparations. Bagley testified six of the department's 15 officers were working, that he was unaware of a security debrief ahead of the event and that no magnetometers or drones were used to screen the crowd.
    


            Defense attorney Michael Burt, meanwhile, tried to discredit the DNA and ballistics reports, questioning forensic witnesses about semantics in lab policies and the quality of the evidence collected.
    


            The hearing this week was attended each day by Kirk's loved ones, who said in a statement Friday the last several days had been “difficult.”
    


            Kirk's widow, Erika Kirk, who now leads Turning Point USA, was seen crying at times, dabbing her eyes with tissues and being consoled by the people around her.
    


            She briefly exited the courtroom on a few occasions, including when the shooting was described by Bagley, the former UVU officer, and when videos of the shooting were shown to the judge and the parties. That footage was not displayed publicly.
    


Charlie Kirk, a prominent conservative activist and Trump ally, dies after shooting at Utah campus event



            Following the conclusion of testimony Friday, Kirk's family filed a request for a “prompt” ruling on whether the case can proceed to trial “based on the overwhelming evidence presented.”
    


            They also released a statement calling the process “an important step forward in the pursuit of justice for Charlie.”
    


            “As difficult as these last few days have been, it brings our family comfort to know that the world has witnessed the overwhelming evidence of what occurred to Charlie that day,” the family said.
    


            The Kirks have been vocal supporters of keeping the courtroom open to the public and the media as a way to combat conspiracy theories about Kirk's death – and that desire was reiterated this week as the court weighed what exhibits could be broadcast to the public.
    


            Kirk's attorney asked during Wednesday's hearing for any evidence presented in court to be made public without redactions and, after Graf denied that request, followed it up with a written notice to the court that night.
    


            “To receive evidence in a manner shielded from those seated in the courtroom – as happened today – is not transparency,” the attorney, Jeffrey Neiman, wrote. “And in the absence of transparency, speculation and conspiracy theories related to the tragic assassination of Mr. Kirk will continue to proliferate in the public domain, breeding doubt and distrust in the judicial system.”
    


‘The worst I've seen': Charlie Kirk conspiracy theories explode online, from the left and right



            The notice requested all evidence that had not been displayed publicly be shown again – and that additional evidence introduced during the case also be made public.
    


            Graf denied the request Thursday morning.
    


            “Nothing will ever undo the loss of our beloved Charlie,” the family said in its statement Friday. “As this case moves into its next phase, we pray that truth will continue to be heard through a process that is fair, transparent, and grounded in the facts.”
    

CNN's Andi Babineau reported from Provo, Utah, while Nicki Brown reported from New York. CNN's Sneha Dhandapani and Kristen Holmes contributed to this report. 

© 2026 Cable News Network. A Warner Bros. Discovery Company. All Rights Reserved.  CNN Sans ™ & © 2016 Cable News Network.

Scan the QR code to download the CNN app on Google Play.

Scan the QR code to download the CNN app from the Apple Store.","{'href': 'https://www.cnn.com', 'title': 'CNN'}","world"
"https://news.google.com/rss/search?q=site:vox.com","The US was overconfident before the war. Iran may be overconfident now.","https://www.vox.com/politics/494968/iran-us-strait-hormuz","Sat, 11 Jul 2026 10:00:00 GMT","

When news breaks, you need to understand what actually matters — and what to do about it. At Vox, our mission to help you make sense of the world has never been more vital. But we can't do it on our own.

We rely on readers like you to fund our journalism. Will you support our work and become a Vox Member today?

Iran may have bitten off more than it can chew in the Strait of Hormuz.

If you can think back to the distant days of March 2026, you'll remember that the US-Iran war was, at one point, primarily a conflict over Iran's nuclear program, though at times it was also about Iran's treatment of protesters, threat to Israel, missile program, and support for regional proxies.

At this point, however, it's now clear that it's about something entirely different, and something that wasn't even an issue until this conflict began more than four months ago: Iran's ability to control shipping through the Strait of Hormuz.

Iran's ability to use cheap drones and missiles to throttle ship traffic through the crucial waterway, through which around a fifth of the world's oil and gas normally transits, became, during the war, its primary source of leverage against the US. Iran's new leaders now view de facto control of the Strait as their primary deterrent against future attacks by their enemies — an arguably more effective and flexible deterrent than their nuclear program ever was — as well as a potential source of revenue via tolls and fees. Iranian officials have in recent days variously described the Strait as a “golden weapon” and a “divine blessing.” US Secretary of State Marco Rubio has called it Iran's “economic nuclear weapon.”

This week, however, as violence flared again in the region, there were some indications that Iran might be overestimating the power of that weapon and its ability to coerce and deter its enemies.

This week, Iranian leaders showed how far they're willing to go to protect their “divine blessing,” attacking three ships transiting the Strait with missiles. The ships were traveling through a corridor close to the coast of Oman, under recommendation from the UN's International Maritime Organization, and had not coordinated with Iranian authorities. This led to the biggest exchange of fire between the two countries since an interim ceasefire agreement in June, with the US bombing more than 80 targets in Iran and the Iranians launching missiles at US targets in Kuwait and Bahrain. The US also reimposed sanctions on Iranian oil sales, while President Donald Trump declared the ceasefire between the two countries to be over.

The letter of the dispute comes down to a vaguely worded clause in the Memorandum of Understanding (MOU) between the two countries on June 17. The MOU commits Iran to take steps to restore shipping through the Strait and work with Oman, with which it shares the Strait, to determine future arrangements for administering it. US officials interpreted this as restoring the free navigation through the strait that existed before the war. The Iranians, however, interpret it as giving them control over which ships can cross. This rather wide ambiguity over the control of a very narrow body of water made it easier for both sides to sign the deal, but it's now led to a new phase of the conflict.

After the deal was completed, oil shipments through the Strait returned to around half of their prewar levels, but much of it was on ships traveling at night with their identification systems turned off, escorted by the US Navy.

That was an unacceptable situation for Iran, whose leaders have signaled they believe they have created a new status quo that gives them a say over who comes and goes in the Strait. The increasing number of ships traveling the Oman route under US protection was a threat to that status quo. Add in the fact that Tehran appears to believe that Trump is reluctant to return to full-scale war, and they calculated that this week's attacks were a risk worth taking.

“Because they believe that the US is deterred from resuming full-scale hostilities, there is scope for pushing the envelope, for pushing their luck and seeing how much they can extract in the Strait,” said Gregory Brew, an Iran and energy analyst at Eurasia Group.

This may be a miscalculation.

Iran's Hormuz deterrent might be more effective against a more normal politician than Donald Trump. The Iran war is deeply unpopular, and Trump's Republicans can ill afford high gas prices heading into this year's midterm elections. But Trump, generally speaking, appears to value his own idiosyncratic political projects — including the conflict with Iran — more than his party's political prospects.

But Trump aside, the ability to close Hormuz may also simply not be as powerful a weapon of mass disruption as many thought it would be. Crude oil prices went as high as $126 per barrel during the war, but usually hovered closer to $100 — well short of the $200 many experts were predicting at the outset of the war.

That's due to a number of factors, including non-Mideast producers like the US increasing production and the fact that the world's largest importer, China, proved able to suddenly slash those imports far more than anyone realized was possible, leaving more oil for everyone else. And thanks to the wider adoption of electric vehicles and renewable energy sources, oil is simply not as central to the global economy as it once was.

This isn't to say that the crisis isn't having an economic impact — it's driving a slow-moving food crisis throughout much of the developing world — but it's not creating 1970s-type gas lines or even COVID-type supply chain disruptions.

“The closure of the Strait of Hormuz was always understood to be this massively destabilizing black swan event,” Brew said. “And it turns out to have been more manageable.”

While continued flare-ups in the fighting have driven spikes in oil prices throughout the crisis — including this week — markets have also been quick to settle in the periods of calm that followed. One week after the signing of the MOU, prices were back at pre-war levels. Even during this week's fighting, oil jumped to only around $80 before receding as the fighting died down. Energy markets appear to be pricing in the expectation that any return to war won't last long.

Iran's leaders can probably be confident that Trump isn't inclined to risk large numbers of US casualties by committing ground troops, embarking on a costly regime-change operation, or even returning to the level of airstrikes that we saw at the height of Operation Epic Fury. But they may on the other hand, the cost to the United States of periodic “mowing the grass” strikes is relatively low. The US has also been striking Iranian bridges for the first time since April. This attack on civilian infrastructure rather than military targets suggests Trump's tolerance for escalation may be higher than the Iranians anticipated.

Iran's moment of maximum leverage may be right now. Oil producers in the region are heavily investing in new pipelines and alternative routes to allow them to eventually bypass the Strait. The more Iran attacks the ships used by its Gulf neighbors, the more it will encourage those investments. The crisis is also driving a surge in demand for electric vehicles in many countries. The more dangerous it stays in the Strait, the more consumers and producers will be incentivized to lessen their dependence on it.

In a recent article for Foreign Affairs, the Atlantic Council analyst Nate Swanson argued that there may also be a contradiction between Iran's twin goals with the Strait: creating a deterrent to future attacks while also extracting maximum economic value from its control of the waterway. Iran has already shown it can shut down shipping at will, as well as attack the energy infrastructure of its neighbors. (It's worth remembering that any new bypass pipelines built by Saudi Arabia or the United Arab Emirates will still be within range of Iranian missiles and drones.)

But the more Tehran tries to squeeze the region economically through tolls, and the more chaos it creates by actually launching attacks on both shipping through the strait and Gulf countries, the more it will seem worth the cost to both the US and countries in the region to go back to war.

Some in Tehran may consider this a price worth paying. The recent mass funeral for the late supreme leader Ayatollah Ali Khamenei doubled as a rally and coming-out party for what Iranian leaders hope will be a new regional order that they will help to shape, and control of Hormuz is part of that. But drawing a hard line on this issue will also push back any return to normalcy for a population exhausted by war and economic crisis. Iran has also not yet received the frozen assets held in banks in the Middle East as promised in the deal, and that seems unlikely as long as tankers in the Strait are taking incoming fire.

The US and Israel launched this war with what proved to be massive overconfidence in their ability to force a weaker country to bend to their will through sheer dominance in firepower. In this new lower-intensity phase of the conflict, Iran may have similar overconfidence in its ability to coerce its rivals through an advantage in geography.

Iranians leaders once believed that their missile forces and regional proxies like Hezbollah could deter foreign attacks and that their nascent nuclear program gave them bargaining leverage with their rivals. Ultimately, that deterrent failed, and Khamenei and many other top Iranian leaders paid with their lives. Their successors believe they've now found a more effective deterrent and bargaining chip. If it fails, they can't say they weren't warned.

A daily, curiosity-driven guide to the big, weird, and fascinating ideas shaping the news cycle.

This is the title for the native ad

﻿The newly leaderless Election Assistance Commission, briefly explained.

Trump says he's defending religious liberty. Not when it comes to immigration.

Rahm Emanuel and the death of the pro-Israel Democrat.

Ukraine is striking deep into Russia and pressuring Crimea. Does Putin have any “red lines” anymore?

Jon Ossoff and the dream of a “unity candidate” in 2028.

AI could create a rare chance to remake the safety net. Washington can't waste time.

This is the title for the native ad

© 2026 Vox Media, LLC. All Rights Reserved","{'href': 'https://www.vox.com', 'title': 'vox.com'}","national"
"https://news.google.com/rss/search?q=site:cnbc.com","Trump threatens to 'decimate' Iran if it tries to kill him, as Treasury sanctions alleged Iranian financier","https://www.cnbc.com/2026/07/11/trump-threat.html","Sat, 11 Jul 2026 09:36:03 GMT","



President Donald Trump threatened to ""decimate and destroy"" Iran if Tehran acts on threats to assassinate him, as the U.S. Treasury Department sanctioned an alleged Iranian financier.

Iran said Saturday that the new financial measure was a violation of the preliminary deal the two warring countries struck last month as its foreign minister reportedly arrived in Oman for talks.

""1000 Missiles are Locked and Loaded and aimed at the Islamic Republic of Iran, with thousands of more to immediately follow, should the Iranian Government act on its threat, pronounced in many corners of the Globe, to assassinate, or attempt to assassinate, the sitting President of the United States of America, in this case, ME!"" Trump wrote on Truth Social late Friday U.S. time.

""Orders have already been given, and the U.S. Military is ready, willing, and able, for a one year period of time, subject to extension, to completely decimate and destroy all areas of Iran - PRAISE BE TO ALLAH!,"" he added.

The Wall Street Journal and other U.S. media reported earlier this week that Israel had shared intelligence about an alleged Iranian plot to assassinate Trump.

According to Reuters, some mourners at the funeral on Thursday of Iran's slain Supreme Leader Ayatollah Ali Khamenei, who was killed in a U.S. airstrike early in the war, carried banners reading: ""We Will Kill Trump"".

The U.S. president's latest verbal salvo came after a day of relative calm following a week of fighting and fears that a fragile ceasefire could be about to break down.

Trump said early Friday said that the United States and Iran have agreed to continue peace talks, even though the ceasefire established by last month's preliminary deal has been scrapped.

In a Truth Social post, Trump claimed that the Islamic Republic ""has asked us to continue 'talks'"" and that ""we have agreed to do so.""

""But the United States has stated to them, in no uncertain terms, that the Cease Fire is OVER!"" Trump wrote.

Iran's state media channels did not immediately confirm or deny that it had asked to continue negotiations.

Trump's early Friday post confirmed a report by MS NOW, citing a U.S. official, that the warring powers will engage in ""technical talks"" and remain committed to finding solutions despite a return to hostilities.

The U.S. military conducted renewed rounds of offensive strikes against Iran in retaliation for the three commercial vessels transiting the Strait of Hormuz coming under attack. The U.S. Treasury Department subsequently withdrew a waiver that had allowed Iran to sell its oil.

Treasury subsequently stepped up the pressure on Iran with sanctions against an alleged financier it accused of helping new Supreme Leader Mojtaba Khamenei, the son of the late leader Ali Khamenei.

""Following Iran's resumption of attacks on international shipping in the Strait of Hormuz, the U.S. Department of the Treasury's Office of Foreign Assets Control (OFAC) took action against Iranian financial facilitator Ali Ansari (Ansari), who oversees a sprawling global network of assets benefitting Iran's leader—Mojtaba Khamenei—and other regime elites,"" the department said in a statement.

""The so-called Supreme Leader is hiding in seclusion while his regime crumbles,"" Treasury Secretary Scott Bessent was quoted as saying in the statement. ""Treasury will continue using every tool at its disposal to isolate him and other regime elites from the global financial system. We will preserve these assets for the Iranian people.""

Iranian Foreign Minister Abbas Araghchi said the move was a violation of the June memorandum of understanding between the U.S. and Iran.

""Iran has so far kept its word, unlike the so-called U.S. Treasury Secretary who is violating Para 9 of the MoU,"" Araghchi said in a post on X.

""That violation follows other violations and missteps by the United States. Reality check: There can only be mutual compliance,"" he added.

Iran's semi-official Tasnim News Agency reported that Araghchi arrived in Oman early Saturday for talks. Oman has been a key mediator in efforts to end the war.

Got a confidential news tip? We want to hear from you.

Sign up for free newsletters and get more CNBC delivered to your inbox

Get this delivered to your inbox, and more info about our products and services.

© 2026 Versant Media, LLC. All Rights Reserved. A Versant Media Company.


      Data is a real-time snapshot *Data is delayed at least 15 minutes.
      Global Business and Financial News, Stock Quotes, and Market Data
      and Analysis.
    

Data also provided by","{'href': 'https://www.cnbc.com', 'title': 'CNBC'}","business"
"https://news.google.com/rss/search?q=ico","Limerick ICO Youth Orchestra to perform at UK festival","https://www.limerickleader.ie/news/limerick-ico-youth-orchestra-to-perform-at-uk-festival-8788067","Sat, 11 Jul 2026 10:00:00 GMT","

Did you know you can manage your profile, and explore all of the available newsletters from Limerick Live within your account.

ONE of the country's up and coming youth orchestras from Limerick will join musicians from around the world at WOWFest - Wells Orchestral Weekend in Somerset. 

Taking place from July 10-13, the festival will include performances from the Irish Chamber Orchestra's ICO Youth.

Based in Limerick, ICO Youth brings together talented young musicians from the Mid-West, offering high-level orchestral training, performance opportunities and mentorship.

In 2024, ICO Youth won three awards at the World Festival of Orchestras in Vienna, and this year claimed first prize in the Orchestra Open Section at Feis Ceoil.

READ ALSO: Verdict returned at inquest into death of Savannah, 14, following collision

CEO Gerry Keenan said: “Music education lies at the heart of everything we do at Irish Chamber Orchestra.

“Through ICO Youth, we are nurturing the musicians of the future and creating opportunities for talented young people to develop their artistry and connect with their peers internationally.

“We are incredibly proud of their achievements and delighted to see them represent Ireland at WOWFest.”

Now in its fifth year, WOWFest brings together around 300 young performers from Ireland, the UK, the Netherlands, the United States and Brazil.

Created by The International Music Exchange and supported by conductor Charles Hazlewood, the festival combines concerts, workshops and social events in venues including Wells Cathedral, Cedars Hall, the Bishop's Palace and St Cuthbert's Church.

Limerick-based ICO Youth will perform three times over the weekend, appearing at the opening ceremony in Cedars Hall on Friday, presenting its own concert at St Cuthbert's Church on Saturday and giving an outdoor performance in the grounds of the Bishop's Palace on Sunday.

Participation in WOWFest offers ICO Youth members the opportunity to perform on an international stage, collaborate with musicians from different countries and celebrate the power of music to connect people.With the valued support of The Arts Council / An Chomhairle Ealaíon, Irish Chamber Orchestra continues to inspire and connect audiences in Ireland and internationally. 

Did you know you can manage your profile, and explore all of the available newsletters from Limerick Live within your account.","{'href': 'https://www.limerickleader.ie', 'title': 'Limerick Leader'}","cryptocurrency"
"https://news.google.com/rss/search?q=fifa+world+cup","World Cup fans flock to In-N-Out, Erewhon and Trader Joe's for a taste of California","https://www.latimes.com/business/story/2026-07-11/world-cup-fans-flock-to-in-n-out-erewhon-for-taste-of-california","Sat, 11 Jul 2026 10:00:00 GMT","

 This is read by an automated voice. Please report any issues or inconsistencies here. 

 See more from the L.A. Times in Google Search.   Set us as preferred     

World Cup tourists are coming to L.A. for the soccer, but they're staying for the $21 smoothies and Double-Doubles.

As the last Los Angeles FIFA World Cup event ended Friday, soccer fans were eating like locals and famous chains from the region were cashing in.

In the weeks that L.A. has hosted the World Cup, international soccer enthusiasts have flocked to big brands from the area, often in large groups wearing their countries' jerseys.

It is a phenomenon seen at many of the host cities. In Dallas, giant gas station Buc-ee's is the main attraction. For people visiting New Jersey, deli shops have been a hot ticket. In L.A., the place to be between matches was Erewhon.

Thirsty international sports fans gathered for pictures outside different Erewhons, wandered their aisles smiling, and, of course, picked up pricey smoothies. 

While Erewhon would not comment on its business, mobility data company Arity, which uses phone data to track consumers, said Erewhon visits at the outlets around SoFi Stadium were quadruple what they were a week earlier on June 12, the day of the U.S. national soccer team's opening match there. 

Arity looked at what stores people visited within a 10-mile radius of SoFi that day and also found surges in visitors to nearby El Pollo Loco and Trader Joe's. 

Locals have spotted groups of people in Korea jerseys huddled together, trying to decide what to order at In-N-Out.

Some complained on social media that international tourists at Trader Joe's were buying up all the mini canvas tote bags. 

Soon after the Belgium vs. Spain quarterfinal ended Friday, the In-N-Out near SoFi had a long line of soccer fans stretching out the door in bright red and yellow and black jerseys and matching striped hats and scarves. 

One of the workers said he had to explain “spread” and “animal style” to foreign football fans. 

“I didn't know this place existed,” a fan from Romania said while waiting in line.

Los Angeles and other cities and states that have hosted the event need the soccer fans to spend money to make the event worth all the time, effort and money it requires.

A rosy 2024 report projected the World Cup could bring more than $800 million to the L.A. region as 180,000 people converge on the area to sleep, eat and spend.

There were early concerns people weren't turning up for the event because of the high ticket prices and the difficulty of obtaining visas for citizens of some countries. 

However, at least for some L.A. hotels, there was a surge of last-minute visitors which pushed up occupancy and room rates.

 Business 

Los Angeles hotels saved by last-minute surge in World Cup bookings

While sports fans are not in the region to shop, they do make time for it. 

World Cup customer spending is also apparent in beer sales. Andrew Heritage, the chief economist at the Beer Institute said beer purchases at entertainment and attractions in L.A. - outside of World Cup spaces - were up around 10% from normal.

“That tells me that fans in the L.A. area have decided to extend their stay and take in all the other things that the area has to offer, rather than just the match itself,” he said.

On social media, the purpose of these shoppers is clear: grab a quick souvenir or local specialty and take a selfie.

The data from Arity suggests that fans are very efficient when they spend at local spots, diving in, getting what they want and getting out as soon as possible, said Jeff Schlitt, a director at the company. 

“Normally you're there for an hour. They're going to be there for 15, 18 minutes,” he said. “Why is that? Because they were purpose-driven shoppers.”

For some travelers, the more popular American chains aren't unfamiliar. But some of the native L.A. fare still comes as a surprise. 

As one Belgium-Spain matchgoer from the Netherlands stood taking a picture of the In-N-Out sign after the game, he said he'd never had a burger like the one he'd just tried. 

“We only have McDonald's and Burger King,” he said. “It's way better.”

The Wide Shot brings you news, analysis and insights on everything from streaming wars to production — and what it all means for the future.

 By continuing, you agree to our Terms of Service, which include arbitration and a class action waiver. You agree that we and our third-party vendors may collect and use your information, including through cookies, pixels and similar technologies, for the purposes set forth in our Privacy Policy such as personalizing your experience and ads. 

Follow Us

Annika Duneja is a business reporting intern at the Los Angeles Times. She graduated from the Hussman School of Journalism and Media and the Kenan Flagler Business School at the University of North Carolina at Chapel Hill, where she wrote for the Daily Tar Heel's City & State Desk. She has previously worked at CNBC and NBC4 Washington, and is a native of Washington, D.C.

 Business 

 Business 

 Business 

 Business 

 Business 

 Business 

 Business 

 Business 

Subscribe for unlimited accessSite Map

Follow Us

MORE FROM THE L.A. TIMES  ","{'href': 'https://www.latimes.com', 'title': 'Los Angeles Times'}","soccer"
