"Input URL","Title","Link","Published","Description","Source","Category"
"https://news.google.com/rss/search?q=world+news+site:cnn.com","Swimmer bitten on the foot at New York City beach in a suspected shark attack","https://www.cnn.com/2026/07/03/us/shark-attack-new-york-swimmer","Sat, 04 Jul 2026 00:37:00 GMT","


            A swimmer was bitten on the foot in a suspected shark attack Friday at a New York City beach, prompting authorities to temporarily close the beach.
    


            The attack at Jones Beach comes a day after multiple shark sightings were reported at other New York City and Long Island beaches.
    


            The person was swimming at Jones Beach State Park Field 6 when they suffered lacerations on their foot, the New York City Parks Department said.
    


            Lifeguards responded immediately and an ambulance took the victim to a hospital to be treated for non-life-threatening injuries, according to the department.
    


            Swimming was suspended while officials searched for sharks and other dangerous marine life. After an hour of searching, none were found and swimming was allowed to resume, though restricted to wading up to swimmers' waists, the department said.
    


            New York City officials on Thursday reported multiple shark sightings at Rockaway Beach in Queens and imposed intermittent beach closures. New York City Emergency Management also issued a warning advising of the closures and urging beachgoers to follow the guidance from lifeguards.
    


            Farther east, lifeguards at a Long Island beach spotted a shark Thursday in the water off Point Lookout and immediately ordered people out of the ocean. Point Lookout and neighboring Hempstead beaches were also temporarily closed to swimming after the sighting.
    


            The beach closures come as record-breaking heat continues to grip the eastern United States, drawing large crowds to area beaches.
    


            Shark sightings have become more common as authorities increase the use of drones to search for them in the water. But while sharks are commonly found in the waters off the United States, shark bites are rare, experts say.
    


            Gavin Naylor, director of the Florida Museum of Natural History's shark research program, told The Associated Press that there are between 60 and 80 known unprovoked bites worldwide each year. It's extremely rare that two or more people are bitten in close proximity.
    

© 2026 Cable News Network. A Warner Bros. Discovery Company. All Rights Reserved.  CNN Sans ™ & © 2016 Cable News Network.

Scan the QR code to download the CNN app on Google Play.

Scan the QR code to download the CNN app from the Apple Store.","{'href': 'https://www.cnn.com', 'title': 'CNN'}","world"
"https://news.google.com/rss/search?q=world+news+site:cnn.com","Keiko Fujimori declared winner of razor-edge Peru election","https://www.cnn.com/2026/07/03/americas/fujimori-wins-peruvian-election-latam-intl","Sat, 04 Jul 2026 00:07:00 GMT","


            Conservative candidate Keiko Fujimori has been declared the winner of Peru's presidential race following a weeks-long vote count that ended with a razor-thin margin of victory in the deeply polarized South American country.
    


            The country's electoral office confirmed Friday that Fujimori, the eldest daughter of former President Alberto Fujimori, had won the June 7 runoff vote in what was her fourth bid for the presidency after unsuccessful campaigns in 2011, 2016 and 2021.
    


            In a post on X after the official proclamation, Fujimori thanked voters for their support and said Peru was entering “a new chapter.” She pledged to lead the transition with “responsibility, humility and a profound sense of duty.”
    


            The announcement comes days after Peru's National Office of Electoral Processes released a final vote count showing her Popular Force party edged leftist candidate Roberto Sánchez of Together for Peru by just 49,641 ballots out of about 18 million, taking 50.13% of valid votes to Sánchez's 49.86%.
    


She was a first lady at 19. Now she's one step closer to winning Peru's presidency



            Fujimori, 51, will be sworn in as president on July 28 and is expected to serve a five-year term alongside Luis Fernando Galarreta as first vice-president and Miguel Ángel Torres Morales as second vice-president.
    


            She will become Peru's ninth president in a decade, taking over after a prolonged period of political instability that is often traced back to the presidency of her father, who was ousted in 2000 and later convicted on charges of corruption, embezzlement and human rights violations, and whose legacy remains deeply divisive in the country following a controversial pardon in 2023.
    


            The result is expected to reshape Peru's political landscape after one of the country's most closely contested presidential elections in recent years.
    


            Sánchez has previously said he will not recognize Fujimori's government. Following the release of the final vote count, he alleged irregularities in the overseas vote and said he would appeal to the Inter-American Commission on Human Rights (IACHR).
    


            In its declaration of Fujimori's victory Friday, Peru's National Jury of Elections said a review had found no such inconsistencies in the vote and rejected an appeal filed by Together for Peru.
    

© 2026 Cable News Network. A Warner Bros. Discovery Company. All Rights Reserved.  CNN Sans ™ & © 2016 Cable News Network.

Scan the QR code to download the CNN app on Google Play.

Scan the QR code to download the CNN app from the Apple Store.","{'href': 'https://www.cnn.com', 'title': 'CNN'}","world"
"https://news.google.com/rss/search?q=world+news+site:tass.com","Argentina's national team reaches round of 16 of FIFA World Cup","https://tass.com/sports/2155443/amp","Sat, 04 Jul 2026 01:10:01 GMT","

WASHINGTON, July 4. /TASS/. The Argentine national team has defeated Cape Verde 3-2 in extra time in the match of round of 32 of the FIFA World Cup. The meeting was held in Miami.

Lionel Messi (29th minute) and Lisandro Martinez (92nd minute) scored goals for the winners. Deroy Duarte (59) and Sidney Cabral (103) scored for the losers. In the 111th minute, Diney Borges sent the ball into his net.

Messi scored his 20th goal at the World Championships and consolidated his leadership in the list of the best scorers in the history of the tournament. His closest pursuer, French national team forward Kylian Mbappe, has 18 goals. The Argentinian tops the Frenchman in the dispute for the title of the best goalkeeper of the current championship - seven goals against six. In addition, Messi played his 30th match at the World Championships, according to this indicator. He also ranks first, ahead of Portuguese Cristiano Ronaldo (26).

The captain of the Argentina national team extended the record scoring streak at the World Championships, scoring in the eighth game in a row. Messi also became the first player to score at every stage of the World Championships.

In round of 16, the national team of Argentina will play with the Egyptian team, which previously defeated the Australians (1:1, 4:2 on penalties). The meeting will be held in Atlanta on July 7.

The World Cup is being held in the US, Canada and Mexico. The tournament will end on July 19th. The national team of Argentina is the current winner.","{'href': 'https://tass.com', 'title': 'tass.com'}","world"
"https://news.google.com/rss/search?q=world+news+site:tass.com","Messi first to score 20 goals at World Cup","https://tass.com/sports/2155435/amp","Sat, 04 Jul 2026 00:00:01 GMT","

WASHINGTON, July 4. /TASS/. Argentina striker Lionel Messi has improved his record for the number of goals scored at the World Cup.

The striker scored a goal in round of 32 match against the Cape Verdean team, which became his 30th at the world championships. The Argentine consolidated his leadership in the list of the best scorers in the history of the tournament, breaking away from forward of the French national team Kylian Mbappe (18). The French have already held a meeting in round of 32, defeating the Swedes (3:0).

Messi is 39 years old, and since 2023 he has been playing for the North American Major League Soccer (MLS) club Inter Miami. In Europe, the Argentine played for Paris Saint-Germain of France and Barcelona of Spain, where he won the Champions League four times, the UEFA Super Cup and the World Club Championship three times each. The striker is the world champion (2022), silver medalist of the World Championship (2014), Olympic champion (2008) and two-time winner of the America's Cup (2021, 2024). Messi holds the record for the number of Golden Balls (8).

The World Cup is being held in the US, Canada and Mexico. The tournament will end on July 19th.","{'href': 'https://tass.com', 'title': 'tass.com'}","world"
"https://news.google.com/rss/search?q=world+news+site:theguardian.com","As the US marks 250, does the special relationship still exist","https://www.theguardian.com/news/ng-interactive/2026/jul/04/us-250-britain-special-relationship","Sat, 04 Jul 2026 05:01:00 GMT","

The gap between America and Britain has grown economically as Trump asserts ‘the UK is dying'. Culturally, however, it's a different story

On 1 June 1785 John Adams travelled to London to become the first US ambassador to Britain, in which capacity he was to meet George III. By his own admission, Adams trembled at the encounter. After all, it had been less than a decade since he helped Thomas Jefferson write the Declaration of Independence denouncing the king as an absolute “tyrant” who had “plundered our seas, ravaged our Coasts, burnt our towns, and destroyed the lives of our people”.

A trepidatious Adams trudged through the London drizzle to St James's Palace, where he presented his credentials to King George. He bowed three times, then declared he would be “the happiest of men if I can be instrumental in recommending my country more and more to your Majesty's royal benevolence”.

Adams' brief speech was a lesson in self-abnegation on behalf of a people who had not only defeated the British just two years previously but had lost 25,000 combatants in the effort. Despite the bloodletting of the Battles of Long Island and Camden, the torturous winters of Valley Forge and Morristown, Adams still had it in him to lavish praise upon the vanquished enemy.

Two hundred and fifty years later, that melding of opposites – innate supremacy in victory, joined with obsequiousness towards Britain's old world traditions – is still very much in evidence in the US. The duality has a new champion in Adams's successor by 43 and 45 presidencies: Donald Trump.

The president did not bow once to King Charles and Queen Camilla on their recent state visit to Washington (Charles got a brisk handshake, Camilla a peck on the cheek from Melania). In every other respect, Trump's display of fawning would have made even Adams blush.

Welcoming the couple to the White House, Trump invoked that well-worn phrase “the special relationship”, and said that in the centuries since independence “Americans have had no closer friends than the British”.

Yet, almost in the same breath, Trump has repeatedly ridiculed the current UK prime minister, Keir Starmer. He has belittled him as “not Winston Churchill”, over his refusal to engage British forces in Trump's war with Iran.

With Starmer's upcoming departure from office and likely replacement by Andy Burnham, Trump has bestowed pity on a country that in his hyperbolic view is on life support. “The UK is dying,” he memorably said.

As America marks its 250th birthday, such conflicting emotions towards what Jefferson called the “mother country” remain unresolved. Is Britain America's best buddy? Or is it a joke, that small island somewhere across the pond withering into irrelevance?

In his framing of the 250th anniversary, Trump has emphasised two things. First, and foremost, he has presented the milestone as a celebration of his own greatness.

Second, less predictably, he has been eager to remind Americans of their prowess in defeating the British in 1783. His ode to the subject, six giant “freedom trucks” traversing the country telling the story of the war of independence, is an elaborate exercise in rubbing Britain's nose in it, on 18 wheels.

The timing of the trucks and their paean to America's founding victory is perhaps fortuitous for Trump, given that the president has led the country back into a war that he appears incapable of winning or ending. “It's very nice when you can show that Uncle Sam has beaten off John Bull,” said David Reynolds, an historian at Christ College, Cambridge and author of America: Empire of Liberty.

Reynolds added, though, that Trump's gloating lacks important historical context. “If you ask the question, which Trump doesn't, why America won the war of independence, it's because Britain lost control of the Atlantic against a coalition of enemy states, in particular the French and Dutch.”

Awkward truths aside, there's another question being asked at the 250th: does America even care about the UK? For Simon Johnson, a Nobel laureate in economics at MIT who was born and raised in Sheffield in the north of England and has spent the past 41 years in the US, the prevailing attitude among Americans towards his old home is indifference.

“I think the US is a bit oblivious,” he said. “They don't pay a lot of attention to the UK.”

Johnson has been reminded of that disengagement in recent weeks by the confusion surrounding the World Cup among his American friends. “Why does Scotland have its own team?” they say; “Is there a British soccer squad?”

He puts such lack of awareness about the outside world, the UK included, down to American exceptionalism and the insularity it invokes. But as a professor in entrepreneurship, Johnson thinks that the concept of exceptionalism can sometimes be overblown.

Take the current space race, which is commonly presented in the US as the work of individual billionaire tycoons like Elon Musk and Jeff Bezos. In fact, space exploration has been revived through what Johnson calls a “massive public-private partnership, supported with massive Nasa subsidies, anchored by the state”.

And that makes it much more comparable with similar approaches in the UK. “There are definitely parallels with the UK, which has very good public-private combinations looking for creative solutions.”

The gap in perception has only grown in recent years as America has relatively outperformed Britain on basic economic indicators. Both countries have suffered greatly from the fallout of the 2007 financial crash, which Johnson believes is behind much of the political grouchiness in America today.

But in the two decades since, the US has pulled away from the UK. While per capita GDP, according to World Bank figures, continued to rise in the US from $48,000 in 2007 to $85,000 in 2024 (in today's dollar value), in the UK, compounded by Brexit, it stagnated, rising from $51,000 to just $53,000.

The same pattern can be seen in military power. Though a Ukraine effect has seen Britain boost its military spending, the US will still pump almost 10 times as much into its armed forces this year – $921bn compared to $94bn in the UK.

“Anybody can see that the UK doesn't have the clout in the US that it used to, that's a fact of life,” Reynolds said. “There's been a growing sense of British subordination, of Britain on the slide into close to diplomatic marginality.”

On the cultural level, though, the historian thinks there's a different story to be told. “There's an assumption that, yes, the Americans have the power, but we have the savior faire. As Lord Halifax supposedly told Lord Keynes in Washington in 1945, ‘It's true they have the money bags, but we have all the brains'.”

The idea that, culturally, Britons are punching above their weight is something that Joanna Coles has reflected on since she moved to the States in 1997. Her transatlantic journey took her from Otley, West Yorkshire in the UK to the Guardian's offices in London and New York, and from there through a role as chief content officer of Hearst Magazines to her current position overseeing the the Daily Beast, which she co-owns and where she is head of all content.

Coles points to Hollywood as a case in point. She ranks Christopher Nolan, whose The Odyssey will be a summer blockbuster, as “the most influential and important director in Hollywood right now, bar none. What's interesting about him is the scale of his ambition. He's taking the mantle from Spielberg.”

Then there's a younger generation of British talent starting to make waves. Emerald Fennell, with Saltburn and Wuthering Heights already under her director's belt, appears unstoppable, while on the acting front Coles name-checks Florence Pugh, Benedict Cumberbatch, and the Royal Academy of Dramatic Art (Rad)-trained Cynthia Erivo, “who has erupted as a huge star”.

There's a similar argument to be made about the small screen. Two of the recent monster shows from HBO had British creators, Jesse Armstrong's Succession and Industry from the duo Mickey Down and Konrad Kay. UK-born John Oliver's Last Week Tonight continues to hold a special place in the hearts of late-night viewers.

Coles puts the arguably disproportionate importance of British cultural figures in the US partly down, paradoxically, to the UK's diminutive size. “Britain is a small country whose cultural industries have always looked outwards. Ambitious British talent has long understood that success often means crossing the Atlantic.”

There's also something about the centuries over which Britons have been drilled to use words as instruments – or weapons. She thinks of Prime Minister's Questions, the weekly parliamentary brouhaha when politicians mercilessly hurl verbal lances at each other.

“Look at broadcasting, look at theater. Britain has an unusually dense ecosystem of elite universities, world-class drama schools, the BBC, and a national culture that prizes wit, irony, and storytelling which all play well over here.”

You could say the same about the US media, which is having something of a British moment as the country turns 250.

Coles's digital news site, the Daily Beast, was founded by one of the powerhouses of British cultural influence in America, Tina Brown, who single-handedly imported a generation of UK talent into America when she edited Vanity Fair and The New Yorker. Even the title of the Daily Beast is drawn from an Evelyn Waugh novel, Scoop, which satirises Fleet Street, the spiritual London home of the British press.

Other Britons have been entrusted with some of America's most revered media titles. There's Emma Tucker, who has shaken the dust off the Wall Street Journal as editor-in-chief, boosting both its vitality and its must-read relevance in the age of Trump.

There's John Micklethwait, bestowed by Michael Bloomberg with leadership of Bloomberg News. And Keith Poole, hired by Rupert Murdoch in a similarly weighty role over the New York Post group.

As the Guardian has reported, Bari Weiss, the contentious anti-woke editor-in-chief of CBS News, has gone on a recent fishing expedition to the UK in search of new on-air and journalistic talent. Should David Ellison, the technology tycoon who controls Paramount, complete the merger with Warner Bros Discovery, and as expected place CNN at least partially under Weiss' control, that could set up an illuminating clash between Weiss and CNN's chief executive Mark Thompson, the former director general of the BBC.

It's not that the injection of British talent is always successful, far from it. Jeff Bezos placed the fate of one of America's most venerable titles, the Washington Post, in the care of Will Lewis, a former editor of London's the Daily Telegraph and later chief executive of Dow Jones.

Lewis's stint as publisher of the Post was, as NPR's media correspondent, David Folkenflik, recalls, “as disastrous as I could imagine. It's not that Lewis screwed up everything he touched, but to a lot of people it sure felt like that.”

The paper is still reeling from the hundreds of employees who were laid off under Lewis in February, followed days later by his abrupt, and unlamented, departure.

For Folkenflik, an anglophile who spent part of his childhood in the UK and has written about the British phone hacking scandal in his book Murdoch's World, the prevalence of so many Britons across the US cultural landscape tells us less about British talent than about America's confidence levels as the country stumbles into its big birthday.

“At a time of ideological uncertainty, when our standing is shaky and our groundings unclear, it's not surprising to me that our institutions look east,” Folkenflik said. “They are in search of that aura of clarity that the Brits have from a distance – whether or not it holds up.”","{'href': 'https://www.theguardian.com', 'title': 'The Guardian'}","world"
"https://news.google.com/rss/search?q=world+news+site:theguardian.com","Ukraine war briefing: Germany calls reports Russian soldiers are being trained in China ‘deeply disturbing'","https://www.theguardian.com/world/2026/jul/04/ukraine-war-briefing-germany-calls-reports-russian-soldiers-are-being-trained-in-china-deeply-disturbing","Sat, 04 Jul 2026 03:19:00 GMT","

German foreign ministry summons China's ambassador and says anything that enables Russia to continue its war of aggression represents a ‘threat' to Germany's security. What we know on day 1,592

The Chinese ambassador in Berlin has been summoned for urgent talks about media reports that Russian soldiers were being trained in China, the German foreign ministry said on Friday. These “deeply disturbing” reports point to support for Russia from Chinese state actors, in particular the Chinese People's Liberation Army, it said. “Anything that enables Russia to continue its war of aggression against Ukraine also represents a threat to our security,” the ministry said. On 20 May, the German daily Die Welt reported that the Chinese army had secretly trained several hundred Russian soldiers on its territory, some of whom had been deployed in Ukraine, citing classified documents from European intelligence services.

Russia's ⁠Defence Ministry claimed ⁠on ⁠Friday its ​forces had “completely” taken ⁠control of Kostiantynivka in eastern Ukraine, ⁠whose capture Moscow ‌has long sought in its advance through Donetsk ‌region. The battle for this city, which had about 78,000 inhabitants before the war, has been taking place since late 2025 and now constitutes the main Russian effort on a front more than 1,000km long. “The city is now entirely under our control,” Kremlin spokesperson Dmitry Peskov told reporters. There was no independent verification of the claim.

A massive Russian glide bomb strike on the centre of the northern Ukrainian city of Sumy on Friday has killed at least four people, including a ⁠child, ⁠and injured ​27, regional governor Oleh Hryhorov said. Other areas in the Sumy region and in southeastern Ukraine, closer to the frontlines, also came under Russian ⁠attack, killing a total of six people. After the attack, Ukrainian president Volodymyr Zelenskyy called for Ukraine's allies to intensify pressure on Russia “so that the terror can be stopped”. Sumy region, under near-constant attacks by Russian forces, is on the Russian border and Moscow has been trying to expand what it describes as a buffer zone there.

Ukraine is looking ⁠for ways to lower tension ⁠with Warsaw, Poland's ​prime minister Donald Tusk said on Friday, adding that Poland's neighbour to the east should come to terms with its history in order to join the European Union. Diplomatic relations between the two countries ⁠deteriorated after Polish President Karol Nawrocki stripped Ukraine's Volodymyr Zelenskyy of Poland's top honour because Zelenskyy had named an army unit after insurgents who massacred Poles in the second world war. Tusk, a political opponent of Nawrocki, has ​been trying to smooth tensions, and said he ‌had received positive signals from Friday's meeting ‌between Ukrainian Foreign Minister Andrii Sybiha and his Polish counterpart Radoslaw Sikorski in Warsaw. There are proposals for consultations between historians and talks between religious leaders from both nations, Tusk said.

Lithuania's president said Friday his country wants to be integrated into western nuclear deterrence against Russia as it moves to end a ban on atomic weapons deployment. Speaking at a Berlin press conference, President Gitanas Nauseda said Lithuania was taking steps to remove the constitutional ban and added: “We would like to be the integral part of this nuclear deterrence.” “A few days ago, I initiated a constitutional amendment to remove the existing restriction on the possible deployment of nuclear weapons in Lithuania,” he added. Shortly afterwards, a group of 50 Lithuanian lawmakers submitted an amendment, which still has to be put before parliament.

The World Athletics Council on Friday reaffirmed its decision ⁠to exclude Russian and Belarusian athletes from international competition, four years ⁠after it ⁠initially ​imposed sanctions over the invasion of Ukraine. World Athletics voted to end its eight-year ⁠doping ban of the Russian Athletics Federation in 2023 but the separate ban over ⁠the invasion of Ukraine kept out their athletes. “We ​presented options for the ‌Council to ‌consider on this matter, however the original decision remains ‌on the sanctions that protect the integrity and fairness of our competitions, with no tangible movement towards peace negotiations having materialised,” World Athletics President Seb Coe said in a statement.","{'href': 'https://www.theguardian.com', 'title': 'The Guardian'}","world"
"https://news.google.com/rss/search?q=world+news+site:theguardian.com","Celtic nations begin to plan for breakup of UK in event of Reform election win","https://www.theguardian.com/politics/2026/jul/04/uk-ireland-leaders-fear-union-future-nigel-farage-led-government","Sat, 04 Jul 2026 07:36:00 GMT","

Politicians brace for constitutional turmoil if Nigel Farage's party end up in government – or even as a strong opposition

The rise of Nigel Farage has prompted political leaders across Ireland, Northern Ireland, Scotland and Wales to game the unthinkable: the breakup of the United Kingdom.

Unionists who wish to save the union and nationalists who wish to end it are bracing for constitutional turmoil if Reform UK emerges triumphant – with Farage as prime minister or official leader of the opposition – after the next election.

Representatives from each side believe a Farage-led government could trigger a hasty referendum on Irish unification and usher in Trump-style anti-immigration crackdowns that alienate the Celtic nations. The possibility of a strong Reform opposition or coalition spooks the nations just as much.

It is conceivable that “in just a handful of years' time, people on the island of Ireland will be looking across the Irish Sea to a country where ICE-like snatch squads are arresting people off the streets” said Mark Drakeford, the former first minister of Wales, referring to the US Immigration ⁠and Customs Enforcement agency.

Drakeford, who has repeatedly said he would fight to retain the union, worries that politics in Britain has irrevocably changed and fears there “there may not be time” for a considered debate about the UK's future if Farage reaches Downing Street or Reform significantly boosts its number of parliamentary seats from the eight it now holds.

“The United Kingdom is a voluntary association of four nations, and in any voluntary association there must be choices that people can make to stay in and choices that people can make to leave.”

The former Welsh Labour leader made the warnings last week at a conference in Belfast organised by the Social Democratic and Labour party (SDLP), during which figures from across the UK and Ireland voiced concern about the risk of being “bounced” into a vote on Irish unification.

Ireland's justice minister, Jim O'Callaghan, said Dublin should begin preparing for unification rather than wait for English nationalism to set the timetable. “The future may not go down the predictable pathway of discussions and harmony,” he said.

Irish leaders think the UK's annual subvention for Northern Ireland, estimated to range between £6bn and £20bn, could become a rallying cry for Farage, similar to the Brexit-era claim that the EU cost Britain £350m every week.

“Wait till he sees our bill,” said Claire Hanna, the SDLP leader. “I think if English nationalists really dive deep into the resources that Northern Ireland requires, that could become a political football, a political problem.”

“Brexit was a lesson in how not to do constitutional change, and since then British politics had changed in a structural way,” said Hanna. “We can no longer say the Nigel Farage phenomenon is a flash in the pan, unfortunately. It's a feature now of UK politics. So it is prudent for us to think about our own constitutional future and not be passengers in wherever politics wishes to take us.”

Sinn Féin has campaigned for a unification referendum – which a British government can call at any time – but wants consultation and preparation. “We can't afford to take chances on what might come next from London,” said Conor Murphy, a former Stormont Sinn Féin finance minister at Stormont who is now an Irish senator.

Murphy estimates the subvention for Northern Ireland is lower than £6bn but said Farage could weaponise the £20bn estimate. “He could say: ‘We're going to save that by letting the Irish go and good luck to you and goodbye.' He could do that. I'm not suggesting that he will but it's kind of the nature of their policies. It's Trump-like. It's unpredictable.”

Sinn Féin was urging Dublin to engage with UK counterparts – “while there might be someone sensible in Whitehall” – to clarify the terms and conditions of a referendum, said Murphy. “Establish the groundwork, establish the ground rules and make sure that they at least are insulated from whatever chaos might arise.”

Fine Gael, part of Ireland's ruling coalition, recently said it would publish a blueprint for a unified Ireland at the party's annual conference in November.

Leo Varadkar, a former taoiseach and Fine Gael leader, said he did not think a Farage-led government was likely but if it did come to pass, he believes Ireland could be “bounced” into a border poll. “An accelerator could be a UK government led by Reform that doubles down on Brexit, that takes this view that Brexit failed because it wasn't done properly and looks for a harder separation from the EU and reopens these questions around the ECHR [European convention on human rights].”

Farage has said he wishes to leave the ECHR – and renegotiate the Good Friday agreement the convention underpins – in an attempt to stop small boat crossings to England.

In their 15th survey on the UK and the EU in Northern Ireland, the Queen's University Belfast professors Katy Hayward and David Phinnemore found support for the removal of ECHR much higher in Northern Ireland (36%) than the wider UK (29%).

Sign up to First Edition

Our morning email breaks down the key stories of the day, telling you what's happening and why it matters

after newsletter promotion

Indicating it is a new frontier for Brexiters, that support rises to 77% among Democratic Unionist party (DUP) voters and 93% with Traditional Unionist Voice (TUV), with whom Farage had an electoral pact.

In a separate context, elements of loyalism found common cause with the English far right during race riots in Belfast last month.

Jon Burrows, the leader of Northern Ireland's Ulster Unionist party (UUP), expressed concern that Farage's brand of English nationalism “might galvanise” nationalism in Northern Ireland, Scotland and Wales. “It could create more fertile ground for those who want to tear apart the United Kingdom.”

Unionists must promote the economic and national security advantages of the UK, he said. “I'm increasingly trying to get our message out about what Northern Ireland brings to the union.”

Control of seas and underwater cables were vital to the UK's national security, he said. “I think behind the scenes the security services would be concerned about Northern Ireland leaving the UK. The island of Ireland would be a national security vulnerability.” Northern Ireland has 3% of the UK's population but produces 10% of its food, said the UUP leader. “There's so much that Northern Ireland is good at – we should be making that argument.”

Nationalists and unionists have contested Northern Ireland's constitutional status since its foundation, but the question mark over other countries in the UK indicates this as a different moment in time.

Stephen Gethin, a Scottish National party MSP, told the conference that, while living in England, he was struck by the lack of engagement in the UK's constitutional future. “How do we bring England and English people into this conversation? Because they're an important part of our shared islands.”

Drakeford, who served as first minister in Cardiff until 2024, expressed hope the UK would endure and strengthen but said English nationalism risked pushing out Scotland and Northern Ireland, leaving Wales a “progressive pimple” in a rump UK.

Under that scenario, Wales could hope to associate with Ireland and Scotland in a new Celtic union modelled on the Nordic Council, he said. Even those who favoured the union should consider the possibility of breakup, he said. “We have to think ahead and prepare.”

Reform may not win over the majority of voters in the next general election in the UK – but it does not need to, said Drakeford. “The perversity of the first-past-the-post election system means that you can get a government, as we have now, with a big majority on 34% of the vote.”

In that scenario, he said, Wales might find the “United Kingdom has changed so radically that its component parts” may find “they will be better off elsewhere”. “From a Welsh point of view, this could lead to the worst of all possible outcomes – not one in which the people of Wales choose to leave the United Kingdom, but in which the United Kingdom has left Wales.”","{'href': 'https://www.theguardian.com', 'title': 'The Guardian'}","world"
"https://news.google.com/rss/search?q=world+news+site:dw.com","News and current affairs from Germany and around the world","https://www.dw.com/en/top-stories/s-9097","Sat, 04 Jul 2026 08:20:38 GMT","

To mark the 1776 declaration of independence from British rule, the US has kicked off a big celebration in Washington.

Russia launched a full-scale war on Ukraine on February 24, 2022, an escalation of a conflict that began with Russia's annexation of Crimea in 2014.

To view this video please enable JavaScript, and consider upgrading to a web browser that supports HTML5 video

To play this audio please enable JavaScript, and consider upgrading to a web browser that supports HTML5 video

There has been much soul-searching since Germany exited the World Cup. Germany had long been one of the world's most successful footballing nations. The men have won four World Cups, second only to Brazil's five.","{'href': 'https://www.dw.com', 'title': 'DW.com'}","world"
"https://news.google.com/rss/search?q=world+news+site:dw.com","Taylor Swift, Travis Kelce tie knot in star-studded ceremony","https://www.dw.com/en/taylor-swift-travis-kelce-tie-knot-in-star-studded-ceremony/a-77812947","Sat, 04 Jul 2026 07:10:43 GMT","

The couple got married in a major star-studded celebration at Madison Square Garden over the Fourth of July weekend. 

Pop superstar Taylor Swift and American football player Travis Kelce are holding their wedding at Madison Square Garden (MSG) in New York on Friday.

A spokesperson confirmed to news agencies that the 36-year-old pair was officially married.

""Taylor & Travis ​did ‌not have bridesmaids or groomsmen. Instead, ‌her brother Austin ‌Swift ​served as Taylor's Man of Honor and ​Jason Kelce was Travis' ⁠Best ​Man,"" ​the spokesperson said. ""The ceremony ​joined ‌both families together and ​was officiated ⁠by friend Adam ⁠Sandler.""

A slew of celebrities, including Jennifer Lopez, Ed Sheeran, Ethan Hawke, Jimmy Fallon and Abby Wambach were spotted entering the venue on Friday.

Some 1,000 guests were expected at the event, but they were reportedly banned from bringing phones and allegedly had to sign non-disclosure agreements regarding the event.

Among the stars expected at the wedding are model Gigi Hadid, actors Hugh Grant, Bradley Cooper and Dakota Johnson, and pop figures Benson Boone and Camila Cabello.

A permit for a ""Special Event at MSG"" shows:

Manhattan resident Alyssa Heinen told AFP that it feels like a ""royal wedding"" to Swift's fans. ""She is the biggest thing in America — like she is our royalty, she is our queen, she is everything.""

According to New York City records, the party can host up to 1,000 people, with media reports describing tight security around the event.

Expected guests included celebrities Gigi Hadid, Cara Delevingne, Selena Gomez and Zoe Kravitz, as well as Kelce's teammates from the Kansas City Chiefs.

Earlier, workers spent several days delivering decorations, catering supplies and equipment to the venue. Fencing and temporary structures were erected outside the arena.

The festivities coincided with the Fourth of July holiday weekend, as New York also hosts Independence Day events, preparations for the 250th anniversary of the Declaration of Independence, and a FIFA World Cup match.

The event also cames amid a heat wave in the city.

""If you happen to be getting married at MSG, you will be staying inside and staying cool, and ⁠I think ​it's a good example to set for the city at large,"" New York Mayor Zohran Mamdani said when asked about a potential Swift wedding.

Swift and Kelce announced their engagement in August.

To view this video please enable JavaScript, and consider upgrading to a web browser that supports HTML5 video

Edited by: Karl Sexton

Don't let the algorithm hide the news. If you rely on our team for trusted reporting, please take a moment to select us as your Preferred Source on Google by clicking here and hitting the ""star"" or ""preferred"" button, so you'll always see our verified news first.","{'href': 'https://www.dw.com', 'title': 'DW.com'}","world"
"https://news.google.com/rss/search?q=site:theepochtimes.com","China Slaps 73.5 Percent Tariffs on Canadian Pea Starch","https://www.theepochtimes.com/world/china-slaps-73-5-percent-tariffs-on-canadian-pea-starch-6055582","Sat, 04 Jul 2026 07:28:49 GMT","

This copy is for your personal, non-commercial use only. Distribution and use of this material are governed by our Subscriber Agreement and by copyright law. For non-personal use or to order multiple copies, please contact The Epoch Times Reprints.

China says it will impose tariffs on Canadian pea starch following an investigation into anti-dumping activities.

The Chinese Ministry of Commerce announced on June 30 that importers of Canadian pea starch will be required to post a preliminary 73.5 percent security deposit with Chinese customs beginning July 1.

The new tariffs are being imposed following a probe launched in August 2025. The Ministry of Commerce said this week its investigation had found that Canadian pea starch was being “dumped” in China, causing “material injury to the domestic industry.”

Global Affairs Canada told The Epoch Times it is working with industry to evaluate the impacts of the new tariffs.

“While important to Canadian producers, pea starch is a relatively small import market for China, with year-to-date imports from all sources of under $10 million,” spokesperson John Babcock said in a statement.

The probe into pea starch had been launched on the same day China announced preliminary anti-dumping duties on Canadian canola, amid the trade dispute between Ottawa and Beijing.

In exchange for Canada slashing its 100 percent tariff on Chinese electric vehicles to 6.1 percent for an initial 49,000 units, China agreed to temporarily reduce or remove tariffs on some Canadian agricultural and seafood products.

The new Chinese tariffs on pea starch were announced shortly after two Canadian ministers visited China to deepen ties.

The Conservatives reacted to the announcement of the new Chinese tariffs, saying it “proves the Liberals' trade strategy is a complete disaster.” They say the “strategic partnership” forged with Beijing, which includes Chinese EV imports, is “reckless.”","{'href': 'https://www.theepochtimes.com', 'title': 'theepochtimes.com'}","world"
"https://news.google.com/rss/search?q=us+national+news+site:apnews.com","Taylor Swift and Travis Kelce are married. What to know about the wedding","https://apnews.com/article/taylor-swift-travis-kelce-wedding-what-know-640147a06d9bb28c9ac5a7c7b62898bc","Sat, 04 Jul 2026 04:02:00 GMT","




Copyright 2026 The Associated Press. All Rights Reserved.




Copyright 2026 The Associated Press. All Rights Reserved.

Hollywood stars and pro athletes were among the guests who made their way to Madison Square Garden to witness Taylor Swift and Travis Kelce tie the knot. (July 3)

A “Just Married” sign is displayed on Madison Square Garden during a wedding between singer Taylor Swift and National Football League player Travis Kelce on Friday, July 3, 2026, in New York. (AP Photo/Ryan Murphy)

Fans line up outside of Madison Square Garden ahead of a reported wedding between singer Taylor Swift and National Football League player Travis Kelce on Friday, July 3, 2026, in New York. (AP Photo/Ryan Murphy)

The Empire State Building is viewed across from Madison Square Garden on Friday, July 3, 2026, in New York. (Photo by Andy Kropa/Invision/AP)

Fans of Taylor Swift stand outside of Madison Square Garden on Friday, July 3, 2026, in New York. (Photo by Andy Kropa/Invision/AP)

Guests arrive to Madison Square Garden ahead of a reported wedding between singer Taylor Swift and National Football League player Travis Kelce on Friday, July 3, 2026, in New York. (AP Photo/Ryan Murphy)


























NEW YORK (AP) — Your English teacher and your gym teacher are married. And we finally know a few more details surrounding Taylor Swift and Travis Kelce's wedding at Madison Square Garden.

Adam Sandler officiated, which both delighted and confused those who had been guessing who would have the high honor. Swift's brother Austin Swift served as her man of honor and Kelce's brother and podcast co-host Jason Kelce served as the groom's best man.

The event was attended by hundreds of celebrities, athletes and close friends and family, but even after the marriage announcement was made Friday evening, many of the wedding details remained hidden as photos remained elusive — including any hint of what Swift or Kelce wore.

Here is what we know (and still don't know):

Swift had once joked that anyone she had ever talked to would be invited to the wedding and Friday's event appeared to make good on that promise.

Singer Camila Cabello, actors Hugh Grant, Ethan Hawke and Jason Sudeikis, and models Karlie Kloss and Gigi Hadid were among the guests, as well as New York Giants wide receiver JuJu Smith-Schuster, Seattle Seahawks wide receiver Cooper Kupp and San Francisco 49ers tight end George Kittle were there.

It may be easier to list those who weren't in attendance, which apparently included Blake Lively and Ryan Reynolds, who had previously had a close relationship with Swift but were reportedly seen in upstate New York over the holiday weekend. 

Zoe Kravitz was in attendance, but her fiancée Harry Styles — Swift's ex — was in London while on tour. 

MSG may have provided the privacy and secrecy that Swift and Kelce were looking for in planning a wedding, but that also means those eager to look at how the couple transformed the arena into a bridal venue were left waiting Friday evening.

Remarkably, even with the guest list listed as high as 1,000 people, no photos had been released or shared as of Friday.

While many celebrities and other attendees shared their looks for the big day, it's still unknown what Swift or Kelce wore. 

The only thing we do know is that their outfits came from Christian Dior Haute Couture and its designer Jonathan Anderson with shoes custom-made by Christian Louboutin. Swift wore Cartier jewelry.

A spokesperson for Christian Dior Haute Couture confirmed the wedding looks were designed by Anderson, saying they were created in Paris in “close collaboration with the couple.”




The Empire State Building said it lit up in blue to serve as Swift's “something blue” for the big day. Elmo posted a poem congratulating his friends for saying “I do.” The global superstar and her star football player husband quickly received a warm and joyous reactions to their marriage. 

Dolly Parton jokingly teased prior to the wedding that she wanted dibs on their first born child while singing her famous lyrics “I will always love you.” The couple had donated $2 million to Parton's Imagination Library earlier that week as part of giving $26 million to local and national charities across the U.S.


















Copyright 2026 The Associated Press. All Rights Reserved.","{'href': 'https://apnews.com', 'title': 'AP News'}","national"
"https://news.google.com/rss/search?q=us+national+news+site:apnews.com","3 dead and others rescued after boat capsizes on Wisconsin lake amid storms","https://apnews.com/article/lake-geneva-storm-capsized-boat-c940ab8fecffb6837ae21096602d8100","Sat, 04 Jul 2026 02:34:00 GMT","




Copyright 2026 The Associated Press. All Rights Reserved.




Copyright 2026 The Associated Press. All Rights Reserved.

This image made from video provided by WISN-TV shows law enforcement use search boats in Geneva Lake, Wis., after receiving calls of an overturned boat on Friday, July 3, 2026. (WISN-TV via AP)

This image made from video provided by WISN-TV shows law enforcement use search boats in Geneva Lake, Wis., after receiving calls of an overturned boat on Friday, July 3, 2026. (WISN-TV via AP)












LAKE GENEVA, Wis. (AP) — Three people died and seven others were rescued Friday after a boat capsized in Geneva Lake as a strong storm passed through southern Wisconsin, an official said.

Many injuries were reported in Wisconsin's Walworth County after the storm toppled trees, knocked down power lines and damaged buildings, said Tom Hausner, undersheriff for the Walworth County Sheriff's department.

Hausner said he did not know any other information about the people who died and those rescued.

Police in the city of Lake Geneva are investigating, Hausner said. Officials there didn't immediately respond to an email and voice message from The Associated Press seeking more information. 

Lake Geneva Mayor Todd Krause declared an emergency and said that one person had minor injuries after being struck by a falling tree. Several areas of the city were experiencing power outages, he said in a statement. 

Hausner said county authorities received multiple 911 calls reporting damage and people trapped in buildings and seeking help. He said deputies responded immediately but were delayed by downed power lines and trees blocking streets.

“Power lines are all over the place. We are urging people to stay away,” he said.

Hausner said his agency asked for help from law enforcement in nearby counties and the Wisconsin Department of Natural Resources.

Geneva Lake, in southern Wisconsin, attracts tourists from the Chicago area and other parts. The population in Walworth County, where the lake is located, nearly doubles during holiday weekends, Hausner said.




The storms that rolled through the Midwest on Friday afternoon and evening prompted multiple cities to cancel holiday festivals and reschedule fireworks displays.

The National Weather Service issued a severe thunderstorm watch for Lake Geneva, Wisconsin, saying the forecast showed heavy rain Friday with lingering showers into Independence Day and a continued chance of showers and thunderstorms throughout the weekend.





















Copyright 2026 The Associated Press. All Rights Reserved.","{'href': 'https://apnews.com', 'title': 'AP News'}","national"
"https://news.google.com/rss/search?q=us+national+news+site:apnews.com","Trump pardons former Abramoff partner, 9 people convicted of violating vehicle emissions controls","https://apnews.com/article/trump-pardons-emissions-bypass-abramoff-partner-8e252cb7bc28288c1a3e4bb8d7bed72c","Sat, 04 Jul 2026 00:56:00 GMT","




Copyright 2026 The Associated Press. All Rights Reserved.




Copyright 2026 The Associated Press. All Rights Reserved.

President Donald Trump boards Air Force One, Friday, July 3, 2026, at Joint Base Andrews, Md. , for a trip to Mt. Rushmore. (AP Photo/Alex Brandon)




WASHINGTON (AP) — President Donald Trump on Friday pardoned 11 people, including a former business partner of Washington lobbyist Jack Abramoff and nine people identified by the White House as having helped people bypass emissions control systems on vehicles.

The acts of clemency come as Trump has issued a slew of pardons in his second term, particularly for allies, public figures and those seen as politically aligned.

His use of the presidency's sweeping ability to unilaterally grant pardons and commute sentences is among the ways the Republican's return to office has featured an expansive use of executive power.

Trump earlier on Friday announced some of the pardons on social media, without identifying any of the recipients by name.

“It is my Great Honor to have just signed Pardons for six people who were persecuted by the Biden Administration, and were in, or being sent to, prison, for ‘fixing their car,'” Trump wrote on his Truth Social media network.

“I AM SETTING THEM ALL FREE, RIGHT NOW!” he said.

In a list provided Friday evening by the White House, Trump pardoned 11 people, including nine who faced charges related to violations of the Clean Air Act by disabling emissions monitoring systems on vehicles or selling devices that enabled emissions systems to be bypassed.

The pardons come after Trump on Monday signed a memo telling the Environmental Protection Agency that Americans can fix their own vehicles as they see fit. As he signed the memo, Trump referenced a diesel mechanic he pardoned last year who disabled emissions monitoring systems.




The memo also addressed aftermarket auto parts and would supersede the ability of the California Air Resources Board to evaluate parts that affect vehicle emissions.

The White House, in releasing the list of those pardoned, described Trump having “relieved consumers from these regulatory burdens.”

Beyond the emissions-related pardons, Trump on Friday also issued a pardon for Adam Kidan, a former business partner of Abramoff. 

Kidan pleaded guilty in 2005 to fraud and conspiracy related to the purchase of a fleet of gambling boats, and in 2006 he was sentenced to nearly six years in prison.

The case was part of a broader investigation of the early 2000s lobbying scandal involving Abramoff, Capitol Hill, the Interior Department and members of President George W. Bush's administration. 

After leaving prison in 2009, Kidan began working at a staffing agency, went on to found a staffing business, Chartwell Staffing Solutions, and now serves as president of Empire Workforce Solutions, the White House said.

In March, the newspaper Newsday reported that Kidan was among the hosts of a fundraiser at Trump's Mar-a-Lago resort for a Long Island Republican congressional candidate.

A message sent to Kidan's business seeking comment was not immediately returned Friday evening.

Trump on Friday also pardoned ranch owner Jack Harvard, citing an “upstanding record” post-conviction and praising him for allowing the U.S. military and NATO troops to train on his land free of charge.

The White House did not immediately release additional details about Harvard, including his conviction.





















Copyright 2026 The Associated Press. All Rights Reserved.","{'href': 'https://apnews.com', 'title': 'AP News'}","national"
"https://news.google.com/rss/search?q=us+national+news+site:apnews.com","Egypt wins in World Cup knockout round debut with 4-2 penalty shootout edge over Australia","https://apnews.com/article/australia-egypt-world-cup-score-f5640adedb40ad59632598610e9382b8","Sat, 04 Jul 2026 04:11:00 GMT","




Copyright 2026 The Associated Press. All Rights Reserved.




Copyright 2026 The Associated Press. All Rights Reserved.

Egypt players react during a penalty shootout against Australia for the World Cup round of 32 soccer match in Arlington, Texas, near Dallas, Friday, July 3, 2026. (AP Photo/Tony Gutierrez)

Australia's Harry Souttar reacts after missing a penalty during a shootout at the World Cup round of 32 soccer match between Australia and Egypt in Arlington, Texas, near Dallas, Tuesday, Friday, July 3, 2026. (AP Photo/Sam Hodde)

Egypt's Hossam Abdelmaguid (4) celebrates after scoring the winning penalty during World Cup round of 32 soccer match between Australia and Egypt in Arlington, Texas, near Dallas, Tuesday, Friday, July 3, 2026. (AP Photo/Sam Hodde)

Egypt's Mohamed Salah reacts after scoring during a penalty shootout against Australia for the World Cup round of 32 soccer match in Arlington, Texas, near Dallas, Friday, July 3, 2026. (AP Photo/Tony Gutierrez)




















ARLINGTON, Texas (AP) — No matter what Mohamed Salah decides about his future with Egyptian soccer — more World Cups or not — the star striker can say he was the captain for the country's first victory in the knockout round.

Hossam Abdelmaguid scored the deciding goal in a shootout, and Egypt won its debut in the elimination round of the World Cup by beating Australia 4-2 on penalty kicks after a 1-1 draw in the round of 32 Friday.

Australia goalkeeper Mathew Ryan didn't stop any of Egypt's four shots after replacing starter Patrick Beach late in extra time.

The victory comes in Egypt's fourth World Cup, the first one with an expanded field of 48. Australia is now 0-3 in the knockout round.

Egypt will next face defending champion Argentina, which beat Cape Verde 3-2 in extra time Friday night, in the round of 16 on Tuesday in Atlanta.

“Me feeling today is that it's incredible,” said Salah, the 34-year-old former Liverpool player who is one behind national team coach Hossam Hassan's Egyptian record of 69 international goals. “I always like seeing the boys happy and enjoying the moment. Nothing can match that. So today was one of the best days of my life.”

Harry Souttar opened the shootout by missing high for Australia, and 18-year-old Lucas Herrington hit the crossbar with the fourth attempt to set up Abdelmaguid's clincher for the Pharaohs.

The 25-year-old Abdelmaguid, who doesn't have an international goal in 15 appearances, went low left as Ryan dived to the defender's right, setting off a raucous celebration among 70,244 fans at the sold-out home of the Dallas Cowboys, plenty of them wearing Egyptian red.




Egypt didn't even have a victory in the World Cup before beating New Zealand 3-1 in the group stage less than two weeks ago.

“I was only thinking about the Egyptian fans,” Hassan said through an interpreter. “During the entire time and during the penalty shootout, I was just praying, ‘God, please make the Egyptian people happy.' Even before the penalty shootout, to be honest.”




Egypt's other shootout scorers were Mahmoud Saber, Ramy Rabia and Salah, who played every minute of regulation and extra time despite a hamstring injury sustained in the team's group finale.

Jackson Irvine and Awer Mabil scored in the shootout for Australia.

“When I went to the players and talked to them, I wanted to take some pressure off,” Hassan said. “Do not look at the pressure. Just let everything out, don't think about anything. Think about your penalty kick. Don't even think about the goalkeeper. Just think about your kick.”

Emam Ashour gave Egypt the lead in regulation by scoring in the 13th minute with a header that beat Beach just inside the near post. Australia evened the match in the 55th when Egypt defender Mohamed Hany became the first player to score two own-goals in the same World Cup.

The own-goal came when Aiden O'Neill took a free kick from left of the penalty area and Hany headed the ball past goalkeeper Mostafa Shoubir for a spot in World Cup infamy. His other own-goal came in a 1-1 draw with Belgium in the group stage.

Less than 10 minutes earlier, Hany was down near the same spot after colliding with Connor Metcalfe on the Australia midfielder's header attempt. Medical personnel tended to Hany with a stretcher waiting nearby, but he was helped up and stayed on after what appeared to be a concussion check.

Australia's only scoring in World Cup knockout rounds has been two own-goals. The Socceroos lost to Italy 1-0 in 2006 and lost to Argentina 2-1 four years ago in Qatar. The goal against Argentina was an own-goal.

“It hurts when you get that close,” Australia coach Tony Popovic said. “Unfortunately, we bow out in a penalty shootout, so it's difficult to take right now.”

Omar Marmoush had a great chance to give Egypt a two-goal lead in the opening seconds of the second half, but he sent a shot wide.

The late goalkeeper switch to the 34-year-old Ryan, for his 105th international appearance, came despite several strong saves from the 22-year-old Beach, who was playing in only his sixth game for the Socceroos.

Beach made a sprawling save on a header from Rabia in the waning moments of regulation, and seconds later had a much easier stop on Salah's shot.

Egypt had one more chance before the end of regulation, but Haissem Hassan was turned away by Souttar, who deflected the shot with his knee.

___

See more of AP's World Cup coverage here


















Copyright 2026 The Associated Press. All Rights Reserved.","{'href': 'https://apnews.com', 'title': 'AP News'}","national"
"https://news.google.com/rss/search?q=us+national+news+site:apnews.com","Trump hails US exceptionalism before veering into darkly political speech to usher in America 250","https://apnews.com/article/america-250-celebrations-heatwave-trump-9d84acb8bd36837b2f21fab9e1808fc0","Sat, 04 Jul 2026 04:42:00 GMT","




Copyright 2026 The Associated Press. All Rights Reserved.




Copyright 2026 The Associated Press. All Rights Reserved.

Extreme heat in the U.S. is impacting festivities commemorating the 250th anniversary of American independence, including a temporary closure of the Great American State Fair in Washington D.C. (AP Video shot by Nathan Ellgren)

Philadelphia held a drone show outside Independence Hall to highlight the upcoming Fourth of July weekend in the United States. The drones formed images of American history, including Martin Luther King's ‘I have a dream' speech and the 1969 moon landing.

President Donald Trump speaks at Mount Rushmore National Memorial, Friday, July 3, 2026, near Keystone, S.D. (AP Photo/Matt Gade)

President Donald Trump gestures after speaking at Mount Rushmore National Memorial, Friday, July 3, 2026, near Keystone, S.D. (AP Photo/Alex Brandon)

Attendees cool off in mist at the Great American State Fair on the National Mall, Friday, July 3, 2026, in Washington. (AP Photo/Allison Robbert)

Duane Schwingel plays a harmonica on the National Mall, Friday, July 3, 2026, in Washington. (AP Photo/Julia Demaree Nikhinson)

Military aircraft fly over the National Mall near the Eisenhower Executive Office Building on the White House complex, Friday, July 3, 2026, in Washington. (AP Photo/Mark Schiefelbein)




























WASHINGTON (AP) — President Donald Trump ushered in the 250th anniversary of American independence on Friday with soaring rhetoric about American exceptionalism before veering into a darkly political speech with warnings about a sinister threat of communism that evoked one of the country's ugliest chapters.

“Communism is a mortal threat to American liberty,” he said from Mount Rushmore. “It is the greatest threat to our country, including World War I, World War II, Pearl Harbor or even 9/11.”

While the language was similar to several other speeches Trump has given in recent days, it was notable for being delivered in a national park that commemorates some of America's most prominent presidents. And it swerved from the typically apolitical, unifying speeches past presidents like Gerald Ford or Ronald Reagan have delivered during earlier high-profile Independence Day celebrations. 

Indeed, Trump's language evoked the Red Scare of the 1950s, when alleged communists were persecuted and blacklisted from jobs across America, from Washington to Hollywood.

In New York City, Mayor Zohran Mamdani, a democratic socialist, delivered his own address that cast America as a nation of contradictions “working each day towards the perfection in which it was conceived.”

The president's speech capped an Independence Day eve that was otherwise most notable for a brutal heat wave the gripped much of the eastern portion of the country. Officials have warned those celebrating the holiday to stay hydrated and take air-conditioned breaks as needed.




Philadelphia canceled its Salute to Independence parade Friday. The Great American State Fair in Washington shut down in the early afternoon before reopening at 5 p.m. The Capitol Fourth concert, a mainstay of the holiday in Washington, opened its gates a little later than normal but ultimately moved forward with appearances from Patti LaBelle, Trace Adkins, members of the Artemis II space mission and fireworks over George Washington's Mount Vernon. An Independence Day parade scheduled for Saturday in Washington was canceled. 

By early afternoon Friday in Washington, hundreds of people were roaming the grounds of the National Mall, home to The Great American State Fair. They snapped photos of the flyovers and tried to cool off inside tents that offered $9 lemonades and $23 turkey legs. Many were dressed in patriotic colors, their faces glistening with sweat.

New York Mayor Zohran Mamdani delivers a speech to mark the 250th anniversary of the United States at City Hall on Friday, July 3, 2026 in New York. (Anna Connors/The New York Times via AP, Pool)



Glenn Brooks, who was pardoned by Trump for his participation in the Jan. 6, 2021, attack on the Capitol, said he was “thankful to be participating in this grand event.”

The activity culminates in the main event Saturday, when fireworks will erupt in communities across the U.S., along with backyard cookouts and block parties. Trump will deliver another speech at the National Mall in Washington before what is being billed as a historically massive fireworks show.








As the rest of the country struggled under stifling heat, the Pacific Northwest enjoyed temperatures in the 60s with even a few light showers.

World Cup soccer fans in Seattle were staying cool Friday as they got psyched up for Monday's big game between the U.S. and Belgium. In the nearby suburb of Issaquah, Megan Kurowski, 31, brought her two dogs to the dog park so they could get some exercise before she went to work.

Kurowski said she was feeling positive about America's 250th anniversary and was planning a possible paddleboard to watch the fireworks.

“Everyone's just, from what it seems, been pretty excited about celebrating 250 years,” she said. 

The holiday is unfolding at a unique time in the U.S. The anniversary has served as an opportunity for the country to reflect on its history while also reminding it of the political polarization of the moment. 

Visitors walk up the front steps of the Jefferson Memorial while carrying a sun umbrella during an extreme heat advisory, Thursday, July 2, 2026, in Washington. (AP Photo/Nathan Howard)



In New York, Mamdani, a Democrat, did not mention Trump by name, but parts of his speech appeared aimed at the president's divisive rhetoric.

“For generation after generation, we have been told that when the world has sent its people to our shores, it has not sent its best,” Mamdani said in an apparent reference to a common criticism from Trump. “Those ideals upon which our nation was built — they are strong enough to endure any authoritarian regime, but only if we reach for them.”

Freedom 250, an organization aligned with the White House, has come to rival America250, a bipartisan group founded by Congress a decade ago. Freedom 250 has organized much of the activity in Washington, including the Great American State Fair. America250 is behind the ball drops unfolding in many cities, including New York, and will host a concert in Los Angeles on Saturday.

About 4 in 10 U.S. adults feel “proud” about the country's 250th anniversary, according to an April survey from The Associated Press-NORC Center for Public Affairs Research. Roughly 3 in 10 said “excited” describes their emotions.

Runners wearing Independence Day-themed items jog at dawn past an overlook in Arlington, Va., as Washington prepares for sweltering temperatures, Friday, July 3, 2026. (AP Photo/J. Scott Applewhite)



Ahead of the holiday, auto technician Joe Fuqua-Bejarano in Topeka, Kansas, sized up “what makes us awesome” as a people. It is clearly not the politics, in his view, but rather resilience.

“We've just all got to find unity somewhere, whether that's in laughter or perseverance, and keep everybody cool,” he said from the fireworks stand where he is doing a booming business as a side hustle.

Christina Zhou, a 25-year-old research assistant from Cambridge, Massachusetts, said she would aim to “think about just things that are happening locally.”

“It feels a little bit more like within our own personal control,” she said. 

Jerry Chin of Newcastle, Washington, said he wasn't aware that the U.S. was celebrating its 250th anniversary and planned to stay low-key around the holiday. He and his wife generally skip the fireworks and instead stay home with their fearful dogs to keep them calm.

“America's a great place, but there are some concerns,” he said. Chin, 55, and his wife worry about healthcare and issues around staying healthy, but they also stress about politics.

“We're Democrats, so kind of given up hope,” he said. “Just feel that it is the way it is. I don't know if there could be change.”

At the National Archives in Washington, visitors made their way through the Rotunda to look at the Declaration of Independence, the Constitution and the Bill of Rights -- and to escape the heat outside.

Michael Dresdner, 60, traveled from West Orange, New Jersey, with his wife, Cindi, 57, and about two dozen other people to be part of the America 250 celebrations. He said their group of travelers included people on both sides of the political aisle -- and that is what gave him hope for the future of American democracy.

“We are all here, and we all love America,” he said.

___

Peoples reported from New York. Associated Press writers Martha Bellisle in Seattle, Anthony Izaguirre in New York, John Hanna in Topeka, Kan., Michael Casey in Cambridge, Mass., and Calvin Woodward, Didi Tang, Gary Fields and Nathan Ellgren in Washington contributed to this report. 





















Copyright 2026 The Associated Press. All Rights Reserved.","{'href': 'https://apnews.com', 'title': 'AP News'}","national"
"https://news.google.com/rss/search?q=us+national+news+site:apnews.com","Fireworks, heat and politics: America celebrates its 250th birthday","https://apnews.com/article/america-250-weekend-heat-united-states-1eeaf21e91ed583595611251649db93e","Sat, 04 Jul 2026 05:14:00 GMT","




Copyright 2026 The Associated Press. All Rights Reserved.




Copyright 2026 The Associated Press. All Rights Reserved.

Extreme heat in the U.S. is impacting festivities commemorating the 250th anniversary of American independence, including a temporary closure of the Great American State Fair in Washington D.C. (AP Video shot by Nathan Ellgren)

A flight of F-18s, F-35s and a F-22 fly past a picture of President Donald Trump hanging on the U.S. Department of Labor near the Great American State Fair on the National Mall, Friday, July 3, 2026, in Washington. (AP Photo/Nathan Howard)

Todd Shaw, left, kisses his wife Shannon Shaw, right, as they pose for portrait during the Great American State Fair on the National Mall, Thursday, July 2, 2026, in Washington. (AP Photo/Rod Lamkey, Jr.)

Duane Schwingel plays a harmonica on the National Mall, Friday, July 3, 2026, in Washington. (AP Photo/Julia Demaree Nikhinson)

President Donald Trump speaks at Mount Rushmore National Memorial, Friday, July 3, 2026, near Keystone, S.D. (AP Photo/Matt Gade)

Rain runs down a sculpture of George Washington at Mount Rushmore National Memorial, Friday, July 3, 2026, in Keystone, S.D. (AP Photo/Matt Gade)


























WASHINGTON (AP) — The 250th anniversary of American independence is colliding with a country gripped by political polarization and a heat wave bearing down on millions of people across multiple states as celebrations get underway across the United States on Saturday.

The signing of the Declaration of Independence, one of history's most celebrated articulations of democratic ambitions, is being marked in myriad ways. President Donald Trump, set to take a central role in festivities, plans to speak on the National Mall in Washington ahead of what's being billed as a historically enormous fireworks show that will rain down over the nation's capital. The president was in South Dakota at Mount Rushmore on Friday, where he delivered a dark speech about the threat of communism in the U.S. as the chiseled images of four of his most prominent predecessors loomed behind him.

Elsewhere, fireworks are scheduled to be set off Saturday over Navy Pier in Chicago and against the skyline of New York City, which also hosted a ball drop at midnight to usher in the holiday with the same fanfare as New Year's Eve. Bristol, Rhode Island, describes itself as home of the nation's oldest Independence Day celebrations dating to 1785. In Los Angeles, Queen Latifah will host a concert featuring performances by The Smashing Pumpkins and Chris Stapleton. Chaka Khan is billed as a special guest.

Anticipation for the milestone holiday has been building for much of the year, serving as an opportunity for Americans to reflect on their complicated history as onetime colonists of an empire who became a superpower of their own. Celebrations months in the making had to adjust or cancel activities entirely as much of the East Coast sweltered under heat that approached and in many cases surpassed triple digits.




In Washington, the Great American State Fair was closed for several hours Friday afternoon during the worst of the heat. The city's Independence Day parade scheduled for Saturday was canceled. 

To the chagrin of many on the East Coast, the weather was downright pleasant on the other side of the country. The Pacific Northwest enjoyed temperatures in the 60s on Friday with a few light showers. 

In the Seattle suburb of Issaquah, Megan Kurowski, 31, brought her two dogs to the dog park so they could get some exercise before she went to work. Kurowski said she was feeling positive about America's 250th anniversary and was planning a possible paddleboard to watch the fireworks.

“Everyone's just, from what it seems, been pretty excited about celebrating 250 years,” she said. 








Other American pastimes are overlapping with the holiday. 

More than a dozen Major League Baseball games are on the schedule for Saturday. The World Cup, being hosted in the U.S. for the first time in 32 years, will have matches in Houston and Philadelphia on Saturday following a nail-biter overtime win by Argentina over Cape Verde on Friday outside Miami. Pop culture enthusiasts can obsess over Taylor Swift's Friday wedding to football player Travis Kelce at New York City's Madison Square Garden. And Madonna released her 15th studio album, a collection of dance tracks.

The celebrations are unfolding against the backdrop of a deep divide that has been expanding for years, visible in everything from political expression to cultural norms to age-old questions over race, class and immigration.

At Mount Rushmore on Friday, Trump spoke of communism as a “mortal threat to American liberty.”

“It is the greatest threat to our country, including World War I, World War II, Pearl Harbor or even 9/11,” he said.

Without naming Trump, New York City Mayor Zohran Mamdani, a Democrat who is also a democratic socialist and recently backed several successful congressional candidates in their primaries, appeared to reference Trump during a speech Friday.

“Those ideals upon which our nation was built — they are strong enough to endure any authoritarian regime, but only if we reach for them,” he said.

Ahead of the holiday, auto technician Joe Fuqua-Bejarano in Topeka, Kansas, sized up “what makes us awesome” as a people. It is clearly not the politics, in his view, but rather resilience.

“We've just all got to find unity somewhere, whether that's in laughter or perseverance, and keep everybody cool,” he said from the fireworks stand where he is doing a booming business as a side hustle.

Jerry Chin of Newcastle, Washington, said he wasn't aware that the U.S. was celebrating its 250th anniversary and planned to stay low-key around the holiday. He and his wife generally skip the fireworks and instead stay home with their fearful dogs to keep them calm.

“America's a great place,” he said, “but there are some concerns.”

___

Associated Press writers Martha Bellisle in Seattle and John Hanna in Topkea, Kansas contributed to this report.





















Copyright 2026 The Associated Press. All Rights Reserved.","{'href': 'https://apnews.com', 'title': 'AP News'}","national"
"https://news.google.com/rss/search?q=us+national+news+site:foxnews.com","Trump hails America as 'most exceptional nation ever to exist' in Mount Rushmore speech","https://www.foxnews.com/politics/trump-hails-america-most-exceptional-nation-ever-exist-mount-rushmore-speech","Sat, 04 Jul 2026 04:38:13 GMT","


        This material may not be published, broadcast, rewritten, or redistributed. ©2026 FOX News Network, LLC. All rights reserved. Quotes displayed in real-time or delayed by at least 15 minutes. Market data provided by Factset. Powered and implemented by FactSet Digital Solutions. Legal Statement. Mutual Fund and ETF data provided by LSEG.
      

Tune in as Air Force One flies over Mount Rushmore while the nation celebrates its 250th birthday.

President Donald Trump marked the eve of America's 250th anniversary with a sweeping patriotic address at Mount Rushmore on Friday, declaring the United States the ""most exceptional nation ever to exist"" and vowing that it would ""never be a Communist country.""

Speaking beneath the granite likenesses of four of his predecessors — George Washington, Thomas Jefferson, Abraham Lincoln and Theodore Roosevelt — Trump touted American exceptionalism as festivities marking the nation's 250th anniversary ramped up across the country.

""In all the chronicles of the ages, never before has any nation celebrated so magnificent a triumph as this one,"" Trump told the crowd.

TRUMP KICKS OFF FOURTH OF JULY WEEKEND WITH SYMBOLIC SALUTE TO AMERICA'S LEGACY

President Donald Trump delivers remarks at Mount Rushmore on the eve of America's 250th anniversary. (Chip Somodevilla/Getty Images)

""At 250 years, America is the oldest republic on earth,"" he continued. ""We are the freest people on earth. We have the most righteous and enduring Constitution on earth. We are the strongest and most powerful country on earth. And by the grace of God, the United States of America is the most successful, most accomplished, most exceptional nation ever to exist in human history.""

Trump praised the nation's history and argued that no other country had achieved as much as the United States.

""The birth and survival of the American nation under God is, quite simply, the best and most incredible thing ever to happen on this planet by human hands, ever,"" he said. ""No other country has done more good for this world than the United States of America.""

AMERICA'S NEXT 250 YEARS DEPEND ON PASSING FAITH AND FREEDOM TO OUR CHILDREN

Fireworks explode after President Donald Trump spoke at Mount Rushmore National Memorial, Friday, July 3, 2026, near Keystone, South Dakota. (AP Photo/Matt Gade)

Before Trump took the stage, the new Air Force One flew over Mount Rushmore as spectators cheered. After his remarks, the president stayed to watch a fireworks display over the Black Hills.

Trump argued the country was facing what he described as a growing communist movement that sought to undermine America's ""exceptional character"" and ""alienate us from our history.""

The president said the movement had raised the question, ""What does it mean to be an American?""

MAMDANI BLASTS ICE AGENTS, ELON MUSK AND 'SUPREMACY' IN AMERICA 250 SPEECH AHEAD OF JULY 4 WEEKEND

President Donald Trump speaks at Mount Rushmore National Memorial, Friday, July 3, 2026, near Keystone, South Dakota. (AP Photo/Matt Gade)

Trump described communism as ""the greatest threat"" facing the United States.

""It is the greatest threat to our country, including World War I, World War II, Pearl Harbor, or even 9/11,"" Trump said. ""We're not going to let this happen to us. Believe me, we're not letting it happen, because communism is the enemy of free people.""

""Communism is the exact opposite of life, liberty, and the pursuit of happiness — it is death, tyranny and the pursuit of evil,"" he continued.

""But we will not let them win,"" he added. ""They have no chance against us.""

Trump issued a clear directive: ""You can be loyal to Karl Marx, or you can be loyal to America. You can be a communist, or you can be a patriot. You cannot be both.""

President Donald Trump speaks beneath Mount Rushmore during a celebration ahead of America's 250th anniversary. (Chip Somodevilla/Getty Images)

As Americans face those choices, Trump pointed to the nation's past sacrifices as a guide for its future.

""Our American ancestors did not shed their blood at Concord and Trenton, Gettysburg and Shiloh, Midway and Normandy, just so that a band of thieves, radicals and lunatics could come in and loot, pillage our nation,"" he said.

Trump also highlighted the four presidents carved into the mountain behind him, saying they represented America's founding ideals.

""They were men of action, men of ambition, men of daring, men of destiny, and men of truly great intelligence,"" he said. ""Above all, they were great men of history. Tonight, on the threshold of our 250th year, we stand beneath the monument of these heroes, a true group of unbelievable people. And we rededicate ourselves to being a nation as big, bold, noble, and as great as these American giants.""

CLICK HERE TO DOWNLOAD THE FOX NEWS APP

Trump is scheduled to deliver another speech Saturday on the National Mall in Washington, D.C. before a fireworks display celebrating the nation's 250th anniversary.

""We know that this is not an ending,"" Trump said. ""This is only the beginning of the golden age of America.""

Michael Sinkewicz is a writer for Fox News Digital. Story tips can be sent to michael.sinkewicz@fox.com

Get the latest updates on the Trump administration and Congress, exclusive interviews and more Fox News politics content.

By entering your email and clicking the Subscribe button, you agree to the Fox News 
        Privacy Policy
       and 
        Terms of Use
      , and
      agree to receive content and promotional communications from Fox News. You understand that you can
      opt-out at any time.

Subscribed


      You've successfully subscribed to this newsletter!
    


        This material may not be published, broadcast, rewritten, or redistributed. ©2026 FOX News Network, LLC. All rights reserved. Quotes displayed in real-time or delayed by at least 15 minutes. Market data provided by
        Factset. Powered and implemented by
        FactSet Digital Solutions.
        Legal Statement. Mutual Fund and ETF data provided by
        LSEG.
      

","{'href': 'https://www.foxnews.com', 'title': 'Fox News'}","national"
"https://news.google.com/rss/search?q=us+national+news+site:foxnews.com","Messi, Argentina avoid a shocking upset in wild knockout stage match against Cape Verde","https://www.foxnews.com/sports/messi-argentina-avoid-shocking-upset-wild-knockout-stage-match-against-cape-verde","Sat, 04 Jul 2026 01:30:04 GMT","


        This material may not be published, broadcast, rewritten, or redistributed. ©2026 FOX News Network, LLC. All rights reserved. Quotes displayed in real-time or delayed by at least 15 minutes. Market data provided by Factset. Powered and implemented by FactSet Digital Solutions. Legal Statement. Mutual Fund and ETF data provided by LSEG.
      

Fox News national correspondent Bryan Llenas reports on the Philadelphia FIFA Fan Festival and the U.S.-Bosnia and Herzegovina match setting an English-language soccer viewership record on ‘The Will Cain Show.'

On Friday, Argentina looked to continue its quest for back-to-back World Cup titles, and to do it, they had to get through one of the darlings of this year's tournament, Cape Verde.

The small island nation off the coast of West Africa came into the match as the No. 64-ranked team in the world, and they managed to hold Argentina — the No. 2 team behind France at the moment — scoreless for almost thirty minutes.

But in the 29th minute, Lionel Messi scored to give Argentina the lead.

WATCH THE WORLD CUP FINAL ON FOX ONE

That was the 20th World Cup goal of his career, and it also made him the first player to score seven or more goals in multiple World Cups, having done it in Qatar as well.

It was also Messi's eighth-straight World Cup match with a goal.

Argentina's Lionel Messi scored in his eight-straight World Cup match and potted the 20th World Cup goal of his career. (Photo by Pablo Morano/BSR Agency/Getty Images))

Well, typically when Argentina takes the lead, they don't cough it up, but early in the second half, Cape Verde's Deroy Duarte pulled off a stunner and tied the game at 1-1.

HARRY KANE RESCUES ENGLAND FROM SHOCK WORLD CUP EXIT WITH TWO GOALS IN 11 MINUTES AGAINST DR CONGO

While there was some late pressure from Argentina, that included an always-dangerous Messi free kick from just outside the box that Cape Verde managed to stop.

And with that, it was off to extra time.

Cape Verde celebrates after scoring one of their two tying goals against Argentina. (Photo by Pablo Morano/BSR Agency/Getty Images)

However, it only took moments for Cape Verde to find themselves once again battling from behind.

Lisandro Martinez found the twine in the 92nd minute to give Argentina the lead.

It looked like that would be all she wrote... but Cape Verde had other plans.

They stuck with the defending World Cup champs, and in the 103rd minute, Sidny Lopes Cabral scored an unbelievable goal to tie the game again.

Coming into this game, Argentina had given up just two goals in their ten-match World Cup winning streak.

Cape Verde did that in one match.

Argentina's Cristian Romero gets his head on what proved ot be the game-winning goal. (Sam Navarro-Imagn Images)

But in the 111th minute, Messi took an Argentina corner kick and put it in the perfect spot for Cristian Romero to head it to the back post and into the back of the net.

This was eventually updated to an own-goal, as it went off the Cape Verde defender's arm, but it counts the same on the scoreboard.

Despite a late flurry of chances, Argentina held on to avoid what would have been potentially the biggest upset in World Cup history.

CLICK HERE TO DOWNLOAD THE FOX NEWS APP

What a match, and what a run Cape Verde had in the tournament.

Argentina will now have to recompose and get ready for a tough Round of 16 match against Egypt, which will take place on Tuesday in Atlanta.

Matthew Reigle is a writer for OutKick.

Get all the stories you need-to-know from the most powerful name in news delivered first thing every morning to your inbox.

By entering your email and clicking the Subscribe button, you agree to the Fox News 
        Privacy Policy
       and 
        Terms of Use
      , and
      agree to receive content and promotional communications from Fox News. You understand that you can
      opt-out at any time.

Subscribed


      You've successfully subscribed to this newsletter!
    


        This material may not be published, broadcast, rewritten, or redistributed. ©2026 FOX News Network, LLC. All rights reserved. Quotes displayed in real-time or delayed by at least 15 minutes. Market data provided by
        Factset. Powered and implemented by
        FactSet Digital Solutions.
        Legal Statement. Mutual Fund and ETF data provided by
        LSEG.
      

","{'href': 'https://www.foxnews.com', 'title': 'Fox News'}","national"
"https://news.google.com/rss/search?q=site:washingtonexaminer.com","US can replace slavery exhibit at George Washington's Philadelphia home, court rules","https://www.washingtonexaminer.com/news/justice/4635912/slavery-exhibit-george-washington-philadelphia-home-replaced/","Sat, 04 Jul 2026 00:23:00 GMT","




A federal appeals court in Philadelphia certified on Friday that the Interior Department can reinstall the Trump administration's interpretive signs at George Washington's house in the colonial city.

The Interior Department can now revamp the exhibit outside Washington's Philadelphia home from one about slavery under Washington to one that includes new educational panels with less discussion of slavery. The appeals court's move finalized and allowed the execution of its earlier decision to allow the Trump administration to replace the original panels in light of the city's legal challenge.

The order came down on Friday afternoon, just one day ahead of the 250th anniversary of the signing of the Declaration of Independence, which occurred just one block down the road from Washington's residence at Independence Hall. Tourists and Independence Day celebrators are expected to flock to Independence Mall on Saturday, when the new panels could be on display if the National Park Service installs them in time.

The move to replace the initial panels came in response to President Donald Trump's executive order, “Restoring Truth and Sanity to American History,” which had ordered Interior Secretary Doug Burgum to ensure public monuments do not “inappropriately disparage Americans past or living” and instead “focus on the greatness of the achievements and progress of the American people.”

The initial exhibit from 2010 had included detailed information about the nine individuals who were enslaved in the house when Washington lived there.

After the city filed a lawsuit against the Interior Department, U.S. District Judge Cynthia M. Rufe initially sided with the city, ordering the Trump administration to restore the slavery exhibit, saying the NPS did not have authority “to dissemble and disassemble historical truths when it has some domain over historical facts.”

However, the three-judge panel for the U.S. Court of Appeals for the 3rd Circuit reversed Rufe's ruling. The court unanimously sided with the Trump administration, saying the panels are “full of historical context.” The panel was made up of appointments by Presidents George W. Bush, Barack Obama, and Trump.

TRUMP SIGNS PARDONS FOR 11 PEOPLE, MOST CONVICTED OF VEHICLE EMISSIONS VIOLATIONS

The city asked the court to reconsider its order after the decision came down Friday.

The Washington Examiner contacted the Interior Department for comment.","{'href': 'https://www.washingtonexaminer.com', 'title': 'Washington Examiner'}","national"
"https://news.google.com/rss/search?q=site:businessinsider.com","All the celebrities spotted at Taylor Swift and Travis Kelce's wedding at Madison Square Garden","https://www.businessinsider.com/celebrities-taylor-swift-travis-kelce-wedding-msg-2026-7","Sat, 04 Jul 2026 04:38:20 GMT","

Hundreds of famous people flocked to Midtown Manhattan in the midst of a heat wave in honor of America's biggest power couple.

Taylor Swift and Travis Kelce were officially wed Friday night Madison Square Garden in New York City, the Associated Press reported.

The star-studded event was officiated by Adam Sandler, Swift's brother served as her man of honor, and Kelce's brother Jason was his best man, according to the AP.

Early Friday morning, the streets around the venue, including portions of bustling Penn Station, were closed to traffic and pedestrians. Throughout the afternoon, a long line of black SUVs ferried attendees through a privacy curtain into the venue, as a small crowds of Swifties lined up for a glimpse.

By 8 p.m., the marquee outside MSG confirmed ""JUST&T MARRIED"" in bold lavender LEDs.

""it's a love story,"" proclaimed the arena's official account on X.

Here are some of the celebrity guests confirmed at the wedding celebration.This is a developing story. Please check back for updates.

The comedian and Saturday Night Live alum is best known for starring in the hit series ""Ted Lasso.""

Actor Hugh Grant attended the festivities alongside his wife, TV producer Anna Elisabet Eberstein.

""Beautiful Things"" singer Benson Boone was previously praised by Swift as a ""showman"" and ""so legit,"" People reported.

Model Paulina Gretzky, the daughter of hockey great Wayne Gretzky, was spotted in one of the cars arriving at the event.

Sports commentator Joe Buck made an appearance with his wife, commentator Michelle Beisner-Buck.

Actor and filmmaker Ethan Hawke was seen in a navy suit as his wife, producer and actor Ryan Hawke, wore a matching blue gown.

Olympic gold medalist and FIFA world champion Abby Wambach showed up with her wife, author Glennon Doyle.

Jump to


      Every time  publishes a story, you'll get an alert straight to your inbox!
    


      Look out for an alert in your inbox the next time  publishes a story!
    


      Every time a new  story is published, you'll get an alert straight to your inbox!
    


      Look out for an alert in your inbox the next time a new  story is published!
    




        By clicking “Sign up”, you agree to receive emails from Business Insider. In addition, you accept Insider's
        Terms of Service and
        Privacy Policy.
      ","{'href': 'https://www.businessinsider.com', 'title': 'Business Insider'}","business"
"https://news.google.com/rss/search?q=site:cnbc.com","Macron and Modi turn on personal charm offensives as France and India race to secure AI investment","https://www.cnbc.com/2026/07/04/macron-modi-ai-infrastructure-tech-ceos.html","Sat, 04 Jul 2026 05:00:01 GMT","



In this article

Countries are scrambling not to fall behind in AI — and French President Emmanuel Macron and Indian Prime Minister Narendra Modi are leading a personal charm offensives to court tech CEOs.

The pair have ramped up moves to court leaders of the world's biggest tech companies this year, as they look to secure investment and major AI infrastructure projects.

They stand out among the countries scrambling to develop the data centers and ecosystems needed to power the tech, for their use of personal relationships.

The French President hosted AI bosses at the G7 summit in June, and personally convinced SoftBank boss Masayoshi Son to invest tens of billions of dollars into AI data centers in the country. 

Modi met with Amazon's CEO Andy Jassy last Thursday, and welcomed the U.S. tech giant's ""record $48 billion investment"" in the country, of which $21 billion will be for AI and cloud infrastructure.

Modi last year met Microsoft chair and CEO Satya Nadella, Google CEO Sundar Pichai and Intel's CEO Lip-Bu Tan, with all of them committing to help develop India's AI ecosystem.

In May, SoftBank announced plans to build 3.1 GW of AI data centers in France by 2031, as part of a 75-billion-euro program to roll out 5 GW of AI data center capacity.

Macron requested a meeting with SoftBank's Son to persuade him to commit to the project two months earlier, and the two exchanged texts as they hashed out the details, Son told CNBC in an interview.

Macron touted France's power capacity — the country gets a large amount of its electricity from nuclear — and committed to securing the SoftBank projects 3GW instead of 2GW, the number the French premier first suggested, he added.

""His team, the government team is very supportive,"" Son said. ""His team and our team work in collaboration very well.""

Around the same time, Macron approached tech bosses to join a working lunch with world leaders, including U.S. President Donald Trump, at the G7 conference in June, which France was hosting.

CEOs including OpenAI's Sam Altman, Anthropic's Dario Amodei, Google DeepMind's Demis Hassabis all took part.

Other tech chiefs including France-based Mistral CEO Arthur Mensch, Canada's Cohere CEO Aidan Gomez, Italian company Domyn's Uljan Sharka, U.K. AI scaleup Synthesia's Victor Riparbelli and German-based Black Forest Labs' Robin Rombach were also there.

Modi too hosted top U.S. tech leaders earlier this year at the Global AI summit in India, leading to commitments of hundreds of billions of dollars into Indian AI efforts.

""India does not see fear in AI. India sees fortune in AI. India sees the future in AI,"" Modi said in his opening remarks at the summit in February, urging global tech leaders to ""Design and Develop in India"" to deliver to the world.

Securing investments and partnerships for developing AI has been a top priority for Modi. India does not yet produce cutting-edge chips domestically, nor does it have a frontier-scale foundation model on a par with leading U.S. or Chinese models, so it is widely seen as a laggard in the AI race. 

The prime minister has been encouraging global tech firms to invest in developing AI infrastructure and chips in the country. 

Months before the summit, India secured Microsoft's largest investment in Asia to help build the sovereign capabilities needed for India's AI-first future, while Google announced an investment of $15 billion in India to build the firm's largest AI hub in the world outside of the U.S. To encourage hyperscalers to build AI data centers in India, Modi's government has offered long‑term tax breaks to them. 

It is also encouraging local companies to develop semiconductors in the country. 

During Modi's visit to the Netherlands in May, Dutch firm ASML said it would supply advanced lithography tools and solutions for the 300mm semiconductor fab being set up by Indian firm Tata Electronics. Intel's Lip-Bu Tan, who met Modi last December, also signed up as a prospective buyer for chips made by Tata Electronics.

India relies heavily on foreign AI models and computing hardware, which makes its AI ambitions vulnerable to export control directives of other countries.

The recent global AI stocks rally has completely skipped India due to the lack of any large-scale AI play, making Modi's urgency to attract capital and technology evident and all the more important.

Got a confidential news tip? We want to hear from you.

Sign up for free newsletters and get more CNBC delivered to your inbox

Get this delivered to your inbox, and more info about our products and services.

© 2026 Versant Media, LLC. All Rights Reserved. A Versant Media Company.


      Data is a real-time snapshot *Data is delayed at least 15 minutes.
      Global Business and Financial News, Stock Quotes, and Market Data
      and Analysis.
    

Data also provided by","{'href': 'https://www.cnbc.com', 'title': 'CNBC'}","business"
"https://news.google.com/rss/search?q=bitcoin","Bitcoin's next parabolic run is coming. But there's a $1 trillion catch","https://www.coindesk.com/markets/2026/07/04/bitcoin-s-next-parabolic-run-may-need-usd1-trillion-in-fresh-capital","Sat, 04 Jul 2026 06:50:45 GMT","

Bitcoin returns far less for every dollar of new money entering it than it did in its early years, a decline in capital efficiency that has grown sharper as the asset has scaled.

Analytics firm CryptoQuant measured how much fresh capital each bitcoin bull cycle took in against the price gain it produced. In the 2011 cycle, about $2.8 billion in net inflows drove a rally of roughly 55,000%. 

The 2015 cycle took about $69 billion for a gain near 10,000%. The 2018 cycle needed about $365 billion for roughly 2,000%. This cycle, running since 2022, has taken in about $697 billion and returned 689%. The figures track realized capitalization, a measure that values each coin at the price it last moved rather than its current price, a rough gauge of how much money has actually gone into the asset.

The trend holds at every scale. In 2011, roughly $5 million in new money was enough to double bitcoin's price. This cycle, doing the same took around $101 billion. Each run has demanded exponentially more capital for a smaller percentage move, the arithmetic of an asset that now carries a market value near $1.2 trillion, per CoinDesk data, rather than the few billion it held a decade ago.

CryptoQuant founder Ki Young Ju, who published the data, called it as a case for patience rather than a top. ""Bitcoin needs to be a core macro asset, not just a retail-driven ETF trade,"" he wrote, arguing that another parabolic run is possible only if bitcoin can absorb more than $1 trillion in fresh capital, which would take institutional adoption well beyond where it sits today.

That view lands at an awkward moment. U.S. spot bitcoin exchange-traded funds have seen record outflows over the past month, and bitcoin closed a losing first half, so the retail flows the thesis wants to move past are running in reverse rather than building the institutional depth it calls for.

The skeptical read is simpler, however. Falling returns per dollar are what happen to any asset as it grows, since a larger base moves less in percentage terms no matter who is buying, and nothing guarantees institutional money arrives at the scale the bullish case needs.

Zcash's Tachyon upgrade aims to scale shielded payments, improve quantum readiness, and test whether its funding, security, and governance can hold.

Zcash's Tachyon upgrade aims to scale shielded payments, improve quantum readiness, and test whether its funding, security, and governance can hold.

Why it matters:

Zcash's Tachyon upgrade aims to scale shielded payments, improve quantum readiness, and test whether its funding, security, and governance can hold.

Disclosure & Polices: CoinDesk is an award-winning media outlet that covers the cryptocurrency industry. Its journalists abide by a strict set of editorial policies. CoinDesk has adopted a set of principles aimed at ensuring the integrity, editorial independence and freedom from bias of its publications. CoinDesk is part of Bullish (NYSE:BLSH), an institutionally focused global digital asset platform that provides market infrastructure and information services. Bullish owns and invests in digital asset businesses and digital assets and CoinDesk employees, including journalists, may receive Bullish equity-based compensation.","{'href': 'https://www.coindesk.com', 'title': 'CoinDesk'}","cryptocurrency"
"https://news.google.com/rss/search?q=bitcoin","Dave Portnoy Is Down Millions on His Bitcoin Bag: 'I'm Not Going to Sell, It May Go to Zero'","https://finance.yahoo.com/markets/crypto/articles/dave-portnoy-down-millions-bitcoin-013004951.html","Sat, 04 Jul 2026 01:30:00 GMT","

Oops, something went wrong

Benzinga and Yahoo Finance LLC may earn commission or revenue on some items through the links below. 

Barstool Sports founder Dave Portnoy on Wednesday told Anthony Pompliano he once held $15 million in Bitcoin and has lost most of it. And yet, Portnoy still refuses to sell. 

In the interview with Pompliano, Portnoy traced his crypto history back to a meeting with the Winklevoss twins, who pitched him on Bitcoin at $11,000.  

He bought $2 million worth and sold immediately after the meeting, calling their explanation about Elon Musk mining gold from outer space nonsensical. Bitcoin went from $11,000 to $60,000 in roughly six months. 

Don't Miss: 

A single bad hire can set a startup back years. Here are the 5 hires founders most often misjudge — and why 

Still Learning the Market? These 50 Must-Know Terms Can Help You Catch Up Fast 

He got back in later at much higher prices, eventually building a position worth roughly $15 million at peak.  

""I'm not going to sell it,"" Portnoy said. ""It may go to zero. I may lose millions again."" He added that while the position is large enough that he checks it daily, it isn't a material enough portion of his net worth to force a change in behavior. 

Dave Portnoy said he dabbled in meme coins during the last cycle, calling it one of the craziest experiences of his 20 years at Barstool Sports. 

He picked a coin called SafeMoon out of a hat on camera, telling his audience it was probably a scam, and still got named in a lawsuit alongside influencers accused of undisclosed promotions.  

He lost the money and had to hire a lawyer before being dismissed from the case. 

Trending: Avoid the #1 Investing Mistake: How Your 'Safe' Holdings Could Be Costing You Big Time 

On the current market, Portnoy said he has no edge. ""You got Saylor selling it saying it's good that he's selling it. Who knows?"" he said, referencing Strategy Inc.'s recent Bitcoin sales.  

He said his current stock portfolio is deliberately conservative and managed through a broker, with nothing speculative beyond his Bitcoin position. 

The original $2 million buy at $11,000 in late 2020 and immediate sale would have been worth roughly $12 million at Bitcoin's $60,000 level just six months later.  

Portnoy got back in at various higher prices over the following years, building to a peak position of around $15 million before losses brought it down significantly.  

He declined to give an exact current figure but confirmed the position is substantially smaller than its peak. 

Image: Shutterstock 

Read Next:  

Skip the Regrets: The Essential Retirement Tips Experts Wish Everyone Knew Earlier. 

Think you're saving enough for your kids? You might be dangerously off — see why 

Building a resilient portfolio means thinking beyond a single asset or market trend. Economic cycles shift, sectors rise and fall, and no one investment performs well in every environment. That's why many investors look to diversify with platforms that provide access to real estate, fixed-income opportunities, precious metals, and even self-directed retirement accounts. By spreading exposure across multiple asset classes, it becomes easier to manage risk, capture steady returns, and create long-term wealth that isn't tied to the fortunes of just one company or industry. 

Backed by Jeff Bezos, Arrived Homes makes real estate investing accessible with a low barrier to entry. Investors can buy fractional shares of single-family rentals and vacation homes starting with as little as $100. This allows everyday investors to diversify into real estate, collect rental income, and build long-term wealth without needing to manage properties directly. 

Farmland has historically held its value through market volatility and delivered returns uncorrelated to stocks and bonds. For accredited investors, FarmTogether offers direct access to high-quality U.S. farmland starting at $15,000 — fully managed, with no landlord headaches. 

Private real estate and private credit can add income and stability to a stock-heavy portfolio. Fundrise offers access to diversified private real estate and credit strategies through an easy-to-use platform, with professionally managed portfolios designed to generate passive income and long-term growth. 

Institutional-quality real estate has traditionally been difficult for individual investors to access. Realberry gives accredited investors direct access to private real estate opportunities backed by a team with 35 years of experience, $3.4 billion in assets under management, and $481 million in cumulative distributions paid to investors as of Q4 2025, according to the company. With a portfolio spanning 13 million square feet across seven U.S. states, Realberry focuses on acquiring, developing, and managing real estate with an emphasis on long-term value creation while its principals often invest alongside clients to help align interests. 

Immersed is building technology for the future of work through spatial computing. Known for its AR/VR productivity platform that enables users to work across multiple virtual screens, the company has grown to more than 1.5 million users worldwide. Immersed is also developing Visor, a lightweight headset designed specifically for professional productivity, positioning the company at the intersection of remote work, extended reality (XR), and next-generation computing. 

The rapid adoption of artificial intelligence is creating significant demand for data centers, power, and compute infrastructure. BluSky AI is building modular AI data centers designed to support next-generation AI workloads while aiming to reduce deployment timelines compared to traditional facilities. For investors looking beyond AI software and applications, the company offers exposure to the infrastructure layer that makes artificial intelligence possible. 

Residential real estate has historically provided investors with income potential and long-term appreciation, but direct ownership can be expensive and time-consuming. ARK7 enables investors to buy fractional shares of rental properties, offering access to potential rental income and real estate exposure without property management responsibilities. By lowering the barrier to entry, the platform gives investors another way to diversify beyond traditional stocks and bonds. 

Robotics and automation are becoming increasingly important tools for businesses facing labor shortages and rising operating costs. Miso Robotics develops AI-powered kitchen technology that is already being deployed in restaurant environments, with products designed to help operators improve efficiency and streamline operations. As artificial intelligence expands beyond software and into real-world applications, the company is positioning itself at the intersection of robotics, automation and the future of food service. 

Fine wine and rare whiskey have historically moved independently of the stock market, making them a compelling alternative asset. Vinovest manages authenticated, insured portfolios of investment-grade wine and whiskey starting at $5,000 — sourcing, storage, and insurance all handled for you. 

For accredited investors looking beyond stocks and bonds, EquityMultiple provides access to vetted commercial real estate deals starting at $5,000, with only ~5% of opportunities passing their due diligence process.  

Mode Mobile is changing the way people interact with their phones by letting users earn money from the same apps and activities they already use every day. Instead of platforms keeping all the advertising revenue, Mode Mobile shares a portion back with users who engage with content, play games, and scroll on their devices. Named one of Deloitte's fastest-growing software companies in North America, the company has built a large beta user base and is scaling a model that turns everyday smartphone usage into a potential income stream. 

© 2026 Benzinga.com. Benzinga does not provide investment advice. All rights reserved. ","{'href': 'https://finance.yahoo.com', 'title': 'Yahoo Finance'}","cryptocurrency"
"https://news.google.com/rss/search?q=ethereum","Ethereum price prediction","https://ambcrypto.com/ethereum-price-prediction-can-this-rare-eth-signal-fuel-2k-rally/","Sat, 04 Jul 2026 01:00:27 GMT","


			Read the best crypto stories of the day in less than 5 minutes. Join to get it daily in your inbox.		


		Thanks for subscribing to Unhashed 🚀
	


				Read the best crypto stories of the day in less than 5 minutes. Join to get it daily in your inbox.			


			Thanks for subscribing to Unhashed 🚀
		

Ethereum's monthly TD Sequential indicator reignited optimism after printing its first bullish trigger since March 2025. 

Previous monthly buy signals had preceded rallies of 235% in 2022 and 182% in 2025, making the latest signal difficult to ignore. 

However, the indicator only suggested that Ethereum could have approached another macro turning point rather than confirming a new bull market. 

Historical performance alone does not guarantee a similar outcome because broader market conditions differ across cycles. 

Derivatives activity reflected renewed confidence as traders increased their exposure to Ethereum. 

At the time of writing, Open Interest had climbed to 11.16B, recording a 13.15% daily increase, while Funding Rates surged 113.86% to 0.0129. 

Those figures showed that leveraged long positions expanded during the latest recovery instead of remaining on the sidelines. 

However, rising leverage also increased liquidation risk if Ethereum failed to maintain its recent gains. 

Positive funding indicated that long traders paid a premium to hold their positions, reinforcing the bullish bias across perpetual futures markets. 

However, derivatives data alone did not validate the monthly TD Sequential signal. 

Rather, it showed that speculative demand had returned, leaving price action responsible for confirming whether buyers could sustain the growing optimism.

Ethereum [ETH] rebounded from a well-defined double-bottom near $1,565 after buyers repeatedly defended that support level. 

The recovery pushed the price above $1,700, placing the next technical barrier around $1,800, while $2,000 remained the next major resistance if buying pressure persisted. 

RSI also climbed to 51.65, recovering above the neutral level after rebounding from deeply oversold conditions. 

That shift reflected improving buying strength rather than weakening demand. 

Even so, Ethereum continued trading below its major resistance zones despite reclaiming short-term support. 

The current structure suggested buyers had regained control following the correction. 

Still, only a decisive break above $1,800 would strengthen the case that the monthly TD Sequential signal aligned with a broader trend reversal instead of another short-lived recovery.

The 24-hour Liquidation Heatmap showed the largest concentration of leveraged positions around $1,740-$1,750. 

This placed a significant liquidity cluster directly above Ethereum's current price. 

Markets often gravitate toward heavily leveraged zones because liquidations create additional trading activity. 

As a result, Ethereum retained room for another short-term advance before confronting stronger resistance near $1,800. 

Meanwhile, another notable liquidity pocket remained around $1,680-$1,650, leaving downside volatility possible if buyers surrendered control. 

The current distribution favored an attempt to sweep overhead liquidity first. 

However, the heatmap highlighted areas of interest rather than guaranteeing direction, meaning Ethereum still needed a confirmed breakout to reinforce the broader bullish thesis.

Conclusively, the monthly TD Sequential buy signal revived the long-term bullish outlook, but it did not confirm that Ethereum had entered a new macro uptrend. 

The double-bottom recovery, RSI improvement, and rising derivatives activity supported the bullish proposition. 

However, Ethereum would likely need to reclaim $1,800 before the technical structure fully aligned with the indicator. 

Until then, the recovery remained constructive, but confirmation would depend on buyers overcoming nearby resistance rather than relying on the historical success of the monthly signal alone.

 

Erastus Chami is a DeFi analyst and financial journalist at AMBCrypto with over four years of experience in blockchain and fintech. He specializes in evaluating DeFi protocols, digital assets, and on-chain data to assess network health, tokenomics, and long-term viability, delivering clear, data-driven insights for crypto markets.

Stay on top of your crypto game with our easy-to-use calculators.

Make seamless conversions with our lightning-fast converter!

Unlock the future with our AI-powered coin prediction tool!


			Read the best crypto stories of the day in less than 5 minutes. Join to get it daily in your inbox.		


		Thanks for subscribing to Unhashed 🚀
	

AMBCrypto was founded in 2018 with a mission to simplify and bring the latest blockchain and cryptocurrency news to our readers. We have quickly grown into the digital news source for an emerging generation of cryptocurrency enthusiasts, reaching more than a million readers on a monthly basis, across the globe.

AMBCrypto's content is meant to be informational in nature and should not be interpreted as investment advice. Trading, buying or selling cryptocurrencies should be considered a high-risk investment and every reader is advised to do their own research before making any decisions.


						©2026 AMBCrypto					","{'href': 'https://ambcrypto.com', 'title': 'AMBCrypto'}","cryptocurrency"
"https://news.google.com/rss/search?q=ethereum","Ethereum's bullish signal sparks optimism but $1,800 resistance must be broken to confirm trend reversal.","https://pluang.com/en/news-feed/prediksi-harga-ethereum-sinyal-bullish-td-sequential-dorong-rally-2k","Sat, 04 Jul 2026 02:47:51 GMT","

Ethereum's monthly TD Sequential indicator triggered its first bullish signal since March 2025, reviving optimism after previous signals led to major rallies. The price rebounded from a double bottom near $1,565 and climbed above $1,700, with $1,800 as the next key resistance level. Increased derivatives activity and rising leverage indicate renewed bullish sentiment, but the market needs a decisive break above $1,800 to confirm a sustained uptrend. Until then, the recovery remains promising but unconfirmed, with price action crucial for validating the signal.

Binance recorded a net inflow of $213 million in USDT stablecoins over 24 hours, indicating increased capital moving onto the exchange. This inflow suggests traders may be preparing to buy cryptocurrencies or use the funds for trading activities, but...

Joseph Chalom, former Blackrock exec and Sharplink co-CEO, defends Ethereum against claims of a ""culture problem,"" highlighting its 900,000+ validators and over one million developers as key to its decentralization advantage over Solana, which has ab...

On July 3, $2.13 billion worth of Bitcoin and Ethereum options expired, highlighting cautious investor positioning. Bitcoin options worth $1.9 billion expired with a put-call ratio of 0.70, while Ethereum options worth $230 million had a higher put-c...

Ethereum (ETH) and Solana (SOL) experienced a sharp price surge that triggered a massive short squeeze, liquidating about $281 million in short positions within 24 hours and forcing roughly 95,690 traders out. The squeeze was driven by heavy short po...

Solana has overtaken Ethereum in key Layer 1 metrics such as transaction volume, active users, decentralized exchange (DEX) trading, and fee revenue, highlighting its strength in speed and execution. However, Ethereum maintains dominance in total val...","{'href': 'https://pluang.com', 'title': 'Pluang'}","cryptocurrency"
"https://news.google.com/rss/search?q=ethereum","Ethereum Institutional Launches to Drive Adoption — What This Means for the Market","https://coinfomania.com/ethereum-institutional-launches-to-drive-adoption-what-this-means-for-the-market/","Sat, 04 Jul 2026 00:43:04 GMT","

By

Ayanfe Fakunle

Ethereum is boosting institutional adoption with a new non-profit initiative. Here's why this could reshape the market landscape.

Summary is AI generated, newsroom reviewed.

Ethereum launches new initiative to enhance institutional adoption.

The non-profit aims to accelerate engagement from institutional investors.

This move could signal a pivotal shift in Ethereum's market dynamics.

Ethereum is making its loudest move in weeks with the announcement of Ethereum Institutional, a new non-profit aimed at accelerating institutional adoption of the cryptocurrency. This initiative, highlighted in a widely shared post from @ethereuminsti, is garnering considerable attention, reflecting growing interest in Ethereum's potential within institutional frameworks.

The broader crypto market is currently displaying mixed signals, yet Ethereum's strategic initiatives stand out amidst this variability. The launch of Ethereum Institutional represents a significant effort to engage institutional investors more effectively, indicating a proactive approach to enhancing Ethereum's market positioning. This announcement resonates with recent trends as institutions increasingly seek robust blockchain solutions, potentially paving the way for greater integration of Ethereum within traditional financial sectors. Furthermore, the initiative is set against a backdrop of increasing competition in the blockchain space, which necessitates innovative strategies for maintaining leadership.

Ethereum has been at the forefront of blockchain innovation, making strides towards improving transaction processes and user experiences. The recent EIP-8250 announcement showcased Ethereum's commitment to enhancing efficiency, while the establishment of Ethlabs, a non-profit R&D lab, aims to further advance development efforts. These moves, including the institutional initiative, reflect Ethereum's ongoing strategy to solidify its position against competitors and cater to the growing demands of institutional investors.

As Ethereum continues to expand its institutional outreach, traders should monitor how this initiative influences market dynamics and investor sentiment. The success of Ethereum Institutional could signal a shift in how institutional players engage with the crypto space, potentially leading to increased investments and a more stable market environment. Observers will be keen to see how these developments unfold in the coming months, especially in light of Ethereum's historical significance in the blockchain ecosystem.

Get the latest crypto insights and updates.

Ayanfe Fakunle

Author

Ayanfe Fakunle

Author

Ayanfe Fakunle

Author","{'href': 'https://coinfomania.com', 'title': 'Coinfomania'}","cryptocurrency"
"https://news.google.com/rss/search?q=altcoins","Bitcoin Holds Above $62K as HYPE, ADA Lead Altcoin Recovery: Weekend Watch","https://cryptopotato.com/bitcoin-holds-above-62k-as-hype-ada-lead-altcoin-recovery-weekend-watch/","Sat, 04 Jul 2026 08:20:00 GMT","

Home » Market Updates

The cryptocurrency market managed to sustain its recovery over the past 24 hours. Most of the large-cap altcoins are trading in the green. Bitcoin maintained its recent rebound, as some alts delivered even stronger daily gains.

The total crypto market cap also rose as traders returned to risk assets following a volatile start to the month. However, BTC's dominance remains steady, suggesting that the market recovery is unfolding in a balanced manner.

Bitcoin's price traded mostly in the green throughout the past 24 hours, staying above the $62K mark after reclaiming it earlier in the week. The asset changed hands at roughly $62,500, up about 1.3% on the day and 3.6% on the week.

BTC moved within a relatively tight daily range, briefly dipping toward $61,500 before buyers pushed it back above, even charting an intraday high around $62,800. The move kept its capitalization around $1.25 trillion.

ETF flows also showed signs of stabilizing. US spot Bitcoin ETFs recorded around $220 million in net inflows on July 2nd. Interestingly, most of it came in Fidelity's products, as BlackRock clients continued to sell and offloaded over $40 million.

The broader cryptocurrency market improved as well, with the total capitalization surpassing $2.2 trillion.

Ethereum traded around $1,754 after gaining more than 2% on the day and roughly 11% over the past week, making it a standout performer. Among the larger altcoins, Hyperliquid's HYPE was one of those that increased the most over the past 24 hours, rising above $71 and gaining upwards of 6%. Cardano also advanced sharply, while XRP, Stellar, Dogecoin, Solana, and others posted more moderate gains.

The market's next test is whether Bitcoin can rise above the current area between $62K and $63K, while altcoin momentum continues into the weekend.

Georgi Georgiev is CryptoPotato's editor-in-chief and a seasoned writer with over 8 years of experience writing about blockchain and cryptocurrencies. Georgi's passion for Bitcoin and cryptocurrencies bloomed in late 2016 and he hasn't looked back since. Crypto's technological and economic implications are what interest him most, and he has one eye turned to the market whenever he's not sleeping.


									One daily email can change your crypto life. Sign-up FREE to receive the CryptoPotato newsletter.
								


									we never send spam. Unsubscribe at any moment.
									

Information found on CryptoPotato is those of writers quoted. It does not represent the opinions of CryptoPotato on whether to buy, sell, or hold any investments. You are advised to conduct your own research before making any investment decisions. Use provided information at your own risk. Full disclaimer ","{'href': 'https://cryptopotato.com', 'title': 'CryptoPotato'}","cryptocurrency"
"https://news.google.com/rss/search?q=altcoins","CryptoQuant.com Notes Record Low for Altcoin Sell Pressure — What This Means for Investors","https://coinfomania.com/cryptoquant-com-notes-record-low-for-altcoin-sell-pressure-what-this-means-for-investors/","Sat, 04 Jul 2026 05:22:55 GMT","

By

Ayanfe Fakunle

CryptoQuant reports altcoin sell pressure at a multi-year low. This shift could reshape trading strategies — here's what to watch.

Summary is AI generated, newsroom reviewed.

CryptoQuant.com identifies altcoin sell pressure at a five-year low.

Cumulative buy/sell volume difference indicates a market shift.

Traders may need to reassess strategies as dynamics change.

CryptoQuant.com recently highlighted a critical shift in the altcoin market, reporting that sell pressure has reached a multi-year low. According to their analysis, the cumulative buy/sell volume difference for altcoins, excluding Bitcoin and Ethereum, has hit a five-year extreme and has now fallen even lower. This observation raises important questions about the market's current dynamics and future direction, as shared in their tweet.

The altcoin market is experiencing a notable decline in sell pressure, according to insights from CryptoQuant.com. The recent report indicates that the cumulative buy/sell volume difference has sunk to fresh multi-year lows. This trend suggests that traders may be reevaluating their positions, particularly as overall market sentiment remains mixed. While Bitcoin and Ethereum continue to show varying momentum, altcoins are facing heightened scrutiny as this shift could have broader implications for trading strategies and market behavior.

Currently, the altcoin market reflects an environment with diminishing sell pressure, though specific trading volumes remain unreported. The broader context shows that, while Bitcoin and Ethereum have been at the forefront of market movements, altcoins are undergoing significant changes that traders must closely monitor. This scenario of reduced sell pressure may influence investor strategies as they navigate these turbulent waters.

CryptoQuant.com is a prominent analytics platform focused on blockchain data and market insights. Their analyses have historically provided valuable context for traders and investors, particularly during periods of market volatility. With ongoing scrutiny of altcoin dynamics, their latest findings shed light on a potential shift in market sentiment, suggesting a need for heightened awareness among traders.

Traders should keep a keen eye on the evolving altcoin landscape in light of these recent findings. The drop in sell pressure could signal a potential shift in investor behavior, changing how altcoins are traded and valued. As the market adapts, monitoring key indicators, such as open interest and funding rates, will be crucial for anticipating future developments and managing risks effectively.

Get the latest crypto insights and updates.

Ayanfe Fakunle

Author

Ayanfe Fakunle

Author

Ayanfe Fakunle

Author","{'href': 'https://coinfomania.com', 'title': 'Coinfomania'}","cryptocurrency"
"https://news.google.com/rss/search?q=altcoins","CryptoQuant Warns of Potential Bitcoin Volatility Spike","https://forklog.com/en/cryptoquant-warns-of-potential-bitcoin-volatility-spike/","Sat, 04 Jul 2026 07:04:01 GMT","

Bitcoin and altcoin deposits on exchanges have surged, signaling potential volatility.

The volume of Bitcoin and altcoin deposits on exchanges has surged, historically indicating periods of increased volatility in the crypto market, according to CryptoQuant.

Bitcoin is testing $60K support, and exchange deposits are flashing warning signs.

BTC inflows jumped above 50K/day, ETH inflows spiked above 1.25M, and altcoin deposits hit a two-month high.

Whales appear to be leading the move.

Incoming volatility. pic.twitter.com/pEeP6jESC4

— CryptoQuant.com (@cryptoquant_com) July 2, 2026




On June 30, Bitcoin deposits on exchanges nearly reached 49,000 BTC. Julio Moreno, head of research at the company, described this as a rare extreme. He noted that daily inflows have approached 50,000 BTC only four times this year.

“At these inflow levels, the market absorbs a large volume of Bitcoin being transferred to exchanges—a pattern that has historically preceded significant directional moves,” Moreno emphasized.

According to him, the current increase in deposits is mainly driven by large holders rather than retail investors. The average transaction size has risen from about 1 BTC to 2 BTC, which CryptoQuant estimates indicates larger asset volumes being moved to exchanges.

Moreno added that spikes in average deposit size have historically been a more bearish signal than just high inflow volumes: they reflect position redistribution by large players and often serve as a leading indicator of downward price pressure.

The analyst linked the rise in deposits to Bitcoin testing the $60,000 support. If breached, the price could approach the realized price of around $53,000. At the time of publication, Bitcoin was trading at approximately $62,420.

The trend also affected Ethereum: exchange deposits exceeded 1.25 million ETH at the end of June. Moreno attributed this to increased selling pressure.

He noted that simultaneous spikes in Bitcoin and Ethereum inflows have historically indicated a broader market shift towards risk-off mode.

Altcoin activity also increased. At the beginning of the week, the number of deposit transactions approached 45,000—the highest in nearly two months.

Moreno called this a historical signal of a turning point for prices and recalled that a similar spike was observed before Bitcoin's decline from about $82,000 in early May to below $58,000 by the end of June. In his view, surpassing this threshold again amid the $60,000 support test requires increased caution from market participants.

Earlier, at the end of June, an analyst under the pseudonym Darkfost claimed the start of a Bitcoin miner capitulation phase, which historically signals a market bottom.

Follow ForkLog on social media

Related articles

Bitcoin Surpasses $60,000 Amid Restrictive Macroeconomic Factors

Bitcoin Experiences Worst Month in Four Years

On-Chain Data Indicates Bitcoin Investor Capitulation

Analysts Warn of Weak Bitcoin Demand

Bitcoin Dips to $59,000 Amid Rising DXY

CryptoQuant Advises Strategy to Pause Bitcoin Purchases

Bitcoin ETFs Record Longest Streak of Capital Outflows

Bitcoin Drops to $62,000 as Analysts Note Easing Seller Pressure

Bitcoin Falls Below $64,000 Following Fed Meeting

ForkLog ©2014 — 2026

We use cookies to improve the quality of our service.

By using this website, you agree to the Privacy policy.","{'href': 'https://forklog.com', 'title': 'ForkLog'}","cryptocurrency"
"https://news.google.com/rss/search?q=altcoins","XRP Holders' Unrealized Losses Hit Record, Offering an Opening for New Buyers","https://en.bloomingbit.io/feed/news/115602","Sat, 04 Jul 2026 07:27:41 GMT","

Summary

Forecast Trend Report by Period

XRP holders' average unrealized losses have widened to the deepest level on record.

CoinDesk reported on July 4, citing analytics firm Santiment, that XRP's MVRV, or market value to realized value, stood at -45% and -47%. Both readings are the lowest on record.

MVRV is an on-chain metric that compares the current market price with investors' average purchase price. A reading below zero means the average holder is underwater. Investors who bought within the past month and those who have held for more than a year are both sitting on steep paper losses on average.

Santiment said the figures should not be interpreted as a simple bearish signal. In its report, the firm said a substantial amount of selling by loss-making holders has already been absorbed by the market, leaving new buyers with a better risk-reward setup than in the past. It added that XRP could fall further if weakness across the broader market continues.

As of 4:20 p.m. on July 4, XRP was trading at $1.13, up 3.37% from a day earlier, according to CoinMarketCap.

Uk Jin

What do you think about this news?

Contact Us help@bloomingbit.io","{'href': 'https://en.bloomingbit.io', 'title': 'bloomingbit'}","cryptocurrency"
"https://news.google.com/rss/search?q=blockchain","How Delaware's Blockchain Initiative Could Influence Corporate Policy — Insights from Digital Chamber","https://coinfomania.com/how-delawares-blockchain-initiative-could-influence-corporate-policy-insights-from-digital-chamber/","Sat, 04 Jul 2026 01:29:22 GMT","

By

Ayanfe Fakunle

Digital Chamber discusses Delaware's blockchain initiatives to enhance corporate legacy. Here's why it matters for digital asset policy.

Summary is AI generated, newsroom reviewed.

Digital Chamber highlights Delaware's blockchain use for corporate legacy.

State Senator Darius Brown emphasizes adaptation to financial innovation.

This initiative may influence other states' digital asset regulations.

The Digital Chamber recently tweeted about Delaware's commitment to blockchain technology as a means to safeguard its corporate legacy. State Senator Darius Brown highlighted this initiative, emphasizing the importance of adapting to financial innovation. More details can be found in their official tweet here.

Delaware's approach to blockchain technology indicates a significant shift in regulatory policy aimed at enhancing its corporate environment. The Digital Chamber's tweet reflects growing recognition of how blockchain can contribute to maintaining the state's competitive edge. As financial innovation continues to evolve, Delaware is positioning itself as a leader in digital asset policy, which may prompt other states to follow suit. This proactive stance could lead to more robust frameworks for digital assets across the United States.

The broader crypto market currently exhibits mixed signals, with many assets fluctuating as traders assess regulatory developments. Delaware's blockchain initiative could influence market sentiment, particularly as states explore their own digital asset policies. The Digital Chamber's emphasis on innovation reflects a wider trend towards integrating modern technologies into existing regulatory frameworks, suggesting a potentially transformative period for digital assets.

Delaware has a long-standing reputation as a corporate haven, and its recent push towards blockchain adoption aligns with its efforts to remain at the forefront of financial innovation. The state's engagement with digital assets could reshape its regulatory landscape, making it more appealing to businesses involved in technology and finance.

What traders are watching next includes potential ripple effects from Delaware's blockchain initiative. Observers may look for similar moves from other states, which could either bolster or challenge Delaware's position. As regulatory clarity improves, the implications for digital asset compliance will be significant, making it crucial for stakeholders to stay informed about developments in this evolving landscape.

This article is for informational purposes only and does not constitute financial advice.

Get the latest crypto insights and updates.

Ayanfe Fakunle

Author

Ayanfe Fakunle

Author

Ayanfe Fakunle

Author","{'href': 'https://coinfomania.com', 'title': 'Coinfomania'}","cryptocurrency"
"https://news.google.com/rss/search?q=blockchain","MCSA's New Neutral Position on Blockchain Regulatory Certainty Act — What Comes Next","https://coinfomania.com/mcsas-new-neutral-position-on-blockchain-regulatory-certainty-act-what-comes-next/","Sat, 04 Jul 2026 02:29:22 GMT","

By

Ayanfe Fakunle

The Blockchain Regulatory Certainty Act gains neutral support from MCSA. Here's why this could impact future crypto regulations.

Summary is AI generated, newsroom reviewed.

MCSA shifts to a neutral position on the Clarity Act.

Continued discussions signal potential changes for crypto regulation.

This move may influence upcoming legislative actions.

The Major County Sheriffs of America (MCSA) has announced a shift to a neutral position regarding the Clarity Act, following ongoing discussions about Section 604, also known as the Blockchain Regulatory Certainty Act. This update was shared by Eleanor Terrett on Twitter, highlighting the evolving dynamics in the regulatory landscape. For more details, see the official source here.

The announcement from the MCSA comes as part of a broader dialogue surrounding the Clarity Act and its implications for blockchain technology. This shift to neutrality suggests a potential openness to further discussions and amendments that could affect how the legislation is implemented. With the U.S. Senate Banking Committee having previously passed the Clarity Act in a bipartisan vote, this latest development indicates that stakeholders are actively engaging in refining the regulatory framework for digital assets. The evolving stance of the MCSA may signal a willingness among law enforcement agencies to adapt to the changing landscape of cryptocurrency regulation.

As the broader crypto market reflects mixed signals, the implications of the MCSA's neutral position could add momentum to ongoing legislative efforts concerning blockchain technology. Stakeholders are closely observing how this change might influence future regulatory frameworks, particularly in relation to the Clarity Act and the associated Blockchain Regulatory Certainty Act. The context of this shift is critical as it may indicate a more collaborative approach to regulatory matters in the crypto space.

The Blockchain Regulatory Certainty Act is part of a larger effort to establish clear guidelines for the cryptocurrency industry in the U.S. The Clarity Act has previously garnered significant attention after its passage through the Senate Banking Committee, which could pave the way for a more structured regulatory environment. As various stakeholders, including law enforcement, engage in discussions, the outcome will likely shape compliance measures for crypto businesses and influence market confidence.

Traders and industry participants should monitor the developments surrounding the Clarity Act closely. The neutral stance from the MCSA could lead to further discussions in the Senate, potentially impacting how blockchain technologies are regulated moving forward. Observing shifts in sentiment and legislative progress will be crucial, especially as the crypto market grapples with the implications of these regulatory changes. Upcoming sessions in the Senate may clarify key issues and determine the trajectory for blockchain regulation in the United States.

Get the latest crypto insights and updates.

Ayanfe Fakunle

Author

Ayanfe Fakunle

Author

Ayanfe Fakunle

Author","{'href': 'https://coinfomania.com', 'title': 'Coinfomania'}","cryptocurrency"
"https://news.google.com/rss/search?q=digital+currency","Nigel Farage reported for alleged lobbying on c...","https://pluang.com/en/news-feed/nigel-farage-diperiksa-karena-dugaan-lobbying-tether","Sat, 04 Jul 2026 07:54:16 GMT","

Nigel Farage has been reported to the UK Parliament's standards watchdog over allegations that he lobbied the Bank of England on cryptocurrency policy in ways that could benefit Christopher Harborne, a major investor in stablecoin issuer Tether who has financially supported Farage. The complaint centers on a private 2025 meeting where Farage urged the Bank to abandon plans for a UK digital currency and later claimed to have influenced the Bank's stance, which coincided with the Bank dropping a proposed stablecoin limit Farage opposed. Labour MPs are investigating whether Farage breached parliamentary rules by lobbying after receiving significant donations from Harborne, including an undeclared £5 million gift. The Bank of England says the meeting was routine, but scrutiny continues over the influence of private donations on public financial policy.

Revolut will stop supporting the stablecoin USDT on August 31, 2026, due to the European Union's new Markets in Crypto-Assets (MiCA) regulations. Users can buy USDT until July 6 and deposit until July 30, with the option to sell or transfer USDT unti...

The U.S. Treasury added 134 cryptocurrency addresses linked to ISIS-K, a terrorist group, to its sanctions list on July 1, 2026. Tether promptly froze all 131 Tron wallets associated with these addresses, preventing the use of over $1.4 million in fu...

Tether CEO Paolo Ardoino criticized the EU's MiCA stablecoin licensing rules, calling them dangerous due to the requirement that significant stablecoin issuers hold 60% of reserves in European bank deposits. Ardoino argues this creates systemic risk ...

Tether has frozen funds in 131 TRON wallets recently sanctioned by the US Treasury's OFAC due to links with ISIS-K, a terrorist group. These wallets received over $1.4 million in crypto since 2023, with some funds routed through Syrian exchanges. Thi...

Tether has frozen all 131 TRON wallets sanctioned by the US Treasury's OFAC as part of an updated ISIS-K designation, which added 134 crypto addresses including 3 Monero wallets. These TRON wallets received over $1.4 million since 2023, with some fun...","{'href': 'https://pluang.com', 'title': 'Pluang'}","cryptocurrency"
"https://news.google.com/rss/search?q=digital+currency","Trump's Digital Fortune Changes The Crypto Debate Overnight","https://www.cointribune.com/en/trumps-crypto-empire-sparks-fresh-political-controversy/","Sat, 04 Jul 2026 07:35:00 GMT","


A new Read2Earn quest is available


Home » News » Finance News

Cryptos have never been so close to American power. At a time when Congress is examining decisive texts for the sector's future, the White House's financial disclosures reveal that Donald Trump has amassed colossal revenues related to the crypto ecosystem. This convergence between private interests and public decisions fuels an explosive debate in Washington. One question now dominates: can the regulation of these assets still be perceived as impartial when the President of the United States is among the main beneficiaries of this industry?

While a senator wants to deprive the American president of his revenues linked to memecoins, the US Office of Government Ethics has published the official report of financial disclosures for the year 2025, confirming that Donald Trump generated more than 2 billion dollars of total income through his various businesses and investments.

Of this colossal amount, no less than 1.4 billion dollars come exclusively from projects and joint ventures directly linked to the crypto ecosystem. The official accounting records provided by the administration detail precisely the source of this digital financial windfall :

These official figures mark a major structural turning point in the management of the presidential fortune, since the revenues derived from blockchain now far exceed the traditional Trump brand activities, especially traditional real estate. The integration of these financial flows into the executive's declaration occurs at the very moment several top legislative projects are being examined by US lawmakers.

Congress is currently debating the final contours of the Digital Asset Market Clarity Act, known as the CLARITY Act, a bill designed to definitively set the market structure and the allocation of regulatory competences. Moreover, a separate housing bill including an amendment formally prohibiting the introduction of a central bank digital currency (CBDC) on US soil is currently on the president's desk awaiting a signature or veto.

Questioned this Thursday by journalist Joe Kernen on CNBC, Donald Trump firmly rejected the criticisms surrounding the perception of these massive capitals during his public service. The President of the United States literally stated that there was “nothing illegal” and “nothing wrong” about profiting heavily from his tech investments while occupying the Oval Office. To dispel suspicions of legislative favoritism, the head of state claimed he did not personally intervene in managing these digital portfolios.

He said that other people were fully responsible for his investments and that he “didn't even know who they were”. This managerial detachment posture was not enough to calm ethical oversight organizations, such as the consumer rights group Public Citizen, which immediately denounced an operation resembling influence capture aimed at steering future crypto laws.

Criticism quickly went beyond activist circles, reaching the family and judicial spheres, illustrating the extreme polarization caused by this affair. During an appearance this Friday on CNN opposite presenter Anderson Cooper, Mary Trump, the president's niece, publicly expressed her concerns by stating that “Donald is once again pushing boundaries and no one, no one is putting the brakes on”.

She also warned about potential abuses linked to presidential authority, stressing “that ultimately, due to his abuse of presidential pardon power, many people are likely to get away with numerous financial crimes that caused real harm to people who invested in Donald's businesses because they believed in him and what he was selling”. These tensions reveal the growing gap between supporters of total sector liberalization under a president converted to pro-crypto theses, and advocates of a strict separation between private economic interests and the sovereign functions of the state.

The emergence of this economic model at the top of the state deeply redefines power dynamics ahead of the 2026 legislative elections, where all 435 seats in the House of Representatives and 35 Senate seats will be renewed. Crypto sector companies, which already invested 170 million dollars in 2024 to support candidates favorable to their cause, are applying an even more aggressive financial strategy for the current electoral cycle.

According to the latest official on-chain data compiled in June by Public Citizen, contributions from crypto-related entities already amount to 189 million dollars for the 2026 campaigns alone. This colossal financial firepower represents the majority share of the 294 million dollars jointly injected by technology giants, artificial intelligence firms, and online betting platforms to steer the national political debate.

The scale of these investments demonstrates a clear institutional will to establish lasting influence over legislative power, regardless of Donald Trump's presence in the presidency until January 2029. In the long term, this concentration of political and private capital presents deeply divergent perspectives depending on observers' viewpoints.

For supporters of the blockchain ecosystem, this massive funding could accelerate regulatory adoption and offer a stable development framework, eliminating uncertainties that have long hampered innovation on American soil. Conversely, opponents and traditional regulators fear that this financial grip will weaken control mechanisms and eventually trigger an unprecedented regulatory backlash if political balances were to change in Congress.

Maximize your Cointribune experience with our ""Read to Earn"" program! For every article you read, earn points and access exclusive rewards. Sign up now and start earning benefits.

Diplômé de Sciences Po Toulouse et titulaire d'une certification consultant blockchain délivrée par Alyra, j'ai rejoint l'aventure Cointribune en 2019.
Convaincu du potentiel de la blockchain pour transformer de nombreux secteurs de l'économie, j'ai pris l'engagement de sensibiliser et d'informer le grand public sur cet écosystème en constante évolution. Mon objectif est de permettre à chacun de mieux comprendre la blockchain et de saisir les opportunités qu'elle offre. Je m'efforce chaque jour de fournir une analyse objective de l'actualité, de décrypter les tendances du marché, de relayer les dernières innovations technologiques et de mettre en perspective les enjeux économiques et sociétaux de cette révolution en marche.

The views, thoughts, and opinions expressed in this article belong solely to the author, and should not be taken as investment advice. Do your own research before taking any investment decisions.

Receive the latest and best crypto news directly to your inbox

in daily, weekly, or special format, to stay updated at your own pace

Receive the latest and best crypto news directly to your inbox

in daily, weekly, or special format, to stay updated at your own pace","{'href': 'https://www.cointribune.com', 'title': 'Cointribune'}","cryptocurrency"
"https://news.google.com/rss/search?q=digital+currency","Nigel Farage faces watchdog probe over alleged Tether lobbying","https://crypto.news/nigel-farage-faces-watchdog-probe-over-tether-lobbying/","Sat, 04 Jul 2026 07:34:43 GMT","


        Share    

Nigel Farage has been reported to the UK Parliament's standards watchdog over allegations that he lobbied the Bank of England on cryptocurrency policy in ways that could benefit one of his largest political backers, a major investor in stablecoin issuer Tether.

According to The Guardian, Labour MP Phil Brickell has asked Parliamentary Commissioner for Standards Daniel Greenberg to investigate whether the Reform UK leader breached parliamentary rules by engaging with the Bank of England after receiving financial support from British billionaire Christopher Harborne.

Under parliamentary rules, MPs are barred from lobbying ministers or public officials on behalf of individuals who have paid them within the previous 12 months.

Brickell told The Guardian that Farage publicly supported Tether, criticized proposed limits on stablecoins, and promised to challenge the Bank of England's position before meeting Governor Andrew Bailey. Brickell also claimed Farage later said he had persuaded the central bank to soften its approach.

At the center of the complaint is a private meeting held in September 2025 between Farage and Bailey. According to The Guardian, Farage urged the Bank to abandon plans for a UK central bank digital currency, often referred to as “Britcoin,” a proposal he has previously said he would rather go to prison than support.

Soon afterward, Farage publicly claimed he had influenced the Bank's thinking. Last week, the Bank of England dropped a proposed £20,000 limit on individual stablecoin holdings, a restriction Farage had repeatedly criticized.

Meanwhile, Labour MP Joe Powell has written separately to Bailey seeking details of the meeting. In his letter, Powell argued that decisions affecting the UK's financial system, including those involving a digital pound, should be made independently and in the public interest rather than through private discussions that could benefit individual investors, according to The Guardian.

The Bank of England said the September meeting formed part of its routine engagement with political figures. The central bank acknowledged that Bailey and Farage held different views on the digital pound but has not released minutes or additional details from the meeting.

Brickell has argued that the case extends beyond cryptocurrency policy because it raises questions about whether an MP who has received millions from a single donor should promote policies that could increase the value of that donor's investments.

Harborne, a British businessman based in Thailand, owns a 12% stake in Tether, the company behind the USDT stablecoin, and ranks sixth on the Sunday Times Rich List.

According to The Guardian, Farage accepted an undeclared £5 million ($6.7 million) gift from Harborne before standing in the July 2024 general election. Because Farage had not yet announced his candidacy for Parliament, the payment was not declared to parliamentary authorities at the time.

The report also said Harborne later made two separate £25,000 political donations to Farage in January 2025 and February 2026 to fund trips to the United States and the Chagos Islands. During the same period, Reform UK reportedly received another £15 million ($20.1 million) from Harborne. Greenberg is already conducting a separate investigation into whether the earlier £5 million gift should have been declared.

Farage and Harborne have both said the billionaire expected nothing in return. Farage has described the payment as unconditional and a private matter, although The Guardian noted that his explanation has changed over time, ranging from funding his personal security to rewarding his role in the Brexit campaign before later saying he was free to spend the money as he wished. Reform UK has rejected the allegations as “utter rubbish,” while Labour has accused Farage of avoiding proper scrutiny.

Farage has long positioned himself as a supporter of digital assets, previously calling for the UK to establish a strategic Bitcoin reserve and advocating lower capital gains taxes on cryptocurrency investments.


        Read more about    


            Best crypto platforms        


            Jul 2026        


        Deep Dives    



                    XRPL is quietly building institutional DeFi                




                    Is Ethereum losing the L1 race to Solana?                




                    The world cup turned Polymarket into a $5B market                




                    Kraken's FIFA deal: Crypto's first world cup                




                    Bitcoin needs $1 trillion for its next bull run                




                    Bitcoin is trading like a tech stock, not gold                




                    Bitcoin miners are selling: is capitulation here?                




                    Ripple joins Open USD: what it means for RLUSD and XRP                




                    AI and crypto security: what Claude Mythos 5 changes                




                    Trump earned over $1 billion from crypto. Here is what he actually holds                



                Related News            



                    Revolut drops Tether USDT as MiCA rules force major crypto shift                




                    Polymarket's U.S. ban fails to stop political betting: report                




                    Ripple co-founder's PAC helps Democrat win Colorado primary                



            Get crypto market analysis and curated news delivered right to your inbox every week.        


            You have successfully joined our subscriber list.        

","{'href': 'https://crypto.news', 'title': 'Crypto News'}","cryptocurrency"
"https://news.google.com/rss/search?q=site:coindesk.com","XRP price jumps 8%, Ripple-linked token may provide great risk-reward at these levels","https://www.coindesk.com/markets/2026/07/04/xrp-climbs-8-as-one-onchain-gauge-signal-shows-favorable-risk-reward-for-buyers","Sat, 04 Jul 2026 07:10:45 GMT","

XRP holders are underwater by more, on average, than they have ever been, according to onchain data that some traders treat as a contrarian floor signal.

The reading comes from MVRV, or market value to realized value, a ratio that compares XRP's price with the average price at which its supply last moved. 

When it sits below zero, the typical holder is carrying a loss. XRP's 30-day MVRV is around -45% and its 365-day version around -47%, so both recent buyers and those who have held for a year are deep in the red. 

Combined, the two are at their lowest in XRP's history, analytics firm Santiment said in a Friday post.

That describes a capitulation, the phase where holders sit on steep unrealized losses and weaker hands sell out to those willing to absorb the coins. Santiment is careful to call this a risk-reward point, instead of a price call.

""The best setups often appear when the crowd is feeling maximum pain,"" the firm wrote, stating that so much downside has already been taken on that adding here carries less risk than usual, while noting price can still fall further if the broader market weakens.

XRP has climbed even as that reading stays depressed. The token is up about 8% over seven days to around $1.14, per CoinDesk data, among the week's stronger majors. 

It fits a pattern onchain analysts have flagged lately, with large bitcoin wallets accumulating through record ETF outflows, the capitulation-and-absorption setup that tends to form near cycle lows rather than tops.

None of that signals a confirmed bottom, however. MVRV measures how washed out positioning is, not when it turns, and stretched losses can stay stretched while a market grinds sideways or lower. 

What the gauge shows is that the selling pressure from underwater holders is largely spent, and traders should keep track of whether buyers continue to step 

Zcash's Tachyon upgrade aims to scale shielded payments, improve quantum readiness, and test whether its funding, security, and governance can hold.

Zcash's Tachyon upgrade aims to scale shielded payments, improve quantum readiness, and test whether its funding, security, and governance can hold.

Why it matters:

Zcash's Tachyon upgrade aims to scale shielded payments, improve quantum readiness, and test whether its funding, security, and governance can hold.

Disclosure & Polices: CoinDesk is an award-winning media outlet that covers the cryptocurrency industry. Its journalists abide by a strict set of editorial policies. CoinDesk has adopted a set of principles aimed at ensuring the integrity, editorial independence and freedom from bias of its publications. CoinDesk is part of Bullish (NYSE:BLSH), an institutionally focused global digital asset platform that provides market infrastructure and information services. Bullish owns and invests in digital asset businesses and digital assets and CoinDesk employees, including journalists, may receive Bullish equity-based compensation.","{'href': 'https://www.coindesk.com', 'title': 'CoinDesk'}","cryptocurrency"
"https://news.google.com/rss/search?q=site:coindesk.com","Bitcoin's next parabolic run is coming. But there's a $1 trillion catch","https://www.coindesk.com/markets/2026/07/04/bitcoin-s-next-parabolic-run-may-need-usd1-trillion-in-fresh-capital","Sat, 04 Jul 2026 06:50:45 GMT","

Bitcoin returns far less for every dollar of new money entering it than it did in its early years, a decline in capital efficiency that has grown sharper as the asset has scaled.

Analytics firm CryptoQuant measured how much fresh capital each bitcoin bull cycle took in against the price gain it produced. In the 2011 cycle, about $2.8 billion in net inflows drove a rally of roughly 55,000%. 

The 2015 cycle took about $69 billion for a gain near 10,000%. The 2018 cycle needed about $365 billion for roughly 2,000%. This cycle, running since 2022, has taken in about $697 billion and returned 689%. The figures track realized capitalization, a measure that values each coin at the price it last moved rather than its current price, a rough gauge of how much money has actually gone into the asset.

The trend holds at every scale. In 2011, roughly $5 million in new money was enough to double bitcoin's price. This cycle, doing the same took around $101 billion. Each run has demanded exponentially more capital for a smaller percentage move, the arithmetic of an asset that now carries a market value near $1.2 trillion, per CoinDesk data, rather than the few billion it held a decade ago.

CryptoQuant founder Ki Young Ju, who published the data, called it as a case for patience rather than a top. ""Bitcoin needs to be a core macro asset, not just a retail-driven ETF trade,"" he wrote, arguing that another parabolic run is possible only if bitcoin can absorb more than $1 trillion in fresh capital, which would take institutional adoption well beyond where it sits today.

That view lands at an awkward moment. U.S. spot bitcoin exchange-traded funds have seen record outflows over the past month, and bitcoin closed a losing first half, so the retail flows the thesis wants to move past are running in reverse rather than building the institutional depth it calls for.

The skeptical read is simpler, however. Falling returns per dollar are what happen to any asset as it grows, since a larger base moves less in percentage terms no matter who is buying, and nothing guarantees institutional money arrives at the scale the bullish case needs.

Zcash's Tachyon upgrade aims to scale shielded payments, improve quantum readiness, and test whether its funding, security, and governance can hold.

Zcash's Tachyon upgrade aims to scale shielded payments, improve quantum readiness, and test whether its funding, security, and governance can hold.

Why it matters:

Zcash's Tachyon upgrade aims to scale shielded payments, improve quantum readiness, and test whether its funding, security, and governance can hold.

Disclosure & Polices: CoinDesk is an award-winning media outlet that covers the cryptocurrency industry. Its journalists abide by a strict set of editorial policies. CoinDesk has adopted a set of principles aimed at ensuring the integrity, editorial independence and freedom from bias of its publications. CoinDesk is part of Bullish (NYSE:BLSH), an institutionally focused global digital asset platform that provides market infrastructure and information services. Bullish owns and invests in digital asset businesses and digital assets and CoinDesk employees, including journalists, may receive Bullish equity-based compensation.","{'href': 'https://www.coindesk.com', 'title': 'CoinDesk'}","cryptocurrency"
"https://news.google.com/rss/search?q=site:cointelegraph.com","Crypto Today: Trump Defends $1.4B Crypto Earnings, Bitcoin ETF Inflows Rebound","https://cointelegraph.com/news/what-happened-in-crypto-today","Sat, 04 Jul 2026 00:52:16 GMT","

Need to know what happened in crypto today? Here is the latest news on daily trends and events impacting Bitcoin price, blockchain, DeFi, Web3 and crypto regulation.

Today in crypto, a major US law enforcement group said it no longer opposes the CLARITY Act, US President Donald Trump defended earning $1.4 billion from crypto ventures while in office and US spot Bitcoin ETFs posted their strongest day of inflows since May.

The Major County Sheriffs of America reportedly said it no longer opposes the CLARITY Act after initially raising concerns over how the bill would affect illicit finance investigations.

In a letter to US Senate Banking Committee chair Tim Scott and Senator Elizabeth Warren on Friday, the MCSA said it shifted its stance on the CLARITY Act to “neutral” after some of its concerns in a May 14 letter regarding Section 604 in the bill were addressed.

Section 604 relates to the Blockchain Regulatory Certainty Act, which seeks to protect developers from liability for illicit activity committed by users on their decentralized platforms. 

The MCSA previously contended that Section 604 could create a loophole for criminals to exploit, making it tougher for law enforcement to investigate crypto-related crimes.

Source: Eleanor Terrett

While the CLARITY Act has bipartisan support, its passage through the Senate has largely been stalled by banking groups seeking to restrict stablecoin yield, which they argue functions like an unregulated deposit product that could drive trillions of dollars in outflows from the traditional banking system. 

The bill has been awaiting a full Senate vote since May, when the Senate Banking Committee passed the bill mostly along party lines.

Senators in favor of the bill are pushing for a full Senate vote this month, in hopes that it can be passed and signed into law before the US midterm elections in November.

US President Donald Trump defended earning roughly $1.4 billion from crypto ventures while in office, saying there was ""nothing wrong"" with the profits after his latest financial disclosure reignited conflict-of-interest concerns.

The filing shows crypto accounted for the majority of Trump's more than $2 billion in reported 2025 income, with hundreds of millions of dollars coming from his TRUMP memecoin, World Liberty Financial and a stablecoin venture. 

The disclosures come as Congress debates major crypto legislation, including the CLARITY Act, prompting renewed criticism that the president could personally benefit from policies shaping the industry. Trump dismissed those concerns, insisting others manage his investments and that he is not directly involved in the decisions. 

The episode highlights how closely politics and crypto have become intertwined, with digital asset companies reportedly pouring roughly $189 million into the 2026 election cycle to influence regulation.

Trump interviews CNBC's Joe Kernen. Source: CNBC

US-listed spot Bitcoin exchange-traded funds (ETFs) recorded their first daily net inflow above $200 million since early May, snapping weeks of sustained withdrawals.

The funds attracted $221.7 million in net inflows on Thursday, according to SoSoValue data, ending a 10-day streak of net outflows that totaled more than $2.7 billion.

The rebound follows one of the weakest stretches for US spot Bitcoin ETFs this year, with the funds posting a record $4.5 billion in net outflows in June.



Daily flows in US-listed spot Bitcoin ETFs. Source: SoSoValue

The inflows came as Bitcoin reclaimed the $61,000 level after briefly falling below $59,000, with some investors, including Bitwise chief investment officer Matt Hougan, suggesting the market could be nearing a bottom. Crypto market sentiment on Friday was measured at an “extreme fear” reading by the Fear & Greed Index from Alternative.me.

More on the subject

Cointelegraph is committed to providing independent, high-quality journalism across the crypto, blockchain, AI, and fintech industries.

All news, reviews, and analyses are produced with full journalistic independence and integrity. For more details on our standards and processes, please read our Editorial Policy.","{'href': 'https://cointelegraph.com', 'title': 'cointelegraph.com'}","cryptocurrency"
"https://news.google.com/rss/search?q=site:scientificamerican.com","How working memory could give rise to consciousness","https://www.scientificamerican.com/article/how-working-memory-could-give-rise-to-consciousness/","Sat, 04 Jul 2026 00:00:00 GMT","

July 3, 2026

12 min read

How working memory could give rise to consciousness

Working memory is the information we need to access to complete the tasks we're engaged in right now, and scientists think it may be closely entwined with consciousness

By Henry Taylor & The Conversation US 

WhataWin via Getty Images

The following essay is reprinted with permission from The Conversation, an online publication covering the latest research.

You know that feeling when you walk into a room and immediately forget why you came in? Maybe you were there to fetch your keys. On your way to the room, you were thinking about grabbing your keys. But once you arrive, your keys have completely disappeared from your mind.

This is sometimes known as the doorway effect, since it often strikes when you walk into a new room. Why does it happen? The answer has a lot to do with a faculty called working memory. Information gets stored in working memory when we need it for the tasks that we are engaged in right now (like remembering to grab your keys).

If you're enjoying this article, consider supporting our award-winning journalism by subscribing. By purchasing a subscription you are helping to ensure the future of impactful stories about the discoveries and ideas shaping our world today.

What makes working memory so intriguing is its close link to consciousness. The doorway effect suggests that when information is removed from working memory, it immediately seems to leave consciousness. It also suggests that it is easy for information in working memory to be forgotten.

The link between working memory and consciousness is getting increasing attention in psychology, philosophy and neuroscience. Could working memory somehow give rise to consciousness? In my new book, I explore the complex relationship between the two.

To understand the doorway effect, we'll need to know a bit about working memory. One thing that makes working memory so special is that it's so rich, both in terms of the information it has access to, and its processing power. According to recent models of working memory, it can draw information from sensory channels (vision, touch, smell etc), as well as from other memory systems such as long-term memory and also the brain's system for processing language. In other words, working memory is where a lot of the information in your brain comes together.

Once working memory has that information, there's a lot it can do with it. Inside working memory are a host of different smaller systems for specific tasks, including visual and spatial reasoning (like solving a Rubik's cube) and storing chunks of information (like a phone number). There's even a “central executive” system (my favorite). The executive is like a merciless boss, assigning tasks to the different systems within working memory and keeping everything under control.

In other ways, what makes working memory so special is that it's simultaneously very poor. Despite the riches of information available to it, working memory can only actually store a tiny amount of information at any one time.

In one classic experiment reported in 1997people were asked to view a screen with several colored shapes on it, which they were told to remember. The shapes then disappeared for about a second, and a new set of colored shapes appeared. One of the new shapes might have changed color. Participants were asked to spot whether there had been any changes between the two sets of shapes. This is called “change-detection”.

People were almost perfect at this when there were only 1-3 shapes involved in each set, but got steadily worse as the number of shapes was increased from 4-12. The experimenters argued that this is because it gets harder to store information as the number of shapes increases. This is because the capacity of working memory isn't big enough to store lots of shapes. The experimenters concluded that the capacity of working memory is only about four “slots.” Once those slots are taken, working memory is full up: there's simply no more room for any new information.

The idea that working memory has “slots” is closely related to something called “chunking.” Here are two strings of letters (nine in each). Try to memorize them both:

BBC FBI WWF

ZQK EWP WLJ

I bet you find the first string of letters easier to memorize. This is because they're familiar, and so naturally your brain sorts them into three chunks. They can then be stored as three different chunks in working memory. For this reason, the first set only takes up three slots in working memory. The second string of letters is unfamiliar, and so requires us to store all nine letters as individual chunks. This is difficult because working memory quickly runs out of slots.

But like many features of working memory, its capacity is a hotly debated issue. A growing number of scientists have rejected the idea that it has “slots”, arguing instead that its capacity is more of a flexible resource that can be differently distributed across different pieces of information. According to this view, working memory's capacity—far from being four rigid slots—might be more like a tank of water to be used in watering your garden: you can give a little bit of water to lots of different areas, or lots of water to just one or two areas.

In the same way, working memory might be able to store a little bit of information about lots of objects, or very detailed information about just one or two of them.

One study from 2004 supports this flexible resource view over the slots view. This experiment also used change-detection with shapes.

Crucially, the experimenters tried this with different kinds of shapes. Sometimes they used only very simple shapes, sometimes very complicated ones. They found that people seem able to store information about more of the simpler shapes in working memory. They were much worse at storing information about the complicated shapes. In fact, the experimenters suggest that the capacity of working memory for a very complicated object (like a cube with many different colored sides) might only be between 1 and 2.

This seems to show that the capacity of working memory is “soaked up” much more when it tries to remember very complicated objects. This suggests that working memory doesn't have a fixed number of slots, but that its capacity depends on how complicated the information you're trying to store is.

To me, there's something romantic about how rich working memory is in terms of how much information is available to it, and how poor it is in terms of its small capacity. It's like it can always see the vast riches available to it, but can only ever sample a tiny portion at a time.

The low capacity of working memory can help us understand why the information it stores is so easily forgotten, like in the doorway effect. There's not much room in working memory, so when new information comes in, old information needs to go.

As I mentioned at the beginning, research suggests that the very action of walking through a doorway might trigger forgetting. One experiment showed that people find it harder to remember things when they walk through a doorway, compared to people who walk the same distance but don't cross a threshold. When we enter a new room, its like the brain flushes away the old facts from working memory, to get ready for the fresh information that we might need in our new setting.

From an evolutionary perspective, the doorway effect makes sense: Forgetting old information is important in helping us to stay open and alert to novel information in the new environment.

Thinking about the capacity of working memory can help shed light on why it's so easy to forget things, even when we were just this second thinking about them. But there's an even more tantalizing possibility here. When we forget things like our keys, they seem to drop away from our consciousness entirely. This raises the suggestion that working memory and consciousness might go hand in hand.

Consciousness is perhaps the biggest mystery facing both science and philosophy today. By “consciousness”, I mean the subjective experiences that we have of the world. Consciousness includes the visual image of a beautiful sunset, or the taste of chocolate, as well as emotions like love and anger.

Many philosophersand scientists have thought that working memory can help us understand consciousness.

The close link between consciousness and working memory is clear from some of the major theories of consciousness in psychology and neuroscience today. Personally, I'm a huge fan of the global neuronal workspace theory, which suggests that consciousness arises as a result of information being “broadcast” in a “global workspace” in the brain. This workspace is like a central information store, which can process information and distribute it globally to many different systems in the brain.

Does that sound like working memory to you? If it does, that's no coincidence: the global workspace and working memory are similar notions. Their similarity can even be seen in the brain. There are still lots of open questions about where working memory is located in the brain but one important area is the prefrontal cortex. This is at the front of your brain, just above your eyes and behind your forehead. The same area also seems to be important for the sort of global broadcasting that global workspace theorists think is responsible for consciousness.

Scientists friendly to the global neuronal workspace theory have suggested that when we pay attention to information that is stored in working memory, that information gets boosted in volume and is broadcast across the brain—and that is what makes it conscious. According to this view, consciousness arises when working memory and attention work together.

The idea that attention and working memory might both be important for consciousness seems to fit with our own experience. When you're trying to remember a phone number in your head, your attention stays on the phone number and you're conscious of it. If someone distracts you by asking you a question, your attention is pulled away from the phone number and it immediately gets deleted from your consciousness. According to this picture, no attention = no consciousness.

The importance of both working memory and attention also fits with experimental data. One of my favorite experiments studied people walking across a courtyard on a spring afternoon. It was found that 75 percent of people who were on their mobile phones completely failed to spot a purple and yellow clown unicycling around the courtyard. This is even though the clown could have crossed their path, potentially causing a dangerous collision. They were on their phones, their attention was elsewhere, so the clown didn't get into their consciousness. Again, this suggests that no attention = no consciousness.

I have a lifelong fear of clowns. The idea that there might be a clown nearby that I just haven't spotted fills me with dread. (I mean come on, they're clearly terrifying.)

But like everything to do with consciousness, the link between consciousness and working memory is controversial. Some think that there's just too much consciousness to fit into working memory. Others say that some bits of working memory aren't conscious at all. Let's have a look at these arguments.

We've seen that working memory has a small capacity. This raises an obvious question: If working memory is responsible for consciousness, doesn't that mean that consciousness must have a small capacity as well?

This can be a difficult idea to swallow. Imagine you're looking out at a countryside scene. You see rolling hills, the vibrant sunshine and a herd of cows. You hear the birds, smell the fresh cut grass and feel the wind on your skin. Surely you are conscious of this whole scene all at once. But we know that working memory has a capacity that is far too tiny to fit all of this information in at one time. If consciousness arises from working memory, then how can I be conscious of all this stuff at once?

Indeed, some philosophers and scientists have argued in just this way, saying that consciousness overflows the capacity of working memory. If this is true, it would be a problem for those who think that consciousness arises from working memory.

In response to this problem, supporters of the link between working memory and consciousness have argued that consciousness isn't as big as you might think. With the countryside scene, you might think that you're conscious of all those sights, sounds and smells together. However, according to this view, really you're only ever conscious of a few scraps at any one time. The reason it feels like you're conscious of more is because, whenever you pay attention to something, that attention boosts the information into consciousness.

This is known as the refrigerator light illusion. Imagine someone who thought the light in their fridge was always turned on, because whenever they open the door to check, the light is on. Obviously, the problem is that the very act of opening the door causes the light to come on.

In the same way, the very act of checking to see if you're conscious of birdsong causes you to direct attention to it, which brings the birdsong to consciousness. According to this view, we are only ever conscious of a few little bits at a time, but the ease with which attention can make things conscious fosters the illusion that we're conscious of a lot more.

As if it weren't bad enough that doorways make us forget, or that phones make us ignore unicycling clowns, now we have to deal with our fridges hoodwinking us about our own consciousness.

Another area where consciousness and working memory might come apart concerns unconscious information. We know that lots of processing in our brains occurs unconsciously. When it comes to information in the brain, we only get to be conscious of the very tip of a large iceberg. Some psychologists have suggested that some of the information in working memory is completely unconscious. If this is true, this would mark an important difference between consciousness and working memory (since by definition, unconsciousness can't be part of consciousness).

One key experiment from 2011 involves showing participants an image of a rippled patch, tilted at a specific angle. In the psychology world, this is called a Gabor patch. This patch was only shown to the participants for the tiniest flash of time. It's there on the screen for only 16.67 milliseconds, about 17 thousandths of a second. This is about as long as a bee takes to flap its wings three times.

Flashing the patch on the screen so briefly prevents the patch from being consciously seen. Because of the brevity with which the patch appears, information about the patch enters the participants' eyes, and participants see the patch but are not consciously aware of it. They see it, but unconsciously.

Still, we know that information about things we're not conscious of must be processed at quite a high level in the brain. After the first patch disappeared, they were shown another different patch. This one was shown for longer, so it could be seen consciously. Participants were asked to indicate (by clicking a button) whether this second patch was tilted to the left or the right of the first patch that they had not consciously seen. Amazingly, they were able to do this at a level above chance. Even though the first patch was unconscious, people could still use information about it to make comparison judgements.

This is crucial for working memory and consciousness. The experimenters claimed that information about the briefly flashed patch must be stored in working memory, even though participants were completely unaware of it. From this, the experimenters concluded that some information in working memory is not conscious. If so, the link between consciousness and working memory is weaker than we might hope.

When it comes to the experiment just discussed, I want to close with some of the ideas that I've been exploring in my book. I think that working memory might not be an all-or-nothing thing, that information might not have to be either “in” or “out” of working memory.

Sometimes, we can slip into the trap of thinking that everything in the human mind must be either one thing or another. This mindset is very natural, but in my book I argue that it must be rejected.

I suggest that there could be some information that is not “in” or “out” of working memory, but somewhere in between. I argue that working memory comes on a spectrum. Some information is definitely in working memory, and some is definitely not. But in between (I argue) is a large grey area where there is some information in our minds that falls in between being fully stored in working memory and not being stored.

This is certainly an unusual suggestion. But I argue that thinking about working memory as a spectrum sheds new light on the experiments I talked about above. Remember the patch that was flashed up in three beats of a bee's wing – so fast you couldn't consciously see it and preventing it from being fully encoded in working memory? I argue that this information sits in the grey area between being fully in and fully out of working memory.

This raises an interesting possibility with respect to consciousness. If we think that working memory is closely linked to consciousness, an obvious question is whether there can be a grey area between something being conscious and not being conscious. Indeed, some philosophers have suggested that there might be such a grey area.

At first sight, the experiments I've talked about might look a bit strange and obscure. When I tell people about these experiments at parties, they sometimes ask me how I can spend so much time thinking about doorways, unicycling clowns, or how we remember random shapes. I get visibly excited talking to people about all this, and I can almost see them making a mental note not to invite me back.

But these experiments are exciting. To see this, we need to step away from the technical details of these experiments and take a broader view. These experiments and others continue to unearth the mechanics of working memory. There is still much more to find out, such as where and how it is brought about in the brain, and the ways in which injury to the brain can impact on working memory. As these mysteries are slowly explained, perhaps we will be in a better place to tackle the arguably biggest conundrum in science: consciousness itself.

This article was originally published on The Conversation. Read the original article.

Henry Taylor is an Associate Professor in the Department of Philosophy at the University of Birmingham in the UK.

Curated by professional editors, The Conversation offers informed commentary and debate on the issues affecting our world.

If you enjoyed this article, I'd like to ask for your support. Scientific American has served as an advocate for science and industry for 180 years, and right now may be the most critical moment in that two-century history.

I've been a Scientific American subscriber since I was 12 years old, and it helped shape the way I look at the world. SciAm always educates and delights me, and inspires a sense of awe for our vast, beautiful universe. I hope it does that for you, too.

If you subscribe to Scientific American, you help ensure that our coverage is centered on meaningful research and discovery; that we have the resources to report on the decisions that threaten labs across the U.S.; and that we support both budding and working scientists at a time when the value of science itself too often goes unrecognized.

In return, you get essential news, captivating podcasts, brilliant infographics, can't-miss newsletters, must-watch videos, challenging games, and the science world's best writing and reporting. You can even gift someone a subscription.

There has never been a more important time for us to stand up and show why science matters. I hope you'll support us in that mission.

Thank you,

David M. Ewalt, Editor in Chief, Scientific American

Subscribe to Scientific American to learn and share the most exciting discoveries, innovations and ideas shaping our world today.

Scientific American is part of Springer Nature, which owns or has commercial relations with thousands of scientific publications (many of them can be found at www.springernature.com/us). Scientific American maintains a strict policy of editorial independence in reporting developments in science to our readers.

© 2026 SCIENTIFIC AMERICAN, A DIVISION OF SPRINGER NATURE AMERICA, INC.ALL RIGHTS RESERVED.

","{'href': 'https://www.scientificamerican.com', 'title': 'Scientific American'}","science"
"https://news.google.com/rss/search?q=site:ycombinator.com","CueBench for Developers is live: score how well you drive coding agents","https://news.ycombinator.com/item?id=48781865","Sat, 04 Jul 2026 02:02:01 GMT","

reply

reply

Scoring is deterministic, built on measurable signals from the session, not an LLM vibing on your transcript. Same session, same score.We just opened a public demo and need real sessions thrown at it. Nothing to install, nothing runs on your machine, just upload a session file from your agent's logs (or paste one terminal command) and you get scored in seconds.Where it's going: a product for engineering orgs — session-level feedback that upskills engineers at agent-driven development, and gives managers a skills signal (coaching, not surveillance).The ask: run one real session through it this week and tell us where the score feels wrong. Brutal > polite. Demo video: https://youtu.be/r9vAdAMv6js

We just opened a public demo and need real sessions thrown at it. Nothing to install, nothing runs on your machine, just upload a session file from your agent's logs (or paste one terminal command) and you get scored in seconds.Where it's going: a product for engineering orgs — session-level feedback that upskills engineers at agent-driven development, and gives managers a skills signal (coaching, not surveillance).The ask: run one real session through it this week and tell us where the score feels wrong. Brutal > polite. Demo video: https://youtu.be/r9vAdAMv6js

Where it's going: a product for engineering orgs — session-level feedback that upskills engineers at agent-driven development, and gives managers a skills signal (coaching, not surveillance).The ask: run one real session through it this week and tell us where the score feels wrong. Brutal > polite. Demo video: https://youtu.be/r9vAdAMv6js

The ask: run one real session through it this week and tell us where the score feels wrong. Brutal > polite. Demo video: https://youtu.be/r9vAdAMv6js

reply","{'href': 'https://news.ycombinator.com', 'title': 'Hacker News'}","technology"
"https://news.google.com/rss/search?q=site:ycombinator.com","CarPlay Is Additive","https://news.ycombinator.com/item?id=48769397","Sat, 04 Jul 2026 06:55:51 GMT","

- Consistency. You get into a new car, all you need to figure out is how to open CarPlay, no need to learning a completely different and often complicated infotainment system.- ""It's on your phone"". You can decide what playlist to play or where to navigate before you even get into the car.- Stays up to date over the long term. Just look at cars from five years ago. Most built-in infotainment systems are still stuck in that era, no matter how smart they once looked. CarPlay uses your phone as the main computing platform, and the car's infotainment system only needs to act as a thin client for I/O, it keeps updating with iOS.

- ""It's on your phone"". You can decide what playlist to play or where to navigate before you even get into the car.- Stays up to date over the long term. Just look at cars from five years ago. Most built-in infotainment systems are still stuck in that era, no matter how smart they once looked. CarPlay uses your phone as the main computing platform, and the car's infotainment system only needs to act as a thin client for I/O, it keeps updating with iOS.

- Stays up to date over the long term. Just look at cars from five years ago. Most built-in infotainment systems are still stuck in that era, no matter how smart they once looked. CarPlay uses your phone as the main computing platform, and the car's infotainment system only needs to act as a thin client for I/O, it keeps updating with iOS.

reply

I just bought a 10 year old Toyota estate (station wagon). It's got a reasonable screen and Bluetooth implementation etc. But I'm never going to want to use the built in navigation because it's just not as good as what my phone will do. And the audio integration isn't as sophisticated as it might be - I have to choose the app on my phone.Whereas CarPlay/AndroidAuto is generic from the car point of view, and as phone features and software improve your car capability evolves too.

Whereas CarPlay/AndroidAuto is generic from the car point of view, and as phone features and software improve your car capability evolves too.

reply

reply

The only way someone could buy a car more often is if they became a lot cheaper. That would mean doing away with a lot of the luxury parts of the car that are where the profit is.

reply

reply

Hopefully some makers will start competing on affordability and maintainability again. Slate might be one.

reply

reply

In short, it's an awful idea because even if the belt doesn't fail early, debris from the belt will clog oil pickups, galleries, and passages.

reply

reply

This was a fruitful conflict for the consumer until dealerships started steering buyers away from EVs.

reply

reply

reply

reply

reply

reply

reply

reply

For me I just want a set of consistent things from car to car.  I have a few different vehicles I might switch between on any given day.  Carplay works in all of them.

reply

reply

Traditional companies do it the other way around.

reply

reply

It's not even apples vs bananas. It's a rock vs computer.- Just a single fact you don't have to deal with cable/bluetooth/charging troubles is already saves you hours of quality life over CarPlay. It's hours of life you enjoy driving, music. and yeah from that standpoint, CarPlay does not work.- Internet: I use T-Mobile. My car use AT&T with very affordable bill, that single fact helped me to listen to music in remote areas where my cellphone din't work and other way around.- Features like Joe mode simply not possible with CarPlay. And yes, i use it every time my kid is in the car.- Theater mode & Karaoke. No brainer for kids. Turns your distant driving from Cry and Fight into fun family experience.- Navigation + Charging. this integration alone saved me hours of life, because it route me automagically away from busy charging stations.

- Just a single fact you don't have to deal with cable/bluetooth/charging troubles is already saves you hours of quality life over CarPlay. It's hours of life you enjoy driving, music. and yeah from that standpoint, CarPlay does not work.- Internet: I use T-Mobile. My car use AT&T with very affordable bill, that single fact helped me to listen to music in remote areas where my cellphone din't work and other way around.- Features like Joe mode simply not possible with CarPlay. And yes, i use it every time my kid is in the car.- Theater mode & Karaoke. No brainer for kids. Turns your distant driving from Cry and Fight into fun family experience.- Navigation + Charging. this integration alone saved me hours of life, because it route me automagically away from busy charging stations.

- Internet: I use T-Mobile. My car use AT&T with very affordable bill, that single fact helped me to listen to music in remote areas where my cellphone din't work and other way around.- Features like Joe mode simply not possible with CarPlay. And yes, i use it every time my kid is in the car.- Theater mode & Karaoke. No brainer for kids. Turns your distant driving from Cry and Fight into fun family experience.- Navigation + Charging. this integration alone saved me hours of life, because it route me automagically away from busy charging stations.

- Features like Joe mode simply not possible with CarPlay. And yes, i use it every time my kid is in the car.- Theater mode & Karaoke. No brainer for kids. Turns your distant driving from Cry and Fight into fun family experience.- Navigation + Charging. this integration alone saved me hours of life, because it route me automagically away from busy charging stations.

- Theater mode & Karaoke. No brainer for kids. Turns your distant driving from Cry and Fight into fun family experience.- Navigation + Charging. this integration alone saved me hours of life, because it route me automagically away from busy charging stations.

- Navigation + Charging. this integration alone saved me hours of life, because it route me automagically away from busy charging stations.

reply

reply

reply

reply

reply

I can't find one instance of a car UI being as good or easier to interact with than CarPlay.

reply

reply

But Tesla also understands that good software engineers need to be paid Silicon Valley wages. The other car companies hire B- and C-level software engineers and then wonder why their customers prefer to navigate with their phones.

reply

Need I continue? And Tesla is generally understood to pay on the lower end among those companies.

reply

reply

Toyota had the better idea, keep the software folks an independent business unit with internal competency/ownership, and only allow them to fix future platforms. Woven is apparently having great success inside Toyota. The side effect is that those changes still aren't apparent even years later.GM had the same idea, but killed it recently.[0] https://www.germanautopreneur.com/p/cariad-volkswagen-softwa...

GM had the same idea, but killed it recently.[0] https://www.germanautopreneur.com/p/cariad-volkswagen-softwa...

[0] https://www.germanautopreneur.com/p/cariad-volkswagen-softwa...

reply

reply

examples: small targets in a moving vehicle, ""modern"" grey/white when color contrast could be critical, UI elements that hide, small [x] to dismiss, multiple touches required to get to critical functions, etc

reply

reply

reply

reply

reply

Ford, Toyota, Lexus, etc.  This notice from Tesla actually specifies the regulation:> On affected vehicles, upon vehicle power up, a certain software configuration may prevent camera streams from being sent to the MCU for up to 11 seconds, causing a loss of rearview image for up to 11 seconds for drivers who shift into reverse during this time, which does not comply with FMVSS 111, S5.5.3.https://www.tesla.com/support/recall-loss-of-back-up-camera-...

> On affected vehicles, upon vehicle power up, a certain software configuration may prevent camera streams from being sent to the MCU for up to 11 seconds, causing a loss of rearview image for up to 11 seconds for drivers who shift into reverse during this time, which does not comply with FMVSS 111, S5.5.3.https://www.tesla.com/support/recall-loss-of-back-up-camera-...

https://www.tesla.com/support/recall-loss-of-back-up-camera-...

reply

reply

reply

reply

- all the controls that I need, that are basically volume, radio station or CD track, are easily accessible trough physical buttons and knobs, that I can use without taking my eyes off the street- I get in the car, insert the key and the radio turns on instantly and start playing music, no things that have to boot, no things that have to connect, etc. I usually listen to the radio and I stay up to date with news, listen to programs, listen to music without the need to create a playlist, or not and always listen to the same songs, or worse paying a subscription to just listen to music- if I want to listen something different I can just put in a CD, and considering it supports mp3 CDs a CD can contain up to 100 songs without a noticeable loss in quality- the UI of the radio in general is well designed, no useless functions, everything is easy to reach, no distractions. The radio is well integrated into the car dashboard, the design has something to say, not like a boring 10' tablet- no distractions, notifications from my phone stay on my phone, calls don't pop up, simply when I arrive at destination I recall saying I was driving, or respond to the message- finally, the sound quality is good, much better than most of integrated infotainment in modern cars that have 2000 useless functions, a shitty touchscreen, and a very poor sound quality. If I turn the volume all way up it shakes the car, the quality of analog FM radio is much better than modern digital radio that have the quality of a low bitrate MP3, and we are talking about the stock radio of a VW Golf 6, a normal car (when I bought it in 2011), not something fancy.

- I get in the car, insert the key and the radio turns on instantly and start playing music, no things that have to boot, no things that have to connect, etc. I usually listen to the radio and I stay up to date with news, listen to programs, listen to music without the need to create a playlist, or not and always listen to the same songs, or worse paying a subscription to just listen to music- if I want to listen something different I can just put in a CD, and considering it supports mp3 CDs a CD can contain up to 100 songs without a noticeable loss in quality- the UI of the radio in general is well designed, no useless functions, everything is easy to reach, no distractions. The radio is well integrated into the car dashboard, the design has something to say, not like a boring 10' tablet- no distractions, notifications from my phone stay on my phone, calls don't pop up, simply when I arrive at destination I recall saying I was driving, or respond to the message- finally, the sound quality is good, much better than most of integrated infotainment in modern cars that have 2000 useless functions, a shitty touchscreen, and a very poor sound quality. If I turn the volume all way up it shakes the car, the quality of analog FM radio is much better than modern digital radio that have the quality of a low bitrate MP3, and we are talking about the stock radio of a VW Golf 6, a normal car (when I bought it in 2011), not something fancy.

- if I want to listen something different I can just put in a CD, and considering it supports mp3 CDs a CD can contain up to 100 songs without a noticeable loss in quality- the UI of the radio in general is well designed, no useless functions, everything is easy to reach, no distractions. The radio is well integrated into the car dashboard, the design has something to say, not like a boring 10' tablet- no distractions, notifications from my phone stay on my phone, calls don't pop up, simply when I arrive at destination I recall saying I was driving, or respond to the message- finally, the sound quality is good, much better than most of integrated infotainment in modern cars that have 2000 useless functions, a shitty touchscreen, and a very poor sound quality. If I turn the volume all way up it shakes the car, the quality of analog FM radio is much better than modern digital radio that have the quality of a low bitrate MP3, and we are talking about the stock radio of a VW Golf 6, a normal car (when I bought it in 2011), not something fancy.

- the UI of the radio in general is well designed, no useless functions, everything is easy to reach, no distractions. The radio is well integrated into the car dashboard, the design has something to say, not like a boring 10' tablet- no distractions, notifications from my phone stay on my phone, calls don't pop up, simply when I arrive at destination I recall saying I was driving, or respond to the message- finally, the sound quality is good, much better than most of integrated infotainment in modern cars that have 2000 useless functions, a shitty touchscreen, and a very poor sound quality. If I turn the volume all way up it shakes the car, the quality of analog FM radio is much better than modern digital radio that have the quality of a low bitrate MP3, and we are talking about the stock radio of a VW Golf 6, a normal car (when I bought it in 2011), not something fancy.

- no distractions, notifications from my phone stay on my phone, calls don't pop up, simply when I arrive at destination I recall saying I was driving, or respond to the message- finally, the sound quality is good, much better than most of integrated infotainment in modern cars that have 2000 useless functions, a shitty touchscreen, and a very poor sound quality. If I turn the volume all way up it shakes the car, the quality of analog FM radio is much better than modern digital radio that have the quality of a low bitrate MP3, and we are talking about the stock radio of a VW Golf 6, a normal car (when I bought it in 2011), not something fancy.

- finally, the sound quality is good, much better than most of integrated infotainment in modern cars that have 2000 useless functions, a shitty touchscreen, and a very poor sound quality. If I turn the volume all way up it shakes the car, the quality of analog FM radio is much better than modern digital radio that have the quality of a low bitrate MP3, and we are talking about the stock radio of a VW Golf 6, a normal car (when I bought it in 2011), not something fancy.

reply

reply

I agree that CDs have too much friction though. Theres no easy pathway from “I like this album” to listening in the car/stereo. Especially for someone who is constantly discovering music and keeping up with new releases from artists.First of all, not all releases are even available on CD. Even if they were, I would be spending thousands of dollars per month for the amount of music I listen to. Not to mention the lead time from ordering CDs which could take a couple weeks or more to arrive. And then I can't even listen in my new car anyway cause there's no CD drive.I like hi-res lossless audio files. I can load them up on a USB and plug it into the car. I don't have to mess around with Bluetooth at all. It's easier to get the music too. And it sounds better. And it can't be taken away. And is cross platform. And its free!Btw I like supporting artists, especially the less popular ones. If I like your stuff, Ill buy some merch. But thats after I have the music.

First of all, not all releases are even available on CD. Even if they were, I would be spending thousands of dollars per month for the amount of music I listen to. Not to mention the lead time from ordering CDs which could take a couple weeks or more to arrive. And then I can't even listen in my new car anyway cause there's no CD drive.I like hi-res lossless audio files. I can load them up on a USB and plug it into the car. I don't have to mess around with Bluetooth at all. It's easier to get the music too. And it sounds better. And it can't be taken away. And is cross platform. And its free!Btw I like supporting artists, especially the less popular ones. If I like your stuff, Ill buy some merch. But thats after I have the music.

I like hi-res lossless audio files. I can load them up on a USB and plug it into the car. I don't have to mess around with Bluetooth at all. It's easier to get the music too. And it sounds better. And it can't be taken away. And is cross platform. And its free!Btw I like supporting artists, especially the less popular ones. If I like your stuff, Ill buy some merch. But thats after I have the music.

Btw I like supporting artists, especially the less popular ones. If I like your stuff, Ill buy some merch. But thats after I have the music.

reply

Even today, while I use spotify on my work computer, it's basically the same albums every day (around a dozen). Playing CDs would be probably better than switching to the UX disaster that is Spotify

reply

Why don't you switch to CDs then? Something is telling me this isn't quite the full story.I'm sure lots of people who don't really need to use Spotify use Spotify all the time, if you really do listen to just a few albums, why not buy those off Bandcamp/Beatport/Whatever then listen to those and stop paying Spotify? I'd easily switch away from Spotify if I no longer saw/agreed with the convenience, but hard to beat it for discovery right now.

I'm sure lots of people who don't really need to use Spotify use Spotify all the time, if you really do listen to just a few albums, why not buy those off Bandcamp/Beatport/Whatever then listen to those and stop paying Spotify? I'd easily switch away from Spotify if I no longer saw/agreed with the convenience, but hard to beat it for discovery right now.

reply

But the concept holds. I have a directory in a copyparty share that I stream music from constantly. It's probably 20 albums worth of music, and it's just in a mix that I put on almost every day, whether I'm driving or I'm working.I tend to tune into livestreams on YouTube for the discovery aspect.

I tend to tune into livestreams on YouTube for the discovery aspect.

reply

reply

I don't have a CD player.I do have a local library (decently sized) which contains the album I truly like. I play that from my home theater and have part of it on my phone.Maybe one day, I will buy a CD player and a few of those albums (for the art). And then I can play music without involving a screen.Spotify is mostly for my SO. It's cheap where I'm at and good enough for background music when I need some (rarely).

I do have a local library (decently sized) which contains the album I truly like. I play that from my home theater and have part of it on my phone.Maybe one day, I will buy a CD player and a few of those albums (for the art). And then I can play music without involving a screen.Spotify is mostly for my SO. It's cheap where I'm at and good enough for background music when I need some (rarely).

Maybe one day, I will buy a CD player and a few of those albums (for the art). And then I can play music without involving a screen.Spotify is mostly for my SO. It's cheap where I'm at and good enough for background music when I need some (rarely).

Spotify is mostly for my SO. It's cheap where I'm at and good enough for background music when I need some (rarely).

reply

reply

And, I personally find the quality of YouTube Music Premium (256kbps AAC) superior to FM radio.

reply

When it comes to playing music from phones in cars, connection type seems to matter more than the source, and iOS has some weird built-in sound normalization only for CarPlay that drives me crazy.In my Audi A3 (2018), if I connect my iPhone 12 Mini via AUX or Bluetooth, sounds works perfectly fine. Same when playing via CD or USB stick inserted into the car, no problem. FM radio also works well, regardless of volume.However, if I play music via CarPlay (Spotify [lossless], YouTube, on phone .flac files, etc) some built-in sound normalization seems to kick in and suddenly it ruins the music when playing even slightly louder.I've tried for years to figure out what the hell is going on, tried every setting under the sun, but cannot get it to work so only thing left is some built-in sound ruinification (""normalization"") that Apple does, only when played via CarPlay, not when playing via AUX or Bluetooth.Seems to happen with every car I try it with, but I never tried a different phone. So right now I'm choosing between being able to have GPS or listen to music properly, as I cannot do both at the same time...

In my Audi A3 (2018), if I connect my iPhone 12 Mini via AUX or Bluetooth, sounds works perfectly fine. Same when playing via CD or USB stick inserted into the car, no problem. FM radio also works well, regardless of volume.However, if I play music via CarPlay (Spotify [lossless], YouTube, on phone .flac files, etc) some built-in sound normalization seems to kick in and suddenly it ruins the music when playing even slightly louder.I've tried for years to figure out what the hell is going on, tried every setting under the sun, but cannot get it to work so only thing left is some built-in sound ruinification (""normalization"") that Apple does, only when played via CarPlay, not when playing via AUX or Bluetooth.Seems to happen with every car I try it with, but I never tried a different phone. So right now I'm choosing between being able to have GPS or listen to music properly, as I cannot do both at the same time...

However, if I play music via CarPlay (Spotify [lossless], YouTube, on phone .flac files, etc) some built-in sound normalization seems to kick in and suddenly it ruins the music when playing even slightly louder.I've tried for years to figure out what the hell is going on, tried every setting under the sun, but cannot get it to work so only thing left is some built-in sound ruinification (""normalization"") that Apple does, only when played via CarPlay, not when playing via AUX or Bluetooth.Seems to happen with every car I try it with, but I never tried a different phone. So right now I'm choosing between being able to have GPS or listen to music properly, as I cannot do both at the same time...

I've tried for years to figure out what the hell is going on, tried every setting under the sun, but cannot get it to work so only thing left is some built-in sound ruinification (""normalization"") that Apple does, only when played via CarPlay, not when playing via AUX or Bluetooth.Seems to happen with every car I try it with, but I never tried a different phone. So right now I'm choosing between being able to have GPS or listen to music properly, as I cannot do both at the same time...

Seems to happen with every car I try it with, but I never tried a different phone. So right now I'm choosing between being able to have GPS or listen to music properly, as I cannot do both at the same time...

reply

Have you tried Android Auto?

reply

reply

> Maybe it's trying to split the output into more than two audio channels when in CarPlay mode?I hope so, most of what I play is stereo, and works fine via AUX/Bluetooth.

I hope so, most of what I play is stereo, and works fine via AUX/Bluetooth.

reply

reply

CarPlay sounds fantastic but right now all the manufacturers I'm looking at for ""next car"" don't support it. I keep thinking if I never experience it first hand I'll not be disappointed if the ""next car"" doesn't have it. Bluetooth for music might be enough of an upgrade for me. It seems interesting to me this pendulum swing in ""every car has CarPlay"" to ""manufacturers don't trust CarPlay"" has happened within the time period of me owning a single car. It probably says something about the car life cycle.

reply

Currently my bane with the smart TV I have. Takes so long to boot and to wake from sleep that I'd press the power button, go to make my coffee and then get back to it. Otherwise I'd be halfway through my breakfast when all I wanted to do is watch a few videos on Youtube.

reply

I miss dumb TVs so much.

reply

reply

reply

CarPlay is user-centric, which is why users like it. All these attempts to force people into a device-centric experience make no sense. I spent an hour or two a day, at most, in my car. My phone is within Bluetooth distance every waking moment. Why in the world would I want my car to be a disjointed experience?

reply

My car's integrated nav is… fine. But having to re-enter addresses drops the convenience considerably.

reply

reply

reply

reply

reply

What you don't (usually) get from car's regular infotainment:- Maps that don't suck- Maps that get updated often- Navigation that is aware of more than just what HD Radio tells about highways- Helpful notification when you get into the car that starts navigating to whatever is next on your calendar- A choice between what navigation software to use- Ability to switch between audio sources (i.e. go from audiobook to spotify)IMO Android Auto and CarPlay generally implemented pretty poorly in pretty much anything, but Mazda.

- Maps that don't suck- Maps that get updated often- Navigation that is aware of more than just what HD Radio tells about highways- Helpful notification when you get into the car that starts navigating to whatever is next on your calendar- A choice between what navigation software to use- Ability to switch between audio sources (i.e. go from audiobook to spotify)IMO Android Auto and CarPlay generally implemented pretty poorly in pretty much anything, but Mazda.

- Maps that get updated often- Navigation that is aware of more than just what HD Radio tells about highways- Helpful notification when you get into the car that starts navigating to whatever is next on your calendar- A choice between what navigation software to use- Ability to switch between audio sources (i.e. go from audiobook to spotify)IMO Android Auto and CarPlay generally implemented pretty poorly in pretty much anything, but Mazda.

- Navigation that is aware of more than just what HD Radio tells about highways- Helpful notification when you get into the car that starts navigating to whatever is next on your calendar- A choice between what navigation software to use- Ability to switch between audio sources (i.e. go from audiobook to spotify)IMO Android Auto and CarPlay generally implemented pretty poorly in pretty much anything, but Mazda.

- Helpful notification when you get into the car that starts navigating to whatever is next on your calendar- A choice between what navigation software to use- Ability to switch between audio sources (i.e. go from audiobook to spotify)IMO Android Auto and CarPlay generally implemented pretty poorly in pretty much anything, but Mazda.

- A choice between what navigation software to use- Ability to switch between audio sources (i.e. go from audiobook to spotify)IMO Android Auto and CarPlay generally implemented pretty poorly in pretty much anything, but Mazda.

- Ability to switch between audio sources (i.e. go from audiobook to spotify)IMO Android Auto and CarPlay generally implemented pretty poorly in pretty much anything, but Mazda.

IMO Android Auto and CarPlay generally implemented pretty poorly in pretty much anything, but Mazda.

reply

Tesla bluetooth UI is pretty ass, actually.

reply

reply

That just puts you in the space of needing all apps to be available on all devices.

reply

reply

reply

reply

But I get the point.

reply

That would still work, as you can use Bluetooth.

reply

reply

reply

reply

> - ""It's on your phone""Straight use your phone.There is no need for the car to adapt, no updates, no back deal by the car manufacturer, nothing is tied to the car except Bluetooth.Current screens are IMHO big enough, moving to a tablet or foldables is also an optionMounting/unmounting is a solved problem since magsafe (or Peak Design like stronger updates), which also handles charging.Voice commands will be enough for most operations and you're guaranteed to have physical buttons for volume up/down and screen off.You're also 100% efficient with the interface.

Straight use your phone.There is no need for the car to adapt, no updates, no back deal by the car manufacturer, nothing is tied to the car except Bluetooth.Current screens are IMHO big enough, moving to a tablet or foldables is also an optionMounting/unmounting is a solved problem since magsafe (or Peak Design like stronger updates), which also handles charging.Voice commands will be enough for most operations and you're guaranteed to have physical buttons for volume up/down and screen off.You're also 100% efficient with the interface.

There is no need for the car to adapt, no updates, no back deal by the car manufacturer, nothing is tied to the car except Bluetooth.Current screens are IMHO big enough, moving to a tablet or foldables is also an optionMounting/unmounting is a solved problem since magsafe (or Peak Design like stronger updates), which also handles charging.Voice commands will be enough for most operations and you're guaranteed to have physical buttons for volume up/down and screen off.You're also 100% efficient with the interface.

Current screens are IMHO big enough, moving to a tablet or foldables is also an optionMounting/unmounting is a solved problem since magsafe (or Peak Design like stronger updates), which also handles charging.Voice commands will be enough for most operations and you're guaranteed to have physical buttons for volume up/down and screen off.You're also 100% efficient with the interface.

Mounting/unmounting is a solved problem since magsafe (or Peak Design like stronger updates), which also handles charging.Voice commands will be enough for most operations and you're guaranteed to have physical buttons for volume up/down and screen off.You're also 100% efficient with the interface.

Voice commands will be enough for most operations and you're guaranteed to have physical buttons for volume up/down and screen off.You're also 100% efficient with the interface.

You're also 100% efficient with the interface.

reply

- My phone's screen is nowhere near big enough for me to ""glance"" at it while driving (to see if my turn is coming up, etc)- I'm not carrying around a tablet with me - my phone fits in my pocket- Mounting is _not_ a solved problem. It just... isn't. This is a whole topic on it's own, but mounting a phone in a good position, where it will stay without moving/falling/bugging (especially in 100+ degree heat) and not be in the way of _other_ car things is a pain- I already have physical buttons (that interact with car play, where needed) for all those things in my car- Interacting with the screen of my phone while driving is 100% not something I'm proficient with; nor would I want to be. It's not designed for interacting with it while not paying attention to it. CarPlay is

- I'm not carrying around a tablet with me - my phone fits in my pocket- Mounting is _not_ a solved problem. It just... isn't. This is a whole topic on it's own, but mounting a phone in a good position, where it will stay without moving/falling/bugging (especially in 100+ degree heat) and not be in the way of _other_ car things is a pain- I already have physical buttons (that interact with car play, where needed) for all those things in my car- Interacting with the screen of my phone while driving is 100% not something I'm proficient with; nor would I want to be. It's not designed for interacting with it while not paying attention to it. CarPlay is

- Mounting is _not_ a solved problem. It just... isn't. This is a whole topic on it's own, but mounting a phone in a good position, where it will stay without moving/falling/bugging (especially in 100+ degree heat) and not be in the way of _other_ car things is a pain- I already have physical buttons (that interact with car play, where needed) for all those things in my car- Interacting with the screen of my phone while driving is 100% not something I'm proficient with; nor would I want to be. It's not designed for interacting with it while not paying attention to it. CarPlay is

- I already have physical buttons (that interact with car play, where needed) for all those things in my car- Interacting with the screen of my phone while driving is 100% not something I'm proficient with; nor would I want to be. It's not designed for interacting with it while not paying attention to it. CarPlay is

- Interacting with the screen of my phone while driving is 100% not something I'm proficient with; nor would I want to be. It's not designed for interacting with it while not paying attention to it. CarPlay is

reply

reply

reply

reply

reply

That's not Android Auto, it's Waze doing that (and it would do it on Apple too). And it's not ""an attempt at engagement"", it's a cost for keeping the real-time map and traffic data that Waze is chosen for up-to-date. Use Google Maps if you don't like the interruptions.

reply

reply

reply

reply

reply

reply

reply

reply

Sure I would like the vehicle to have some style but trying to navigate with maps or something I want it to work / look consistently.

reply

reply

reply

reply

Now that cars are rolling screens, I wouldn't buy a car without screen mirroring for the same reason.

reply

reply

I don't mind a built in infotainment system stuck in a previous era, as long as it works.

reply

reply

reply

reply

Imagine if your ten year old car hasn't seen an infotainment update in four+ years.  Or if you want to buy used.Personally I'd much prefer my phone. It's baked into Apple/Google ‘s business model to keep it up to date.Also I only need my phone's subscription, not an additional one with the auto manufacturer.

Personally I'd much prefer my phone. It's baked into Apple/Google ‘s business model to keep it up to date.Also I only need my phone's subscription, not an additional one with the auto manufacturer.

Also I only need my phone's subscription, not an additional one with the auto manufacturer.

reply

reply

reply

I recently had the idea of taking the FireStick 4K Max that I bought ~1year ago for the living room smart OLED TV which is getting a little older, I had gotten ready to take it on a few trips I'm doing this year, thought I was being clever, unfortunately it died a literal week after the warranty, boot looping constantly.I won't buy another Firestick again, it was atrociously add-riddled and often showing things inappropriate for the kids in the middle of the day, but if  generic Android TV stick like that was available with good performance and all the necessary DRM levels, I'd probably use that.For now, I will just carry an HDMI cable and use my laptop.

I won't buy another Firestick again, it was atrociously add-riddled and often showing things inappropriate for the kids in the middle of the day, but if  generic Android TV stick like that was available with good performance and all the necessary DRM levels, I'd probably use that.For now, I will just carry an HDMI cable and use my laptop.

For now, I will just carry an HDMI cable and use my laptop.

reply

Unlike the sibling, I've never encountered a hotel with all ports blocked.  But I have encountered hotels where there is no way to choose other ports.  In that case, I've just unplugged their STB and plugged my FS in.

reply

reply

This was a bummer just the other day where my iPhone somehow (and I still don't know how) auto-signed into an amazingly fast wifi AP managed by my cell provider, but I was stuck working on crappy guest wifi on my laptop and could not get the laptop onto the better wifi.

reply

reply

reply

In the UK, they'll often put a plate in the wall with hdmi for easy connection, literally to make it easier for you to do.

reply

reply

reply

reply

reply

reply

Car makers make money selling cars. Which buyers happily pay five figure suns for. An executive can add to the bottom line by raising sales prices/volumes with a more competitive product, or lowering component costs.This isn't some weird social media business with non-paying users and a reliance on ad money.

This isn't some weird social media business with non-paying users and a reliance on ad money.

reply

Getting all my information - calendar, maps history, music, contacts, etc. on a rental car without syncing that info to it is absolutely great.

reply

No, they are not. When you press ""Home"" button on your car where does it go? In some cars it goes to CarPlay main screen, in others it goes to car's built-in system main screen. When you press back what happens? When you press Nav/Maps button where does it go? Again, some cars will launch built-in navigation while others will go in whatever last nav app you used in car play. Mazda disables touch screen when car play is enabled (which is good and I like it)> One interesting use case I saw was a couple where one used a left-to-right interface and the other a right-to-left UI.That depends on if car was originally made for left-hand or right-hand traffic, some cars allow you to change that (in my BMW it required messing with obd port)

> One interesting use case I saw was a couple where one used a left-to-right interface and the other a right-to-left UI.That depends on if car was originally made for left-hand or right-hand traffic, some cars allow you to change that (in my BMW it required messing with obd port)

That depends on if car was originally made for left-hand or right-hand traffic, some cars allow you to change that (in my BMW it required messing with obd port)

reply

reply

It's also part of the safety rating of Euro NCAP, and AFAIK China mandated physical buttons for important functions as well.

reply

reply

reply

Yes, you can open the AC screen by tapping the AC button but then you still need use the touch screen for any actual AC adjustments.It's a joke that that's legal. Looking at my phone is illegal, yet it's many times faster.

It's a joke that that's legal. Looking at my phone is illegal, yet it's many times faster.

reply

reply

reply

reply

reply

reply

reply

Also, the Jaguar F Pace was a big screen with the only knob being the vents, so they did take the majority away.

reply

Also some of their brands had physical buttons all along. I think Skoda never removed them in the Elroq or Enyak.

reply

reply

Am I missing something?

reply

Still, if you are very used to the UI, you can say the music app is one item down from the map, and the phone is two, so you can count presses. I was able to SMS people with a Nokia phone with a hand on the steering wheel and one on the phone (back when it was not forbidden).

reply

reply

https://esv6hz7yeij.exactdn.com/wp-content/uploads/2025/10/b...

reply

reply

reply

reply

reply

reply

reply

reply

I wonder which it is.

reply

reply

I have the same car, those are the previous/next buttons.

reply

We're literally talking about a car wheel, how do you get off on it so much?There's no Play button on the whole wheel? That roller, doesn't it also play/pause when pressed?

There's no Play button on the whole wheel? That roller, doesn't it also play/pause when pressed?

reply

This is what set me off:> Like it's been a case for like 40 years or so?

> Like it's been a case for like 40 years or so?

reply

reply

reply

reply

R.I.P. Anton Yelchin, who brought us joy with his portrayal of Chekov in the Star Trek films, before losing his life at only 27, from a switch poorly masquerading as a brake lever.

reply

reply

(I stick with a manual for my vehicles, so fortunately I'm mostly immunized against the madness.)

reply

reply

reply

reply

reply

reply

reply

Did cars get cheaper when they took all of those out? I certainly didn't notice.

reply

reply

reply

reply

reply

reply

reply



reply

reply

reply

reply

reply

reply

reply

reply

reply

reply

If all it takes to be a good person is spam low-effort high attention virtue signals that's great I will do more of that.

reply

reply

reply

I'm sorry, but I do not buy the ""people talk like that"" argument. It's anecdotal evidence for me, sure, but I'm waiting for facts.

reply

reply

From July 2022: https://www.cnbc.com/2022/07/22/apple-carplay-could-be-a-tro...  Apple engineering manager Emily Schubert said 98% of new cars in the U.S. come 
  with CarPlay installed. She delivered a shocking stat: 79% of U.S. buyers would 
  only buy a car if it supported CarPlay.

  “It's a must-have feature when shopping for a new vehicle,” Schubert said 
  during a presentation of the new features.

  Apple engineering manager Emily Schubert said 98% of new cars in the U.S. come 
  with CarPlay installed. She delivered a shocking stat: 79% of U.S. buyers would 
  only buy a car if it supported CarPlay.

  “It's a must-have feature when shopping for a new vehicle,” Schubert said 
  during a presentation of the new features.

reply

reply

I'm sure they are trying and it has gotten slightly better lately - but it's still not great imho. If they really want to do it better than Apple etc., they seriously need to up their game - and I really wish they would, but I don't see that happening, the cost is too high.

reply

I have a newish car (2023 make) with an Android based infotainment system: the built-in maps move so slow, no online updates (I have to use a stick to update them once a year) and so on. Basically they put it there I think out of habit, not that the majority of their customer demand in-car navigation as a must to buy it.

reply

Some brands don't even do OTA updates, so you'd have to get your car in for a service if there's a new feature or bug fix in an update you care about. I'd never want to do that for a map fix when I could just use Carplay where Google Maps (or whatever else) has already fixed it.And even if they do OTA updates, they won't be updating those maps in 10 years, much less 20.

And even if they do OTA updates, they won't be updating those maps in 10 years, much less 20.

reply

    > I've had ~15 cars over the past 25 years

That is a lot of cars!  Why so many?

reply

It's a real competition, not sure who would take home the gold.

reply

reply

reply

reply

reply

reply

reply

reply

reply

reply

reply

They already collect and track you, even with car play. I strongly recommend this CCC talk, where they hacked a Volkswagen database that contained unfiltered, high-accuracy, timestamped locations of a large majority of electric cars from VW group.Based on that they were, for example, able to identify cars owned by members of Germany's security apparatus: where they work, where they live, where they drop off their children each morning. Who visited brothels.https://www.youtube.com/watch?v=SGzoXbbth0s&t=30m

Based on that they were, for example, able to identify cars owned by members of Germany's security apparatus: where they work, where they live, where they drop off their children each morning. Who visited brothels.https://www.youtube.com/watch?v=SGzoXbbth0s&t=30m

https://www.youtube.com/watch?v=SGzoXbbth0s&t=30m

reply

reply

reply

reply

reply

reply

reply

reply

reply

reply

Tesla's is probably better than most, but they still lose by not letting me just use my phone, which is what I like.

reply

I don't pay for any Tesla subscription services, but I do not miss Carplay.  Would it be nice to have?  Sure.  But there was/is no equivalent car at that price with Carplay.

reply

reply

reply

Basically despite the popularity the market seems to be moving against it slowly. And the more those cars succeed the more other auto makers will be willing to follow.

reply

reply

reply

Examples: self-ordering kiosks at restaurants, every change made at every airline in the last 15 years, bandwidth caps at ISPs, “resort fees” at every hotel, tipping for car services, etc.They know that since there aren't many options, it doesn't matter if customers all hate it, as long as they have no choice. The automakers (at least in their fantasies) smell blood in the water for the idea of CarPlay/Android Auto, and want to kill it if they can.

They know that since there aren't many options, it doesn't matter if customers all hate it, as long as they have no choice. The automakers (at least in their fantasies) smell blood in the water for the idea of CarPlay/Android Auto, and want to kill it if they can.

reply

reply

reply

reply

reply

Which does sort of get slightly to the heart of some recent things that the dealer model in the US has always been sometimes antagonistic to consumers, EVs make that worse, and it may be time for brand new dealer regulation. (Though that alone won't address the subscription fees because car companies will want recurring revenue with or without dealers.)

reply

What is this, the 60s? Modern gas cars are so computer controlled that the concept of a ""tune-up"" effectively no longer exists, and they go 10,000 miles between oil changes so most people don't even average a single oil change every 6 months. EVs are even lower maintenance, but the difference isn't nearly as big as you're implying.

reply

reply

Curious if anyone has been able to calculate the sales and profits surrendered by the likes of GM and Rivian due to this switch. (My guess is it's low.)

reply

If Rivian et al. truly want to sell a premium product, their software needs to be premium. And frankly it's just not there. The other day I was trying to listen to an upcoming album that has a few singles released. On my phone I can do that no problem. On the Rivian Spotify app, the album just didn't show up. It wasn't possible to play those songs in order without searching for the songs one by one. There are a ton of things that I love about my R1T, but as more time passes, the gap between what they offer and what other manufacturers offer becomes more and more apparent

reply

reply

reply

reply

I've only had Android Auto in my own vehicles, and while it hasn't been as buggy, it feels slow. I never use it anymore.

reply

reply

It was always stable for me, just sluggish.If I had to pick I'd take sluggish over constantly buggy of course. So props there.The infotainment setup on my Tesla though is golden with only the occasional quirk. After using that, Carplay and Android Auto feel very regressive. A guy I work with has an R2 so I got to tinker with it and I figured it would be comparable but it actually kinda sucked.

If I had to pick I'd take sluggish over constantly buggy of course. So props there.The infotainment setup on my Tesla though is golden with only the occasional quirk. After using that, Carplay and Android Auto feel very regressive. A guy I work with has an R2 so I got to tinker with it and I figured it would be comparable but it actually kinda sucked.

The infotainment setup on my Tesla though is golden with only the occasional quirk. After using that, Carplay and Android Auto feel very regressive. A guy I work with has an R2 so I got to tinker with it and I figured it would be comparable but it actually kinda sucked.

reply

reply

Their homemade infotainment system prior to CarPlay was awful, and has an overflow error which hits me about once every 6 months which requires pulling the fuse to hard reset it. As far as I can tell they keep adding new songs to a stack, and never flush it so at some point you'll reach the end of a song and it won't play any more. Once you reached that you can only use the phone function, attempts to use music result in you getting your Bluetooth connection terminated.

reply

reply

I haven't seen a broad range, but Mazda seems very fast and reliable.Chevrolet (prior to recent models that drop it) and Honda do it well.

Chevrolet (prior to recent models that drop it) and Honda do it well.

reply

reply

I don't actually know if the Toyota infotainment setup is to blame though. Since I've never encountered a reasonably stable, glitch free Carplay experience in the last 5 years, I've always just figured ""that must be how CarPlay is"". I have never owned an iPhone so I only get the cliffnotes version of the experience. But since it's got a 0% track record in that limited viewing, I'm either unlucky, emit magical anti-apple em waves, or am possessed by the soul of Steve Jobs favourite black shirt.I don't know if the sensitivity to Siri can be turned down, again not an iPhone guy myself, but it bugs me how often we will be talking and suddenly the audio stops and Siri says ""I don't know how to help you with that"" or something similar. Sometimes we just don't talk so that we don't constantly have Siri interrupting Hardcore History.

I don't know if the sensitivity to Siri can be turned down, again not an iPhone guy myself, but it bugs me how often we will be talking and suddenly the audio stops and Siri says ""I don't know how to help you with that"" or something similar. Sometimes we just don't talk so that we don't constantly have Siri interrupting Hardcore History.

reply

reply

fun car to drive too. zoom zoom :)

reply

reply

Actually, Tesla is apparently planning to add CarPlay support via a software update.It hasn't happened yet, as apparently it's been waiting on a new feature from Apple which will allow navigation data to be shared/synced between CarPlay and the car's self-driving system.This Route Sharing feature was announced at WWDC:
https://www.youtube.com/watch?v=ykwG0I8UGjg&t=771s

It hasn't happened yet, as apparently it's been waiting on a new feature from Apple which will allow navigation data to be shared/synced between CarPlay and the car's self-driving system.This Route Sharing feature was announced at WWDC:
https://www.youtube.com/watch?v=ykwG0I8UGjg&t=771s

This Route Sharing feature was announced at WWDC:
https://www.youtube.com/watch?v=ykwG0I8UGjg&t=771s

reply

reply

reply

reply

Porsche sells head units with car play for their cars going back to the 1960's.
I think they look great.https://vehicle-accessories.porsche.com/prod/pag/Vehicle/Acc...

https://vehicle-accessories.porsche.com/prod/pag/Vehicle/Acc...

reply

Like you have this 30 year old car with a pristine wooden trim where all components align nicely in design and you decide to ruin it for the convenience of having notifications in your face while driving? A phone holder looks much less invasive.

reply

reply

reply

https://www.teslarati.com/apple-developing-missing-link-tesl...

reply

GM just wants to extract a pound of flesh. All are companies making dumb decisions by ignoring what customers want.It will cost them customers. My company buys like 10k cars a year and we make CarPlay a requirement. We see it as a safety and productivity issue. We want employees using maps to navigate and avoid hazards, but don't want them operating our vehicles unsafely.Personally, it would be a long shot for me to buy any GM product due to  high depreciation. The CarPlay/Android Auto thing disqualifies them.

It will cost them customers. My company buys like 10k cars a year and we make CarPlay a requirement. We see it as a safety and productivity issue. We want employees using maps to navigate and avoid hazards, but don't want them operating our vehicles unsafely.Personally, it would be a long shot for me to buy any GM product due to  high depreciation. The CarPlay/Android Auto thing disqualifies them.

Personally, it would be a long shot for me to buy any GM product due to  high depreciation. The CarPlay/Android Auto thing disqualifies them.

reply

reply

https://www.theverge.com/transportation/804562/gm-apple-carp...

reply

reply

reply

reply

reply

reply

reply

Rivian is turning away potential lifetime customers because they want to force customers to pay for another cellular data plan and get their cut.

reply

My vehicle doesn't support the carplay to hud stuff, but that's okay. The thing is... when my car stops getting map and traffic updates, I will still be able to switch to carplay for at least the command screen presenting information. I intend on keeping this vehicle for a long time, so that's important to me.On top of that, carplay offers better bitrate than bluetooth.For people that wish to keep a vehicle for a long time, carplay/android auto isn't just a convenience anymore. With the increased integration of headunits, aftermarket becomes a tougher sell.

On top of that, carplay offers better bitrate than bluetooth.For people that wish to keep a vehicle for a long time, carplay/android auto isn't just a convenience anymore. With the increased integration of headunits, aftermarket becomes a tougher sell.

For people that wish to keep a vehicle for a long time, carplay/android auto isn't just a convenience anymore. With the increased integration of headunits, aftermarket becomes a tougher sell.

reply

Why not just name the brand?

reply

reply

reply

reply

Could be an Alpina

reply

reply

reply

reply

reply

reply

reply

reply

I would be shocked by the number being that high because while iOS has a slim majority of the market share, it's nowhere near 79%.

reply

reply

reply

reply

These companies are giving up sovereignty of their primary product to a company that can steer away customer loyalty and disrupt any hope these companies have of increasing their already scant margins.Any car should be able to interface with a phone without Apple or Google's legally binding terms and NDAs. The direction of control should be on the side of the customer first, and the automotive company second.Where the hell are the regulators? This is not okay.

Any car should be able to interface with a phone without Apple or Google's legally binding terms and NDAs. The direction of control should be on the side of the customer first, and the automotive company second.Where the hell are the regulators? This is not okay.

Where the hell are the regulators? This is not okay.

reply

Your comment would only make sense in a hypothetical situation where the car infotainment only worked if you had an iPhone or if there was some kind of exclusivity agreements to preclude it working with Android, but that isn't the case in any circumstance I'm aware of.

reply

reply

Or ""we're gonna cut off our older models to force people towards new cars instead of older ones."" That's a bad pattern to let people selling $30,000+ devices get access to.

reply

reply

As it is, CarPlay is implemented as a h264 video stream which receives touch, microphone, and metadata from the vehicle, the protocol is fine albeit proprietary

reply

reply

I feel the same way about Android auto. I refuse to be locked into some terrible, never updated or expensive subscription vendor nav unit. I have a phone. I want to be able to use it.

reply

reply

reply

reply

To quote a wise man:>> We need to stop this helicopter civilization bullshit.>>We're building 1984 to protect from god knows what imaginary harms.https://news.ycombinator.com/item?id=48755473

>> We need to stop this helicopter civilization bullshit.>>We're building 1984 to protect from god knows what imaginary harms.https://news.ycombinator.com/item?id=48755473

>>We're building 1984 to protect from god knows what imaginary harms.https://news.ycombinator.com/item?id=48755473

https://news.ycombinator.com/item?id=48755473

reply

These trillion dollar companies are the problem. They're moving into other healthy industries and crushing them. They're sucking the oxygen out of every market.Stop cheerleading this. They need vibrant competition. We need a de-ossifying forest fire. We need lots of nimble smaller companies.Instead the giants place a ceiling on the growth of every other industry, then when they need more growth, they start to creep in and dump on healthy markets unrelated to their original enterprise.Look at Amazon giving away Lord of the Rings, running a $200M ad campaign for free on its Rivian trucks, printed boxes, website, app, etc., buying up MGM... How do actual companies in these spaces compete with the dumping?How do businesses keep Apple and Google from strong-arming them? Rivian doesn't want to be Apple's bitch. You guys are cheerleading it and telling Rivian to bend over.Google and Apple are the companies that want to track you and turn the internet into a land of device attestation and mandatory ID sign in. They're both actively building ""age assurance"" into their platforms, and it won't be long before they start gating internet use via these tendrils.Google and Apple are not good companies.You're all building this Orwellian hellscape. STOP.

Stop cheerleading this. They need vibrant competition. We need a de-ossifying forest fire. We need lots of nimble smaller companies.Instead the giants place a ceiling on the growth of every other industry, then when they need more growth, they start to creep in and dump on healthy markets unrelated to their original enterprise.Look at Amazon giving away Lord of the Rings, running a $200M ad campaign for free on its Rivian trucks, printed boxes, website, app, etc., buying up MGM... How do actual companies in these spaces compete with the dumping?How do businesses keep Apple and Google from strong-arming them? Rivian doesn't want to be Apple's bitch. You guys are cheerleading it and telling Rivian to bend over.Google and Apple are the companies that want to track you and turn the internet into a land of device attestation and mandatory ID sign in. They're both actively building ""age assurance"" into their platforms, and it won't be long before they start gating internet use via these tendrils.Google and Apple are not good companies.You're all building this Orwellian hellscape. STOP.

Instead the giants place a ceiling on the growth of every other industry, then when they need more growth, they start to creep in and dump on healthy markets unrelated to their original enterprise.Look at Amazon giving away Lord of the Rings, running a $200M ad campaign for free on its Rivian trucks, printed boxes, website, app, etc., buying up MGM... How do actual companies in these spaces compete with the dumping?How do businesses keep Apple and Google from strong-arming them? Rivian doesn't want to be Apple's bitch. You guys are cheerleading it and telling Rivian to bend over.Google and Apple are the companies that want to track you and turn the internet into a land of device attestation and mandatory ID sign in. They're both actively building ""age assurance"" into their platforms, and it won't be long before they start gating internet use via these tendrils.Google and Apple are not good companies.You're all building this Orwellian hellscape. STOP.

Look at Amazon giving away Lord of the Rings, running a $200M ad campaign for free on its Rivian trucks, printed boxes, website, app, etc., buying up MGM... How do actual companies in these spaces compete with the dumping?How do businesses keep Apple and Google from strong-arming them? Rivian doesn't want to be Apple's bitch. You guys are cheerleading it and telling Rivian to bend over.Google and Apple are the companies that want to track you and turn the internet into a land of device attestation and mandatory ID sign in. They're both actively building ""age assurance"" into their platforms, and it won't be long before they start gating internet use via these tendrils.Google and Apple are not good companies.You're all building this Orwellian hellscape. STOP.

How do businesses keep Apple and Google from strong-arming them? Rivian doesn't want to be Apple's bitch. You guys are cheerleading it and telling Rivian to bend over.Google and Apple are the companies that want to track you and turn the internet into a land of device attestation and mandatory ID sign in. They're both actively building ""age assurance"" into their platforms, and it won't be long before they start gating internet use via these tendrils.Google and Apple are not good companies.You're all building this Orwellian hellscape. STOP.

Google and Apple are the companies that want to track you and turn the internet into a land of device attestation and mandatory ID sign in. They're both actively building ""age assurance"" into their platforms, and it won't be long before they start gating internet use via these tendrils.Google and Apple are not good companies.You're all building this Orwellian hellscape. STOP.

Google and Apple are not good companies.You're all building this Orwellian hellscape. STOP.

You're all building this Orwellian hellscape. STOP.

reply

You'll note that it wasn't Apple who sold out their own customers, it was GM. [1]  False-equivalence arguments are both pointless and, in this case, unnecessary.  There is a lesser and greater evil here, and the lesser one in this case happens to be Apple.1: https://finance.yahoo.com/sectors/technology/articles/gm-pay...

1: https://finance.yahoo.com/sectors/technology/articles/gm-pay...

reply

reply

What's your point?

reply

reply

reply

reply

(I will, apparently, never buy a car)

reply

But Ford's EEC was built around Toshiba's TLCS-12, the world's first 12-bit microprocessor, developed specifically for engine control, and might have been in cars produced prior to 77, but documentation is spotty.So do you only drive cars built prior to the late 70s? Because sacrificing the enormous safety improvements just for a bizarre feeling of moral superiority is a really awful hill to die on. And literal death is a real possibilityOr do you not drive and never planned to buy any kind of car and thus your claim is meaningless?

So do you only drive cars built prior to the late 70s? Because sacrificing the enormous safety improvements just for a bizarre feeling of moral superiority is a really awful hill to die on. And literal death is a real possibilityOr do you not drive and never planned to buy any kind of car and thus your claim is meaningless?

Or do you not drive and never planned to buy any kind of car and thus your claim is meaningless?

reply

reply

Anyway those are just four of hundreds of computers in your car these days.

reply

reply

My car will not exceed a certain speed if TPMS is malfunctioning.

reply

reply

reply

reply

But then again, I am old enough perhaps to have been taught to regularly check your tires before driving to begin with.

reply

reply

reply

reply

reply

reply

reply

Real TPMS sensors inside the wheel give much more accurate information.

reply

reply

There are downsides, but many boil down to 'manufacturers are knobheads' (data collection, pushing subscriptions) and lessened control (tuning computers can be easier than tuning mechanics, you just aren't given control, so this to is arguably a case of 'manufacturers are knobheads', or sometimes liability issues).

reply

""No antenna/modem I can't readily remove"" might be _slightly_ more achievable.

reply

Fuel injector timing and quantity, along with ignition timing, is generally computer controlled, certainly on any modern vehicle.

reply

reply

reply

reply

Realistically the only navigation UI have seen that was better was a 2012 or 2013 BMW 5 series which had a HUD that projected my location, speed, heading and turn by turn navigation (with lane info!) onto the windshield. That system rocked because of how the projected UI had your eyes focus farther out so you had a very easy time perceiving the road ahead while getting the next direction info.I assume my next car will have it and I might even upgrade the radio in my current car to have it but it is to me entirely optional.

I assume my next car will have it and I might even upgrade the radio in my current car to have it but it is to me entirely optional.

reply

that's why more recent models move the screen higher up. it sometimes looks a bit silly (like they glued an ipad on top of the dashboard), but it's a lot more usable> HUD that projected my location, speed, heading and turn by turn navigation (with lane info!) onto the windshieldthe latest carplay implementations are compatible with the inbuilt navigation aids, so turn signals from waze/maps/whatever will feed into the HUD

> HUD that projected my location, speed, heading and turn by turn navigation (with lane info!) onto the windshieldthe latest carplay implementations are compatible with the inbuilt navigation aids, so turn signals from waze/maps/whatever will feed into the HUD

the latest carplay implementations are compatible with the inbuilt navigation aids, so turn signals from waze/maps/whatever will feed into the HUD

reply

reply

reply

E.g. Peugeot 4008 I was driving a few months ago could show CarPlay/Auto maps on main gauge cluster.

reply

reply

reply

The car's integration with Carplay? Even models that are 4 years newer than mine seem to still not have this. Not sure what's going on there.

reply

https://update.kia.comyou said they bothered you, so I suggested a fix. no obligation to do it if you don't care.

you said they bothered you, so I suggested a fix. no obligation to do it if you don't care.

reply

reply

Because, I quote: ""they bother you"". Which would explain why should you bother, right?(Also, I was specifically talking about having Android Auto/Carplay projected in gauge cluster.)

(Also, I was specifically talking about having Android Auto/Carplay projected in gauge cluster.)

reply

The directions being shown in the gauge cluster via carplay is still not a thing on later Kias from what I can tell, so that problem is unfixed no matter what.

reply

reply

reply

We all know driving looking at a phone is bad, starring at your cluster for a few seconds can also be bad.

reply

That's far from optimal, that would be where I have my phone, at eye level just to the left of my head, right in front of the pillar. It's perfect in every way, especially since I'm longsighted.Slate has the right idea, car makers should get out of the user software/interface business and prioritize choice. The instrument cluster is fine, as are basic controls, but they just tend to screw things up and add complexity.

Slate has the right idea, car makers should get out of the user software/interface business and prioritize choice. The instrument cluster is fine, as are basic controls, but they just tend to screw things up and add complexity.

reply

... until there's some child walking right into that visual ""dead space"".

reply

If you are concerned about blocking visibility, none of the screens are high enough to block view of the area in front of the car. They only block the upper part of the dashboard or some of the hood.

reply

I'm talking about kids walking to school. Many cars are already tall enough to be a problem for children [1] and the problem is getting worse, there is no need to add giant ass screens inside cars to make the problem even worse than it already is.[1] https://www.theguardian.com/world/2025/jun/11/ever-rising-he...

[1] https://www.theguardian.com/world/2025/jun/11/ever-rising-he...

reply

I'm in the same boat, though with Android Auto or whatever. I'm honestly surprised how many people seem to need CarPlay; a comment or two down there's a stat claiming 79% of buyers wouldn't buy a car without it. Is it that different from the Android implementation? Is there something special about it?I don't get it. It's a nice to have for sure, but honestly not that special, and gets annoying at times (when Android Auto connects on my phone, it tends to stop me from using the maps app on the phone, plus a few other minor grievances). And it's not much easier than just plugging in an aux cord.

I don't get it. It's a nice to have for sure, but honestly not that special, and gets annoying at times (when Android Auto connects on my phone, it tends to stop me from using the maps app on the phone, plus a few other minor grievances). And it's not much easier than just plugging in an aux cord.

reply

If I'm spending $10K on something, I want the Android/iOS experience to be first-class instead of some shitty UI designed be people who I presume don't drive cars.Cars are otherwise fungible between brands. If one has CarPlay/Android Auto there is little reason to pick a brand that lacks support.

Cars are otherwise fungible between brands. If one has CarPlay/Android Auto there is little reason to pick a brand that lacks support.

reply

For example - when using Google Maps on my phone I can pan around the map to look at nearby places really quickly - maybe while I'm stopped at traffic lights, and then reset back to the navigation. Spotify in CarPlay is really hard to use - much harder than the normal app. Whether it plays the song you want seems to be a game of chance.

reply

Car UIs are just universally awful. Even if somehow you find one with a decent UI, it will never get updated and within 5 years it will suck

reply

AUX cord? It's been a few years since I've seen a phone with a headphone jack, or a car with an AUX input. I also don't miss the time where my phone had to be connected on one side to USB for charging, on the other side to the sounds system, and my navigation was done using a a 6"" screen that kept falling between the chairs. Android Auto/CarPlay let's you connect one thing (or not at all), have your phone charged, your navigation clear, and your music playing smoothly and controlled with the physical car knobs.

reply

This is on Google Maps. Nothing about Auto/CarPlay prevents this. Google just chose to do this.

reply

It just works and it is, like others before me said, consistent. I can connect my iPhone to any car I drive that has CatPlay and the dashboard looks like I like it. And Spotify starts right from where it left off in the other car.Can't speak for the Android experience.

Can't speak for the Android experience.

reply

reply

That being said I think there are a few things that make my carplay experience _worse_ than my friends' android auto experience: for example today I am annoyed by google maps spam me with notifications trying to get me to use googles maps instead of waze which is so fucking stupid since it's also google and it just makes me more annoyed with google instead of being the sort of thing that would convince me to switch to android. But I have to admit the google maps and waze integration on android is better.

reply

reply

reply

reply

reply

It's no big issue for me one way or another to have a car with the technology from factory, and I do like having the wireless connectivity - music from the phone etc is really nice - but visual maps and visual UI add no value to me personally.The setup I have for my project car is ideal for me - a small bluetooth receiving amplifier that feeds the speakers directly. It's all hidden behind the dash, has no visible UI, but I get in the car and the phone takes over, it's in a cradle and becomes the head unit.I never need to see a map on screen (Maybe because I grew up doing orienteering, or can just listen to the verbal directions, I'm not sure) so that doesn't bother me. And siri can handle hands-off interaction with the device when needed.I did upgrade the head unit in my family/daily car to support carplay etc, but the primary motivator there was finding a unit that could support a reversing camera. It certainly made the interior feel more modern, but again I don't think it adds much value to me personally.

The setup I have for my project car is ideal for me - a small bluetooth receiving amplifier that feeds the speakers directly. It's all hidden behind the dash, has no visible UI, but I get in the car and the phone takes over, it's in a cradle and becomes the head unit.I never need to see a map on screen (Maybe because I grew up doing orienteering, or can just listen to the verbal directions, I'm not sure) so that doesn't bother me. And siri can handle hands-off interaction with the device when needed.I did upgrade the head unit in my family/daily car to support carplay etc, but the primary motivator there was finding a unit that could support a reversing camera. It certainly made the interior feel more modern, but again I don't think it adds much value to me personally.

I never need to see a map on screen (Maybe because I grew up doing orienteering, or can just listen to the verbal directions, I'm not sure) so that doesn't bother me. And siri can handle hands-off interaction with the device when needed.I did upgrade the head unit in my family/daily car to support carplay etc, but the primary motivator there was finding a unit that could support a reversing camera. It certainly made the interior feel more modern, but again I don't think it adds much value to me personally.

I did upgrade the head unit in my family/daily car to support carplay etc, but the primary motivator there was finding a unit that could support a reversing camera. It certainly made the interior feel more modern, but again I don't think it adds much value to me personally.

reply

reply

reply

I don't hate carplay but some things annoy me like I can't Shazam what I'm listening to in the car because CarPlay pauses the cars audio. I would be willing to try to make it optional until CarPlay works better.

reply

Clip based ones, worst case you can mount them on the aircon vents. They are not great in general but they are cheap and you can fit them pretty much anywhere

reply

I have tried everything that is available at my local shops (which looks like it came from Temu)

reply

reply

I have a rivian, and my wife has a car with carplay.  I've had rivians for years now.  I don't miss carplay when i drive my Rivian.In truth, I used carplay for 3 main things - navigation that didn't suck, listening to music on the apps i wanted to, and reading text messages out loud.Rivian has made those things not suck.  So i don't miss carplay.On my wife's car, those things suck, badly, without carplay.I'm sure there are people out there who heavily depend on carplay for other things, and thus, it really does matter if they have carplay or not.and maybe a day will come when the features carplay could provide me are as shitty on the Rivian as they are on my wife's car, and i'll start demanding it again.But at least right now, that's not true, and so I think Rivian's choice is fine.

In truth, I used carplay for 3 main things - navigation that didn't suck, listening to music on the apps i wanted to, and reading text messages out loud.Rivian has made those things not suck.  So i don't miss carplay.On my wife's car, those things suck, badly, without carplay.I'm sure there are people out there who heavily depend on carplay for other things, and thus, it really does matter if they have carplay or not.and maybe a day will come when the features carplay could provide me are as shitty on the Rivian as they are on my wife's car, and i'll start demanding it again.But at least right now, that's not true, and so I think Rivian's choice is fine.

Rivian has made those things not suck.  So i don't miss carplay.On my wife's car, those things suck, badly, without carplay.I'm sure there are people out there who heavily depend on carplay for other things, and thus, it really does matter if they have carplay or not.and maybe a day will come when the features carplay could provide me are as shitty on the Rivian as they are on my wife's car, and i'll start demanding it again.But at least right now, that's not true, and so I think Rivian's choice is fine.

On my wife's car, those things suck, badly, without carplay.I'm sure there are people out there who heavily depend on carplay for other things, and thus, it really does matter if they have carplay or not.and maybe a day will come when the features carplay could provide me are as shitty on the Rivian as they are on my wife's car, and i'll start demanding it again.But at least right now, that's not true, and so I think Rivian's choice is fine.

I'm sure there are people out there who heavily depend on carplay for other things, and thus, it really does matter if they have carplay or not.and maybe a day will come when the features carplay could provide me are as shitty on the Rivian as they are on my wife's car, and i'll start demanding it again.But at least right now, that's not true, and so I think Rivian's choice is fine.

and maybe a day will come when the features carplay could provide me are as shitty on the Rivian as they are on my wife's car, and i'll start demanding it again.But at least right now, that's not true, and so I think Rivian's choice is fine.

But at least right now, that's not true, and so I think Rivian's choice is fine.

reply

Navigation was still Google Maps, and text integration was there.But no Pandora for music. And that's the problem, in my opinion. Even Android Automotive is way behind Android Auto in app support. That reduces the owner's choices for which software they want to use for their use cases.

But no Pandora for music. And that's the problem, in my opinion. Even Android Automotive is way behind Android Auto in app support. That reduces the owner's choices for which software they want to use for their use cases.

reply

reply

Something that I don't believe is discussed enough, especially here, is how bad 90% of software is in general. Software from non-software companies, almost without exception, is just junk. It has stuff tacked garbage from a partner deals, confusing organization that seemed like a product or marketing guy that never used the software. I could go on.The exceptions, of course, are Rivian and Tesla, who actually make first-class software. On them, I don't miss it, And actually, I would be slightly annoyed if they had it, simply because it breaks up the consistency with infotainment.

The exceptions, of course, are Rivian and Tesla, who actually make first-class software. On them, I don't miss it, And actually, I would be slightly annoyed if they had it, simply because it breaks up the consistency with infotainment.

reply

CarPlay is a fantastic system because it keeps you off your phone.But some of these new infotainment systems, and the complete lack of physical controls, are starting to feel extremely unsafe.

But some of these new infotainment systems, and the complete lack of physical controls, are starting to feel extremely unsafe.

reply

reply

reply

reply

reply

reply

The passenger can use the phone if you want to be able to scroll through an artist's catalog, rearrange playlists, etc. CarPlay's UI is a quick way to access your current library.

reply

reply

Tinfoil hat time: CarPlay was created as a 4D regulatory chess move, because it enables users to continue interacting with their phones in a legislative environment where said action is otherwise illegal.It would be hard to argue that it's illegal to use the phone in a way that's nearly identical to the way you interact with your vehicle controls.

It would be hard to argue that it's illegal to use the phone in a way that's nearly identical to the way you interact with your vehicle controls.

reply

That said, Car Play isn't a panacea for keeping me off my phone though, because some manufacturers have the ability to LIMIT what Car Play can show you.Example - we have two vehicles for our 3 person household.One is a 7 year old Kia EV, the other a nearly new Ford.Ford has somehow limited apps like Music and Podcasts to show or give access to only a tiny subset of playlists and songs when the car is moving - exactly when you absolutely shouldn't pick up your phone.So you pick up your phone because that thing that works in one car, doesn't work in the other - and it's the newer car and car play implementation that's more limiting.

Example - we have two vehicles for our 3 person household.One is a 7 year old Kia EV, the other a nearly new Ford.Ford has somehow limited apps like Music and Podcasts to show or give access to only a tiny subset of playlists and songs when the car is moving - exactly when you absolutely shouldn't pick up your phone.So you pick up your phone because that thing that works in one car, doesn't work in the other - and it's the newer car and car play implementation that's more limiting.

One is a 7 year old Kia EV, the other a nearly new Ford.Ford has somehow limited apps like Music and Podcasts to show or give access to only a tiny subset of playlists and songs when the car is moving - exactly when you absolutely shouldn't pick up your phone.So you pick up your phone because that thing that works in one car, doesn't work in the other - and it's the newer car and car play implementation that's more limiting.

Ford has somehow limited apps like Music and Podcasts to show or give access to only a tiny subset of playlists and songs when the car is moving - exactly when you absolutely shouldn't pick up your phone.So you pick up your phone because that thing that works in one car, doesn't work in the other - and it's the newer car and car play implementation that's more limiting.

So you pick up your phone because that thing that works in one car, doesn't work in the other - and it's the newer car and car play implementation that's more limiting.

reply

reply

Tesla is a great car below the from the headlights down, I love driving my dad's Y performance to the grocery store when I'm visiting home. But no way I'm going to get a car where I can't point the vent at my armpit without using a touch screen. No way I'm going to get a car where I can't talk to whatever agent I want while stuck in traffic. I much rather have a boring car that doesn't tick me off.If Tesla (or Rivian) add Carplay, they'll really move up the my list (still want physical vent control tho). Would you stop driving your Tesla if an update added Carplay tomorrow?

If Tesla (or Rivian) add Carplay, they'll really move up the my list (still want physical vent control tho). Would you stop driving your Tesla if an update added Carplay tomorrow?

reply

reply

reply

reply

reply

Having the ability for the air stream continually moving is more valuable to me than constantly moving it by hand.Being able to pre-cool the car before entering it is more valuable to me than sitting in a hot car and pointing the MAX A/C directly on my face.

Being able to pre-cool the car before entering it is more valuable to me than sitting in a hot car and pointing the MAX A/C directly on my face.

reply

reply

reply

But... you don't. Tapping on the home button once more or swiping to the right on the app page reveals the home screen which has navigation and music together:https://devimages-cdn.apple.com/wwdc-services/images/D35E0E8...https://cdn.mos.cms.futurecdn.net/wgH6RZrtKkuAQkJUjfWW8V.jpgIt even adapts to vertical screens:https://i.redd.it/n7e0st8ebyh81.jpg

https://devimages-cdn.apple.com/wwdc-services/images/D35E0E8...https://cdn.mos.cms.futurecdn.net/wgH6RZrtKkuAQkJUjfWW8V.jpgIt even adapts to vertical screens:https://i.redd.it/n7e0st8ebyh81.jpg

https://cdn.mos.cms.futurecdn.net/wgH6RZrtKkuAQkJUjfWW8V.jpgIt even adapts to vertical screens:https://i.redd.it/n7e0st8ebyh81.jpg

It even adapts to vertical screens:https://i.redd.it/n7e0st8ebyh81.jpg

https://i.redd.it/n7e0st8ebyh81.jpg

reply

reply

reply

reply

reply

reply

CarPlay navigation shows on the instrument cluster. The speed, state of charge, etc all move to the side so the map is right in the middle for quick viewing. Then the infotainment screen can show music or the tiled music/navigation view that CarPlay supports.Basic music controls are on the steering wheel of course, readily accessible.The lack of multitouch is slightly annoying, but it's not something I ever use. If I ever can't see what I need on the navigation I simply look outside for the road signs, which still exist.

Basic music controls are on the steering wheel of course, readily accessible.The lack of multitouch is slightly annoying, but it's not something I ever use. If I ever can't see what I need on the navigation I simply look outside for the road signs, which still exist.

The lack of multitouch is slightly annoying, but it's not something I ever use. If I ever can't see what I need on the navigation I simply look outside for the road signs, which still exist.

reply

reply

reply

reply

reply

You know, I don't care so much about having CarPlay as I care about having Waze or ABRP or just any routing app other than Tesla's.

reply

reply

reply

CarPlay is definitely an improvement if you're comparing it to something like Ford Sync for example

reply

reply

reply

reply

Tesla and surprisingly Hyundai are outliers, the vast majority of cars have terrible infotainment systems, and them deciding to suddenly focus on it does not assure me at all.

reply

Personally I'd stick with Tesla's nav and use CarPlay for media and messaging, and that's the optionality and user choice I think this post is trying to get at.

reply

I think this is the difference for me - I've decided where I'm going before I get in the car. Either I've planned a route (on my phone) or got a destination through a message from a friend on LINE. Either way I already have a plan.. on my phone. So having to somehow get that into the car navigation is always going to be worse than just using my phone

reply

reply

One of them lets me send iMessages to groups as well as non-phone recipients like my kids.  The other is my Tesla.I'm glad for you, but if Tesla supported CarPlay I could get what I wanted and you would not be affected at all.  I'm baffled why people like you even bother to share your opinion.  Nobody is suggesting that you be forced to use CarPlay. See also the entire topic of this discussion.

I'm glad for you, but if Tesla supported CarPlay I could get what I wanted and you would not be affected at all.  I'm baffled why people like you even bother to share your opinion.  Nobody is suggesting that you be forced to use CarPlay. See also the entire topic of this discussion.

reply

reply

You misunderstand.  I am baffled why you would share your opinion in this discussion given that the entire premise is that CarPlay is additive, not a replacement.  You made an entire point that was contrasting CarPlay with the built-in infotainment as if it were an either/or propositionGive me CarPlay on my Tesla, I will use it AND the built-in apps too.  Then I get more than I would have with either one by itself.

Give me CarPlay on my Tesla, I will use it AND the built-in apps too.  Then I get more than I would have with either one by itself.

reply

Your opinion is not an argument for that. It's also not an argument against that.So I'm not terribly sure what it adds to the discussion. I'm not surprised there are people who like Tesla's UI. I've seen plenty of them online over the years.

So I'm not terribly sure what it adds to the discussion. I'm not surprised there are people who like Tesla's UI. I've seen plenty of them online over the years.

reply

I have rented one though, so I know enough about the software experience to know that there's (currently) only one reason why I might wish for CarPlay over the integrated software experience, and that's Waze. Maybe.I own two (petrol) cars. One has CarPlay, the other has a rigid phone mount between the steering wheel and centre console. While I appreciate the former for its nice large widescreen map, I still prefer the latter. Waze in CarPlay mode (due to the restrictions on what can be shown on the phone screen) is simply more annoying to operate. So if was in the market for a Tesla, and I had the choice between CarPlay support or a nice phone mount between the centre console and steering wheel, I'd probably choose the latter.(I would still campaign for Tesla to support CarPlay, because why not.)

I own two (petrol) cars. One has CarPlay, the other has a rigid phone mount between the steering wheel and centre console. While I appreciate the former for its nice large widescreen map, I still prefer the latter. Waze in CarPlay mode (due to the restrictions on what can be shown on the phone screen) is simply more annoying to operate. So if was in the market for a Tesla, and I had the choice between CarPlay support or a nice phone mount between the centre console and steering wheel, I'd probably choose the latter.(I would still campaign for Tesla to support CarPlay, because why not.)

(I would still campaign for Tesla to support CarPlay, because why not.)

reply

reply

reply

reply

reply

reply

https://en.wikipedia.org/wiki/ISO_7736

reply

You lost me right there Rivian. Start picturing yourselves worrying more about how your users picture themselves interacting with THEIR car... and stop worrying about controlling interactions between you and your users. Switch your frame of thinking around.

reply

Maybe I'm overthinking things, but to me ""user"" implies a different more subordinate role where you take what you get, there's no ""the customer is always right"" when it comes to ""users"".

reply

If they introduced CarPlay they will essentially be taping their wallet shut themselves from their point of view when they need the moneyBut their current infotainment has a lot to be desired and a bunch of dumb bugs. CarPlay would allow me as a customer to have a better experience of their vehicles to sidestep their shit navigationI hear the r2 software will help. But CarPlay would be better experience that includes apps I want to use, like overcast. Rj  just wants that subscription money and power instead of what a large percent of their users want.

But their current infotainment has a lot to be desired and a bunch of dumb bugs. CarPlay would allow me as a customer to have a better experience of their vehicles to sidestep their shit navigationI hear the r2 software will help. But CarPlay would be better experience that includes apps I want to use, like overcast. Rj  just wants that subscription money and power instead of what a large percent of their users want.

I hear the r2 software will help. But CarPlay would be better experience that includes apps I want to use, like overcast. Rj  just wants that subscription money and power instead of what a large percent of their users want.

reply

I hear this theory a lot but it doesn't actually make sense given the numbers

reply

reply

reply

Most firms moving away from it (or who never implemented it) seem determined to either sell additional subscription services to their user base (connectivity) or sell their user base to a third-party (either as data, or eyeballs). And for a product at this price point I find myself very annoyed at the attempted payment extraction.Either way, I'm with you. Lots of vehicle manufacturers out there that will support it.

Either way, I'm with you. Lots of vehicle manufacturers out there that will support it.

reply

People like us have got to be affecting GM's sales by some measurable amount, right?

reply

reply

reply

Classic car makers are not able to make decent UIs. Plus, each car would be different. So I prefer Android Auto: it's always my Android Auto, regardless of which car I'm driving.

reply

reply

My aim is device independence. In the old days, to print I had to hook up my printer to a computer. To print from a computer on the network, I needed a print server. I had to administer that. Now the printer itself hooks to the network, which is far superior.I have an older thermostat which allows me to program vacations directly on the unit. This is superior to the newer thermostat, with which I must use my phone for this.My dishwasher requires me to use my phone to do a delayed start. This is inferior to what it replaced, which was a model that allowed me to do delayed start from the panel on the dishwasher.Devices should work on their own. So it's a failure if the first thing I need to do in the car is tether it to a phone. The car needs nav, it needs radio, etc. It would be better if it has those things built in.I understand the complaint in this thread, which is that the carmakers are bad at this. I don't own a Tesla or Rivian, but some folks are saying their interfaces are good. Those carmakers have the right idea. I begrudgingly accept CarPlay. I don't like it. In this era when computing is as cheap as it is and where even a TV can hook directly to network to play back content, it makes no sense that the solution on a $40,000 car is to plug it in to a phone.

I have an older thermostat which allows me to program vacations directly on the unit. This is superior to the newer thermostat, with which I must use my phone for this.My dishwasher requires me to use my phone to do a delayed start. This is inferior to what it replaced, which was a model that allowed me to do delayed start from the panel on the dishwasher.Devices should work on their own. So it's a failure if the first thing I need to do in the car is tether it to a phone. The car needs nav, it needs radio, etc. It would be better if it has those things built in.I understand the complaint in this thread, which is that the carmakers are bad at this. I don't own a Tesla or Rivian, but some folks are saying their interfaces are good. Those carmakers have the right idea. I begrudgingly accept CarPlay. I don't like it. In this era when computing is as cheap as it is and where even a TV can hook directly to network to play back content, it makes no sense that the solution on a $40,000 car is to plug it in to a phone.

My dishwasher requires me to use my phone to do a delayed start. This is inferior to what it replaced, which was a model that allowed me to do delayed start from the panel on the dishwasher.Devices should work on their own. So it's a failure if the first thing I need to do in the car is tether it to a phone. The car needs nav, it needs radio, etc. It would be better if it has those things built in.I understand the complaint in this thread, which is that the carmakers are bad at this. I don't own a Tesla or Rivian, but some folks are saying their interfaces are good. Those carmakers have the right idea. I begrudgingly accept CarPlay. I don't like it. In this era when computing is as cheap as it is and where even a TV can hook directly to network to play back content, it makes no sense that the solution on a $40,000 car is to plug it in to a phone.

Devices should work on their own. So it's a failure if the first thing I need to do in the car is tether it to a phone. The car needs nav, it needs radio, etc. It would be better if it has those things built in.I understand the complaint in this thread, which is that the carmakers are bad at this. I don't own a Tesla or Rivian, but some folks are saying their interfaces are good. Those carmakers have the right idea. I begrudgingly accept CarPlay. I don't like it. In this era when computing is as cheap as it is and where even a TV can hook directly to network to play back content, it makes no sense that the solution on a $40,000 car is to plug it in to a phone.

I understand the complaint in this thread, which is that the carmakers are bad at this. I don't own a Tesla or Rivian, but some folks are saying their interfaces are good. Those carmakers have the right idea. I begrudgingly accept CarPlay. I don't like it. In this era when computing is as cheap as it is and where even a TV can hook directly to network to play back content, it makes no sense that the solution on a $40,000 car is to plug it in to a phone.

reply

Also you need to connect the phone anyway if you want hands free calling.

reply

In this regard CarPlay is evidence of success - a sufficiently interoperable car that allows users to bring their own context and ecosystems.CarPlay is only evidence of failure if your expectation is that the car should provide a comparable ecosystem to Android or iOS - one that must also somehow follow you in your pocket when you leave the car.

CarPlay is only evidence of failure if your expectation is that the car should provide a comparable ecosystem to Android or iOS - one that must also somehow follow you in your pocket when you leave the car.

reply

The car has two proprietary tie-ins to two dominant mobile operating systems. That's another reason this feels like failure to me. If the car had some standard way to hook a device to it to use touch screen and output sound, I might like that.Instead my car (2016 Honda Accord) eliminated the standard 3.5mm jack and added a janky CarPlay implementation that sometimes freezes up entirely, and there's no way to update it. This is not progress.

Instead my car (2016 Honda Accord) eliminated the standard 3.5mm jack and added a janky CarPlay implementation that sometimes freezes up entirely, and there's no way to update it. This is not progress.

reply

Car automakers are not going to support your infotainment system (for free) even just 5 years down the line.Even just thinking about the integrations gives me a headache (will my music app work on my car? how do I transfer my trip from Google Maps on my phone to my car?)So the solution for today and tomorrow is to just stream your entire phone to the car.

Even just thinking about the integrations gives me a headache (will my music app work on my car? how do I transfer my trip from Google Maps on my phone to my car?)So the solution for today and tomorrow is to just stream your entire phone to the car.

So the solution for today and tomorrow is to just stream your entire phone to the car.

reply

reply

reply

That's another one that phones have just solved with the integrated password manager. The friction of providing credentials on my other devices has been reduced, but all of a sudden I need to go hunting through that pwd manager, and hunting and pecking on the infotainment keyboard, to enter a 20+ char unique pwd that modern “best practices” has established. It got bad enough for a bit (swver changes resulting in needing to re-log in) that I stopped using all of these apps for 2-3yr on our Model Y because I got tired of having to do it.

reply

I completely agree with you

reply

reply

reply

reply

reply

reply

reply

reply

reply

reply

reply

reply

reply

reply

reply

reply

Also I'm sure they'd be hit with a class-action lawsuit immediately if they tried it. Manufacturers sell a lot of cars which would lead to a lot of pissed off owners.

reply

I rent quite a lot of cars. I'd rather CarPlay was taken from my car and left in all the rental cars than the other way around.The car manufacturers are awful with their interface design, and being able to get into a new car at 9pm in the dark, and have a familiar interface while navigating some unknown city is invaluable. Consistency is safety and comfort in this situation.

The car manufacturers are awful with their interface design, and being able to get into a new car at 9pm in the dark, and have a familiar interface while navigating some unknown city is invaluable. Consistency is safety and comfort in this situation.

reply

I have a holder for my phone for when I use GPS and basically never interact with it directly after it's set. Only real interactions are media controls via the steering wheel.The only use cases I can see car play helping with are those who take a lot of calls/texts in their car while driving and those who listen to music and want to listen to specific songs.

The only use cases I can see car play helping with are those who take a lot of calls/texts in their car while driving and those who listen to music and want to listen to specific songs.

reply

Then the software side just makes the whole thing useless with a terrible UX that will never be updated.CarPlay is a great solution because the non safety critical stuff (music, navigation) gets offloaded to a competent software company.

CarPlay is a great solution because the non safety critical stuff (music, navigation) gets offloaded to a competent software company.

reply

On my previous car it never changed from the day I bought it, other than navigation getting more and more out of date.On my current car I get software updates occasionally. I'm not sure that function ever changed though.Meanwhile my iPhone gets better every year. And if I buy a new phone? CarPlay can get faster. My car never will even if I wanted to pay them.

On my current car I get software updates occasionally. I'm not sure that function ever changed though.Meanwhile my iPhone gets better every year. And if I buy a new phone? CarPlay can get faster. My car never will even if I wanted to pay them.

Meanwhile my iPhone gets better every year. And if I buy a new phone? CarPlay can get faster. My car never will even if I wanted to pay them.

reply

That car ended up sucking in other ways too. I quickly sold it and went back to buying old Lexuses. Wireless charging phone holder, and off you go. The siren call of infotainment is powerful, but actually living with it is just more fiddly bullshit I don't need in my life.

reply

reply

The ability to just get in your car and have the phone-powered interface right there without having to take your phone out of your pocket and mount it in the holder is something I didn't ‘niceness' of before experiencing it.

reply

1. Proper Voice Texting2. Google maps for routing with (good) traffic data.The Voice Texting just a release or two ago - its okay so far but not as good as CarPlay.  Google traffic landed a while back (in Rivian's map which I prefer over Google Maps)I'll take the voice texting for what is otherwise a very elegant and well designed UI - that keeps getting better.Full disclosure. Even when I have a rental with CarPlay I just use Spotify and google maps.  Both of which are integrated into the Rivian UI. So YMMV

2. Google maps for routing with (good) traffic data.The Voice Texting just a release or two ago - its okay so far but not as good as CarPlay.  Google traffic landed a while back (in Rivian's map which I prefer over Google Maps)I'll take the voice texting for what is otherwise a very elegant and well designed UI - that keeps getting better.Full disclosure. Even when I have a rental with CarPlay I just use Spotify and google maps.  Both of which are integrated into the Rivian UI. So YMMV

The Voice Texting just a release or two ago - its okay so far but not as good as CarPlay.  Google traffic landed a while back (in Rivian's map which I prefer over Google Maps)I'll take the voice texting for what is otherwise a very elegant and well designed UI - that keeps getting better.Full disclosure. Even when I have a rental with CarPlay I just use Spotify and google maps.  Both of which are integrated into the Rivian UI. So YMMV

I'll take the voice texting for what is otherwise a very elegant and well designed UI - that keeps getting better.Full disclosure. Even when I have a rental with CarPlay I just use Spotify and google maps.  Both of which are integrated into the Rivian UI. So YMMV

Full disclosure. Even when I have a rental with CarPlay I just use Spotify and google maps.  Both of which are integrated into the Rivian UI. So YMMV

reply

reply

reply

reply

I could easily afford better, but have little interest in doing so. It's low miles, paid for, handles well in the snow, and is in decent shape. A car gets me from Point A to Point B, and I want it to do so reliably and safely. I couldn't care any less, what people think of me. Life's too short.I also write iOS apps; ones that make a lot of use of navigation stuff.I like being able to use my app to determine a destination, plug it into CarPlay, and immediately get a map to where I want. Point A, meet Point B.I'm sure that some of the systems fancier cars use, may be fine for this kind of thing, but CarPlay does it very smoothly.I'm with the author. No CarPlay, no sale.I really don't think any manufacturer is concerned about what I think, though. There's a lot of fish in the sea.

I also write iOS apps; ones that make a lot of use of navigation stuff.I like being able to use my app to determine a destination, plug it into CarPlay, and immediately get a map to where I want. Point A, meet Point B.I'm sure that some of the systems fancier cars use, may be fine for this kind of thing, but CarPlay does it very smoothly.I'm with the author. No CarPlay, no sale.I really don't think any manufacturer is concerned about what I think, though. There's a lot of fish in the sea.

I like being able to use my app to determine a destination, plug it into CarPlay, and immediately get a map to where I want. Point A, meet Point B.I'm sure that some of the systems fancier cars use, may be fine for this kind of thing, but CarPlay does it very smoothly.I'm with the author. No CarPlay, no sale.I really don't think any manufacturer is concerned about what I think, though. There's a lot of fish in the sea.

I'm sure that some of the systems fancier cars use, may be fine for this kind of thing, but CarPlay does it very smoothly.I'm with the author. No CarPlay, no sale.I really don't think any manufacturer is concerned about what I think, though. There's a lot of fish in the sea.

I'm with the author. No CarPlay, no sale.I really don't think any manufacturer is concerned about what I think, though. There's a lot of fish in the sea.

I really don't think any manufacturer is concerned about what I think, though. There's a lot of fish in the sea.

reply

For a budget car, I'd be perfectly happy if they had a screen for CarPlay/Android Auto that didn't do anything else if a phone wasn't connected. I think this makes a lot of sense as a cost cutting measure. Maybe it would just be used for the mandated backup camera.I also love it for rental cars. I can get in any rental, and instead of having to learn my way around or figure out a Garmin add-on, CarPlay can make the navigation and music instantly familiar with all the data I need.

I also love it for rental cars. I can get in any rental, and instead of having to learn my way around or figure out a Garmin add-on, CarPlay can make the navigation and music instantly familiar with all the data I need.

reply

reply

You shouldn't be doing this while driving. If you're doing this while not driving, you still can. Carplay doesn't make your phone inert while connected. You can still use Google Maps on your phone to punch in a location or look around the area, while still connected to Carplay.

reply

> vastly superior and convenient way to view the same map you can see on your iPhone.The map and the interface is vastly superior on my phone. Google Maps on iOS is barely usable while connected to CarPlay.You shouldn't operate anything while driving. Do that before you leave.

The map and the interface is vastly superior on my phone. Google Maps on iOS is barely usable while connected to CarPlay.You shouldn't operate anything while driving. Do that before you leave.

You shouldn't operate anything while driving. Do that before you leave.

reply

When browsing? I guess. When driving? I have a hard time agreeing with that.> You shouldn't operate anything while driving. Do that before you leave.Exactly, so you not being able to do anything with Google Maps on the Carplay screen doesn't matter, since you don't need to do anything through there to begin with. Set your destination on your phone before you set of (whose functionality isn't reduced by being connected to Carplay), then the screen is naught more than a display after that.

> You shouldn't operate anything while driving. Do that before you leave.Exactly, so you not being able to do anything with Google Maps on the Carplay screen doesn't matter, since you don't need to do anything through there to begin with. Set your destination on your phone before you set of (whose functionality isn't reduced by being connected to Carplay), then the screen is naught more than a display after that.

Exactly, so you not being able to do anything with Google Maps on the Carplay screen doesn't matter, since you don't need to do anything through there to begin with. Set your destination on your phone before you set of (whose functionality isn't reduced by being connected to Carplay), then the screen is naught more than a display after that.

reply

reply

Huh. That doesn't happen with wired carplay (at least for me), and I can't see why this would be different.> I also disliked the Google Maps spam I got on CarPlay while using other navigation apps.I haven't noticed that either for that matter. When you say 'spam' here, what exactly do you mean?

> I also disliked the Google Maps spam I got on CarPlay while using other navigation apps.I haven't noticed that either for that matter. When you say 'spam' here, what exactly do you mean?

I haven't noticed that either for that matter. When you say 'spam' here, what exactly do you mean?

reply

This was about a year ago, I completely stopped using Google Maps since.

reply

reply

reply

So instead of trying to look at a tiny screen that's clipped onto an air vent, I can use the screens and integrated controls, keeping my hands on the wheel and my eyes more in the road.Also, the biggest battery drain is having the screen on. CarPlay allows me to have the screen on the phone off while still accessing all the data. With a wireless adapter, I can also leave the phone in my pocket, so I don't need to set it up every time I get in the car or remember to grab it when getting out. So it feels more like the native experience of using the car.

Also, the biggest battery drain is having the screen on. CarPlay allows me to have the screen on the phone off while still accessing all the data. With a wireless adapter, I can also leave the phone in my pocket, so I don't need to set it up every time I get in the car or remember to grab it when getting out. So it feels more like the native experience of using the car.

reply

reply

I don't know that I believe that.

reply

reply

reply

reply

reply

It's pretty much like any new car as far as entertainment and maps. Plus, it's got physical buttons for everything else. I think recent cars may well be coming back to what I have on my old car.ps. not mentioned, Anrdoid auto and Carplay are H264, later H265, video players with touch control and buttons in a return channel. The phones render the display internally and project it as video to the display. That's all. This is why much older generation displays with at least reasonable SOCs can run them near perfectly. They are not running Anrdoid themselves. In fact some of them are operating system-less SOCs that have nearly no firmware but a video player and the support for the touchscreen and buttons. Much like that crappy video player built into old TVs ten years ago.I have them on my motorcycles too. It's way better than a phone, in that the user interface is designed to be less interactive and more focusses with larger buttons.

ps. not mentioned, Anrdoid auto and Carplay are H264, later H265, video players with touch control and buttons in a return channel. The phones render the display internally and project it as video to the display. That's all. This is why much older generation displays with at least reasonable SOCs can run them near perfectly. They are not running Anrdoid themselves. In fact some of them are operating system-less SOCs that have nearly no firmware but a video player and the support for the touchscreen and buttons. Much like that crappy video player built into old TVs ten years ago.I have them on my motorcycles too. It's way better than a phone, in that the user interface is designed to be less interactive and more focusses with larger buttons.

I have them on my motorcycles too. It's way better than a phone, in that the user interface is designed to be less interactive and more focusses with larger buttons.

reply

The reason was that the original stereo has a custom shape that fits the dashboard, it's rounded and the fascia is apparently easy to crack when removing.I attach my phone with a CD-mount that goes into the CD-player (I hate those vent-mounts) and then I just connect the radio to whatever frequency the FM transmitter is set to.It works surprisingly well, I was skeptical at first reading some negative reviews but I'm super satisfied.The signal never cracks but YMMV, I have it set to 87.5 in rural Sweden and it sounds perfectly clear in the domain of 128 kbit MP3.I'm a sound guy but I think with the poor sound isolation of the car and the OK speakers it sounds perfectly adequate and even a bit nostalgic— it's how I remember car trips in the 90s and early 2000s.It costs €30-40 and I also get a USB-C PD and a second USB-QC 3.0 on the device.Simple and keeps everything original in the car.

I attach my phone with a CD-mount that goes into the CD-player (I hate those vent-mounts) and then I just connect the radio to whatever frequency the FM transmitter is set to.It works surprisingly well, I was skeptical at first reading some negative reviews but I'm super satisfied.The signal never cracks but YMMV, I have it set to 87.5 in rural Sweden and it sounds perfectly clear in the domain of 128 kbit MP3.I'm a sound guy but I think with the poor sound isolation of the car and the OK speakers it sounds perfectly adequate and even a bit nostalgic— it's how I remember car trips in the 90s and early 2000s.It costs €30-40 and I also get a USB-C PD and a second USB-QC 3.0 on the device.Simple and keeps everything original in the car.

It works surprisingly well, I was skeptical at first reading some negative reviews but I'm super satisfied.The signal never cracks but YMMV, I have it set to 87.5 in rural Sweden and it sounds perfectly clear in the domain of 128 kbit MP3.I'm a sound guy but I think with the poor sound isolation of the car and the OK speakers it sounds perfectly adequate and even a bit nostalgic— it's how I remember car trips in the 90s and early 2000s.It costs €30-40 and I also get a USB-C PD and a second USB-QC 3.0 on the device.Simple and keeps everything original in the car.

The signal never cracks but YMMV, I have it set to 87.5 in rural Sweden and it sounds perfectly clear in the domain of 128 kbit MP3.I'm a sound guy but I think with the poor sound isolation of the car and the OK speakers it sounds perfectly adequate and even a bit nostalgic— it's how I remember car trips in the 90s and early 2000s.It costs €30-40 and I also get a USB-C PD and a second USB-QC 3.0 on the device.Simple and keeps everything original in the car.

I'm a sound guy but I think with the poor sound isolation of the car and the OK speakers it sounds perfectly adequate and even a bit nostalgic— it's how I remember car trips in the 90s and early 2000s.It costs €30-40 and I also get a USB-C PD and a second USB-QC 3.0 on the device.Simple and keeps everything original in the car.

It costs €30-40 and I also get a USB-C PD and a second USB-QC 3.0 on the device.Simple and keeps everything original in the car.

Simple and keeps everything original in the car.

reply

So it is kinda expected to be there: if it is not there then a car needs to be something special. So I think buyers don't even ask for it because they assume it will be there (and absence becomes much more noticeable than its presence).

reply

reply

reply

The correct route for someone with interview access to Rivian to clarify whether this scenario applies would be to review their legal terms for owners and then point-blank ask in a recorded interview ‘whether Rivian's vehicles are reporting to Rivian what music their buyers play in Rivian vehicles'. This is a nuanced sentence: whether is yes/no; information is too broad to weasel out of; ‘on what music' focuses on a private aspect of car ownership and is a callback to the VHS rental rulings; ‘in their vehicles' is not only restricted to what's connected to the headunit by usb or Bluetooth or radio, but also covers the headunit-connected microphones in the vehicle as well. If they say yes, the questions become obvious. If they say no, the followup should be to ask if Rivian contractually guarantees that they will not someday issue a software update that begins doing so. Either it does not, or it does. Two questions max to either confirm or refute a suspicion.GM cited ‘the ability to improve cars' as why it's refusing CarPlay, but as the OP article clearly shows, GM could simply continue to improve the cars and the screen surrounding the CarPlay dedicated window, while continuing to improve their own built-in functions using the data from those who do not use it for the benefit of those same users. GM's justifications last year in this regard are just as obtuse as Rivian's this year. Given that similarity, I suspect you're right: Rivian does indeed seem to be trying not to appear desperately in need of cash by reselling user data for subscription revenue profit: ‘buy our three-ton six-figure vehicle so that we can make $1/year off of you to keep our business afloat' is horrendous optics and would lead to open mockery of their business.* The GM/FTC 2026 case only prevents GM from selling data associated with vehicle driving. Headunit usage cannot be readily assumed to be ‘driving' data in the case context of vehicle insurers, and so continued sale of radio usage data to (for imaginary example) Nielsen would be unaffected by the specific, narrow, and temporary 2026 ruling.

GM cited ‘the ability to improve cars' as why it's refusing CarPlay, but as the OP article clearly shows, GM could simply continue to improve the cars and the screen surrounding the CarPlay dedicated window, while continuing to improve their own built-in functions using the data from those who do not use it for the benefit of those same users. GM's justifications last year in this regard are just as obtuse as Rivian's this year. Given that similarity, I suspect you're right: Rivian does indeed seem to be trying not to appear desperately in need of cash by reselling user data for subscription revenue profit: ‘buy our three-ton six-figure vehicle so that we can make $1/year off of you to keep our business afloat' is horrendous optics and would lead to open mockery of their business.* The GM/FTC 2026 case only prevents GM from selling data associated with vehicle driving. Headunit usage cannot be readily assumed to be ‘driving' data in the case context of vehicle insurers, and so continued sale of radio usage data to (for imaginary example) Nielsen would be unaffected by the specific, narrow, and temporary 2026 ruling.

* The GM/FTC 2026 case only prevents GM from selling data associated with vehicle driving. Headunit usage cannot be readily assumed to be ‘driving' data in the case context of vehicle insurers, and so continued sale of radio usage data to (for imaginary example) Nielsen would be unaffected by the specific, narrow, and temporary 2026 ruling.

reply

The car's own cellular connection can still report large amounts of telemetry, such as the car's location in real time, how many people are in it, etc. And if modern cars are anything like smart TVs, send ""content recognition"" screenshots home to infer what drivers use the onboard screen for.I refuse to drive a car without first unplugging the cell modem; this is more or less easy depending on the make and model, so do your research.

I refuse to drive a car without first unplugging the cell modem; this is more or less easy depending on the make and model, so do your research.

reply

reply

reply

Every car I have purchased has satellite radio factory installed. And each time SiriusXM will not shut up about trying to get me to sign up. Over and over. It takes years before they give up.I don't want it. So why is it in the car? Because they pay Ford and Honda and everyone else to put it there.Why did they both have Spotify? And iHeartRadio? Who even uses that? All sorts of other things. There's a kickback for every one.But unlike satellite none of them work without a cell connection. And they won't use your phone. You have to pay the car maker for their overpriced connectivity. That's what they want you to do.Money money everywhere. But if I use CarPlay or android auto guess who doesn't get a cut.“People will think our software is bad.” It is, that's why I want CarPlay.

I don't want it. So why is it in the car? Because they pay Ford and Honda and everyone else to put it there.Why did they both have Spotify? And iHeartRadio? Who even uses that? All sorts of other things. There's a kickback for every one.But unlike satellite none of them work without a cell connection. And they won't use your phone. You have to pay the car maker for their overpriced connectivity. That's what they want you to do.Money money everywhere. But if I use CarPlay or android auto guess who doesn't get a cut.“People will think our software is bad.” It is, that's why I want CarPlay.

Why did they both have Spotify? And iHeartRadio? Who even uses that? All sorts of other things. There's a kickback for every one.But unlike satellite none of them work without a cell connection. And they won't use your phone. You have to pay the car maker for their overpriced connectivity. That's what they want you to do.Money money everywhere. But if I use CarPlay or android auto guess who doesn't get a cut.“People will think our software is bad.” It is, that's why I want CarPlay.

But unlike satellite none of them work without a cell connection. And they won't use your phone. You have to pay the car maker for their overpriced connectivity. That's what they want you to do.Money money everywhere. But if I use CarPlay or android auto guess who doesn't get a cut.“People will think our software is bad.” It is, that's why I want CarPlay.

Money money everywhere. But if I use CarPlay or android auto guess who doesn't get a cut.“People will think our software is bad.” It is, that's why I want CarPlay.

“People will think our software is bad.” It is, that's why I want CarPlay.

reply

reply

If you try to put a gate in front of it of a $25/mo car data plan, forget it.It's 4G? Wow. My phone is only 5G. It's a hotspot? So is my phone. And I'm the only one here anyway. I get updates to your maps? I don't like your maps.It's like they're trying to sell flavoring to make dirty water taste better, without ever stopping to think most people don't like dirty water.

It's 4G? Wow. My phone is only 5G. It's a hotspot? So is my phone. And I'm the only one here anyway. I get updates to your maps? I don't like your maps.It's like they're trying to sell flavoring to make dirty water taste better, without ever stopping to think most people don't like dirty water.

It's like they're trying to sell flavoring to make dirty water taste better, without ever stopping to think most people don't like dirty water.

reply

reply

But they certainly get a lot more if you use their maps and entertainment apps.

reply

This is the CEO of Rivian's software arm -- his job is to create and sell software that runs in the car.  Carplay and Android Auto effectively make him unnecessary.If you listen to the interview, he has bold ideas about how the car should somehow be the center of one's computing ecosystem.  It's ridiculous because the smartphone is already the center!  And people like that!  And it just makes sense!  They're fighting this dumb battle because they have to.  But ultimately every car manufacturer wants to get away from Carplay so they can own that tiny fraction of computing that happens on the drive to and from work.

If you listen to the interview, he has bold ideas about how the car should somehow be the center of one's computing ecosystem.  It's ridiculous because the smartphone is already the center!  And people like that!  And it just makes sense!  They're fighting this dumb battle because they have to.  But ultimately every car manufacturer wants to get away from Carplay so they can own that tiny fraction of computing that happens on the drive to and from work.

reply

reply

reply

- It commoditizes the car- it eliminates upsell features/subscriptions after the sale.- it costs money to add carplay- like car manufacturers don't want interchangable head units, they want to own the infotainment system.- like wireless carriers didn't want the iphone - they wanted locked-down phones where they were the only ones who could sell you ringtones or music.

- it eliminates upsell features/subscriptions after the sale.- it costs money to add carplay- like car manufacturers don't want interchangable head units, they want to own the infotainment system.- like wireless carriers didn't want the iphone - they wanted locked-down phones where they were the only ones who could sell you ringtones or music.

- it costs money to add carplay- like car manufacturers don't want interchangable head units, they want to own the infotainment system.- like wireless carriers didn't want the iphone - they wanted locked-down phones where they were the only ones who could sell you ringtones or music.

- like car manufacturers don't want interchangable head units, they want to own the infotainment system.- like wireless carriers didn't want the iphone - they wanted locked-down phones where they were the only ones who could sell you ringtones or music.

- like wireless carriers didn't want the iphone - they wanted locked-down phones where they were the only ones who could sell you ringtones or music.

reply

reply

To me, any company that doesn't act this way gives away the game. It's about lock-in, control, subscriptions, selling tracking data. Definitely why GM is doing it, anyway.

reply

reply

Customers don't want this stuff.  They want to launch Netflix or Prime Video or Disney and watch.  But the premium hardware brands need to fight to stay alive, and giving customers what they want is a death sentence.

reply

reply

reply

Like car infotainment, they figure out how to use it, bitch about it, and some connect an Apple device and use that instead.

reply

I kind of disagree with this. Airpods are purely additive, customers can just choose to use different headphones with their iPhone if they want. But they don't want, because Apple lets Airpods interact with the iPhone in a way that other manufacturers can't.So no, carplay wouldn't be mandatory but it's likely that Apple's leverage will kill their in house offering.

So no, carplay wouldn't be mandatory but it's likely that Apple's leverage will kill their in house offering.

reply

[1] There are probably some features I'm forgetting that probably count as part of the infotainment, but which Carplay doesn't touch, like AC and battery info and management. The AC in my own car is completely separate from the infotainment system, but that probably doesn't apply to all cars. But even in those cases, it'd be better if integrated into Carplay, or just left out of what's happening on screen, and instead be given seperate manual controls.

reply

But Tesla and Rivian both have excellent UIs. I don't find myself missing CarPlay in a Tesla.

reply

Also no one is mentioning that maybe we should not encourage users to use 1000s of apps in their car? It would be irresponsible to easily allow users to watch youtube while driving. Keeping the set of apps usable through the car is a responsibility in automobiles that are already becoming too distracting as is.

reply

> Our last three cars, the eldest of which was from the 2017 model year [...].Is it common to buy three cars in let's say 10 years? That seems like a large amount of spend (afaik cars depreciate in value rather quick?) and -- barring accidents -- a really short time to have to replace something as sturdy as a car; If I get less than three years out of a phone it feels like a waste and it feels like the main barrier for phone longevity (besides batteries, which are replaceable) is security updates.IDK, since I don't see any comments on it, it must not be that strange, it just struck me as odd.

Is it common to buy three cars in let's say 10 years? That seems like a large amount of spend (afaik cars depreciate in value rather quick?) and -- barring accidents -- a really short time to have to replace something as sturdy as a car; If I get less than three years out of a phone it feels like a waste and it feels like the main barrier for phone longevity (besides batteries, which are replaceable) is security updates.IDK, since I don't see any comments on it, it must not be that strange, it just struck me as odd.

IDK, since I don't see any comments on it, it must not be that strange, it just struck me as odd.

reply

I believe his family owns 2 cars, but had to replace one of them recently when a pebble caused a freak accident, essentially totaling the engine in one of the cars. Hence 3 cars purchased in 10 years.Edit: Episode #592, at the very end: https://overcast.fm/+ABQnv4mYCFc/1:40:38

Edit: Episode #592, at the very end: https://overcast.fm/+ABQnv4mYCFc/1:40:38

reply

If you do the first, you end up not being out a terrible amount of money, especially these days with the high value of used.

reply

reply

The only advantage over a traditional car media center/nav is the always updated and personalized map/nav.

reply

reply

I have been trying to get some useful info about the cars (e.g. range), and the only option I had was to play a completely useless video which only made me dizzy.Then, desperate, I tried asking their AI chat what's the expected range. It told me (great success!) but then it directed me back to the useless page.How useless.

Then, desperate, I tried asking their AI chat what's the expected range. It told me (great success!) but then it directed me back to the useless page.How useless.

How useless.

reply

A good middle ground would be to have physical buttons to interact with the manufacturer interface and the touch screen to interact exclusively with CarPlay

reply

The challenge with screen mirroring solutions is that they take over every single pixel in the car, and that's not the way we see ourselves interacting with our users.""I kept reading past this part thinking I didn't misread the title, because as he explained, a mirroring solution that takes up every pixel could potentially be addictive, and it made sense that he didn't want the UX to fundamentally change when people drive Rivian's cars. And for that, kudos.But now I realize your case is that CarPlay is additive. Ok, great! I do wish I could use Android on my car, which is newer than your 2017 one but only features Bluetooth, music and Phone, pairing, rather than a full OS mirror.Do I wish it had more? Yes. But am I less distracted on the road? Yes. So I would buy a Rivian.

I kept reading past this part thinking I didn't misread the title, because as he explained, a mirroring solution that takes up every pixel could potentially be addictive, and it made sense that he didn't want the UX to fundamentally change when people drive Rivian's cars. And for that, kudos.But now I realize your case is that CarPlay is additive. Ok, great! I do wish I could use Android on my car, which is newer than your 2017 one but only features Bluetooth, music and Phone, pairing, rather than a full OS mirror.Do I wish it had more? Yes. But am I less distracted on the road? Yes. So I would buy a Rivian.

But now I realize your case is that CarPlay is additive. Ok, great! I do wish I could use Android on my car, which is newer than your 2017 one but only features Bluetooth, music and Phone, pairing, rather than a full OS mirror.Do I wish it had more? Yes. But am I less distracted on the road? Yes. So I would buy a Rivian.

Do I wish it had more? Yes. But am I less distracted on the road? Yes. So I would buy a Rivian.

reply

reply

reply

You should be not distracted at all.

reply

reply

reply

reply

The idea customers should have control over the interfaces they use needs to be reinforced. If anything this is why the AI wave has gained so much hype as now people get to bypass so much nonsense masquerading as UX.

reply

Preference for Android Auto/Carplay is much more than (subjectively) better navigation/media. It's about all the other apps that Tesla/Rivian don't support like WhatsApp, Waze, etc.

reply

reply

reply

If you want to mix and match features across what your car offers and CarPlay offers (e.g. use Podcasts app but stick with native navigation), the UX starts to breakdown very quickly.

reply

reply

The premise of the chapter is that some features in software are like CarPlay when looking for a new car - they become an important must-have for the buying decision - as opposed to “cupholder” features, those features which are a mere minor improvement for existing users.https://killthehippo.com/

https://killthehippo.com/

reply

I'm confused about the cupholder example though: I'd MUCH rather skip CarPlay (which I love) than cupholders in a car, but I wouldn't shop for a car based on whether it has cupholders because surely they all do, right? It seems like shopping based on whether the car has A/C or something.

reply

Thank you!The point is that you must make sure your product has the “CarPlay” type of features in order to get new customers for whom those features are must-haves.Beware of spending your time only on adding new “cupholder” style features, which make existing customers slightly happier but don't attract new customers.Especially be aware that when you launched your product X years ago, some of today's “CarPlay”-style features didn't even exist. Your current customers are not asking for them, because they are mostly happy with your product as it is.If you only listen to what existing customers are asking for, you might not even realise that these new “CarPlay” features are stopping you from getting certain new customers.

The point is that you must make sure your product has the “CarPlay” type of features in order to get new customers for whom those features are must-haves.Beware of spending your time only on adding new “cupholder” style features, which make existing customers slightly happier but don't attract new customers.Especially be aware that when you launched your product X years ago, some of today's “CarPlay”-style features didn't even exist. Your current customers are not asking for them, because they are mostly happy with your product as it is.If you only listen to what existing customers are asking for, you might not even realise that these new “CarPlay” features are stopping you from getting certain new customers.

Beware of spending your time only on adding new “cupholder” style features, which make existing customers slightly happier but don't attract new customers.Especially be aware that when you launched your product X years ago, some of today's “CarPlay”-style features didn't even exist. Your current customers are not asking for them, because they are mostly happy with your product as it is.If you only listen to what existing customers are asking for, you might not even realise that these new “CarPlay” features are stopping you from getting certain new customers.

Especially be aware that when you launched your product X years ago, some of today's “CarPlay”-style features didn't even exist. Your current customers are not asking for them, because they are mostly happy with your product as it is.If you only listen to what existing customers are asking for, you might not even realise that these new “CarPlay” features are stopping you from getting certain new customers.

If you only listen to what existing customers are asking for, you might not even realise that these new “CarPlay” features are stopping you from getting certain new customers.

reply

That said, I agree with the author. Autos are not software companies and they are only locking us in for their own benefit. Anybody not supporting other common standards is probably not telling the whole truth about the reasoning.

reply

reply

reply

reply

reply

reply

That doesn't mean they have to ship most of the infotainment system though. They could just leave that hole there for Carplay to fill. But that would be admiring defeat, and we can't have that.

reply

reply

reply

reply

reply

reply

reply

As a tesla owner, i feel carPlay is such a dumb idea. you buy a car that cost ~$50k+ to rely on every drive on your phone. It's a freedom to be phone free.And yeah, it's still integrated. My profiles are in sync, if my wife sit down in the car, it adjust the seat height, wheel, temperature , music etc. If I'm listening Spotify using my headphones it switches to car the moment i open the door etc.

And yeah, it's still integrated. My profiles are in sync, if my wife sit down in the car, it adjust the seat height, wheel, temperature , music etc. If I'm listening Spotify using my headphones it switches to car the moment i open the door etc.

reply

reply

reply

Not to mention that yes, a bigger screen probably is better. Bigger target = easier to hit. The legality can become a lessened problem, depending on jurisdiction. Using your phone while driving is often specifically illegal, but using your car's infotainment system might not be automatically illegal (it might count as distracted driving or whatever, but the threshold of proof is higher).

reply

reply

reply

people have suffered through its clunky handshake for so long that they've started defending their captor.My friend's $100k Audi makes him spend five minutes accepting terms of service just to enter a GPS destination. On contrary, he can hop into my Tesla and drive off instantly ...location already sent from my phone, key shared from the phone, but wow, no car play involved. One my friends owns android. No problem at all.

My friend's $100k Audi makes him spend five minutes accepting terms of service just to enter a GPS destination. On contrary, he can hop into my Tesla and drive off instantly ...location already sent from my phone, key shared from the phone, but wow, no car play involved. One my friends owns android. No problem at all.

reply

reply

reply

reply

reply

reply

That way they can silence people being too vocal about what they want. The tech way.In all seriousness though, Tesla can't include CarPlay fast enough to make companies like rivian take a moment and actually consider carplay.Also atp is one of the best podcasts out there

In all seriousness though, Tesla can't include CarPlay fast enough to make companies like rivian take a moment and actually consider carplay.Also atp is one of the best podcasts out there

Also atp is one of the best podcasts out there

reply

Anyway, separately to anything car related, I got fed up of some of google's treatment of android and switched to Murena's /e/os which is a de-googled spin of android. It doesn't support android auto, and that held me back from switching for ages.Long story short, I don't miss android auto at all. Bluetooth is absolutely fine for playing media from my phone etc.(my car does already have functionality like google maps built in though, so I might feel differently if it didn't)

Long story short, I don't miss android auto at all. Bluetooth is absolutely fine for playing media from my phone etc.(my car does already have functionality like google maps built in though, so I might feel differently if it didn't)

(my car does already have functionality like google maps built in though, so I might feel differently if it didn't)

reply

See if you care in 5 years when the maps are out of date.

reply

reply

Where does it get it's internet connection from? It's going to need that to keep the maps updated.I'm not sure how long the Google Maps app will stay alive in your case. I doubt AA will get updates 10 years after a sale, but even if it doesn't and you're stuck on an old version of Google Maps, assuming the underlying API doesn't change, I guess that doesn't matter?

I'm not sure how long the Google Maps app will stay alive in your case. I doubt AA will get updates 10 years after a sale, but even if it doesn't and you're stuck on an old version of Google Maps, assuming the underlying API doesn't change, I guess that doesn't matter?

reply

The reason CarPlay and Android Auto exist is that car infotainment systems used to suck.

reply

reply

I imagine everyone who is fully involved with the carplay ecosystem feels equally as strongly in the other direction and has for a long time.

reply

Anyone I know that has one, will immediately either plugin or connect whenever they go live.There's other benefits like (in the aforementioned article), CarPlay Ultra being able to send data to multiple screens like the front dash. Where having my directions right next to me speed means I don't have to check two screens.

There's other benefits like (in the aforementioned article), CarPlay Ultra being able to send data to multiple screens like the front dash. Where having my directions right next to me speed means I don't have to check two screens.

reply

reply

But just getting into you car and having it project your phone interface instantly from your pocket on a screen that is part of the car is really nice.  I don't even have a super large screen (10.5 inches, widescreen) but it's significantly better than looking at my phone.  It even integrates with the heads up display.> It's hard to really imagine the experience of maps or music being improved by seeing it on my dashboard screen compared to right next to it on the phone.It might be hard to imagine but it shouldn't be.  I would find it very hard to go back to fiddling with my phone rather than have it nicely integrated into all the buttons and dials on my car.  Never taking my phone out of my pocket and forgetting it in the car -- I did that a lot.  The audio integration across the radio, phone apps, and navigation is perfect -- Bluetooth doesn't come close and was always a frustration.  It's just better in every way, that's why people like it.

> It's hard to really imagine the experience of maps or music being improved by seeing it on my dashboard screen compared to right next to it on the phone.It might be hard to imagine but it shouldn't be.  I would find it very hard to go back to fiddling with my phone rather than have it nicely integrated into all the buttons and dials on my car.  Never taking my phone out of my pocket and forgetting it in the car -- I did that a lot.  The audio integration across the radio, phone apps, and navigation is perfect -- Bluetooth doesn't come close and was always a frustration.  It's just better in every way, that's why people like it.

It might be hard to imagine but it shouldn't be.  I would find it very hard to go back to fiddling with my phone rather than have it nicely integrated into all the buttons and dials on my car.  Never taking my phone out of my pocket and forgetting it in the car -- I did that a lot.  The audio integration across the radio, phone apps, and navigation is perfect -- Bluetooth doesn't come close and was always a frustration.  It's just better in every way, that's why people like it.

reply

For context, I drive a ‘91 GMC pickup, so neither cars nor car audio are super important to me. I still bought a CarPlay-enabled Android head unit because it's less of a hassle to use.

reply

How about instead of your phone? You don't need your phone dash mount if you have Carplay.

reply

reply

You should be able to have it only show the music app or whatever if that's what bothers you. My cars default infotainment shows the map by default too, so this is more or less the same from my point of view (other than the fact that the car's maps are out of date).> The last time I tried it I didn't like that I couldn't switch between different music apps without exiting the entire system.As in you need to exit one app to open another? You can add whatever apps to the home(?) screen if you need to see them both at the same time, but if you want two apps to be fully open at the same time, that's not happening, as that's probably a hold-over from phone UI. Or am I misunderstanding you here?

> The last time I tried it I didn't like that I couldn't switch between different music apps without exiting the entire system.As in you need to exit one app to open another? You can add whatever apps to the home(?) screen if you need to see them both at the same time, but if you want two apps to be fully open at the same time, that's not happening, as that's probably a hold-over from phone UI. Or am I misunderstanding you here?

As in you need to exit one app to open another? You can add whatever apps to the home(?) screen if you need to see them both at the same time, but if you want two apps to be fully open at the same time, that's not happening, as that's probably a hold-over from phone UI. Or am I misunderstanding you here?

reply

When I tried Android Auto it actually took over my car's infotainment system and made my phone slightly slower having to drive another screen? I dunno it's been years. I just don't see the value in it personally.

reply

For maps, having up to date maps is an enormous relief compared to relying on the outdated maps that came with your car (at least in my experience).> When I tried Android Auto it actually took over my car's infotainment systemYes. I prefer it that way. The car's default infotainment system might as well not exist for all I care, since I prefer the Carplay experience.> and made my phone slightly slower having to drive another screen?I haven't noticed this problem.

> When I tried Android Auto it actually took over my car's infotainment systemYes. I prefer it that way. The car's default infotainment system might as well not exist for all I care, since I prefer the Carplay experience.> and made my phone slightly slower having to drive another screen?I haven't noticed this problem.

Yes. I prefer it that way. The car's default infotainment system might as well not exist for all I care, since I prefer the Carplay experience.> and made my phone slightly slower having to drive another screen?I haven't noticed this problem.

> and made my phone slightly slower having to drive another screen?I haven't noticed this problem.

I haven't noticed this problem.

reply

reply

reply

Wassym Bensaid sounds like an incompetent person to be a chief software officer working on cars if he does not understand this is not how carplay works. It's either this, or he's just weaseling out of saying ""we want to capture all our users data, and we want to put in rent seeking subscriptions into our cars, which is going to be hard if we enable carplay"".Do not buy cars from companies like this.

Do not buy cars from companies like this.

reply

reply

reply

reply

reply

Me: I literally will not buy a car that does.

reply

reply

I don't know whether the auto makers actually forced them to be compatible or it was a choice in Google's part to get into cars that already had CarPlay.But it really doesn't seem like it's a big hassle. Most of it is probably just certification testing to be allowed to use the names/logos.

But it really doesn't seem like it's a big hassle. Most of it is probably just certification testing to be allowed to use the names/logos.

reply

These things contain a whole System-on-a-Chip board. I presume what it's acting like a middle box; pretending to be the headunit to the phone, and then sending the phone's output to the headunit, pretending to be a phone.Since they need a quite beefy CPU to do that, I'm guessing they don't just pass along packets, but actually speak the protocol on both ends, and perhaps transcode the a/v stream.

Since they need a quite beefy CPU to do that, I'm guessing they don't just pass along packets, but actually speak the protocol on both ends, and perhaps transcode the a/v stream.

reply

I suspect that 90% of the people that ""need"" carplay are actually just using it as a bluetooth speaker and would be fine with a good phoneholder and bluetooth/aux connection.I always feel strange connecting to someone else their carlpay or to a rental car.

I always feel strange connecting to someone else their carlpay or to a rental car.

reply

Is it unreasonable to have this functionality built in to the car? I can't see any good reasons not to have it from the consumer's point of view. Carplay doesn't even have a licence fee, so it's basically free to implement.And it's not like there's a shortage of options. Removing the cars that don't have it of your shortlist is an easy way to filter off the options that don't even pretend to respect you as a user.

And it's not like there's a shortage of options. Removing the cars that don't have it of your shortlist is an easy way to filter off the options that don't even pretend to respect you as a user.

reply

Honest question, why? It is literally remote desktop + some pipes for audio and screen touches. It's no different than connecting an external touchscreen to a smartphone, lapdock-style.

reply

I get the goal, and I'm glad there's at least some semblance of a standard. But it's still bad.

reply

I think you mean addictive.

reply

reply

The thing with CarPlay that I hate the most is that it is laggy. I have it on a Series 5 BMW and Spotify has a delay of at least 4s when you select a song and when it actually starts playing. Same thing when you rapidly skip tracks - the interface changes but the speakers (or any other non-CarPlay interface) can't really keep up. It really is a joke, especially on that kind of vehicle.

reply

reply

reply

Ford Mach E it was then.

reply

reply

reply

However making sure everyone knows on various forums is a much more powerful way in the long run. It will take more time, but I'm not alone.

reply

reply

Even Tesla said they started working on CarPlay support when their sales started to suffer for unrelated reasons.

reply

reply

reply

C8 corvette has been car of the year since 2020 and will remain that way until the C9.

reply

reply

reply

reply

And at this point it seems like 80% of car manufacturers just ship android automotive anyway. You really think they're gonna do that and turn off android auto support?

reply

reply

I have an old Honda Fit that I installed one of Pioneer's “app radio” units into, which included replacing the dash facia. I use CarPlay on it almost exclusively, but if I want Pioneer's incredibly mediocre UI/UX, it's a single button-tap away - either on the left side of the radio via a capacitance button, or on the first page of CarPlay's app icons.When I rented a car to drive to visit family, it had CarPlay. The infotainment experience was familiar, so I could focus more on the road ahead instead of fussing with some newfangled vendor-specific infotainment shitshow.When I rented Nissan in Canada, it too had CarPlay - but with a nasty bug where using voice commands or making a call would crash the whole unit. I figured out very quickly not to do that, and the rest of CarPlay worked a treat for the trip - a far cry better from Nissan's UI/UX.This is why I didn't hop on board infotainment systems until CarPlay and Android Auto were mature options, opting to stick with my phone over USB for audio/iPod controls instead: none of the major manufacturers except maybe Panasonic actually give a shit about the UI/UX. They don't build intuitive systems that can be operated without looking, and they scoop up far too much superfluous data to enable simple features. I refuse to buy the vehicle maker excuse of “superior experience” anymore when time after time, the reality is these car companies think the infotainment data is some sort of goldmine of revenue and letting Apple or Google have any say over the experience is tantamount to leaving money on the table.If I cannot have CarPlay, and your EV or vehicle won't let me swap the infotainment unit for an aftermarket one that does, then I am not buying your fucking spyware on wheels. I don't think anyone else should tolerate that bullshit either, especially on what averages to be a $70k+ purchase nowadays.

When I rented a car to drive to visit family, it had CarPlay. The infotainment experience was familiar, so I could focus more on the road ahead instead of fussing with some newfangled vendor-specific infotainment shitshow.When I rented Nissan in Canada, it too had CarPlay - but with a nasty bug where using voice commands or making a call would crash the whole unit. I figured out very quickly not to do that, and the rest of CarPlay worked a treat for the trip - a far cry better from Nissan's UI/UX.This is why I didn't hop on board infotainment systems until CarPlay and Android Auto were mature options, opting to stick with my phone over USB for audio/iPod controls instead: none of the major manufacturers except maybe Panasonic actually give a shit about the UI/UX. They don't build intuitive systems that can be operated without looking, and they scoop up far too much superfluous data to enable simple features. I refuse to buy the vehicle maker excuse of “superior experience” anymore when time after time, the reality is these car companies think the infotainment data is some sort of goldmine of revenue and letting Apple or Google have any say over the experience is tantamount to leaving money on the table.If I cannot have CarPlay, and your EV or vehicle won't let me swap the infotainment unit for an aftermarket one that does, then I am not buying your fucking spyware on wheels. I don't think anyone else should tolerate that bullshit either, especially on what averages to be a $70k+ purchase nowadays.

When I rented Nissan in Canada, it too had CarPlay - but with a nasty bug where using voice commands or making a call would crash the whole unit. I figured out very quickly not to do that, and the rest of CarPlay worked a treat for the trip - a far cry better from Nissan's UI/UX.This is why I didn't hop on board infotainment systems until CarPlay and Android Auto were mature options, opting to stick with my phone over USB for audio/iPod controls instead: none of the major manufacturers except maybe Panasonic actually give a shit about the UI/UX. They don't build intuitive systems that can be operated without looking, and they scoop up far too much superfluous data to enable simple features. I refuse to buy the vehicle maker excuse of “superior experience” anymore when time after time, the reality is these car companies think the infotainment data is some sort of goldmine of revenue and letting Apple or Google have any say over the experience is tantamount to leaving money on the table.If I cannot have CarPlay, and your EV or vehicle won't let me swap the infotainment unit for an aftermarket one that does, then I am not buying your fucking spyware on wheels. I don't think anyone else should tolerate that bullshit either, especially on what averages to be a $70k+ purchase nowadays.

This is why I didn't hop on board infotainment systems until CarPlay and Android Auto were mature options, opting to stick with my phone over USB for audio/iPod controls instead: none of the major manufacturers except maybe Panasonic actually give a shit about the UI/UX. They don't build intuitive systems that can be operated without looking, and they scoop up far too much superfluous data to enable simple features. I refuse to buy the vehicle maker excuse of “superior experience” anymore when time after time, the reality is these car companies think the infotainment data is some sort of goldmine of revenue and letting Apple or Google have any say over the experience is tantamount to leaving money on the table.If I cannot have CarPlay, and your EV or vehicle won't let me swap the infotainment unit for an aftermarket one that does, then I am not buying your fucking spyware on wheels. I don't think anyone else should tolerate that bullshit either, especially on what averages to be a $70k+ purchase nowadays.

If I cannot have CarPlay, and your EV or vehicle won't let me swap the infotainment unit for an aftermarket one that does, then I am not buying your fucking spyware on wheels. I don't think anyone else should tolerate that bullshit either, especially on what averages to be a $70k+ purchase nowadays.

reply

reply

When I plug it into the USB socket, my Peugeot 207 starts playing a random podcast track on my phone. No way of stopping it. If I stop it, it starts again. I can't select a different audio output, e.g. the phone speaker. There are plenty of people complaining about this on the forums.Yes, it's a bug in either the iPhone or the car. Yes the bug shouldn't be there, but it is. I should be able to disable it.I'm in the habit of bringing a spare battery with me so I can use phone sat-nav.

Yes, it's a bug in either the iPhone or the car. Yes the bug shouldn't be there, but it is. I should be able to disable it.I'm in the habit of bringing a spare battery with me so I can use phone sat-nav.

I'm in the habit of bringing a spare battery with me so I can use phone sat-nav.

reply

reply

But why can't my iPhone let me set permissions for the thing I plug it into? It's unreasonable to prevent me from changing the audio output.Examples:- https://www.peugeotforums.com/threads/mp3-ipod-random-play-p...- https://discussions.apple.com/thread/254051162?sortBy=rank

Examples:- https://www.peugeotforums.com/threads/mp3-ipod-random-play-p...- https://discussions.apple.com/thread/254051162?sortBy=rank

- https://www.peugeotforums.com/threads/mp3-ipod-random-play-p...- https://discussions.apple.com/thread/254051162?sortBy=rank

- https://discussions.apple.com/thread/254051162?sortBy=rank

reply

Presumably it's been a problem since day 1. Meaning it was broken on day 1.> But why can't my iPhone let me set permissions for the thing I plug it into?There's the 'trust this device?' popup that should prevent the problem if you don't want the car to do anything with your device. If you want finder control, then from Apple's point of view, it's probably that this would needlessly clutter the UI, given that it shouldn't be an issue in the first place. Then again, I don't think Android supports finer controls either way.

> But why can't my iPhone let me set permissions for the thing I plug it into?There's the 'trust this device?' popup that should prevent the problem if you don't want the car to do anything with your device. If you want finder control, then from Apple's point of view, it's probably that this would needlessly clutter the UI, given that it shouldn't be an issue in the first place. Then again, I don't think Android supports finer controls either way.

There's the 'trust this device?' popup that should prevent the problem if you don't want the car to do anything with your device. If you want finder control, then from Apple's point of view, it's probably that this would needlessly clutter the UI, given that it shouldn't be an issue in the first place. Then again, I don't think Android supports finer controls either way.

reply

reply

reply

reply

reply

reply

Like I said, it's not because I'm a fan of Apple. Honestly, fuck Apple. Fuck their stupid walled garden and their $99/yr developer fee and their planned obsolesence and their lack of a headphone jack and everything else. But fuck Google too. And especially fuck all the car makers with their crappy infotainment software.The truth is, I put up with an iPhone and with CarPlay simply because it is slightly less shitty than all the other shitty options.

The truth is, I put up with an iPhone and with CarPlay simply because it is slightly less shitty than all the other shitty options.

reply

I wish a Linux phone was a viable option but they are years away from being truly usable and decades away from any hope of mass integration with cars.

reply

reply

reply

reply

reply

reply

reply

reply

Once that happens we all know what comes next: enshittification.

reply

If the car infotainment market is what counts as 'thriving' with 'unique options', then I don't want a thriving market, because that's apparently a bad thing. Sure, there are plenty of unique options. Outside of Carplay, Android Auto and Tesla (and maybe a few other very recent models), they're all shit.I don't want hundreds of bad options. I want one (at least, more is preferable) good option.

I don't want hundreds of bad options. I want one (at least, more is preferable) good option.

reply

Usedtacould.

reply

reply

Primary reason is the map. On the Tesla you have this beautiful map that you can pan around and pinch zoom in and out of.On the versions of CarPlay that I've used, you can this minimal map that can't be pinch zoomed. Seems like you have to tap the pan buttons by hand to get it to slide around.It's just generally unusable. Like I don't even know why people like this. Oh and then the nanny aspect of your phone becoming a black screen of just enumerated turns with no way to actually see the map yourself (if the car screen is unwilling to work right, my first instinct was to go to my phone but alas no they brick it).Before I owned a Tesla I remember thinking what a mistake it was that it didn't have CarPlay because I assumed it was the best. Well it's not. Not by a long shot.

On the versions of CarPlay that I've used, you can this minimal map that can't be pinch zoomed. Seems like you have to tap the pan buttons by hand to get it to slide around.It's just generally unusable. Like I don't even know why people like this. Oh and then the nanny aspect of your phone becoming a black screen of just enumerated turns with no way to actually see the map yourself (if the car screen is unwilling to work right, my first instinct was to go to my phone but alas no they brick it).Before I owned a Tesla I remember thinking what a mistake it was that it didn't have CarPlay because I assumed it was the best. Well it's not. Not by a long shot.

It's just generally unusable. Like I don't even know why people like this. Oh and then the nanny aspect of your phone becoming a black screen of just enumerated turns with no way to actually see the map yourself (if the car screen is unwilling to work right, my first instinct was to go to my phone but alas no they brick it).Before I owned a Tesla I remember thinking what a mistake it was that it didn't have CarPlay because I assumed it was the best. Well it's not. Not by a long shot.

Before I owned a Tesla I remember thinking what a mistake it was that it didn't have CarPlay because I assumed it was the best. Well it's not. Not by a long shot.

reply

reply

Anything else can wait until I stop.

reply

reply

reply

MAYBE in the rare case it has wireless CarPlay only, but can play music over USB from my phone. Maybe.

reply

One of the more irritating parts of late stage capitalism is the complete inability of its scions (CEOs, etc.) to say any of this. The gaslighting is insufferable.

reply

reply

reply

The one that interests me now is the one that selectively takes over the Tesla screen.

reply

Those are a great solution for a car that doesn't have an infotainment screen.But Teslas, Rivians, and GMs all do. So why should anyone have to do that?

But Teslas, Rivians, and GMs all do. So why should anyone have to do that?

reply

reply

reply

> I literally will not buy a car that does not support CarPlay.I drive more than you, longer distances. I've been to Ibiza by car (with the car on the boat at some point, obviously), to the UK (with the car either on a boat or, later on, inside a train), I've crossed Germany at insane (legal) speeds to go to the end of Poland, I've been to Sweden, to Andorra, Italy, Croatia, etc.For I hate airplanes and very rarely hop in one (last time was in 2019).What makes the experience of driving sweet is soundproofing, the quality of the seats, the overall sweetness of the ride.It's got absolutely nothing to do with how big the screen (that shows you the same thing as your phone) is and zero to do with OS of the car's infotainment (unless the carmaker really fucked up big times and made an unusable system).The F-segment cars (euro notation) are enjoyable rides and this has nothing to do with Apple or Android CarPlay:https://en.wikipedia.org/wiki/F-segmentAs a bonus: the soundsystem. People are going to say that listening to music in a car sucks anyway but once you get into high-end luxury cars, suddenly the sound proofing is so good that listening to music while driving is actually enjoyable.My car runs QNX as the OS for the infotainment. It's got its own memory for songs (I can put either mp3 or FLAC files: I have a mix of both), it's got an audio CD player (which I sometimes use, just because I can) and it's got bluetooth, so I can use Spotify or whatever suits me.It's mostly ""one button / one function"": not some distracting touch screen.It's a sweet sweet ride and I guarantee you that there are very few brand new cars from 2026 that are sweeter rides than my ride from 2013 (which, of course, I bought used --8 years ago now-- and paid less than most brand new cars).Now my car is 13 years old and has more than 200 000 km (125 000 miles): it's going to be time to change it. I'll sell it for half what I paid it and I'll buy another high-end luxury car, used. Same brand, same model.This time it'll have CarPlay (because the carmaker moved from QNX to CarPlay): but I guarantee you that it's not what makes that car great not that it's why I'll buy it.Judging a car, an item that's made for driving, by how easy it is to connect your smartphone to it is just plain face-palming and shows how addicted society is to smartphones.It's really just freaking sad.

I drive more than you, longer distances. I've been to Ibiza by car (with the car on the boat at some point, obviously), to the UK (with the car either on a boat or, later on, inside a train), I've crossed Germany at insane (legal) speeds to go to the end of Poland, I've been to Sweden, to Andorra, Italy, Croatia, etc.For I hate airplanes and very rarely hop in one (last time was in 2019).What makes the experience of driving sweet is soundproofing, the quality of the seats, the overall sweetness of the ride.It's got absolutely nothing to do with how big the screen (that shows you the same thing as your phone) is and zero to do with OS of the car's infotainment (unless the carmaker really fucked up big times and made an unusable system).The F-segment cars (euro notation) are enjoyable rides and this has nothing to do with Apple or Android CarPlay:https://en.wikipedia.org/wiki/F-segmentAs a bonus: the soundsystem. People are going to say that listening to music in a car sucks anyway but once you get into high-end luxury cars, suddenly the sound proofing is so good that listening to music while driving is actually enjoyable.My car runs QNX as the OS for the infotainment. It's got its own memory for songs (I can put either mp3 or FLAC files: I have a mix of both), it's got an audio CD player (which I sometimes use, just because I can) and it's got bluetooth, so I can use Spotify or whatever suits me.It's mostly ""one button / one function"": not some distracting touch screen.It's a sweet sweet ride and I guarantee you that there are very few brand new cars from 2026 that are sweeter rides than my ride from 2013 (which, of course, I bought used --8 years ago now-- and paid less than most brand new cars).Now my car is 13 years old and has more than 200 000 km (125 000 miles): it's going to be time to change it. I'll sell it for half what I paid it and I'll buy another high-end luxury car, used. Same brand, same model.This time it'll have CarPlay (because the carmaker moved from QNX to CarPlay): but I guarantee you that it's not what makes that car great not that it's why I'll buy it.Judging a car, an item that's made for driving, by how easy it is to connect your smartphone to it is just plain face-palming and shows how addicted society is to smartphones.It's really just freaking sad.

For I hate airplanes and very rarely hop in one (last time was in 2019).What makes the experience of driving sweet is soundproofing, the quality of the seats, the overall sweetness of the ride.It's got absolutely nothing to do with how big the screen (that shows you the same thing as your phone) is and zero to do with OS of the car's infotainment (unless the carmaker really fucked up big times and made an unusable system).The F-segment cars (euro notation) are enjoyable rides and this has nothing to do with Apple or Android CarPlay:https://en.wikipedia.org/wiki/F-segmentAs a bonus: the soundsystem. People are going to say that listening to music in a car sucks anyway but once you get into high-end luxury cars, suddenly the sound proofing is so good that listening to music while driving is actually enjoyable.My car runs QNX as the OS for the infotainment. It's got its own memory for songs (I can put either mp3 or FLAC files: I have a mix of both), it's got an audio CD player (which I sometimes use, just because I can) and it's got bluetooth, so I can use Spotify or whatever suits me.It's mostly ""one button / one function"": not some distracting touch screen.It's a sweet sweet ride and I guarantee you that there are very few brand new cars from 2026 that are sweeter rides than my ride from 2013 (which, of course, I bought used --8 years ago now-- and paid less than most brand new cars).Now my car is 13 years old and has more than 200 000 km (125 000 miles): it's going to be time to change it. I'll sell it for half what I paid it and I'll buy another high-end luxury car, used. Same brand, same model.This time it'll have CarPlay (because the carmaker moved from QNX to CarPlay): but I guarantee you that it's not what makes that car great not that it's why I'll buy it.Judging a car, an item that's made for driving, by how easy it is to connect your smartphone to it is just plain face-palming and shows how addicted society is to smartphones.It's really just freaking sad.

What makes the experience of driving sweet is soundproofing, the quality of the seats, the overall sweetness of the ride.It's got absolutely nothing to do with how big the screen (that shows you the same thing as your phone) is and zero to do with OS of the car's infotainment (unless the carmaker really fucked up big times and made an unusable system).The F-segment cars (euro notation) are enjoyable rides and this has nothing to do with Apple or Android CarPlay:https://en.wikipedia.org/wiki/F-segmentAs a bonus: the soundsystem. People are going to say that listening to music in a car sucks anyway but once you get into high-end luxury cars, suddenly the sound proofing is so good that listening to music while driving is actually enjoyable.My car runs QNX as the OS for the infotainment. It's got its own memory for songs (I can put either mp3 or FLAC files: I have a mix of both), it's got an audio CD player (which I sometimes use, just because I can) and it's got bluetooth, so I can use Spotify or whatever suits me.It's mostly ""one button / one function"": not some distracting touch screen.It's a sweet sweet ride and I guarantee you that there are very few brand new cars from 2026 that are sweeter rides than my ride from 2013 (which, of course, I bought used --8 years ago now-- and paid less than most brand new cars).Now my car is 13 years old and has more than 200 000 km (125 000 miles): it's going to be time to change it. I'll sell it for half what I paid it and I'll buy another high-end luxury car, used. Same brand, same model.This time it'll have CarPlay (because the carmaker moved from QNX to CarPlay): but I guarantee you that it's not what makes that car great not that it's why I'll buy it.Judging a car, an item that's made for driving, by how easy it is to connect your smartphone to it is just plain face-palming and shows how addicted society is to smartphones.It's really just freaking sad.

It's got absolutely nothing to do with how big the screen (that shows you the same thing as your phone) is and zero to do with OS of the car's infotainment (unless the carmaker really fucked up big times and made an unusable system).The F-segment cars (euro notation) are enjoyable rides and this has nothing to do with Apple or Android CarPlay:https://en.wikipedia.org/wiki/F-segmentAs a bonus: the soundsystem. People are going to say that listening to music in a car sucks anyway but once you get into high-end luxury cars, suddenly the sound proofing is so good that listening to music while driving is actually enjoyable.My car runs QNX as the OS for the infotainment. It's got its own memory for songs (I can put either mp3 or FLAC files: I have a mix of both), it's got an audio CD player (which I sometimes use, just because I can) and it's got bluetooth, so I can use Spotify or whatever suits me.It's mostly ""one button / one function"": not some distracting touch screen.It's a sweet sweet ride and I guarantee you that there are very few brand new cars from 2026 that are sweeter rides than my ride from 2013 (which, of course, I bought used --8 years ago now-- and paid less than most brand new cars).Now my car is 13 years old and has more than 200 000 km (125 000 miles): it's going to be time to change it. I'll sell it for half what I paid it and I'll buy another high-end luxury car, used. Same brand, same model.This time it'll have CarPlay (because the carmaker moved from QNX to CarPlay): but I guarantee you that it's not what makes that car great not that it's why I'll buy it.Judging a car, an item that's made for driving, by how easy it is to connect your smartphone to it is just plain face-palming and shows how addicted society is to smartphones.It's really just freaking sad.

The F-segment cars (euro notation) are enjoyable rides and this has nothing to do with Apple or Android CarPlay:https://en.wikipedia.org/wiki/F-segmentAs a bonus: the soundsystem. People are going to say that listening to music in a car sucks anyway but once you get into high-end luxury cars, suddenly the sound proofing is so good that listening to music while driving is actually enjoyable.My car runs QNX as the OS for the infotainment. It's got its own memory for songs (I can put either mp3 or FLAC files: I have a mix of both), it's got an audio CD player (which I sometimes use, just because I can) and it's got bluetooth, so I can use Spotify or whatever suits me.It's mostly ""one button / one function"": not some distracting touch screen.It's a sweet sweet ride and I guarantee you that there are very few brand new cars from 2026 that are sweeter rides than my ride from 2013 (which, of course, I bought used --8 years ago now-- and paid less than most brand new cars).Now my car is 13 years old and has more than 200 000 km (125 000 miles): it's going to be time to change it. I'll sell it for half what I paid it and I'll buy another high-end luxury car, used. Same brand, same model.This time it'll have CarPlay (because the carmaker moved from QNX to CarPlay): but I guarantee you that it's not what makes that car great not that it's why I'll buy it.Judging a car, an item that's made for driving, by how easy it is to connect your smartphone to it is just plain face-palming and shows how addicted society is to smartphones.It's really just freaking sad.

https://en.wikipedia.org/wiki/F-segmentAs a bonus: the soundsystem. People are going to say that listening to music in a car sucks anyway but once you get into high-end luxury cars, suddenly the sound proofing is so good that listening to music while driving is actually enjoyable.My car runs QNX as the OS for the infotainment. It's got its own memory for songs (I can put either mp3 or FLAC files: I have a mix of both), it's got an audio CD player (which I sometimes use, just because I can) and it's got bluetooth, so I can use Spotify or whatever suits me.It's mostly ""one button / one function"": not some distracting touch screen.It's a sweet sweet ride and I guarantee you that there are very few brand new cars from 2026 that are sweeter rides than my ride from 2013 (which, of course, I bought used --8 years ago now-- and paid less than most brand new cars).Now my car is 13 years old and has more than 200 000 km (125 000 miles): it's going to be time to change it. I'll sell it for half what I paid it and I'll buy another high-end luxury car, used. Same brand, same model.This time it'll have CarPlay (because the carmaker moved from QNX to CarPlay): but I guarantee you that it's not what makes that car great not that it's why I'll buy it.Judging a car, an item that's made for driving, by how easy it is to connect your smartphone to it is just plain face-palming and shows how addicted society is to smartphones.It's really just freaking sad.

As a bonus: the soundsystem. People are going to say that listening to music in a car sucks anyway but once you get into high-end luxury cars, suddenly the sound proofing is so good that listening to music while driving is actually enjoyable.My car runs QNX as the OS for the infotainment. It's got its own memory for songs (I can put either mp3 or FLAC files: I have a mix of both), it's got an audio CD player (which I sometimes use, just because I can) and it's got bluetooth, so I can use Spotify or whatever suits me.It's mostly ""one button / one function"": not some distracting touch screen.It's a sweet sweet ride and I guarantee you that there are very few brand new cars from 2026 that are sweeter rides than my ride from 2013 (which, of course, I bought used --8 years ago now-- and paid less than most brand new cars).Now my car is 13 years old and has more than 200 000 km (125 000 miles): it's going to be time to change it. I'll sell it for half what I paid it and I'll buy another high-end luxury car, used. Same brand, same model.This time it'll have CarPlay (because the carmaker moved from QNX to CarPlay): but I guarantee you that it's not what makes that car great not that it's why I'll buy it.Judging a car, an item that's made for driving, by how easy it is to connect your smartphone to it is just plain face-palming and shows how addicted society is to smartphones.It's really just freaking sad.

My car runs QNX as the OS for the infotainment. It's got its own memory for songs (I can put either mp3 or FLAC files: I have a mix of both), it's got an audio CD player (which I sometimes use, just because I can) and it's got bluetooth, so I can use Spotify or whatever suits me.It's mostly ""one button / one function"": not some distracting touch screen.It's a sweet sweet ride and I guarantee you that there are very few brand new cars from 2026 that are sweeter rides than my ride from 2013 (which, of course, I bought used --8 years ago now-- and paid less than most brand new cars).Now my car is 13 years old and has more than 200 000 km (125 000 miles): it's going to be time to change it. I'll sell it for half what I paid it and I'll buy another high-end luxury car, used. Same brand, same model.This time it'll have CarPlay (because the carmaker moved from QNX to CarPlay): but I guarantee you that it's not what makes that car great not that it's why I'll buy it.Judging a car, an item that's made for driving, by how easy it is to connect your smartphone to it is just plain face-palming and shows how addicted society is to smartphones.It's really just freaking sad.

It's mostly ""one button / one function"": not some distracting touch screen.It's a sweet sweet ride and I guarantee you that there are very few brand new cars from 2026 that are sweeter rides than my ride from 2013 (which, of course, I bought used --8 years ago now-- and paid less than most brand new cars).Now my car is 13 years old and has more than 200 000 km (125 000 miles): it's going to be time to change it. I'll sell it for half what I paid it and I'll buy another high-end luxury car, used. Same brand, same model.This time it'll have CarPlay (because the carmaker moved from QNX to CarPlay): but I guarantee you that it's not what makes that car great not that it's why I'll buy it.Judging a car, an item that's made for driving, by how easy it is to connect your smartphone to it is just plain face-palming and shows how addicted society is to smartphones.It's really just freaking sad.

It's a sweet sweet ride and I guarantee you that there are very few brand new cars from 2026 that are sweeter rides than my ride from 2013 (which, of course, I bought used --8 years ago now-- and paid less than most brand new cars).Now my car is 13 years old and has more than 200 000 km (125 000 miles): it's going to be time to change it. I'll sell it for half what I paid it and I'll buy another high-end luxury car, used. Same brand, same model.This time it'll have CarPlay (because the carmaker moved from QNX to CarPlay): but I guarantee you that it's not what makes that car great not that it's why I'll buy it.Judging a car, an item that's made for driving, by how easy it is to connect your smartphone to it is just plain face-palming and shows how addicted society is to smartphones.It's really just freaking sad.

Now my car is 13 years old and has more than 200 000 km (125 000 miles): it's going to be time to change it. I'll sell it for half what I paid it and I'll buy another high-end luxury car, used. Same brand, same model.This time it'll have CarPlay (because the carmaker moved from QNX to CarPlay): but I guarantee you that it's not what makes that car great not that it's why I'll buy it.Judging a car, an item that's made for driving, by how easy it is to connect your smartphone to it is just plain face-palming and shows how addicted society is to smartphones.It's really just freaking sad.

This time it'll have CarPlay (because the carmaker moved from QNX to CarPlay): but I guarantee you that it's not what makes that car great not that it's why I'll buy it.Judging a car, an item that's made for driving, by how easy it is to connect your smartphone to it is just plain face-palming and shows how addicted society is to smartphones.It's really just freaking sad.

Judging a car, an item that's made for driving, by how easy it is to connect your smartphone to it is just plain face-palming and shows how addicted society is to smartphones.It's really just freaking sad.

It's really just freaking sad.

reply

The cars primary UI is the screen. Car Clay defers the cars experience to Apple .Customers have been demanding CarPlay because most car UIs are poor. But if done properly, they can exceed CarPlay while being consistent and well integrated

Customers have been demanding CarPlay because most car UIs are poor. But if done properly, they can exceed CarPlay while being consistent and well integrated

reply

And cars are increasingly a software-bound experience that CarPlay can only get you out of so far. I have a Volvo XC40 EV, and even though it's a decent car and I've had multiple Volvos that I've loved, I probably won't buy another one because the software experience is so bad. And that's WITH CarPlay!

reply

reply

This is silly. I have installed Android Auto head units into each of my last three cars. It costs a few hundred bucks and takes an afternoon.I simply will not buy a car that won't easily accept a double DIN head unit.

I simply will not buy a car that won't easily accept a double DIN head unit.

reply

My last car could accept a double DIN head unit but I never put one in because then I'd lose any way to control all the settings in the car.  And that was a car from 2014!  The integration is even tighter now.

reply

reply

reply

Are those even a thing anymore? The vast majority of new cars have some sort of custom all-in-one dashboard display.

reply

reply

reply

Casey Liss, let me help you:Apple and Google are monopolies.You are boot licking an invasive species trillion dollar company.These two megacorps are trying to put their greedy tendrils into the automotive industry and extract even more money from an industry that is not healthy and very difficult to succeed at.It's high time the governments of the world told Google and Apple to fuck off and leave both consumers and other industries alone. Told the both of them that it's time for their platforms to become an open standard.That phones themselves must be an open standards. With open web installs without scare walls and deeply hidden settings.The inversion of control needs to make Apple and Google the bitch here. Not the automotive industry that can't even dream of the insane margins the tech industry has.Cars should be able to interface with any phone without having to subjugate themselves to Google and Apple. Because this is a perverted inversion of control.People own cars. Not two tech titans.

Apple and Google are monopolies.You are boot licking an invasive species trillion dollar company.These two megacorps are trying to put their greedy tendrils into the automotive industry and extract even more money from an industry that is not healthy and very difficult to succeed at.It's high time the governments of the world told Google and Apple to fuck off and leave both consumers and other industries alone. Told the both of them that it's time for their platforms to become an open standard.That phones themselves must be an open standards. With open web installs without scare walls and deeply hidden settings.The inversion of control needs to make Apple and Google the bitch here. Not the automotive industry that can't even dream of the insane margins the tech industry has.Cars should be able to interface with any phone without having to subjugate themselves to Google and Apple. Because this is a perverted inversion of control.People own cars. Not two tech titans.

You are boot licking an invasive species trillion dollar company.These two megacorps are trying to put their greedy tendrils into the automotive industry and extract even more money from an industry that is not healthy and very difficult to succeed at.It's high time the governments of the world told Google and Apple to fuck off and leave both consumers and other industries alone. Told the both of them that it's time for their platforms to become an open standard.That phones themselves must be an open standards. With open web installs without scare walls and deeply hidden settings.The inversion of control needs to make Apple and Google the bitch here. Not the automotive industry that can't even dream of the insane margins the tech industry has.Cars should be able to interface with any phone without having to subjugate themselves to Google and Apple. Because this is a perverted inversion of control.People own cars. Not two tech titans.

These two megacorps are trying to put their greedy tendrils into the automotive industry and extract even more money from an industry that is not healthy and very difficult to succeed at.It's high time the governments of the world told Google and Apple to fuck off and leave both consumers and other industries alone. Told the both of them that it's time for their platforms to become an open standard.That phones themselves must be an open standards. With open web installs without scare walls and deeply hidden settings.The inversion of control needs to make Apple and Google the bitch here. Not the automotive industry that can't even dream of the insane margins the tech industry has.Cars should be able to interface with any phone without having to subjugate themselves to Google and Apple. Because this is a perverted inversion of control.People own cars. Not two tech titans.

It's high time the governments of the world told Google and Apple to fuck off and leave both consumers and other industries alone. Told the both of them that it's time for their platforms to become an open standard.That phones themselves must be an open standards. With open web installs without scare walls and deeply hidden settings.The inversion of control needs to make Apple and Google the bitch here. Not the automotive industry that can't even dream of the insane margins the tech industry has.Cars should be able to interface with any phone without having to subjugate themselves to Google and Apple. Because this is a perverted inversion of control.People own cars. Not two tech titans.

That phones themselves must be an open standards. With open web installs without scare walls and deeply hidden settings.The inversion of control needs to make Apple and Google the bitch here. Not the automotive industry that can't even dream of the insane margins the tech industry has.Cars should be able to interface with any phone without having to subjugate themselves to Google and Apple. Because this is a perverted inversion of control.People own cars. Not two tech titans.

The inversion of control needs to make Apple and Google the bitch here. Not the automotive industry that can't even dream of the insane margins the tech industry has.Cars should be able to interface with any phone without having to subjugate themselves to Google and Apple. Because this is a perverted inversion of control.People own cars. Not two tech titans.

Cars should be able to interface with any phone without having to subjugate themselves to Google and Apple. Because this is a perverted inversion of control.People own cars. Not two tech titans.

People own cars. Not two tech titans.

reply

reply

reply

Bluetooth?

reply

reply

reply

reply

The author acts like manufacturers get CarPlay for free when it has a high cost, high constraints, and gives over most or all of the dash over to another company.

reply

The dash isn't the manufacturer's property.  It's the car owner's.

reply

This was covered in the article, that's just CarPlay Ultra, which is still fairly new and hardly any companies have implemented it. That's not what's being asked for.> fear thinking the old car software will come back.Why would this not be a concern? Condition forces higher quality. If these car companies are competing against Apple and Google, they need to stop phoning it in. If they block them out, they can ship more junk and drivers are just stuck with it.If they believe it what they ship, they shouldn't be afraid to also build in CarPlay/Android Auto support. Have the sales people go over the built in system so people give it a chance. Impress the customers with it. Advertise how good it is. Eliminating the competition and claiming it's for the best, does not inspire confidence.

> fear thinking the old car software will come back.Why would this not be a concern? Condition forces higher quality. If these car companies are competing against Apple and Google, they need to stop phoning it in. If they block them out, they can ship more junk and drivers are just stuck with it.If they believe it what they ship, they shouldn't be afraid to also build in CarPlay/Android Auto support. Have the sales people go over the built in system so people give it a chance. Impress the customers with it. Advertise how good it is. Eliminating the competition and claiming it's for the best, does not inspire confidence.

Why would this not be a concern? Condition forces higher quality. If these car companies are competing against Apple and Google, they need to stop phoning it in. If they block them out, they can ship more junk and drivers are just stuck with it.If they believe it what they ship, they shouldn't be afraid to also build in CarPlay/Android Auto support. Have the sales people go over the built in system so people give it a chance. Impress the customers with it. Advertise how good it is. Eliminating the competition and claiming it's for the best, does not inspire confidence.

If they believe it what they ship, they shouldn't be afraid to also build in CarPlay/Android Auto support. Have the sales people go over the built in system so people give it a chance. Impress the customers with it. Advertise how good it is. Eliminating the competition and claiming it's for the best, does not inspire confidence.

reply

And Apple doesn't just take it over. It requires a per-model design package the OEM makes with Apple's help. So they can keep all their logos and design elements they care about.They still don't do it, as you pointed out. But it's not like using an AppleTV to avoid the terrible built in smart TV interface. The OEM is still there.

They still don't do it, as you pointed out. But it's not like using an AppleTV to avoid the terrible built in smart TV interface. The OEM is still there.

reply

I have a new car with actually pretty decent modern car software; far better than the decades of crap software I put up with my last car.  Carplay is still better.  And in another decade, Carplay will be even better and my decent car software will be the same.(And the car software and Carplay actually play very nicely together -- it is not all or nothing)

(And the car software and Carplay actually play very nicely together -- it is not all or nothing)

reply

The one in my car sucks, and to use the most basic features (navigation, music) that cost nothing on CarPlay (beyond my phone bill) cost $15-25/month from Toyota.

reply

reply

This is satire. I refuse to believe anything else.

reply

reply

Plus various rental cars!

reply

reply

Rented a number of GMs for sure, maybe a Nissan? Some of that is more fuzzy.

reply

reply

reply

reply

reply

reply

I wish software leaning Internet people stop framing that center console tablet as ""the car"". It's worse than people pointing at display monitors and calling it computers. They're just cheap complimentary tablets attached to the car. If we were to fully embrace the line of thinking that frame the touchscreen being the car, the Slate Truck cannot exist, since it lacks the car of the car. In reality it does exist, because that thing is just a tiny add-on unit of a car.The reason why there's been zero cars with CarPlay Ultra is because those cheap tablets remote controlling features of the actual car that hosts it, like speedometer, is weird, and way too complicated, and plain unworkable, on top of being too controlling.I'm not defending car brands, I find conversations with misunderstandings like this less than ideally productive. The 5.25"" DVD drive unit is not the computer.

The reason why there's been zero cars with CarPlay Ultra is because those cheap tablets remote controlling features of the actual car that hosts it, like speedometer, is weird, and way too complicated, and plain unworkable, on top of being too controlling.I'm not defending car brands, I find conversations with misunderstandings like this less than ideally productive. The 5.25"" DVD drive unit is not the computer.

I'm not defending car brands, I find conversations with misunderstandings like this less than ideally productive. The 5.25"" DVD drive unit is not the computer.

reply

> that does take over every screen of the car.

reply

reply

I promise, he knows exactly what it is.

reply

reply

What I've been saying is that the infotainment is external to the car, not significantly more connected and integrated than the spare tire, and that everyone needs to understand that.

reply

There's only a couple of Aston Martin cars that support it, but there's supposed to be more coming. See: https://www.stuff.tv/features/apple-carplay-ultra-compatibil...

reply

The ""infotainment"" (the display on the middle of the car) controls a lot of things now. On my car I can change things like lane departure or collision warning, changing the car's behaviour, for example that it brakes itself if it thinks it's about to hit something. You can even set a speed limiter, changing the behaviour of the car when you put pedal to the metal. Instead of going faster and faster up to 220km/h, you can modify the car to go faster and faster, but only to e.g. 120 km/h. How's that ""external to the car"".

reply

CarPlay Ultra is just an extension of that where the gauge cluster is now just another infotainment screen that displays the received telemetry data.  It does not have access to the ECU, cannot interfere, can be rebooted with impunity, etc.

reply

But it exists. And is available in at least one production car.

reply","{'href': 'https://news.ycombinator.com', 'title': 'Hacker News'}","technology"
"https://news.google.com/rss/search?q=site:ycombinator.com","Agentic coding notes from Galapagos Island","https://news.ycombinator.com/item?id=48782671","Sat, 04 Jul 2026 05:12:11 GMT","

reply

reply

reply

Who cares about AI, I wanted to read about living in Galapagos

reply

That is a massive amount of information even if we are being sloppy with it. You can read The Hobbit and the first Harry Potter book cover-to-cover and still have room to spare. I would deeply struggle to develop a world model this detailed for any business. Anything that needs to get more specific than these narratives can be a SQL query tool into the data warehouse, grep over the codebase, MS graph API lookup, etc.Giving the business a balanced way to collaborate over this one shared model of the world is a new challenge I am beginning to engage with. I've also noticed that the world model will compound on itself in terms of self-detection of update opportunities. The more constraints there are, the more likely we appear to violate one.

Giving the business a balanced way to collaborate over this one shared model of the world is a new challenge I am beginning to engage with. I've also noticed that the world model will compound on itself in terms of self-detection of update opportunities. The more constraints there are, the more likely we appear to violate one.

reply

If only. There is a huge difference between ""Gives good responses/can easily spot things within N context size"" and ""Technically works but sucks within N context size"", almost all models basically become cave-people once you go beyond 50% of the ""supported"" context size, meaning while they may technically work with 1 million output tokens, those last 500K tokens are gonna be massively ""dumber"" than the first 500k tokens.

reply

reply

reply

You should talk to https://www.mechanize.work/ for sponsorship/credits and about environments.

reply

reply

reply

reply

reply

reply

reply



reply

You're not likely to want to run Fable in a loop any more than you want to take a bunch of dollar bills and light them on fire. Every invocation of Fable has to be intentional, its context carefully managed. I feel like a babysitter.

reply

reply

reply

reply

reply

reply

reply

reply

reply

  Anthropic says the change is about capacity and is temporary. In its launch announcement on June 9, 2026, it says:

  ""After this point—when sufficient capacity allows us to do so—we aim to restore Fable 5 as a standard part of subscription plans. We intend to do this as quickly as we can.""

reply

[1] https://status.claude.com

reply

Let's take this [1] benchmark. A bit more context here [2].Here models are asked to create kernels for running inference on models. This is a benchmark perfectly suited and highly relevant right now. It's easily verifiable, an active are of research, and the results are immediately useful.Say you have 1 unit of compute, it costs 300k $ and serves 1x users. In comes Fable and after one session it gives you 30% speed-up on your 1 unit of compute. It can now serve 1.3x users. How much is that one session worth for you? How much is it worth for a company using 10 units? 100 units? How much is it worth for a hyper-scaler running 10.000 units? How much is it worth for a lab that trains the next frontier model and then serves it from 100.000 units? 30% is relative. And the cost for one session is really meaningless. It can cost 1m$ / session and it would still be worth it for someone.[1] - https://kernelbench.com/mega[2] - https://x.com/elliotarledge/status/2072814573753975266

Here models are asked to create kernels for running inference on models. This is a benchmark perfectly suited and highly relevant right now. It's easily verifiable, an active are of research, and the results are immediately useful.Say you have 1 unit of compute, it costs 300k $ and serves 1x users. In comes Fable and after one session it gives you 30% speed-up on your 1 unit of compute. It can now serve 1.3x users. How much is that one session worth for you? How much is it worth for a company using 10 units? 100 units? How much is it worth for a hyper-scaler running 10.000 units? How much is it worth for a lab that trains the next frontier model and then serves it from 100.000 units? 30% is relative. And the cost for one session is really meaningless. It can cost 1m$ / session and it would still be worth it for someone.[1] - https://kernelbench.com/mega[2] - https://x.com/elliotarledge/status/2072814573753975266

Say you have 1 unit of compute, it costs 300k $ and serves 1x users. In comes Fable and after one session it gives you 30% speed-up on your 1 unit of compute. It can now serve 1.3x users. How much is that one session worth for you? How much is it worth for a company using 10 units? 100 units? How much is it worth for a hyper-scaler running 10.000 units? How much is it worth for a lab that trains the next frontier model and then serves it from 100.000 units? 30% is relative. And the cost for one session is really meaningless. It can cost 1m$ / session and it would still be worth it for someone.[1] - https://kernelbench.com/mega[2] - https://x.com/elliotarledge/status/2072814573753975266

[1] - https://kernelbench.com/mega[2] - https://x.com/elliotarledge/status/2072814573753975266

[2] - https://x.com/elliotarledge/status/2072814573753975266

reply

> You're not likely to want to run Fable in a loop any more than you want to take a bunch of dollar bills and light them on fire. Every invocation of Fable has to be intentional, its context carefully managed.Eh, that's just because it's the current frontier model.  Give it a few weeks, and prices will drop.

Eh, that's just because it's the current frontier model.  Give it a few weeks, and prices will drop.

reply

Like with Uber and Lyft, the low prices were a fight for market share, but now they have successfully captured that market share the focus changes to balancing their books.

reply","{'href': 'https://news.ycombinator.com', 'title': 'Hacker News'}","technology"
"https://news.google.com/rss/search?q=site:ycombinator.com","Maybe you should learn something","https://news.ycombinator.com/item?id=48782435","Sat, 04 Jul 2026 04:10:09 GMT","

- T.H. White, The Once and Future King

reply

reply

reply

reply

reply

reply

reply

Even older kids... my 6 year old is jumping on the couch as I type this..I like remote work but when I had to commute it was really nice to have that downtime built in to the day. I learned a lot of Dutch vocabulary on the train.

I like remote work but when I had to commute it was really nice to have that downtime built in to the day. I learned a lot of Dutch vocabulary on the train.

reply

reply

reply

reply

> Learning something completely new from scratch is really awful, and at this point most people are very disheartened and want to give up, which is unfortunate, because if they got back to it the next day, they'd find it's actually gotten tangibly easier.This certainly applies to some people, but not all people, and I suspect that the people who actually take the time to ""learn new things"" are those who enjoy the process. People tend to avoid things they don't enjoy, especially when those things are discretionary, so telling the people who don't enjoy the process of learning new things to do so anyway is preaching to the wrong audience.

This certainly applies to some people, but not all people, and I suspect that the people who actually take the time to ""learn new things"" are those who enjoy the process. People tend to avoid things they don't enjoy, especially when those things are discretionary, so telling the people who don't enjoy the process of learning new things to do so anyway is preaching to the wrong audience.

reply

reply

reply

reply

I had a student come to me with essentially the same problem over two years and each time I helped her she was in refusal to listen as she stressed herself to just make it work now. Her problem was that she never took the time to do the basics and rejected any learning opportunity as it stared her in the face.You get results over time if you dedicate yourself to just doing the thing. For many subjects there is no shortcut, no way to walk the path without actually walking it. Every time you encounter an issue there is a learning opportunity. Use it.

You get results over time if you dedicate yourself to just doing the thing. For many subjects there is no shortcut, no way to walk the path without actually walking it. Every time you encounter an issue there is a learning opportunity. Use it.

reply

You follow a tutorial to do something, feel happy about it. Then you start a new project to put your new skills to good use and... Blank. No idea where to start, no idea how to proceed.It's so important to build stuff, using references is fine, but following tutorials is not the way forward! You have to work on your own without the training wheels.

It's so important to build stuff, using references is fine, but following tutorials is not the way forward! You have to work on your own without the training wheels.

reply

reply

For me it is. Even in my domain where I'm an expert and it's fun, it only is if I'm working on something interesting.

reply

You absulutely CAN meaningfully pickup things in a day or two, especially with modern AI agents. 3D modeling is a good example, it is not that difficult! It takes some preparation not to be blocked, and good hardware, but when you actually start it goes fast.You need a concrete goals, not some nebulous plan to learm one hour a day for years.

You need a concrete goals, not some nebulous plan to learm one hour a day for years.

reply

Do you people have to mention AI in every single subject.

reply

In the case of 3d modeling, it did initial research, prepared software, prepared a few prototypes to kick start, prepared validation checklist, and found some tutorial videos for me.

reply

reply

reply

reply

reply

Like, in a just having a life kind of way.But what do I know?

But what do I know?

reply","{'href': 'https://news.ycombinator.com', 'title': 'Hacker News'}","technology"
"https://news.google.com/rss/search?q=site:ycombinator.com","How to ask for help from people who don't know you","https://news.ycombinator.com/item?id=48761118","Sat, 04 Jul 2026 03:22:53 GMT","

I've learned some of these lessons the hard way. I'll add a few. Proof of work is important, but it's not about the magnitude of energy you spend. I went through two iterations of reaching out to my college network. The first time I put so much time into handwriting notes and trying to provide my relatable background. 100 notes, not a single response.The second time I sent emails that were a few sentences. I had a much clearer ask and devoted the effort into fitting my questions into the email. I wanted a conversation really, but I also tried to communicate what I planned to ask.15% response rate and invaluable conversations. Less overall ""work"".Secondly, and relatedly, don't ever waste someone's time. Don't ask for / accept a meeting if you don't have some semblance of a clear ask. It's hard, especially in early stage business where you're trying to discover what you don't know. But you can try to lay out your tier 1 ""here's what I think"", ""here are the follow ups"".I sensed once that I had irritated someone by lacking the agenda. Another time I took a mutual connection up on an intro where I didn't know what I really needed. I regret both of these.Thirdly try to pay it forward. It won't always come back around, but you can feel more comfortable asking for help and more cognizant of what a helper (so to speak) is thinking

The second time I sent emails that were a few sentences. I had a much clearer ask and devoted the effort into fitting my questions into the email. I wanted a conversation really, but I also tried to communicate what I planned to ask.15% response rate and invaluable conversations. Less overall ""work"".Secondly, and relatedly, don't ever waste someone's time. Don't ask for / accept a meeting if you don't have some semblance of a clear ask. It's hard, especially in early stage business where you're trying to discover what you don't know. But you can try to lay out your tier 1 ""here's what I think"", ""here are the follow ups"".I sensed once that I had irritated someone by lacking the agenda. Another time I took a mutual connection up on an intro where I didn't know what I really needed. I regret both of these.Thirdly try to pay it forward. It won't always come back around, but you can feel more comfortable asking for help and more cognizant of what a helper (so to speak) is thinking

15% response rate and invaluable conversations. Less overall ""work"".Secondly, and relatedly, don't ever waste someone's time. Don't ask for / accept a meeting if you don't have some semblance of a clear ask. It's hard, especially in early stage business where you're trying to discover what you don't know. But you can try to lay out your tier 1 ""here's what I think"", ""here are the follow ups"".I sensed once that I had irritated someone by lacking the agenda. Another time I took a mutual connection up on an intro where I didn't know what I really needed. I regret both of these.Thirdly try to pay it forward. It won't always come back around, but you can feel more comfortable asking for help and more cognizant of what a helper (so to speak) is thinking

Secondly, and relatedly, don't ever waste someone's time. Don't ask for / accept a meeting if you don't have some semblance of a clear ask. It's hard, especially in early stage business where you're trying to discover what you don't know. But you can try to lay out your tier 1 ""here's what I think"", ""here are the follow ups"".I sensed once that I had irritated someone by lacking the agenda. Another time I took a mutual connection up on an intro where I didn't know what I really needed. I regret both of these.Thirdly try to pay it forward. It won't always come back around, but you can feel more comfortable asking for help and more cognizant of what a helper (so to speak) is thinking

I sensed once that I had irritated someone by lacking the agenda. Another time I took a mutual connection up on an intro where I didn't know what I really needed. I regret both of these.Thirdly try to pay it forward. It won't always come back around, but you can feel more comfortable asking for help and more cognizant of what a helper (so to speak) is thinking

Thirdly try to pay it forward. It won't always come back around, but you can feel more comfortable asking for help and more cognizant of what a helper (so to speak) is thinking

reply

This is a thoughtful gesture, but there are at least two problems with itFirst, a handwritten note isn't easy to respond to. With an e-mail, you can leave the message in your inbox until you have time to respond and then it's one click to start responding. With a hand-written letter the recipient would have to context-switch from reading mail to using a digital device and they'd have to transcribe your e-mail address. It's not much work, but it's still work that someone has to make time for.Second, it's an unusual thing to do. It's important to communicate with people through normal, comfortable communication channels where the etiquette is known. Having someone handwrite a letter and look up your mailing address is unusual. Unusual behavior triggers people's suspicions. You weren't trying to scam anyone, but you should be aware that one of the tricks used in scams is to invest unusual amounts of attention and energy into someone. It can trigger a suspicion that you're really after something else.Your second round of sending short e-mails had neither of these problems. Easy to reply to, nothing unusual about it. It's the way to go.

First, a handwritten note isn't easy to respond to. With an e-mail, you can leave the message in your inbox until you have time to respond and then it's one click to start responding. With a hand-written letter the recipient would have to context-switch from reading mail to using a digital device and they'd have to transcribe your e-mail address. It's not much work, but it's still work that someone has to make time for.Second, it's an unusual thing to do. It's important to communicate with people through normal, comfortable communication channels where the etiquette is known. Having someone handwrite a letter and look up your mailing address is unusual. Unusual behavior triggers people's suspicions. You weren't trying to scam anyone, but you should be aware that one of the tricks used in scams is to invest unusual amounts of attention and energy into someone. It can trigger a suspicion that you're really after something else.Your second round of sending short e-mails had neither of these problems. Easy to reply to, nothing unusual about it. It's the way to go.

Second, it's an unusual thing to do. It's important to communicate with people through normal, comfortable communication channels where the etiquette is known. Having someone handwrite a letter and look up your mailing address is unusual. Unusual behavior triggers people's suspicions. You weren't trying to scam anyone, but you should be aware that one of the tricks used in scams is to invest unusual amounts of attention and energy into someone. It can trigger a suspicion that you're really after something else.Your second round of sending short e-mails had neither of these problems. Easy to reply to, nothing unusual about it. It's the way to go.

Your second round of sending short e-mails had neither of these problems. Easy to reply to, nothing unusual about it. It's the way to go.

reply

reply

Solid advice, (but to others reading) don't optimize for not irritating people.Especially your professional network. You built those relationships because you wanted to use them in the future, and the future is now… so, tap them! If they don't like that, no big deal, no sweat, move on.If you're irritating multiple people constantly, then yea you're probably doing something wrong. But if it's one person once in a blue moon, that happens, don't over optimize for avoiding that. You can't make everyone happy

Especially your professional network. You built those relationships because you wanted to use them in the future, and the future is now… so, tap them! If they don't like that, no big deal, no sweat, move on.If you're irritating multiple people constantly, then yea you're probably doing something wrong. But if it's one person once in a blue moon, that happens, don't over optimize for avoiding that. You can't make everyone happy

If you're irritating multiple people constantly, then yea you're probably doing something wrong. But if it's one person once in a blue moon, that happens, don't over optimize for avoiding that. You can't make everyone happy

reply

i'd rephrase as ""visible lack of effort is problematic"" - anything above that passes the bar for me, and other factors become critical

reply

  > Thirdly try to pay it forward.

An important step. If you don't it's not dissimilar from pulling up the ladder behind you.The thing I've found is that often what's simple and easy for me (the person being asked) is difficult or overly cumbersome for the person asking (or even not asking). Often it's due to simply being in the right position or knowing the right people. We're all in this together and there's so much to success that's beyond talent and skill. All the small little actions add up even if you don't get to see how

The thing I've found is that often what's simple and easy for me (the person being asked) is difficult or overly cumbersome for the person asking (or even not asking). Often it's due to simply being in the right position or knowing the right people. We're all in this together and there's so much to success that's beyond talent and skill. All the small little actions add up even if you don't get to see how

reply

Similar story. Sent out 900+ emails to scientific illustrators; about 25 accepted. Here's the result:* https://impacts.to/downloads/lowres/impacts.pdf* https://impacts.to/bibliography.pdf

* https://impacts.to/downloads/lowres/impacts.pdf* https://impacts.to/bibliography.pdf

* https://impacts.to/bibliography.pdf

reply

reply

My number one tip therefore is to try to put yourself into the perspective of the other side. Did you give them all the information they need to know? Of course you will know a lot of things about your project that are really obvious to you, but that you would need to mention to others so they understand what you are talking about. On the other hand if you want to hire a plumber, you don't need to tell them a long story about the roof of the house. Conceptually the plumbing and the roof may both be house-related issues in your mind, but you're wasting the plumbers time. So that means the time/patience of the person on the other side is a valuable resource.

reply

When I've been in positions where a lot of people ask for help, this is the #1 place I saw people drop the ball.The advice to show proof of work up front is important. What isn't so obvious is that the proof of work needs to go deeper than surface level. Putting up a single blog post or having Claude write some code that you upload to GitHub doesn't cut it. You have to show that you've been putting effort into this for all the right reasons, not just as a ploy to appear like a serious person. When you get 10 requests for help every week you get very good at being able to tell who has been putting in the work and who thought they could appear like a serious person by putting on a little show.This doesn't end after you get the meeting. Following up is just as important. When someone makes time to hear you out and offer advice, you need to demonstrate that you tried what they suggested. You can choose not to follow their advice, but that's probably the end of the help you receive. It's a choice.The easiest way to blow it is to ask for someone's help, then ignore it or fail to follow through. If someone helps you, follow up with some contact to explain how it helped, or at least how you tried it. Nothing is more frustrating than setting aside time to help someone and then a month later you run into them and learn that they haven't gotten around to doing the thing they wanted help with.

The advice to show proof of work up front is important. What isn't so obvious is that the proof of work needs to go deeper than surface level. Putting up a single blog post or having Claude write some code that you upload to GitHub doesn't cut it. You have to show that you've been putting effort into this for all the right reasons, not just as a ploy to appear like a serious person. When you get 10 requests for help every week you get very good at being able to tell who has been putting in the work and who thought they could appear like a serious person by putting on a little show.This doesn't end after you get the meeting. Following up is just as important. When someone makes time to hear you out and offer advice, you need to demonstrate that you tried what they suggested. You can choose not to follow their advice, but that's probably the end of the help you receive. It's a choice.The easiest way to blow it is to ask for someone's help, then ignore it or fail to follow through. If someone helps you, follow up with some contact to explain how it helped, or at least how you tried it. Nothing is more frustrating than setting aside time to help someone and then a month later you run into them and learn that they haven't gotten around to doing the thing they wanted help with.

This doesn't end after you get the meeting. Following up is just as important. When someone makes time to hear you out and offer advice, you need to demonstrate that you tried what they suggested. You can choose not to follow their advice, but that's probably the end of the help you receive. It's a choice.The easiest way to blow it is to ask for someone's help, then ignore it or fail to follow through. If someone helps you, follow up with some contact to explain how it helped, or at least how you tried it. Nothing is more frustrating than setting aside time to help someone and then a month later you run into them and learn that they haven't gotten around to doing the thing they wanted help with.

The easiest way to blow it is to ask for someone's help, then ignore it or fail to follow through. If someone helps you, follow up with some contact to explain how it helped, or at least how you tried it. Nothing is more frustrating than setting aside time to help someone and then a month later you run into them and learn that they haven't gotten around to doing the thing they wanted help with.

reply

Is this person actively solving the problem, tried a bunch of approaches and ran into a road block where they're asking for help?Or are they wishing the problem didn't exist, so they do as little as possible, hoping somebody else will solve the problem for them?

Or are they wishing the problem didn't exist, so they do as little as possible, hoping somebody else will solve the problem for them?

reply

There's a big difference between:""Hey, I saw this job at [company you work at], could you refer me please? I'm [lists skills and experience]""and""Hey I'm thinking of applying to [company you work at] for the product designer position and I want to make an impression, so I'm putting together a demo Figma with a couple of things I'd fix and how. I spotted those when I did the onboarding for your free trial. I'm curious if you could tell me whether [design flaw] is intentional to deter abuse or if that's something I could fix? Totally get if that's confidential""The part where you're solving the problem instead of hoping someone else will solve it for you, that's much more important then how you word it.

""Hey, I saw this job at [company you work at], could you refer me please? I'm [lists skills and experience]""and""Hey I'm thinking of applying to [company you work at] for the product designer position and I want to make an impression, so I'm putting together a demo Figma with a couple of things I'd fix and how. I spotted those when I did the onboarding for your free trial. I'm curious if you could tell me whether [design flaw] is intentional to deter abuse or if that's something I could fix? Totally get if that's confidential""The part where you're solving the problem instead of hoping someone else will solve it for you, that's much more important then how you word it.

and""Hey I'm thinking of applying to [company you work at] for the product designer position and I want to make an impression, so I'm putting together a demo Figma with a couple of things I'd fix and how. I spotted those when I did the onboarding for your free trial. I'm curious if you could tell me whether [design flaw] is intentional to deter abuse or if that's something I could fix? Totally get if that's confidential""The part where you're solving the problem instead of hoping someone else will solve it for you, that's much more important then how you word it.

""Hey I'm thinking of applying to [company you work at] for the product designer position and I want to make an impression, so I'm putting together a demo Figma with a couple of things I'd fix and how. I spotted those when I did the onboarding for your free trial. I'm curious if you could tell me whether [design flaw] is intentional to deter abuse or if that's something I could fix? Totally get if that's confidential""The part where you're solving the problem instead of hoping someone else will solve it for you, that's much more important then how you word it.

The part where you're solving the problem instead of hoping someone else will solve it for you, that's much more important then how you word it.

reply

In the second one it's really obvious to me that they just want a referral. It would annoy me that they are making me read extraneous information.

reply

reply

The chance that I know whether or not it's intentional is extremely low. If I don't work on that part of the app, I'm not going to go chase down the product person would might know.I think it's much, much less likely to get any response, despite being higher effort on the sender. It's too specific and too likely to step on a landmine of “I don't know the answer and I'm not going to go on a side quest to find it for someone I don't know…”

I think it's much, much less likely to get any response, despite being higher effort on the sender. It's too specific and too likely to step on a landmine of “I don't know the answer and I'm not going to go on a side quest to find it for someone I don't know…”

reply

reply

reply

reply

reply

reply

reply

Out of 40 messages, 38 replied and agreed to a phone call, and none of them actually asked for the money.[0] https://mtlynch.io/notes/designing-the-ideal-bootstrapped-bu...

[0] https://mtlynch.io/notes/designing-the-ideal-bootstrapped-bu...

reply

reply

I have run cold outbound to senior buyers for about twenty-five years, people who owe me nothing and get pitched daily.Two things that I find move the reply rate more than anything else:- First, a specific, bounded ask that names the twenty minutes and the exact question, so they can price the interaction in their head in one read. The article's ""so short as to be unsummarizable"" line is the same concept.- Second, and this is the one people skip, evidence that you already know the answer to the easy version of your question, so the only thing left to ask them is the part that needs their judgement.Offering to pay is a cruder version of both. It says the cost is real to you and you have thought about theirs.The ones that land make the money almost incidental, the way Cohen's did. Make the ask cheap enough that saying yes costs them less than saying no.Give them your answer to the easy version first, so the only thing left to ask is their judgement on the hard part. People will spend that on a problem they already feel daily, far sooner than they will do your thinking for you.

Two things that I find move the reply rate more than anything else:- First, a specific, bounded ask that names the twenty minutes and the exact question, so they can price the interaction in their head in one read. The article's ""so short as to be unsummarizable"" line is the same concept.- Second, and this is the one people skip, evidence that you already know the answer to the easy version of your question, so the only thing left to ask them is the part that needs their judgement.Offering to pay is a cruder version of both. It says the cost is real to you and you have thought about theirs.The ones that land make the money almost incidental, the way Cohen's did. Make the ask cheap enough that saying yes costs them less than saying no.Give them your answer to the easy version first, so the only thing left to ask is their judgement on the hard part. People will spend that on a problem they already feel daily, far sooner than they will do your thinking for you.

- First, a specific, bounded ask that names the twenty minutes and the exact question, so they can price the interaction in their head in one read. The article's ""so short as to be unsummarizable"" line is the same concept.- Second, and this is the one people skip, evidence that you already know the answer to the easy version of your question, so the only thing left to ask them is the part that needs their judgement.Offering to pay is a cruder version of both. It says the cost is real to you and you have thought about theirs.The ones that land make the money almost incidental, the way Cohen's did. Make the ask cheap enough that saying yes costs them less than saying no.Give them your answer to the easy version first, so the only thing left to ask is their judgement on the hard part. People will spend that on a problem they already feel daily, far sooner than they will do your thinking for you.

- Second, and this is the one people skip, evidence that you already know the answer to the easy version of your question, so the only thing left to ask them is the part that needs their judgement.Offering to pay is a cruder version of both. It says the cost is real to you and you have thought about theirs.The ones that land make the money almost incidental, the way Cohen's did. Make the ask cheap enough that saying yes costs them less than saying no.Give them your answer to the easy version first, so the only thing left to ask is their judgement on the hard part. People will spend that on a problem they already feel daily, far sooner than they will do your thinking for you.

Offering to pay is a cruder version of both. It says the cost is real to you and you have thought about theirs.The ones that land make the money almost incidental, the way Cohen's did. Make the ask cheap enough that saying yes costs them less than saying no.Give them your answer to the easy version first, so the only thing left to ask is their judgement on the hard part. People will spend that on a problem they already feel daily, far sooner than they will do your thinking for you.

The ones that land make the money almost incidental, the way Cohen's did. Make the ask cheap enough that saying yes costs them less than saying no.Give them your answer to the easy version first, so the only thing left to ask is their judgement on the hard part. People will spend that on a problem they already feel daily, far sooner than they will do your thinking for you.

Give them your answer to the easy version first, so the only thing left to ask is their judgement on the hard part. People will spend that on a problem they already feel daily, far sooner than they will do your thinking for you.

reply

reply

reply

First question that I will have would be - why do you need the what are you asking for. Because you are relying on my expertise and I do expect myself to deliver the best possible answer. And then we go into 10h+ land.

reply

I wrote about this from the perspective of someone with no connections [0] but I think even if you're well connected, reaching out to people from other networks is a useful way to gain access to great thinking, information, and opportunity.[0] https://www.nair.sh/guides-and-opinions/marketing-under-pres...

[0] https://www.nair.sh/guides-and-opinions/marketing-under-pres...

reply

Explain your rationale for picking that person you are trying to reach.Put yourself at mercy of the helper.Last but not least.End the recording and turn of the camera on your R2D2 droid.

Put yourself at mercy of the helper.Last but not least.End the recording and turn of the camera on your R2D2 droid.

Last but not least.End the recording and turn of the camera on your R2D2 droid.

End the recording and turn of the camera on your R2D2 droid.

reply

reply

reply

reply

It's especially effective if it's a timely event. People do talks and interviews to meet people and get some attention, so you're basically shaking hands with someone who's ready to shake yours.

reply

reply

On the other hand, at least make sure you have looked into what the LLM says about your questions. It is aggravating to get a request which an LLM can answer correctly.

reply

reply

I've had people assume that person X must be asked several times a day for help when they're really asked once every few years. Alternatively, I know people who assume they are sending some totally unique request to someone who gets a dozen of the same inquiry every single day.Until you get a good baseline figure of how competitive your request for help is, everything else is pre-mature optimization. The best thing is to just be lightweight about it and dash something off as soon as you think of it and to not be too emotionally invested in whether you get a response or not. Only when you gather evidence that the response rate is below what you expected should you try to optimize how you ask.

Until you get a good baseline figure of how competitive your request for help is, everything else is pre-mature optimization. The best thing is to just be lightweight about it and dash something off as soon as you think of it and to not be too emotionally invested in whether you get a response or not. Only when you gather evidence that the response rate is below what you expected should you try to optimize how you ask.

reply

Just say ""hello/excuse me"" in their language and then ask the question in your language. If they speak it, they will often answer you quickly. Sometimes you can even see a look dawn on their face after the fact as they realize you skipped the first step.

reply

""Hello John, are you available to chat later today about Foo Product?""Or sometimes just:""Hello John""I know they want something from me, but I have no idea what, how much effort it will require, how urgent it is, or whether I am even capable of helping.A much better approach is more like this article outlines:""Hello John. I'm looking into in a client-reported issue with Foo Product. The customer states they are unable to do X. The support ticket is <link to ticket>. I've done some investigation and think I have identified the root cause with <possible root cause>. Are you available for a brief 30 minute call this afternoon to discuss the issue as well as some potential fixes?""That way I have some idea of context, priority, and what they are looking for from me. I can also review the details of the ticket prior to the call, which makes for a more productive conversation. Or if there is someone else who is more knowledgeable than me, I can request that we add that person as well.If you're in the habit of starting work conversations on slack with just ""Hello"" - I would highly recommend that you start including additional context when initially reaching out.

Or sometimes just:""Hello John""I know they want something from me, but I have no idea what, how much effort it will require, how urgent it is, or whether I am even capable of helping.A much better approach is more like this article outlines:""Hello John. I'm looking into in a client-reported issue with Foo Product. The customer states they are unable to do X. The support ticket is <link to ticket>. I've done some investigation and think I have identified the root cause with <possible root cause>. Are you available for a brief 30 minute call this afternoon to discuss the issue as well as some potential fixes?""That way I have some idea of context, priority, and what they are looking for from me. I can also review the details of the ticket prior to the call, which makes for a more productive conversation. Or if there is someone else who is more knowledgeable than me, I can request that we add that person as well.If you're in the habit of starting work conversations on slack with just ""Hello"" - I would highly recommend that you start including additional context when initially reaching out.

""Hello John""I know they want something from me, but I have no idea what, how much effort it will require, how urgent it is, or whether I am even capable of helping.A much better approach is more like this article outlines:""Hello John. I'm looking into in a client-reported issue with Foo Product. The customer states they are unable to do X. The support ticket is <link to ticket>. I've done some investigation and think I have identified the root cause with <possible root cause>. Are you available for a brief 30 minute call this afternoon to discuss the issue as well as some potential fixes?""That way I have some idea of context, priority, and what they are looking for from me. I can also review the details of the ticket prior to the call, which makes for a more productive conversation. Or if there is someone else who is more knowledgeable than me, I can request that we add that person as well.If you're in the habit of starting work conversations on slack with just ""Hello"" - I would highly recommend that you start including additional context when initially reaching out.

I know they want something from me, but I have no idea what, how much effort it will require, how urgent it is, or whether I am even capable of helping.A much better approach is more like this article outlines:""Hello John. I'm looking into in a client-reported issue with Foo Product. The customer states they are unable to do X. The support ticket is <link to ticket>. I've done some investigation and think I have identified the root cause with <possible root cause>. Are you available for a brief 30 minute call this afternoon to discuss the issue as well as some potential fixes?""That way I have some idea of context, priority, and what they are looking for from me. I can also review the details of the ticket prior to the call, which makes for a more productive conversation. Or if there is someone else who is more knowledgeable than me, I can request that we add that person as well.If you're in the habit of starting work conversations on slack with just ""Hello"" - I would highly recommend that you start including additional context when initially reaching out.

A much better approach is more like this article outlines:""Hello John. I'm looking into in a client-reported issue with Foo Product. The customer states they are unable to do X. The support ticket is <link to ticket>. I've done some investigation and think I have identified the root cause with <possible root cause>. Are you available for a brief 30 minute call this afternoon to discuss the issue as well as some potential fixes?""That way I have some idea of context, priority, and what they are looking for from me. I can also review the details of the ticket prior to the call, which makes for a more productive conversation. Or if there is someone else who is more knowledgeable than me, I can request that we add that person as well.If you're in the habit of starting work conversations on slack with just ""Hello"" - I would highly recommend that you start including additional context when initially reaching out.

""Hello John. I'm looking into in a client-reported issue with Foo Product. The customer states they are unable to do X. The support ticket is <link to ticket>. I've done some investigation and think I have identified the root cause with <possible root cause>. Are you available for a brief 30 minute call this afternoon to discuss the issue as well as some potential fixes?""That way I have some idea of context, priority, and what they are looking for from me. I can also review the details of the ticket prior to the call, which makes for a more productive conversation. Or if there is someone else who is more knowledgeable than me, I can request that we add that person as well.If you're in the habit of starting work conversations on slack with just ""Hello"" - I would highly recommend that you start including additional context when initially reaching out.

That way I have some idea of context, priority, and what they are looking for from me. I can also review the details of the ticket prior to the call, which makes for a more productive conversation. Or if there is someone else who is more knowledgeable than me, I can request that we add that person as well.If you're in the habit of starting work conversations on slack with just ""Hello"" - I would highly recommend that you start including additional context when initially reaching out.

If you're in the habit of starting work conversations on slack with just ""Hello"" - I would highly recommend that you start including additional context when initially reaching out.

reply

[1] https://nohello.net/en/

reply

reply

reply

I'm trying to inoculate myself against the imaginary idea that I'm an idiot, but the reality is, by the time I get to idea #5, I'm probably grasping at straws. The 5 most obvious solutions might not be someone else's 5. What I need their help with is not coming up with idea #6 in terms of likelihood, but _their_ best first idea -- which might send me in a totally different direction!

reply

Always start your email to a busy/important person with exactly what you want from them. Within the first two sentences. Then peel the onion, giving details from more important to less important.This gives the reader opportunity to stop reading at any point having decided to help you or not, with the least waste of their time. In many case, the person can skill your description of your work, and just tell you what to do.

This gives the reader opportunity to stop reading at any point having decided to help you or not, with the least waste of their time. In many case, the person can skill your description of your work, and just tell you what to do.

reply

reply

reply

https://www.catb.org/esr/faqs/smart-questions.htmlIt reads a bit harsh in some places but well warranted IMHO.

It reads a bit harsh in some places but well warranted IMHO.

reply

Especially when starting something yourself. It sounds obvious but it took me far too long to long to go to people actively talking about their problems and help them vs asking them for problems they are facing.Making that switch was a big difference in terms of outreach.

Making that switch was a big difference in terms of outreach.

reply

reply

But what about advice for giving help to someone?There's plenty of ways that giving someone help can go horribly wrong, and I think that it's not uncommon for people to be blindsided by such a request.

There's plenty of ways that giving someone help can go horribly wrong, and I think that it's not uncommon for people to be blindsided by such a request.

reply

https://fs.blog/hunter-s-thompson-to-hume-logan/

reply

I'm definitely borrowing the phrase “galloping neurosis” the next chance I get.

reply

I did have in mind something more like the Socratic method, asking pointed questions of your mentee, guiding them but not pushing them. I suppose that in a weird way that essay is the Hunter S Thompson idea of the socratic method.I really do think it's important to give thought to HOW to give help.Especially in the technical communities, there's such an over-emphasis in ""asking correctly"". It perhaps started with usenet (think Eric S Raymond's INSUFFERABLE FAQ on ""How To Ask Questions The Smart Way""), and ended with the persnickety and now thankfully moribund stackoverflow gameified and toxic question-and-answer forum.

I really do think it's important to give thought to HOW to give help.Especially in the technical communities, there's such an over-emphasis in ""asking correctly"". It perhaps started with usenet (think Eric S Raymond's INSUFFERABLE FAQ on ""How To Ask Questions The Smart Way""), and ended with the persnickety and now thankfully moribund stackoverflow gameified and toxic question-and-answer forum.

Especially in the technical communities, there's such an over-emphasis in ""asking correctly"". It perhaps started with usenet (think Eric S Raymond's INSUFFERABLE FAQ on ""How To Ask Questions The Smart Way""), and ended with the persnickety and now thankfully moribund stackoverflow gameified and toxic question-and-answer forum.

reply

reply

* No abbreviations like ""plz""* No wall of text (and no AI walls of text)

* No wall of text (and no AI walls of text)

reply

1. Be Rich2. Be Attractive if you didn't complete step 1.3. If you failed to complete steps 1. and 2., don't bother.

2. Be Attractive if you didn't complete step 1.3. If you failed to complete steps 1. and 2., don't bother.

3. If you failed to complete steps 1. and 2., don't bother.

reply

reply

Nitpick but this phrasing always confused me. Who assigns it? God?(Also I think that happens slightly before the birth!)

(Also I think that happens slightly before the birth!)

reply

OTOH,> make it easy to say nois the best piece of advice amongst many other pieces of good advice

> make it easy to say nois the best piece of advice amongst many other pieces of good advice

is the best piece of advice amongst many other pieces of good advice

reply

> asking for a resource to start with is better than “can I pick your brain?”

reply

reply

reply

reply

reply

Body: a vague description of what the problem is and what they've tried. Leaving out key details that would drastically change the answer.Response to answers: now that you have them hooked most answers will be actual questions about what your original post lacked to clarify. Be sure to respond to these as the more engagement on your post makes the algorithm show it to more people. And the second round of answers has a higher chance of answering your question.Wait until a critical mass of people have seen and attempted answering your question to exhaustion. Hopefully you will be able to piece together a solution.

Response to answers: now that you have them hooked most answers will be actual questions about what your original post lacked to clarify. Be sure to respond to these as the more engagement on your post makes the algorithm show it to more people. And the second round of answers has a higher chance of answering your question.Wait until a critical mass of people have seen and attempted answering your question to exhaustion. Hopefully you will be able to piece together a solution.

Wait until a critical mass of people have seen and attempted answering your question to exhaustion. Hopefully you will be able to piece together a solution.

reply

Gotta get them points?

reply

a LOT of people miss this

reply

Show Respect, Be Polite, Be Specific and finally; always follow-up with a Thank You whether you got help or not.

reply

I make sure to do this at work, when I'm asking questions about things outside of my domain. I do it when talking to tech support for my ISP or phone, when I contact maintenance for my apartment and when I take my car in for service.

reply

reply

I wish people would just stop 'helping' each other (as it is currently). Help should only be given to people who are in dire need and it should only be enough to allow them to stay afloat. Helping someone to become a multi-millionaire is not 'help', it's injustice; it only exacerbates the problem. It creates a system where success is impossible without receiving help. This, in turn, creates a totalitarian system where people are just trading favors with each other since everyone who succeeded helped each other to various extents and everything they're doing is balancing favors.'Paying forward' really means; giving favors to someone new in order to obtain favors from them in the future. It's not good for anyone.Also, no real trust is being built here. It's not trust if you need to keep paying. It's dependency.

'Paying forward' really means; giving favors to someone new in order to obtain favors from them in the future. It's not good for anyone.Also, no real trust is being built here. It's not trust if you need to keep paying. It's dependency.

Also, no real trust is being built here. It's not trust if you need to keep paying. It's dependency.

reply

Success is impossible without receiving help. I have someone that I've never met who helps by ensuring that reliable power arrives via overhead wires to my house. Someone else's help ensures that my garbage is carted away, clean water arrives under pressure, and 100s of other things that would be incredible drains on my time before I could do the first thing that was valuable to me or my family.Take the help when you need it.Give the help when you can.

Take the help when you need it.Give the help when you can.

Give the help when you can.

reply

Also, I wouldn't frame the person who provides electricity as helping you if you're paying them. It's an exchange since you earned that money. This isn't the definition of help I'm pushing against.Also, help might be OK and even necessary in a different system for example, but it doesn't work in the current system IMO. My view is context dependent based on my experience in the current system and how it seems to consistently weaponize help and altruism.

Also, help might be OK and even necessary in a different system for example, but it doesn't work in the current system IMO. My view is context dependent based on my experience in the current system and how it seems to consistently weaponize help and altruism.

reply

As a corollary, I'd also say that it's is the helper's best interest to help someone *'deserving'  not just someone asking for help. This is easier said than done. For one the helper must do a lot more wok than helping.*=one could have a big discussion on who is truly deserving.Also we there are many definitions of 'help' which of course I'm sure you are aware of.

*=one could have a big discussion on who is truly deserving.Also we there are many definitions of 'help' which of course I'm sure you are aware of.

Also we there are many definitions of 'help' which of course I'm sure you are aware of.

reply

Some people think of the postman who brings them letters as ""helping"" but I don't consider it that way as they're being paid.The people who volunteer to charities are helping, I guess... Though some of them may just be looking for future leverage/opportunities; e.g. padding their resumes...Some people, especially who have money, tend to struggle to isolate the monetary incentive and discount the value of money being given to the person in exchange.

The people who volunteer to charities are helping, I guess... Though some of them may just be looking for future leverage/opportunities; e.g. padding their resumes...Some people, especially who have money, tend to struggle to isolate the monetary incentive and discount the value of money being given to the person in exchange.

Some people, especially who have money, tend to struggle to isolate the monetary incentive and discount the value of money being given to the person in exchange.

reply

That's flaweed though.

reply



reply

Starting yet another project on my primary GitHub profile has zero return. My secondary profile with trivial code is getting job offers...

reply

reply","{'href': 'https://news.ycombinator.com', 'title': 'Hacker News'}","technology"
"https://news.google.com/rss/search?q=men's+us+soccer","Folarin Balogun Set on Helping Teammates Shine in Round of 16 vs. Belgium","https://www.ussoccer.com/stories/2026/07/usmmt/folarin-balogun-birthday-world-cup-round-of-16-vs-belgium","Sat, 04 Jul 2026 04:08:59 GMT","

SEATTLE – Being shown a red card that leads to an ejection in the sport's biggest tournament could provoke a flood of emotion, but when it comes to Folarin Balogun, the USMNT striker is showing a level of maturity and control that is impressive for a man celebrating his 25th birthday today.

After scoring his team-high third goal in the FIFA World Cup just before halftime to give the U.S. a one-goal lead in a high-stakes match against  Bosnia and Herzegovina, Balogun was shown a red card. After VAR deemed the play a serious foul, Balogun was sent off from the Round of 32 match in the 64th minute. Down a man, the U.S. responded valiantly to not only keep a physical Bosnia and Herzegovina side off the scoresheet but also increase its lead to win 2-0 and secure advancement to the Round of 16.

The striker will serve a one-game suspension during FIFA World Cup 2026, meaning the U.S. Men's National Team will be without him for its next knockout stage match against Belgium on Monday, July 6. In the midst of a frustrating situation, Balogun has shown a remarkable calm to rise above, both in the immediate aftermath at San Francisco Bay Area Stadium and in the days that have followed as the team traveled to Seattle and began its Round of 16 preparations at the University of Washington. The striker proved his sportsmanship when, even though he disagreed with the call, he went up and respectfully shook each referee's hand after the U.S. win over Bosnia and Herzegovina.

“I never want to react out of anger and out of emotion,” Balogun said Friday at Husky Soccer Stadium. “There are still lots of people we're inspiring – little kids, boys and girls, who are watching. We have to show them the correct way to handle things, even when you think it's unjust. I felt I did that.”

Balogun has played a big role in getting the U.S. this far in the FIFA World Cup, scoring three times to tie Landon Donovan for the second-most goals in USMNT history at a single World Cup. Undoubtedly, the U.S. would like to have its leading scorer for a single-elimination contest against ninth-ranked Belgium, but this U.S. roster is deep with all but three players on the 26-man roster getting World Cup minutes. The group has been defined by a strong togetherness, and facing adversity, the team is once again showing a mature response and not batting an eye.

“We have guys that can fill in and will have to be ready for the opportunity to step up,” midfielder Tyler Adams said. “When you miss a player like Balo, things change a little bit, but we've been flexible. Guys have shown that they're ready to play... it should be an exciting opportunity for whoever has to step up.”

Players who may be called upon in Balogun's absence are two others in the position group – Ricardo Pepi and Haji Wright. Both strikers have seen action during the tournament and entered camp leading their club teams in scoring – Pepi with 19 goals in 34 games for PSV Eindhoven and Wright with 18 goals in 43 games to lead Coventry City back to the English Premier League. In the previous meeting with Belgium in March, Pepi recorded an assist. Wright scored the last time the USMNT was in the Round of 16 at a FIFA World Cup in 2022 against the Netherlands.

This “next man up” mentality reflects the team-oriented focus that's driven the U.S. during its summer campaign. Defined by brotherhood, coming together will be even more important as the USMNT faces a strong Belgium side with a spot in the Quarterfinals on the line.

And even though he won't be able to play in the match, Balogun has displayed a positive attitude and plans to be a good teammate to support the group.

“I'm going to be there in any way I can help the team,” Balogun said. “The most important thing is making sure the guys are equipped to go out there and shine. I want to be somebody they can come to if they need advice or if they need help, and I'm going to definitely show up and support them.”

Belgium enters Monday's meeting coming off a strong win of its own. The Europeans rallied from two goals down in the final minutes of regulation to defeat Senegal 3-2 in the Round of 32, stealing the victory in the dying moments of extra time to crush the hearts of Senegalese fans all over the globe.

That match, also played at Seattle Stadium, benefited Belgium because the team did not have to travel match-to-match between the Rounds of 32 and 16, and Belgium has held its World Cup base camp nearby in Renton, Wash. at Seattle Sounders FC Performance Centre and Clubhouse. If Belgium was playing any other opponent, that might be seen as an advantage, but the U.S. Men's National Team has built a fortress in Seattle, and is undefeated at Seattle Stadium, the venue for Monday's match. Seattle was also the site of the USMNT's soaring victory in the group stage, a 2-0 shutout win over Australia that helped the U.S. clinch first place in Group D and officially ushered in “Take Me Home, Country Roads,” as the USMNT's joyous summer anthem.

“We're very fortunate to be having such amazing support that we've had,” Adams said. “Specifically, Seattle has been unbelievable in hosting us. It's exciting to come back to a place that feels familiar [and where] we had the win over Australia. To know that we can expect that same energy again in one of the biggest moments of our careers is really special.”

Seattle Stadium is known for being a noisy venue as one of the loudest stadiums in the world. In fact, in that June 19 matchup against Australia seismic activity was recorded when USMNT defender Alex Freeman scored his first World Cup goal. For the U.S., Seattle is familiar and if the group stage match was any indication of the type of atmosphere American supporters will create on July 6, the Round of 16 clash is bound to be one for the ages.

“I love seeing how engaged the country is in our journey and what we're doing,” Balogun said. “My role is to continue to support everybody, to keep morale high. I'm sure for the game against Belgium we can really create a great atmosphere to make the game as challenging as possible.”","{'href': 'https://www.ussoccer.com', 'title': 'US Soccer'}","soccer"
"https://news.google.com/rss/search?q=men's+us+soccer","USMNT vs. Belgium: Opponent Profile, Recent Form & History","https://www.ussoccer.com/stories/2026/07/usmnt/opponent-profile-belgium-seattle-washington-world-cup-match-preview","Sat, 04 Jul 2026 05:08:13 GMT","

The U.S. Men's National Team is through to the Round of 16 of the FIFA World Cup 2026 for the fourth time in as many tries after a 2-0 victory against Bosnia and Herzegovina in the Round of 32. The result means the Stars and Stripes will face Belgium on Monday, July 6 at 5 p.m. PT / 8 p.m. ET in Seattle, Wash. as they look to remain unbeaten at the cavernous venue.

Here's everything you need to know about Belgium ahead of Monday's knockout round clash against the Red Devils in the Pacific Northwest.

The United States will continue its FIFA World Cup 2026 campaign in the Round of 16 against UEFA side Belgium on Monday, July 6 at 8 p.m. ET / 5 p.m. PT at Seattle Stadium in Seattle, Wash. The match will be carried live on FOX and Telemundo.

The USMNT has faced the Red Devils on seven prior instances. The first meeting—the United States' lone victory—came in the form of a 3-0 victory at the inaugural 1930 World Cup in Montevideo, Uruguay. That contest nearly 100 years ago marked the USMNT's first-ever match at a World Cup and still stands as the joint-largest margin of victory for the Stars and Stripes at the World Cup, recently matched by the USMNT's three-goal victory against Paraguay to open this year's tournament.

Since then, the United States has lost six consecutive matches against Belgium, with the two most recent encounters coming in the Round of 16 of the 2014 FIFA World Cup in Brazil and a pre-World Cup tune-up in Atlanta earlier this year. Notably, the last competitive match against Belgium in the 2014 World Cup saw USMNT goalkeeper Tim Howard make a single-match World Cup record 16 saves.

Back to Seattle to face a familiar squad. pic.twitter.com/S9v2N2GOc3

Belgium is currently ranked ninth in the FIFA/Coca-Cola Men's World Rankings. The Red Devils—who have not dipped below 10th in the rankings since 2014—are currently the sixth-highest ranked European team, trailing only France (1), Spain (3), England (4), Portugal (7) and the Netherlands (8) in the live rankings.

Belgium has participated in 15 of the 23 World Cups. The Red Devils fell to the USMNT in the joint inaugural World Cup match in Uruguay in 1930, and in total, have amassed a 23W-20L-12D record at the tournament. Belgium has qualified for the past four World Cups, its longest stretch since qualifying for five between 1982 and 2002.

The European side has advanced to the knockout stage on seven occasions with its best finish coming in 2018, in which it defeated England 2-0 in the third-place match after narrowly falling 1-0 against eventual champions France in the Semifinals.

Belgium has not lost a match since March 20, 2025, a 3-1 defeat against Ukraine in the 2024–25 UEFA Nations League promotion/relegation play-offs and head coach Rudi Garcia's first match in charge. Since then, Belgium has accrued an eye-popping 11W-0L-6D record across all competitions (FIFA World Cup, UEFA World Cup qualification, UEFA Nations League play-offs, friendlies), buoyed by a +40 goal differential in those 17 matches.

The Red Devils topped Group J in UEFA World Cup qualifiers with a 5W-0L-3D record which featured victories against Wales (2), Liechtenstein (2) and Kazakhstan. In the build-up to its 15th World Cup, Belgium faced a quartet of World Cup-qualified opponents: defeating the USMNT 5-2 in Atlanta, settling for a 1-1 draw against Mexico at Chicago's Soldier Field, beating Croatia 2-0 in Rijeka, Croatia, and downing Tunisia 5-0 in Brussels, Belgium.

At the FIFA World Cup 2026, Belgium won Group G thanks to a big 5-1 win against New Zealand in the group stage finale after posting back-to-back draws against Egypt and IR Iran to start the tournament. In its first knockout stage match, the Red Devils erased a 2-0 deficit against Senegal in the final minutes of regular time to win 3-2 in extra time at Seattle Stadium.

The Red Devils are helmed by 62-year-old French manager Rudi Garcia. Appointed to lead Belgium on Jan. 24, 2025, Garcia has amassed a 11W-1L-6D record leading the European side. Garcia and the USMNT's Pochettino have faced off twice. The pair first met in March 2021, in a French Ligue 1 contest where Pochettino's PSG defeated Garcia's Lyon 4-2 at Parc Olympique Lyonnais. More recently, the pair met in the pre-World Cup clash in Atlanta in which Garcia's Red Devils defeated the USMNT.

As a player, Garcia spent the entirety of his 13-year career as a midfielder in his native France. He played for Lille OSC (1983-88), Stade Malherbe Caen (1988-91), FC Martigues (1991-92) and AS Corbeil-Essonnes(1994-96); with the latter, he developed in the youth ranks when his father coached the side. Notably, Garcia's first professional goal was the winning goal for Lille against Paris Saint-Germain at the Parc des Princes in 1984.

Following in his father's footsteps, Garcia became the head coach of AS Corbeil-Essonnes in 1994. He acted as a player-coach for the lower-division side between 1994-96 before becoming the full-time coach in 1997. After that, he spent the majority of his coaching career in France, leading AS Saint-Étienne (2001), Dijon FCO (2002-07), Le Mans FC (2007-08), Lille (2008-13), Olympique de Marseille (2016-19) and Olympique Lyonnais (2019-21). Outside of France, Garcia led Italian Serie A sides AS Roma (2013-16) and SSC Napoli (2023), as well as Saudi Pro League outfit Al-Nassr FC (2022-23). The 2010-11 season was Garcia's most successful; the former Lille player led the side to a Ligue 1 title, the Coupe de France and was named the Ligue 1 and France Football Manager of the Year.

At this year's tournament, two veteran Red Devils lead the side in goal contributions with two goals and one assist apiece: Arsenal's Leandro Trossard and Napoli's Romelu Lukaku. In addition to Trossard and Lukaku, a handful of members of Belgium's waning golden generation are still contributing: Real Madrid goalkeeper Thibaut Courtois, Napoli midfielder Kevin De Bruyne, and unattached veterans Axel Witsel and Thomas Meunier.

Other key Belgian contributors in recent matches include Aston Villa midfielder and Belgium captain Youri Tielemans, Club Brugge defender Brandon Mechele, Fulham defender—longtime teammate of USMNT defender Antonee Robinson—Timothy Castagne, Brighton & Hove Albion defender Maxim De Cuyper, and AC Milan midfielder—teammate of the USMNT's Christian Pulisic—Alexis Saelemaekers.

Additionally, Belgium boasts a dynamic duo of 24-year-old English Premier League talents in attacking midfielder Jérémy Doku of Manchester City and defensive midfielder Amadou Onana of Aston Villa. With three appearances each at this year's tournament, both midfielders are still in search of their first goal contribution.","{'href': 'https://www.ussoccer.com', 'title': 'US Soccer'}","soccer"
"https://news.google.com/rss/search?q=men's+us+soccer","Some Americans are reluctant to cheer for the US at the World Cup. They shouldn't be","https://www.theguardian.com/football/2026/jul/04/some-americans-are-reluctant-to-cheer-for-the-us-at-the-world-cup-they-shouldnt-be","Sat, 04 Jul 2026 09:00:00 GMT","

There are plenty of reasons for Americans to feel discomfort about the behavior of their country. But sports have a way of bringing joy and unity

The US men's national team are on the verge of history. One win away from matching their best-ever run in the World Cup's modern era, they are playing with more verve and quality than they ever have before at this stage. Wednesday's win over Bosnia and Herzegovina has begotten a rarity: American soccer, in the spotlight, in America.

To longtime US soccer fans, the question of whether to support this particular team at this particular time is barely a question. Or if it is one, it's vaguely along the lines of “should I breathe?”

But there are plenty of newcomers along for the ride now, who may only watch the team at a World Cup, if ever. Within this group, it stands to reason that plenty will be uncomfortable with the idea of supporting a US national sports team at all. I can hardly blame them. Just within the last year, they will have seen USA's baseball team cloak themselves in military propaganda, practically begging to be considered an unlikeable bully. Just a few weeks before that, we saw the USA men's hockey team cozy up to the levers of power at the Olympics, just as innumerable crises were unfolding at home. The hockey players allowed these people into their locker room to chug beers, and yukked right along with them as the US women's team – also gold medalists – were ridiculed.

And that's completely aside from all of the non-sports reasons why many Americans, or Americans-to-be, might find cheering for their national team difficult. They can base their discomfort on the US government's misdeeds over the last few years, or the last few generations, or maybe even since the founding of the republic. For as much bluster and bravado as some proclaim the US to be the “greatest country in the world,” how many lives have been ruined – or ended – as a result of the government's actions? Whatever your real-life grievance is, I cannot in good conscience tell you to ignore your qualms.

What I would encourage you to do, though, is to hold that truth right alongside some others.

For one, the US is far from the only country with this sort of dilemma. Consider how many Germans felt as if they could not celebrate their team's triumphs until decades after the end of the second world war. Need a more modern example? Just look at Iran, where the fanbase remains deeply divided over Team Melli's role in their society, and their closeness to a repressive and at times violent regime that has driven many out of the country. Does the Iranian national team play for that government, or do they play for the people of Iran – among the kindest, most generous and football-mad populations on the planet? Among the admittedly self-selecting sample in the stadium at each of Iran's games this summer, the conclusion was undoubtedly the latter. Fans booed the Iranian national anthem, they wore protest shirts and covered up the flag's central insignia. But when Iran played, and when they scored, the stands in Los Angeles and Seattle went wild.

So in the US, what is our reason to cheer the US at a time when we are led by a government despised at home and abroad? How do we put the ICE raids and the attacks on other countries and the mistreatment of so many of our fellow Americans aside and allow ourselves to feel patriotic for 90 minutes, plus extra time, and – God forbid – penalties too?

I could tell you all sorts of reasons why this particular team is worth rooting for. How they represents the diversity that makes us the nation we are; how their version of an American attitude has been expertly honed by a coach who considers himself “200% Argentinian.” I may encourage you to remember that, just like the Olympics, these people are extremely good at their jobs. They have trained for years and made innumerable sacrifices to reach this, the pinnacle of their game. And they either live in your country, grew up there, or chose to represent it over other options. They may even play in your town and like the same condiments you do (wait until you hear about Weston McKennie and ranch dressing). Unlike so much of the soccer world, at least some portion of their existence can be implicitly understood by Americans. And that understanding has nothing to do with anything the government has done, or will do.

But ultimately, my best argument for supporting this team is that the team is not who you are supporting. The players, coaches, staff and their wide range of political opinions are ultimately temporary. They will come and go; some will play great and some will play terribly, some will annoy, others will feel like kin. You will love the politics of one and hate the politics of another, depending on how much they even open up about that stuff. And then they'll make way for the next generation. It is a great irony of sports that fans and journalists spend so much time obsessing over these people, when the real attraction is in something greater.

In international soccer, those attractions lie, more than in any other sport, in the people immediately around you, whose names you might know, and whose joy and wellbeing you care about. They lie in being one small part of a large crowd, each of you riding the same emotional tidal wave, waiting for a chance to erupt with joy just as they did in Washington DC, a picture of patriotism not far from a contrived monument to it, sitting empty and sad.

Sign up to Soccer Desk: World Cup Edition

Jonathan Wilson and Guardian journalists bring expert analysis and reporting on the biggest stories in soccer.

after newsletter promotion

US men's soccer's first viral moment occurred 16 years ago, when Landon Donovan scored at the death against Algeria at the 2010 World Cup. Plenty of people remember Donovan's name because of that goal. They may also remember that Tim Howard tossed him the initial ball. But I'd venture to guess that the most vivid memories for many who witnessed that moment are not the intricate details of that play. Rather, they remember where they were, and more importantly, who they were with, and what they did in that glorious, out-of-body moment.

So if you're looking for a reason to support the US men's national team, I beg of you on this Fourth of July, look out your window. If there is a moment of triumph to be had on Monday when the team play Belgium, there will probably be thousands upon thousands of people in your immediate vicinity experiencing the purest joy that one can feel; the kind only sports can deliver with regularity. They will be your neighbors and friends, your co-workers, the clerk at the grocery store, the kitchen staff at your favorite restaurant. They have been in your life before this US run. And they will be there after. You may not have much in common with many of them. But these moments are special because they can draw you closer. They create a unity of ideals where none may have existed before.

Week by week at this World Cup, the US men have demonstrated their own interpretation of those ideals. This is a free country; you are welcome to reject them.

But when joy is on the line, how could you?","{'href': 'https://www.theguardian.com', 'title': 'The Guardian'}","soccer"
"https://news.google.com/rss/search?q=men's+us+soccer","Solving the Tim Howard World Cup saves record mystery as U.S. face Belgium again","https://www.nytimes.com/athletic/7418748/2026/07/04/tim-howard-record-saves-world-cup-eloy-room/","Sat, 04 Jul 2026 04:10:53 GMT","

Log in

Subscribe Now

Region

Search

Top News

Podcasts

Play Center

Round of 16 Predictions

2026 Men's World Cup

Home

Bracket

Schedule

Live Results

Teams

Newsletter

Pick'em

Fantasy

Round of 16 Predictions

Argentina Survives Cape Verde

Colombia Beats Ghana

Watch: The Athletic FC 

Watch: The Athletic FC Daily Cup

Watch: The Totally Football Show

Play Soccer Connections

NFL

Home

Teams

Scores & Schedule

Standings

Fantasy

NFL Odds

NFL Picks

NFL Draft

Podcasts

NFL Newsletter

Offseason Winners and Losers

Lingering Team Questions

Training Camp Dates

Preseason Games

2026 NFL Schedule

NBA

Home

Teams

Scores & Schedule

Standings

The Bounce Newsletter

NBA Draft

Podcasts

Fantasy

NBA Odds

NBA Picks

Free Agency & Trade Rumors

LeBron Leaving Lakers

Early 2027 Mock Draft

Hollinger's Top 25 Free Agents

MLB

Home

Teams

Scores & Schedule

Standings

Podcasts

The Windup Newsletter

Fantasy

MLB Prospects

MLB Odds

MLB Picks

MLB Draft

Power Rankings

Top 50 Prospects

NHL

Home

Teams

Scores & Schedule

Standings

Podcasts

Fantasy

NHL Odds

NHL Picks

Offseason Trade Board 6.0

Red Light Newsletter

College Football

Home

Teams

Scores & Schedule

Standings

Podcasts

Newsletter

Recruiting

Odds

Picks

Mandel's Top 25

Top 100 Transfers

Best Portal Classes

WNBA

Home

Teams

Scores & Schedule

Standings

Podcasts

Newsletter

No Offseason Newsletter

Tennis

Home

Grand Slam Newsletter

Wimbledon Day 5

NCAAM

Home

Teams

Scores & Schedule

Standings

Transfer Portal Rankings

NBA Draft

Bracket

NCAAW

Home

Newsletter

Scores & Schedule

Standings

Podcasts

No Offseason Newsletter

Golf

Home

Scores and Schedule

Travelers Championship leaderboard

Golf Newsletter

Premier League

Home

Teams

Scores & Schedule

Standings

Fantasy

The Athletic FC Newsletter

Podcasts

Soccer

Women's Soccer

Home

NWSL Schedule

Full Time Newsletter

Podcasts

Motherhood in Soccer

NWSL

Women's World Cup

USWNT

College Sports

Champions League

Home

Scores & Schedule

Standings

Podcasts

MLS

Home

Teams

Scores & Schedule

Standings

Podcasts

NWSL

Home

Teams

Scores & Schedule

Standings

Full Time Newsletter

Podcasts

Motherhood in Soccer

Olympics

Home

Winter Paralympics Medal Table

Medal Table

Global Sports

College Sports

Fantasy Baseball

Home

MLB Home

Rates & Barrels

Fantasy Football

Fantasy Hockey

ROS SP Rankings

Top 250 ROS Rankings

Draft Kit

Terminology

Fantasy Football

Home

NFL Home

Football Show

Betting

Customizable Cheat Sheet

2026 Fantasy Football Rankings

2026 Dynasty Rankings

Discord

Peak

Formula 1

Home

Prime Tire newsletter

Schedule

Alpine

Aston Martin

Audi

Cadillac

Ferrari

Haas

McLaren

Mercedes

Racing Bulls

Red Bull

Williams

Sports Business

Home

MoneyCall Newsletter

Sailing

Opinion

Home

Betting

Home

Fantasy Football

Odds

NFL Picks

UK Betting

Memorabilia and Collectibles

Culture

Home

Motorsports

Home

Podcasts

NASCAR

Women's Hockey

Home

Scores & Schedule

Standings

Teams

MMA

Home

Boxing

Home

The Pulse Newsletter

Argentina Survives Cape Verde

World Cup Bracket

Wimbledon Day 5

NBA Free Agency Analysis

Sports Connections

World Cup

FIFA World

Cup 2026

Tim Howard produced the performance of his career against Belgium the 2014 World Cup Perry McIntyre/ISI Photos/Getty Images

Brazil 2014 had been an excellent World Cup for the United States. Drawn into a group containing eventual champions Germany, perennial contenders Portugal and 2010 quarter-finalists Ghana — the archetypal ‘group of death' — Jurgen Klinsmann's side surprised many by finishing second in Group G behind his home nation, and progressing to the knockout stages.

Advertisement

The USMNT's round-of-16 opponents, just as they will be in Seattle on Monday, were Belgium. But where this team, led by Mauricio Pochettino and surfing a home wave of enthusiasm, are favorites to defeat an ageing Belgian side (it's feasible that three players who featured in the 2014 game — Thibaut Courtois, Kevin De Bruyne and Romelu Lukaku — could feature on Monday), 12 years ago the situation was very different.

This was a European side's golden generation against a team no one had expected to make it out of the groups. Yet one USMNT player was about to put in the performance of his life with a goalkeeping display so impressive that there is still dispute about how many saves he even made — and earned him the nickname ‘secretary of defense'.

Get free access to the most comprehensive World Cup coverage in The Athletic app

Tim Howard is no obscure goalkeeper elevated to stardom by the World Cup. This is a man who played in 399 top-flight games in England, just one fewer than his former team-mate Gary Neville. It is a figure that puts him in 47th place in the Premier League's all-time appearance charts, and he is one of six ‘keepers to score a goal in the competition.

Even so, Howard's performance against Belgium in Salvador on July 1, 2014, is now the glass ceiling for every goalkeeper who takes to the field in a World Cup. As Eloy Room began to rack up similar numbers for Curacao in their game against Ecuador, thoughts turned to Howard.

America's history in the World Cup has not thrown up too many iconic, era-defining performances — but this is one.

In statistical terms, Howard peaked early — a save inside the first minute from Divock Origi was rated by data company Opta (more on them later) as the hardest chance he dealt with, his right leg preventing the 19-year-old from giving Belgium the lead.



Then things quietened down. Howard stopped long-range efforts from Belgium's two biggest creative threats, Eden Hazard and De Bruyne, but although a scoreline of 0-0 at half-time may have been a surprise, Howard's performance to this point was nothing outlandish.

Advertisement

That changed after the break, though. In the space of 45 busy minutes, Howard added eight more saves to his total. The best of them a one-on-one save with his left leg from Everton team-mate Kevin Mirallas…



And then a two-handed punch save from Vincent Kompany, now the Bayern Munich coach, in the 90th minute as Belgian frustrations grew and American soccer fans began to believe.

Brazil had been the location of the country's greatest-ever result — a 1-0 win against England at the 1950 World Cup — was another one in the offing?



No, it was not. Within three minutes of extra time starting, Belgium broke through at last, via De Bruyne, and then when substitute Lukaku made it 2-0 in the 105th minute, it looked over. But Howard's indefatigable spirit was contagious, and Julian Green made it 2-1 with 13 minutes remaining.

Howard and Lukaku, also team-mates at Everton at the time, were consumed by a personal battle during extra time. The goalkeeper made three saves from Lukaku after the striker scored past him. And it turned out to be the winning goal, despite an American rally that saw 42 per cent of their total shots in the game come in the second period of extra time.

On the balance of play, though, a Belgian win seemed fair enough. Marc Wilmots' side had generated 17 shots on target across 120 minutes, but had run into a goalkeeper playing the game of his life.

Even Barack Obama had been caught up in the heroism displayed by the USMNT, and Howard in particular. “I know it is disappointing but what you guys accomplished is really, really significant,” the president said.



But what had Howard accomplished? A World Cup record, but how many saves had he actually made? In FIFA's official post-game figures, collated by another data company, Deltatre, the American was credited with 16 saves, but Opta's analysis had him at 15.

Advertisement

A numerical curiosity at most, you might think, and yet in a sport that was increasingly relying on statistics to generate storylines, it was slightly more important than it looked.

The key point was that everyone was keen to present Howard's save total as a record-breaking one. But the only reason that anyone knew that it was a record was that Opta had embarked on a project to analyse every World Cup game back to 1966 (the earliest tournament which had existing footage of every game). So to fairly compare Howard's performance to all the other games, you logically had to use Opta's definition of what a save was.

The discrepancy was this long-range, bouncing, off-target shot in the first half. Opta's definition requires a save to come from an on-target effort, which makes sense if the goalkeeper is effectively saving his team from letting in a goal. Howard could have let this shot go out for a goal kick.



An Opta employee had been seconded to the World Cup's media centre, working for the host broadcasters, and was scrambled to the relevant FIFA team to persuade them to adjust their saves total from 16 to 15.

It is unlikely to tempt Netflix or HBO to dramatise it, but he was able to persuade them to adjust the figure to 15. The situation had been resolved forever… except it hadn't, because 16 saves had been published and reported and, incredibly, no one is much interested in making minor adjustments to football match statistics once a game has been completed and absorbed.

The biggest loser from the whole affair is Room — who we now know has equalled the World Cup record (and in 90 minutes, not 120 like Howard) but who did not get full credit, thanks to Howard's erroneous 16. If you needed any proof that a ‘lie' can travel halfway around the world while a goalkeeper is Velcro-ing up his gloves, then here it is.

USMNT No 1 Matt Freese, meanwhile, has only needed to make five saves in the three appearances he has made at this World Cup. U.S. soccer has moved on significantly since 2014, even if some of the record books have not.

Spot the pattern. Connect the terms

Find the hidden link between sports terms

Play today's puzzle","{'href': 'https://www.nytimes.com', 'title': 'The New York Times'}","soccer"
"https://news.google.com/rss/search?q=men's+us+soccer","USMNT World Cup coach Pochettino throws first pitch. How did he do?","https://www.espn.com/soccer/story/_/id/49261996/usmnt-coach-mauricio-pochettino-latest-world-cup-star-throw-first-pitch-mlb","Sat, 04 Jul 2026 06:00:00 GMT","



After leading the United States into the knockout phase of their home FIFA World Cup as group winners, and then into the round of 16 with a thrilling 2-0 win over Bosnia-Herzegovina, coach Mauricio Pochettino is a man who seemingly can do no wrong.

And yet, the Argentine decided that this was the time to volunteer himself for a public spectacle that has the potential for highly visible and memorable humiliation: throwing out the first pitch at an MLB game. Friday night under the lights of T-Mobile Park was the chosen time and venue, before the Seattle Mariners hosted the Toronto Blue Jays.

Former Tottenham Hotspur, Paris Saint-Germain and Chelsea boss Pochettino was spotted throwing a few warmups with U.S. goalkeeper Matt Turner earlier in the day. The pair are among several soccer stars who have taken to the mound at various ballparks this summer as the global game has made its presence felt on America's favorite pastime.

- How will USMNT cope without suspended star striker Balogun?
- U.S. shows it can play ugly, which is what it needs to succeed
- USMNT scenarios and path: How far can they go in knockouts?

England manager Thomas Tuchel and Scotland midfielder Billy Gilmour have also taken time out of their World Cup duties to get ballgames started, as have USWNT star Trinity Rodman, Spain's Women's World Cup winner Aitana Bonmatí, and maverick striker Mario Balotelli.

But were any of them any good? Did anyone look like they could show Paul Skenes a thing or two? Or did one of them deliver a throw so poor that they became an instant meme? Take a look at their efforts and judge for yourself.

The USMNT's boss took time out from thinking about how he was going to deal with the suspension of star striker Folarin Balogun for the round of 16 clash with Belgium to concentrate on his throw at T-Mobile Park. And he nailed it! A little loopy, but it went right into the catcher's mitt.

Former Italy and Manchester City striker Balotelli gained notoriety for his various off-field shenanigans, but on the pitch he often cut a laid-back figure when celebrating his goals. The 35-year-old, who now plays his club football in the UAE, brought that same languid demeanor to the baseball field when he threw the first pitch at a recent New York Mets game.

Barcelona star Bonmatí is the reigning three-time winner of the Ballon d'Or, and the driving force behind Spain's 2023 Women's World Cup triumph. She could not be any more at the top of her game. Her debut in another arena didn't go too badly, either, as she acquitted herself well with a looping first pitch at the San Diego Padres.

Despite injuring his knee during a pre-tournament friendly against Curaçao, Napoli midfielder Gilmour was not going to miss out on Scotland's World Cup adventure. He strode out on to the field at the Miami Marlins wearing a hefty knee brace, but that didn't stop him delivering a pitch with some decent pace from the mound.

Pochettino was not the first soccer star to open proceedings at a Seattle Mariners game this summer. USWNT and Washington Spirit forward Rodman got there first, with an arcing pitch that floated over the plate.

Despite England World Cup squad members Dan Burn, Harry Kane and Djed Spence being in attendance, it was their 52-year-old manager who took the honors at the Kansas City Royals. Right from the middle of the mound, Tuchel threw a solid strike that many guest athletes would have been proud to have delivered.

Perhaps it's no surprise that USMNT goalkeeper Matt Turner -- out of Park Ridge, N.J. -- threw the best pitch out of all the soccer stars who have tried their hand so far this summer. Turner really looked the part as he wound up on the mound at the Los Angeles Angels stadium and unleashed a fast ball with his golden arm.","{'href': 'https://www.espn.com', 'title': 'ESPN'}","soccer"
"https://news.google.com/rss/search?q=men's+us+soccer","He's a natural! USMNT coach Pochettino throws out 1st pitch at Mariners game","https://www.mlb.com/news/usmnt-coach-mauricio-pochettino-throws-first-pitch-at-mariners-game","Sat, 04 Jul 2026 05:05:37 GMT","

Josh Kirshenbaum

SEATTLE -- Mauricio Pochettino has become such an icon for his role leading the U.S. Men's National Team at the World Cup that recently he had to set the record straight that he is still “100% Argentine.”

But Friday night, he got another taste of good ol' America, throwing out the first pitch before the Mariners' 2-0 loss to the Blue Jays at T-Mobile Park to kick off a holiday weekend that will end with the biggest USMNT match in a generation next door.

Monday, Pochettino's squad will take on Belgium at the temporarily dubbed Seattle Stadium in the Round of 16 of the World Cup. The U.S. has only advanced to the quarterfinals at a men's World Cup once since 1930. That being said, the men's national team is a perfect 7-0-0 in Seattle all-time.

And unlike the USMNT's group stage matchup against Australia in Seattle on June 19 -- when the team arrived in the Pacific Northwest from its base in Los Angeles the day before -- it came earlier this time around, getting the weekend to train at the University of Washington … and the chance to catch a Mariners game.

Friday morning at UW's Husky Soccer Stadium, Pochettino got his hands on a glove to practice, with backup goalkeeper Matt Turner -- a baseball player in high school who himself threw out the first pitch at an Angels game before the USMNT's first group stage match in L.A. -- giving him some pointers on mechanics.

👀 @Mariners https://t.co/BI3UsMukp1 pic.twitter.com/wzzcjBqL2S

Then in the evening, it was showtime. All told, around 70 people from the U.S. camp were on hand pregame, including the entire roster, which was introduced one-by-one, walking a red carpet into the infield. Christian Pulisic and goalkeeper Matt Freese got hearty cheers, but the loudest by far was for the Seattle Sounders' Christian Roldan, who took the field wielding the Mariners' home run trident.

Finally, Pochettino took the field wearing a Mariners' jersey and delivered a strike to Seattle manager Dan Wilson. Not bad for someone who was rumored to have never touched a baseball until Friday.

""It was actually really, really good,"" U.S. captain Tim Ream said. ""He only had a little bit of practice this afternoon. ... It looked like a strike to us.""

Afterward, the Mariners stepped onto the field -- many waving American flags -- for a group photo with the USMNT, and Pochettino took the mic for a very quick word:

“[Seattle] is a great city, it's a soccer city. Thank you so much.”

It all ended with huge chants of “U-S-A” as the players took pictures on the field, and a singalong of John Denver's “Country Roads,” which has become the squad's victory anthem this World Cup.

Pretty cool scene here pregame, complete with a Country Roads sing-along pic.twitter.com/2i2MRpI6rV

""Seattle just shows out,"" Ream said. ""They show out for their sports teams. No surprise that they're out here showing out for the Mariners and it's great to have this little crossover.""

Pochettino and the USMNT -- plus the upcoming holiday -- gave Friday's matchup against the Blue Jays even more charge than usual. For years, the Jays' annual trip to T-Mobile Park has amounted to a sort of Canadian invasion, with fans (particularly from the Vancouver area) crossing the border in droves.

Throw in the added storylines of an ALCS rematch, and he ended up setting the stage for a whole lot of hype.

Then again, Pochettino and the USMNT are no strangers to hype, as they look to take their run to historic territory.","{'href': 'https://www.mlb.com', 'title': 'MLB.com'}","soccer"
"https://news.google.com/rss/search?q=men's+us+soccer","'Can Only Happen In America': USA Team Embracing Americana Ahead For 250th Birthday","https://www.foxsports.com/stories/soccer/usa-team-embracing-americana-ahead-for-250th-birthday","Sat, 04 Jul 2026 05:14:20 GMT","


            POPULAR SEARCHES
          


            BROWSE BY
          

SEATTLE — Surrounded by his U.S. men's national team players, Mauricio Pochettino went right down the middle.

On the eve of America's 250th birthday, the Argentine-born coach celebrated America's pastime by throwing out the first pitch at the Seattle Mariners game. The sold-out crowd, many wearing red-and-white striped USA soccer jerseys, cheered for both their coach and their team.

""That sort of stuff can only happen in America,"" a smiling Folarin Balogun said earlier on Friday.

The U.S. squad has become a source of national pride as Americans gather to celebrate the Fourth of July. Its run so far at this World Cup on home soil — with Belgium waiting in the round of 16 here on Monday — has given supporters across the country something to rally around, a welcome contrast to the often-divisive news cycle.

From fans all over the world learning about Waffle House and ranch dressing, to Scotland's Tartan Army taking over Boston, to Pochettino joining his players in singing ""Take Me Home, Country Roads,"" this tournament has delivered plenty of memorable moments.

""It's a place that is exactly as advertised in a lot of ways — it's free, it's beautiful, the people are nice and kind,"" U.S. goalkeeper Matt Turner told a small group of reporters after the victory over Bosnia and Herzegovina. ""Of course, everywhere you go in the world, there are scary stories. But to actually have seen some people having the time of their lives in our country, it's been amazing.

""People are always saying, ‘What do you want from this World Cup?' And I just say I want us to be gracious hosts and good stewards to people who come to the United States and really feel our culture, and I want us to welcome these people with open arms. I think we've done a great job. Lifelong memories for a lot of people.""

There were questions entering this tournament about how Americans would receive the World Cup and whether soccer would capture everyone's attention. The long-term impact won't be known for years — advancing to the quarterfinals or further will help. But the short-term one is undeniable. 

Hotel guests in Seattle gathered in a lobby to watch Egypt outlast Australia in a penalty shootout. Dallas police officers greeted Norway by performing the ""Viking Row"" on the airport tarmac. Social media erupted as Cape Verde pushed defending champion Argentina to the brink of penalties.

Seattle Sounders and USA midfielder Cristian Roldan walks onto T-Mobile Park on Friday night. (Olivia Vanni/Getty Images) 

The U.S. players have felt that energy throughout the tournament and want to channel it on the field.

""The fact that it's here on our shores, the fan passion is coming to light, we're creating our own new sort of things with ‘Country Roads' after the game — it's like the college football scene mixing with the U.S. [Soccer] scene,"" Turner said.

""And what I've loved about it is that it's not like we're trying to be that European culture. We're not saying we need to chant like the English chant, or chant like the Germans chant. We're taking on our own traditions and cultures, and I think that's the way it should be. We really needed this tournament in order to find our identity alongside our fans.""

Even Pochettino — who played with Diego Maradona and coached at Tottenham, Paris Saint-Germain and Chelsea — is having a ball. He's become a fan of country music, specifically Ella Langley, as well as Teddy Swims. He's leading crowds in ""U-S-A"" cheers and learning new words, too.

""Sometimes someone will say something to him in a meeting, and it sounds super American slang, and he's like, ‘Huh?'"" Christian Pulisic joked earlier in the tournament. ""And I just find it so funny. But it feels like he's really in tune with it. Like, I'm in his office yesterday, and he's listening to country music, and it's just funny to see. But then he also brings his Argentinian culture and the staff and shows us things from there. It's a unique bond with the group for sure.""

The USA men's national soccer team poses with Seattle Mariners players as head coach Mauricio Pochettino addresses the crowd. (Jamie Squire/Getty Images) 

Pochettino's now-famous ""Why not us?"" mantra has seeped into the team, reflecting a belief that fits within the American sporting identity.

""We're American, we don't take s---,"" Sebastian Berhalter said a few weeks ago when asked what ideals Pochettino has brought to the group. ""Even though he's Argentinian, he has that mindset of like, ‘Look, this is what we do, and this is who we are, and this is what America is about.' I think even from an outside perspective, he showed us Americans what we're about, and he really drills that into us.""

A win against Belgium on Monday would be historic, marking the first time the U.S. has ever won two knockout games at a World Cup. The program's best finish in the modern era was the quarterfinals in 2002. This team embraces the responsibility of keeping this journey going.

""I think it's exciting,"" Tyler Adams told reporters Friday ahead of training. ""I think as a team, we want to leave our mark on the game and a legacy behind. I want it to be more than just what this moment has created and the hype around it. If we're talking about the team and the success they've had two years from now, then we've done something right.

""We want to have success, and we know the further that we go, the more success we're going to have and the growth of the game is going to grow.""","{'href': 'https://www.foxsports.com', 'title': 'FOX Sports'}","soccer"
"https://news.google.com/rss/search?q=club+world+cup","World Cup Round of 16 bracket: Full schedule, matchups and how each team qualified","https://sports.yahoo.com/soccer/article/world-cup-round-of-16-bracket-full-schedule-matchups-and-how-each-team-qualified-164942403.html","Sat, 04 Jul 2026 03:34:00 GMT","

...

Forty-eight teams entered the 2026 World Cup. After a dramatic Round of 32 featuring penalty shootouts, late winners and a few surprising exits, only 16 remain.

The Round of 16 is now fully locked in. Co-hosts Mexico, Canada and the United States are all still alive, joined by traditional powers including Argentina, Brazil, England, France, Portugal and Spain.

The top two teams from each of the 12 groups advanced automatically, joined by the tournament's eight best third-place finishers. After a dramatic Round of 32 that sent home contenders such as Germany, the Netherlands and Japan, every remaining match is win-or-go-home as the race to lift the World Cup trophy continues.

Here's the full Round of 16 schedule, including every date, kickoff time and location:

Match 90: Canada vs. Morocco, 1 p.m. ET – NRG Stadium, Houston Match 89: Paraguay vs. France, 5 p.m. ET – Lincoln Financial Field, Philadelphia

Match 91: Brazil vs. Norway, 4 p.m. ET – MetLife Stadium, East Rutherford, New Jersey Match 92: Mexico vs. England, 8 p.m. ET – Estadio Azteca, Mexico City

Match 93: Spain vs. Portugal, 3 p.m. ET – AT&T Stadium, Arlington, Texas Match 94: Belgium vs. USA, 8 p.m. ET – Lumen Field, Seattle

Match 95: Egypt vs. Argentina, 12 p.m. ET – Mercedes-Benz Stadium, Atlanta Match 96: Switzerland vs. Colombia, 4 p.m. ET – BC Place, Vancouver, British Columbia

Match 97: Winner match 89 vs. Winner match 90, 4 p.m. ET – Gillette Stadium, Foxborough, Massachusetts

Match 98: Winner match 93 vs. Winner match 94, 3 p.m. ET – SoFi Stadium, Inglewood, California

Match 99: Winner match 91 vs. Winner match 92, 5 p.m. ET – Hard Rock Stadium, Miami Gardens Match 100: Winner match 95 vs. Winner match 96, 9 p.m. ET – Arrowhead Stadium, Kansas City

Winner match 97 vs. Winner match 98, 3 p.m. ET – AT&T Stadium, Arlington, Texas

Winner match 99 vs. Winner match 100, 3 p.m. ET – Mercedes-Benz Stadium, Atlanta

Third-place match: Semifinal losers, 5 p.m. ET – Hard Rock Stadium, Miami Gardens

Final: Semifinal winners, 3 p.m. ET – MetLife Stadium, East Rutherford, New Jersey

Final: South Africa 0, Canada 1

Next: Canada vs. Morocco — Saturday, July 4 | 1 p.m. ET | Houston

Final: Brazil 2, Japan 1

Next: Brazil vs. Norway — Sunday, July 5 | 4 p.m. ET | New Jersey

Final: Paraguay 1, Germany 1 (Pens: 4-3)

Next: Paraguay vs. France — Saturday, July 4 | 5 p.m. ET | Philadelphia

Final: Morocco 1, Netherlands 1 (Pens: 3-2)

Next: Morocco vs. Canada — Saturday, July 4 | 1 p.m. ET | Houston

Final: Ivory Coast 1, Norway 2

Next: Norway vs. Brazil | Sunday, July 5 | 4 p.m. ET | New Jersey

Final: France 3, Sweden 0

Next: France vs. Paraguay | Saturday, July 4 | 5 p.m. ET | Philadelphia

Final: Mexico 2, Ecuador 0

Next: Mexico vs. England | Sunday, July 5 | 8 p.m. ET | Mexico City

Final: England 2, Congo DR 1

Next: England vs. Mexico | Sunday, July 5 | 8 p.m. ET | Mexico City

Final: Belgium 3, Senegal 2

Next: Belgium vs. USA | Monday, July 6 | 8 p.m. ET | Seattle

Final: USA 2, Bosnia and Herzegovina 0

Next: USA vs. Belgium | Monday, July 6 | 8 p.m. ET | Seattle

Final: Spain 3, Austria 0

Final: Portugal 2, Croatia 1

Next: Spain vs. Portugal | Monday, July 6 | 3 p.m. ET | Arlington, Texas

Final: Switzerland 2, Algeria 0

Next: Switzerland vs. Colombia/Ghana | Tuesday, July 7 | 4 p.m. ET | Vancouver

Final: Egypt 1, Australia 1 (Pens. 4-2)

Next: Egypt vs. Argentina | Tuesday, July 7 | 12 p.m. ET | Atlanta

Final: Argentina 3, Cape Verde 2

Next: Argentina vs. Egypt | Tuesday, July 7 | 12 p.m. ET | Atlanta

Final: Colombia 1, Ghana 0

Next: Colombia vs. Switzerland | Tuesday, July 7 | 4 p.m. ET | Vancouver

W

D

L

GD

GF

TCS

Pts.

1

Mexico*

3

0

0

6

6

-6

9

2

South Africa*

1

1

1

-1

2

-13

4

3

South Korea

1

0

2

-1

2

-4

3

4

Czechia

0

1

2

-4

2

-2

1

Qualified: Mexico, South AfricaEliminated: Czechia, South Korea

Mexico finished atop Group A with a perfect nine points and will face Ecuador in the Round of 32 on Tuesday at Mexico City Stadium.

South Africa claimed second place with four points and advances to face Canada on Sunday in Los Angeles.

South Korea finished third but did not earn one of the tournament's eight best third-place berths. Czechia finished bottom of the group and was eliminated.

W

D

L

GD

GF

TCS

Pts

1

Switzerland*

2

1

0

4

7

-3

7

2

Canada*

1

1

1

5

8

-5

4

3

Bosnia and Herzegovina*

1

1

1

-1

5

-10

4

4

Qatar

0

1

2

-8

2

-12

1

Qualified: Switzerland, Canada, Bosnia and HerzegovinaEliminated: Qatar

Switzerland won Group B and will face Algeria in the Round of 32.

Canada finished second and advances to face South Africa on Sunday in Los Angeles.

Bosnia and Herzegovina also moved on as one of the tournament's best third-place teams after finishing with four points. It will face the United States on Wednesday in Santa Clara, California.

Qatar was eliminated after finishing bottom of the group.

W

D

L

GD

GF

TCS

Pts.

1

Brazil*

2

1

0

6

7

-5

7

2

Morocco*

2

1

0

3

6

-1

7

3

Scotland

1

0

2

-3

1

-5

3

4

Haiti

0

0

3

-6

2

-7

0

Qualified: Brazil, Morocco Eliminated: Haiti, Scotland

Brazil won Group C and will face Japan in the Round of 32 on Monday in Houston.

Morocco finished second and advances to face the Netherlands on Monday in Monterrey, Mexico.

Scotland finished third but did not earn one of the tournament's eight best third-place berths. Haiti was eliminated after going winless in the group.

W

T

L

GD

GF

TCS

Pts

1

USA*

2

0

1

4

8

-5

6

2

Australia*

1

1

1

0

2

-5

4

3

Paraguay*

1

1

1

-2

2

-12

4

4

Türkiye

1

0

2

-2

3

-3

3

Qualified: USA, Australia, ParaguayEliminated: Türkiye

The United States finished atop Group D and will face Bosnia and Herzegovina in the Round of 32 on Wednesday in Santa Clara, California.

Australia claimed the group's second automatic berth after playing Paraguay to a scoreless draw and will face Egypt on July 3 in Dallas.

Paraguay finished third with four points and is moving on as one of the tournament's eight best third-place teams. It will face Germany on Monday in Boston.

W

D

L

GD

GF

TCS

Pts

1

Germany*

2

0

1

6

10

-1

6

2

Ivory Coast*

2

0

1

2

4

-4

6

3

Ecuador*

1

1

1

0

2

-5

4

4

Curaçao

0

1

2

-8

1

-7

1

Qualified: Germany, Ivory Coast, EcuadorEliminated: Curaçao

Germany had already clinched first place in Group E ahead of Thursday's matches and will face Paraguay on Monday in Boston.

Ivory Coast's 2-0 win over Curaçao secured second place and a spot in the knockout stage against Norway.

Ecuador's 2-1 upset of Germany wasn't enough to move into the top two, but Ecuador finished third and will advance as one of the tourney's best third-place teams. It plays Mexico on Tuesday in Mexico City.

Curaçao finishes bottom of the group with one point and is eliminated.

W

D

L

GD

GF

TCS

Pts

1

Netherlands*

2

1

0

6

10

-3

7

2

Japan*

1

2

0

4

7

-1

5

3

Sweden*

1

1

1

0

7

-5

4

4

Tunisia

0

0

3

-10

2

-1

0

Qualified: Netherlands, Japan, Sweden Eliminated: Tunisia

The Netherlands clinched first place in Group F with a 3-1 win over Tunisia and will advance to the Round of 32 as the group winner. The Dutch next face Morocco on Monday in Monterrey, Mexico.

Japan secured second place after a 1-1 draw with Sweden, doing enough to stay ahead of Sweden in the race for the automatic knockout berth. The Samarai Blue will face Brazil in the Round of 32.

Sweden finished third and qualified as one of the tournament's eight best third-place teams. Its reward? A matchup vs. France on Tuesday in New Jersey.

W

D

L

GD

GF

TCS

Pts

1

Belgium*

1

2

0

4

6

-7

5

2

Egypt*

1

2

0

2

5

-6

5

3

Iran

0

3

0

0

3

-6

3

4

New Zealand

0

1

2

-6

4

-4

1

Qualified: Belgium, Egypt Eliminated: New Zealand, Iran

Belgium claimed first place in Group G with a 5-1 win over New Zealand on Friday and will face Senegal in the Round of 32 on Wednesday in Seattle.

Egypt advanced as the group runner-up after a 1-1 draw with Iran and will face Australia on Friday in Dallas.

Iran finished third but was eliminated after Algeria's draw with Austria pushed it down to ninth among the tournament's third-place teams. New Zealand finished bottom of the group and was eliminated.

W

D

L

GD

GF

TCS

Pts

1

Spain*

2

1

0

5

5

-2

7

3

Cape Verde*

0

3

0

0

2

-1

3

2

Uruguay

0

2

1

0

3

-7

2

4

Saudi Arabia

0

1

2

-4

1

-6

2

Qualified: Spain, Cape Verde Eliminated: Uruguay, Saudi Arabia

Spain clinched first place in the group with a 1-0 win over Uruguay. The Spaniards will take on Austria on Thursday in Los Angeles.

Cape Verde locked up second place with a 0-0 draw — its third of the tournament. Next up is reigning champion Argentina on Friday in Miami.

Uruguay and Saudi Arabia are both out of the tournament after finishing with two points each.

W

D

L

GD

GF

TCS

Pts

1

France*

3

0

0

8

10

-1

9

2

Norway*

2

0

1

1

8

-1

6

3

Senegal*

1

0

2

2

8

-2

3

4

Iraq

0

0

3

-11

1

-8

0

Qualified: France, Norway, SenegalEliminated: Iraq

France won Group I and will face Sweden in the Round of 32 on Tuesday in East Rutherford, New Jersey.

Norway finished second and advances to face Ivory Coast on Tuesday in Dallas. Senegal finished third and also advanced as one of the tournament's best third-place teams, setting up a Round of 32 matchup with Belgium on Wednesday in Seattle.

Iraq finished bottom of the group and was eliminated.

W

D

L

GD

GF

TCS

Pts

1

Argentina

3

0

0

7

8

-2

9

2

Austria

1

1

1

0

6

-4

4

3

Algeria

1

1

1

-2

5

-1

4

4

Jordan

0

0

3

-5

3

-4

0

Qualified: Argentina, Austria, AlgeriaEliminated: Jordan

Argentina finished atop Group J with nine points and will face Cape Verde in the Round of 32 on Friday in Miami.

Austria and Algeria also advanced after their group-stage finale ended in a draw. Austria will face Spain on Thursday, while Algeria will face Switzerland on Thursday in Vancouver.

Jordan finished bottom of the group and was eliminated.

W

D

L

GD

GF

TCS

Pts

1

Colombia*

2

1

0

3

4

-4

7

2

Portugal*

1

2

0

5

6

-4

5

3

Congo DR*

1

1

1

1

4

-5

4

4

Uzbekistan

0

0

3

-9

2

-4

0

Qualified: Colombia, Portugal, CongoEliminated: Uzbekistan

Colombia played Portugal to a scoreless draw to finish atop Group K with seven points. Its reward is a Round of 32 matchup with Ghana on Friday in Kansas City.

Portugal finished second and will face Croatia on Thursday in Toronto.

DR Congo also advanced as one of the tournament's best third-place teams and will face England on Wednesday in Atlanta. Uzbekistan finished bottom of the group and was eliminated.

W

D

L

GD

GF

TCS

Pts

1

England*

2

1

0

4

6

-2

7

2

Croatia*

2

0

1

0

5

-2

6

3

Ghana*

1

1

1

0

2

-2

4

4

Panama

0

0

3

-4

0

-5

0

Qualified: England, Croatia, Ghana Eliminated: Panama

England finished atop Group L and will face DR Congo in the Round of 32 on Wednesday in Atlanta.

Croatia finished second and advances to face Portugal on Thursday in Toronto.

Ghana also moved on as one of the tournament's best third-place teams and will face Colombia on Friday in Kansas City. Panama finished bottom of the group and was eliminated.","{'href': 'https://sports.yahoo.com', 'title': 'Yahoo Sports'}","soccer"
"https://news.google.com/rss/search?q=club+world+cup","Ranking All 16 Teams Left in the 2026 World Cup","https://www.si.com/soccer/ranking-all-16-teams-left-2026-world-cup","Sat, 04 Jul 2026 04:00:12 GMT","

“The World Cup starts now,” Lamine Yamal declared after Spain advanced to the round of 16 with a straightforward stroll against Austria.

That's all very well and good for the ever-improving teenager, but think about what this tournament would have missed without everything that went before this point. There would be no Eloy Room dancing with Dutch royalty, no snakes or mascot-fueled drug busts. The world would never have been treated to the Scottish takeover of Boston.

However, in terms of elite sporting competition, Yamal may have a point. For all the admirable qualities offered by the national teams which have fallen by the wayside, this is where the tournament has been sharpened to a fine point in terms of purely on-pitch quality. Deciphering the top contenders only becomes harder from here.

When your greatest hope is this pale iteration of Mohamed Salah, 34 years old and not able to even reach his diminished top speed thanks to a hamstring injury, a run to the round of 16 should be something to savor. Anything more would be a major shock.

Murat Yakin admitted that Switzerland's breakthrough against a desperately underwhelming Algeria side came from “a lucky punch.” Fortune may very well have to be on the side of the Swiss should the national team hope to build upon what is already its best World Cup run since the Second World War.

“I feel like [this next game] is a free hit,” Canada's definitely not performative boss Jesse Marsch admitted. That attitude could come in handy as Morocco lie in wait.

“We dance to the music they play for us,” Paraguay's well-spoken manager Gustavo Alfaro beamed after a staggering penalty shootout victory over Germany. “Sometimes it's a cumbia, sometimes a tango, sometimes a rumba.”It was a polka against Germany, according to Alfaro. It will take a historic showing from Paraguay to stop France from waltzing through to the quarterfinals.

It's still not quite clear how Belgium is even in the round of 16. Youri Tielemans and Leandro Trossard went from arguing to embracing each other by the end of a truly chaotic comeback victory over a Senegal side which has been far more impressive this summer.

Portugal's challenge remains the same: Can it win despite Cristiano Ronaldo?It remains to be seen what dirt the veteran forward has on Roberto Martínez, who subbed off a winger for the reigning Club World Cup champions, the Premier League Player of the Year and the most important player for the back-to-back Champions League winners before eventually taking off Ronaldo against Croatia. Gonçalo Ramos, his direct replacement, promptly scored the elusive winner.

Erling Haaland has hidden behind the kind of pessimism familiar to all soccer fans this summer. Norway's frontman, who wrote his side off against France in the group stage, insisted that there was only a “very small” chance of beating Brazil in the round of 16.History, however, is on the side of the Scandinavians, who have never been defeated by the Seleção. Remarkably, Norway's record against Brazil reads: Played four, won two, drawn two, lost zero.

“Everything is possible,” a visibly emotional Mauricio Pochettino told his players after a historic victory over Bosnia and Herzegovina which was encouraging for a number of reasons, chief among them being that the U.S. looks exactly like a team coached by Mauricio Pochettino.If the Stars and Stripes continue to play with the same grace and gusto, what may have seemed impossible just a matter of weeks ago could very well be within reach.

This is where Thomas Tuchel will earn his salary. The tournament specialist was hired to get England through the knockout stage and certainly has the players to make a deep run if they can collectively hit top gear—and stop fretting about the altitude in Mexico City.

The only sour note for Mexico's Javier Aguirre after breaking the nation's World Cup knockout curse lay in the mini bar of his hotel room. “Right now, a whiskey, right? A short one, on the rocks. That's the only thing I'm missing today,” the grizzled coach chuckled. “And I don't have any in my room—I ran out—but don't tell anyone.”Should Mexico go any deeper, there may not be any whiskey left in the country.

Unlike some other national team managers this summer, Néstor Lorenzo is not beholden to any superstar player. When the demands of the match calls for the substitution of James Rodríguez, the former World Cup runner-up with Argentina is brave enough to make the unpopular call.

“I don't know what I was doing there,” Issa Diop admitted when reflecting on his stoppage-time equalizer against the Netherlands in the round of 32. Morocco very much know what it's doing in the latter stages of the World Cup.

Rarely has a win dented the prospects of a challenger as much as Argentina's horribly scratchy 3–2 victory over Cabo Verde—if “victory” is not too strong a word.In the absence of any more Lionel Messi magic, a couple of set pieces rode to the rescue. A repeat performance at this stage of the tournament and beyond would surely see Argentina's title defense extinguished.

Amid a World Cup of almost unrivaled managerial quality, Carlo Ancelotti showed his class in Brazil's comeback win over Japan.There are plenty of problems for the record champion. The fullbacks are vulnerable, the midfield is porous, its best player is injured and Neymar is starting to stir from the sidelines. But Ancelotti is stood amid the chaos with just one arched eyebrow to hint at his discomfort.As Real Madrid and the rest of Europe have discovered on multiple occasions, the wily Italian is very capable of guiding a flawed team to the biggest prizes.

“I dare to say that we didn't only play the European champion, but perhaps the next world champion,” Austria boss Ralf Rangnick gushed after his side were dealt a nut-and-bolt dismantling by a Spain team clicking into gear. The divisive tactician may have a point.

“I personally have not seen a better team,” Graham Potter admitted after his Sweden side became the latest nation subjected to the might of France.The beguiling cocktail offered up by the front four—whichever assortment of stars is selected—is so bewitching that it almost inspires a sense of frustration: How good could France have been for the last eight years had Didier Deschamps decided to take the handbrake off earlier?

Grey Whitebloom is a writer, reporter and editor for Sports Illustrated FC. Born and raised in London, he is an avid follower of German, Italian and Spanish top flight football.

© 2026  ABG-SI LLC - SPORTS ILLUSTRATED IS A REGISTERED TRADEMARK OF ABG-SI LLC. - All Rights Reserved. The content on this site is for entertainment and educational purposes only. Betting and gambling content is intended for individuals 21+ and is based on individual commentators' opinions and not that of Sports Illustrated or its affiliates, licensees and related brands. All picks and predictions are suggestions only and not a guarantee of success or profit. If you or someone you know has a gambling problem, crisis counseling and referral services can be accessed by calling 1-800-GAMBLER.","{'href': 'https://www.si.com', 'title': 'Sports Illustrated'}","soccer"
"https://news.google.com/rss/search?q=club+world+cup","World Cup 2026 fixture schedule and UK kick-off times: Day-by-day breakdown of all 104 matches including England","https://www.skysports.com/football/news/12098/13481245/world-cup-2026-fixture-schedule-and-uk-kick-off-times-day-by-day-breakdown-of-all-104-matches-including-england","Sat, 04 Jul 2026 08:37:43 GMT","





Football
                                        


Full World Cup 2026 fixture schedule for 48-team tournament in Mexico, USA and Canada with UK kick-off times; Final is on Sunday July 19; Watch 'World Cup Breakfast' on Sky Sports News from 7am to 10am every day of the World Cup

Saturday 4 July 2026 09:00, UK

Here's your day-by-day breakdown of the 48-team, 37-day World Cup, which has entered the knockout stages ahead of the final on July 19.


              2026 World Cup: Teams, schedule, venues
            


              World Cup fixtures
            


              World Cup tables
            


              Latest World Cup news
            

All the kick-offs for the 2026 World Cup are listed in UK time.

Play Super 6 for a chance to win £250k! Enter for free.

Play Super 6 for a chance to win £250k! Enter for free.

Play Super 6 for a chance to win £250k! Enter for free.



                            © 2026 Sky UK
                        ","{'href': 'https://www.skysports.com', 'title': 'Sky Sports'}","soccer"
"https://news.google.com/rss/search?q=club+world+cup","FIFA keeps England vs Mexico World Cup kick-off on schedule as crypto sponsors circle the tournament","https://cryptobriefing.com/fifa-world-cup-crypto-prediction-markets/","Sat, 04 Jul 2026 06:26:58 GMT","

Searching...


                Weather concerns at Estadio Azteca briefly threatened a schedule change, but the real story is how prediction markets and crypto sponsors are embedding themselves into the 2026 World Cup.            

Share

FIFA decided to keep England's round-of-16 clash against Mexico at its originally scheduled 6 p.m. local time on July 5, 2026, after briefly considering moving the match earlier due to thunderstorm forecasts in Mexico City. The decision came after both the English FA and the Mexican Football Federation pushed back against an earlier kick-off.

Reports surfaced on July 3 suggesting FIFA might advance the England-Mexico match by six hours, essentially moving it to a midday slot. The concern was straightforward: Estadio Azteca had already experienced delays earlier in the week due to lightning, and forecasted thunderstorms made a repeat disruption look plausible.

FIFA referenced past weather disruptions from the Club World Cup as part of its rationale for monitoring the situation. But both football associations opposed the change. The original 6 p.m. Mexico City time, which translates to 8 p.m. ET, was ultimately confirmed. FIFA acknowledged it had been monitoring conditions but decided the forecast didn't warrant blowing up the schedule.

Platforms like Polymarket reported active trading on the match outcome, with significant volumes building as the knockout stage approached. When rumors of a schedule change hit, they introduced a brief window of uncertainty that prediction market traders had to factor into their positions. The confirmation that the schedule would hold steady provided a temporary sense of stability for those traders.

In June 2026, Kraken was named the Official Crypto Exchange Supporter for the FIFA World Cup 2026. The partnership includes promotional activities surrounding the event, with Kraken pushing fan engagement through special offers tied to tournament activities.


                        Weather concerns at Estadio Azteca briefly threatened a schedule change, but the real story is how prediction markets and crypto sponsors are embedding themselves into the 2026 World Cup.                    

Share

FIFA decided to keep England's round-of-16 clash against Mexico at its originally scheduled 6 p.m. local time on July 5, 2026, after briefly considering moving the match earlier due to thunderstorm forecasts in Mexico City. The decision came after both the English FA and the Mexican Football Federation pushed back against an earlier kick-off.

Reports surfaced on July 3 suggesting FIFA might advance the England-Mexico match by six hours, essentially moving it to a midday slot. The concern was straightforward: Estadio Azteca had already experienced delays earlier in the week due to lightning, and forecasted thunderstorms made a repeat disruption look plausible.

FIFA referenced past weather disruptions from the Club World Cup as part of its rationale for monitoring the situation. But both football associations opposed the change. The original 6 p.m. Mexico City time, which translates to 8 p.m. ET, was ultimately confirmed. FIFA acknowledged it had been monitoring conditions but decided the forecast didn't warrant blowing up the schedule.

Platforms like Polymarket reported active trading on the match outcome, with significant volumes building as the knockout stage approached. When rumors of a schedule change hit, they introduced a brief window of uncertainty that prediction market traders had to factor into their positions. The confirmation that the schedule would hold steady provided a temporary sense of stability for those traders.

In June 2026, Kraken was named the Official Crypto Exchange Supporter for the FIFA World Cup 2026. The partnership includes promotional activities surrounding the event, with Kraken pushing fan engagement through special offers tied to tournament activities.


                    All content is for informational purposes only and does not constitute investment advice. CryptoBriefing does not provide recommendations to buy, sell, or hold any asset or contract. See our Disclaimer & Risk Disclosure.
                


                    © Decentral Media and Crypto Briefing® 2026.
                

Sign in to your account

Create your account

Already have an account? Sign In

Forgot your password?

Sign In

Daily news, analysis & market insights delivered free.","{'href': 'https://cryptobriefing.com', 'title': 'Crypto Briefing'}","soccer"
"https://news.google.com/rss/search?q=fifa+world+cup","World Cup predictions: Brazil vs Norway, Mexico vs England, Paraguay vs France on MD 24 and 25","https://www.nytimes.com/athletic/7416384/2026/07/04/world-cup-predictions-brazil-england-france/","Sat, 04 Jul 2026 08:30:34 GMT","

Log in

Subscribe Now

Region

Search

Top News

Podcasts

Play Center

Wimbledon

Round of 16 Predictions

2026 Men's World Cup

Home

Bracket

Schedule

Live Results

Teams

Newsletter

Pick'em

Fantasy

Round of 16 Predictions

Argentina Survives Cape Verde

Colombia Beats Ghana

Watch: The Athletic FC 

Watch: The Athletic FC Daily Cup

Watch: The Totally Football Show

Play Soccer Connections

NFL

Home

Teams

Scores & Schedule

Standings

Fantasy

NFL Odds

NFL Picks

NFL Draft

Podcasts

NFL Newsletter

Offseason Winners and Losers

Lingering Team Questions

Training Camp Dates

Preseason Games

2026 NFL Schedule

NBA

Home

Teams

Scores & Schedule

Standings

The Bounce Newsletter

NBA Draft

Podcasts

Fantasy

NBA Odds

NBA Picks

Free Agency & Trade Rumors

LeBron Leaving Lakers

Early 2027 Mock Draft

Hollinger's Top 25 Free Agents

MLB

Home

Teams

Scores & Schedule

Standings

Podcasts

The Windup Newsletter

Fantasy

MLB Prospects

MLB Odds

MLB Picks

MLB Draft

Power Rankings

Top 50 Prospects

NHL

Home

Teams

Scores & Schedule

Standings

Podcasts

Fantasy

NHL Odds

NHL Picks

Offseason Trade Board 6.0

Red Light Newsletter

College Football

Home

Teams

Scores & Schedule

Standings

Podcasts

Newsletter

Recruiting

Odds

Picks

Mandel's Top 25

Top 100 Transfers

Best Portal Classes

WNBA

Home

Teams

Scores & Schedule

Standings

Podcasts

Newsletter

No Offseason Newsletter

Tennis

Home

Grand Slam Newsletter

Wimbledon Day 6 

NCAAM

Home

Teams

Scores & Schedule

Standings

Transfer Portal Rankings

NBA Draft

Bracket

NCAAW

Home

Newsletter

Scores & Schedule

Standings

Podcasts

No Offseason Newsletter

Golf

Home

Scores and Schedule

Travelers Championship leaderboard

Golf Newsletter

Premier League

Home

Teams

Scores & Schedule

Standings

Fantasy

The Athletic FC Newsletter

Podcasts

Soccer

Women's Soccer

Home

NWSL Schedule

Full Time Newsletter

Podcasts

Motherhood in Soccer

NWSL

Women's World Cup

USWNT

College Sports

Champions League

Home

Scores & Schedule

Standings

Podcasts

MLS

Home

Teams

Scores & Schedule

Standings

Podcasts

NWSL

Home

Teams

Scores & Schedule

Standings

Full Time Newsletter

Podcasts

Motherhood in Soccer

Olympics

Home

Winter Paralympics Medal Table

Medal Table

Global Sports

College Sports

Fantasy Baseball

Home

MLB Home

Rates & Barrels

Fantasy Football

Fantasy Hockey

ROS SP Rankings

Top 250 ROS Rankings

Draft Kit

Terminology

Fantasy Football

Home

NFL Home

Football Show

Betting

Customizable Cheat Sheet

2026 Fantasy Football Rankings

2026 Dynasty Rankings

Discord

Peak

Formula 1

Home

Prime Tire newsletter

Schedule

Alpine

Aston Martin

Audi

Cadillac

Ferrari

Haas

McLaren

Mercedes

Racing Bulls

Red Bull

Williams

Sports Business

Home

MoneyCall Newsletter

Sailing

Opinion

Home

Betting

Home

Fantasy Football

Odds

NFL Picks

UK Betting

Memorabilia and Collectibles

Culture

Home

Motorsports

Home

Podcasts

NASCAR

Women's Hockey

Home

Scores & Schedule

Standings

Teams

MMA

Home

Boxing

Home

The Pulse Newsletter

Argentina Survives Cape Verde

World Cup Bracket

NBA Free Agency Analysis

Sports Connections

FIFA World

Cup 2026

The Experts, Algo, the Subscribers, Wilfred and Stanley - come join us and play along Illustrations: Alice Devine; Image: Dan Goldfarb for The Athletic

The Experts, Algo, the Subscribers, Wilfred and Stanley - come join us and play along Illustrations: Alice Devine; Image: Dan Goldfarb for The Athletic

Welcome to The Athletic's daily World Cup Predictions.

This article gives you the lowdown on all today's games but with the bonus of some friendly competition…

Throughout the tournament, we will have two Athletic writers (Andy Jones or Elias Burke — with help from our experts from each of the 48 countries) pitting our soccer knowledge against a different Athletic subscriber each day and ‘Algo', the shiny new algorithm from The Athletic, which is making its computerised debut during the 2026 World Cup.

Advertisement

Oh, and a dog called Stanley and a six-year-old called Wilfred (who some of you may remember from last season's Premier League predictions).

Our guest subscriber today is Nathaniel, from the U.S., who supports the USMNT, Bosnia and Herzegovina and Seattle Sounders. Good luck, Nathaniel!

If you would like to apply to be our guest subscriber for a day during this tournament, please follow the instructions in the article here.

On paper, Australia-Egypt was the most evenly matched tie of the World Cup, with FIFA's pre-tournament No 27-ranked side meeting No 29. It should probably come as no surprise, then, that there was nothing to split them after regular time, with Emam Ashour having put Egypt ahead before Mohamed Hany's own goal levelled the scores in the second half.

As the extra time clock ticked down towards penalties, Australia coach Tony Popovic made the bold move to replace starting goalkeeper Pat Beach with the experienced Mat Ryan. Whether Ryan was considered a technically superior goalkeeper in shootouts, or Popovic was just trying to mess with Egypt's heads, the switch had no positive effect. Egypt were perfect from the spot, converting all four attempts, enough to progress after Australia missed twice, giving Algo and the experts a strong start.

If the first tie of the day was the most even, the next, in theory, should have been the most imbalanced. Argentina started the tournament as the No 1 team in the world, while World Cup debutants Cape Verde sat way down in 67th. But if this was supposed to be a walk in the park, goalkeeper Vozinha and his Cape Verde team-mates did not get the memo.








Lionel Messi put Argentina in front with a brilliantly taken goal in the first half, but Deroy Duarte shocked the world by levelling the scores in the second half. Cape Verde hung on to a 1-1 draw in regular time, but it took just two minutes of extra time before Lisandro Martinez fired the world champions ahead, ending any chance of the greatest World Cup upset ever… until! Cape Verde's star, Sidny Lopes Cabral, scored a goal-of-the-tournament contender in the 103rd minute, spectacularly curling past Emiliano Martinez from an improbable angle.

Advertisement

But Cristian Romero, with some help from the arm of Cape Verde centre-back Diney, had the last laugh, heading past Vozinha in the 111th minute to finally kill the game off. No surprise Stanley was the only one to back Cape Verde, and it was so nearly the unbeatable call of the tournament.

Following that was an impossible task for Colombia and Ghana, and the South Americans progressed with a 1-0 win. Ex-Wolverhampton Wanderers forward Jhon Arias scored the only goal in the 14th minute. Bayern Munich forward Luis Diaz, formerly of Liverpool, was inspired. A clean sweep of correct calls for all of us at Predictions HQ on that one, leaving Algo ahead of the experts by one on the leaderboard, as its ominous 13-game winning streak continues.

It's pretty simple: we will give you some background on each game, players to watch and facts on the two teams. Then we will predict the outcome.

We will maintain a leaderboard of how everyone gets on with their predictions (ranked by the percentage they get correct) but we'll also keep a record of “streaks” — the number of predictions everyone gets right in a row. These streaks also form a crucial part of The Athletic's interactive Soccer Pick'ems feature, allowing you to make your own picks every round as well.

So come along and get involved, and check back each day to see how we are getting on in the leaderboard — and probably more importantly, whether you, the subscribers, or Stanley or Wilfred are beating us.

Or, worst of all, whether ‘Algo' can prove data and statistics know all when it comes to predicting.

Good luck, and enjoy!

Where to watch: FOX (U.S.), ITV (UK)

Streak Risk Factor: 3/5. While they won't be playing on home soil, Canada will be well-supported in Houston. Can they frustrate a favoured Morocco side?

Watch Rating: 3/5. Few would describe it as the standout fixture of the last 16, but at this stage of the tournament, every game is worth watching. 

Advertisement

The Athletic Soccer Experts say: “It has been a strange tournament for Jesse Marsch's side. The 6-0 win over Qatar will be remembered for its significance as their first, and for its sheer dominance, but they failed to convince in their opening 1-1 draw with Bosnia and Herzegovina and against South Africa, where a second-half added-time winner by Stephen Eustaquio proved the difference in a 1-0 win.

“The co-hosts were boosted by the return of Alphonso Davies in that game, who did not look entirely fit but showed his class in a second-half cameo from the bench. Judging from that brief outing, this fixture may come too soon for the 25-year-old to start, but Marsch will be hoping his side can hang around for long enough for Davies to make an impact as a substitute.

“Morocco will hope to have the tie sealed by the time Davies enters the pitch, having needed 120 minutes plus penalties to eliminate the Netherlands in the last round. Achraf Hakimi and company have plenty of experience with going the distance, having knocked out Spain in 2022, but they should have enough to progress into the last eight in regular time here. Watch out for striker Ismael Saibari, who will want to add to his three goals so far to impress his new employers, Bayern Munich.”

The Athletic Soccer Experts: MOROCCO WIN

Guest Subscriber Nathaniel: MOROCCO WIN

Six-year-old Wilfred: MOROCCO WIN

Stanley the dog: MOROCCO WIN

Algo: MOROCCO WIN

Where to watch: FOX (U.S.), BBC (UK)

Streak Risk Factor: 1/5. Famous last words: Paraguay have a near-zero chance of beating France, who have been by far the most impressive team at the tournament. 

Watch Rating: 3/5. We don't anticipate much competition, but it's another two years before we can see France's front four together in a major tournament, so enjoy them while you can. 

Advertisement

The Athletic Soccer Experts say: “Paraguay served up one of the World Cup's great underdog upsets in the round of 32, knocking out four-time winners Germany on penalties. Unfortunately, lightning rarely strikes twice at the World Cup, and they're facing a far more formidable side in France.

“It feels as though Didier Deschamps' side has not kicked out of second gear, and yet they are the most impressive and coherent attacking unit the World Cup has seen in a long time. Kylian Mbappe has his sights set on the Golden Boot as he steps closer to realising the genuine prospect that he may one day be recognised as the World Cup's greatest-ever player. With Michael Olise, who already has five assists, setting him up, there's no telling what levels France can reach this summer and beyond.”

The Athletic Soccer Experts: FRANCE WIN

Guest Subscriber Nathaniel: FRANCE WIN

Six-year-old Wilfred: FRANCE WIN

Stanley the dog: FRANCE WIN

Algo: FRANCE WIN

Where to watch: FOX (U.S.), ITV (UK)

Streak Risk Factor: 4/5. Brazil were slow out of the blocks against Japan, and Norway have the attacking talent to punish a similarly sluggish start.

Watch Rating: 5/5. We're very excited about this one at Predictions HQ — plenty of attacking talent with just enough defensive fragility to bring out the best in them. 

The Athletic Soccer Experts say: “Brazil seemed to find their stride in the 3-0 win over Scotland in their final group game, but regressed in the first half of their last-16 tie against Japan, where they were outrun and outplayed. Brazil were much improved in the second period, though Japan appeared slightly overawed by the prospect of such a result against the five-time champions, and they must stay closer to that level if they are to overcome an impressive Norway side.

Advertisement

“Norway progressed through the groups at a canter. Their last-32 tie against Ivory Coast was among the most evenly matched of the round, and they battled well against a very competitive opponent, with Haaland netting his fifth of the tournament to win the game and stay in the Golden Boot race.

“While you would be hard-pressed to find a more accomplished trio in defence than Gabriel, Marquinhos and Alisson, Brazil are not as formidable as one might expect, and Haaland will undoubtedly prove another strong test of their solidity. But the same can be said for Norway, who had trouble handling Amad once he was introduced from the bench in the second half against Ivory Coast.”

The Athletic Soccer Experts: BRAZIL WIN

Guest Subscriber Nathaniel: NORWAY WIN

Six-year-old Wilfred: BRAZIL WIN

Stanley the dog: BRAZIL WIN

Algo: BRAZIL WIN

Where to watch: FOX (U.S.), BBC (UK)

Streak Risk Factor: 4/5. England are significantly more talented than Mexico, but playing in front of a home crowd at the Mexico City stadium at high altitude is a big advantage for the co-hosts. 

Watch Rating: 5/5. The sights of the Azteca. The roar of the crowd. A knockout tie between two proud footballing nations with great tradition is what the World Cup is all about. 

The Athletic Soccer Experts say: “The only thing that truly matters in knockout football is making it into the next round, but Thomas Tuchel will undoubtedly be concerned with how England have performed. Aside from a brilliant 20 minutes at the start of the second half in their opening 4-2 win over Croatia, Tuchel's side have looked disjointed in defence and overreliant on the brilliance of Harry Kane and Jude Bellingham in attack.

“On Wednesday, it was all about Kane, the England captain, who netted his 71st and 72nd goals of the season for club and country to save his team from an early elimination, beating the Democratic Republic of Congo 2-1 after going behind early.

Advertisement

“For England to reach the latter stages of the tournament, the rest of Tuchel's attacking options must step up. Could this be the game where Bukayo Saka, who looked lively in his second-half cameo, arrives at the tournament? Or Anthony Gordon, who has started the last two matches on the bench but assisted both Kane's goals after entering the pitch on the hour mark.

“But they may face their stiffest challenge yet against a Mexico side in red-hot form. The co-hosts have scored eight goals without response, and have won all four of their matches. Julian Quinones has been a revelation on the left wing, while Raul Jimenez is in good form in front of goal, netting twice from three appearances. The omens are not great for England, as Mexico have lost only two competitive matches at the Azteca in 57 years, winning 70 times, though most of those victories have come against comparatively weaker Central and North American opposition.

“Part of that is the natural advantage of playing at home in front of a passionate crowd, but the other trickier aspect is the altitude. England will not have time to acclimate to the conditions, with the Azteca sitting 2,240m (7,220ft) above sea level.

“Tuchel spoke a lot pre-tournament about developing a game plan to be effective in the heat, but time will tell whether he has something up his sleeve for the… height.”

The Athletic Soccer Experts: ENGLAND WIN

Guest Subscriber Nathaniel: MEXICO WIN

Six-year-old Wilfred: ENGLAND WIN

Stanley the dog: MEXICO WIN

Algo: ENGLAND WIN

Spot the pattern. Connect the terms

Find the hidden link between sports terms

Play today's puzzle","{'href': 'https://www.nytimes.com', 'title': 'The New York Times'}","soccer"
"https://news.google.com/rss/search?q=fifa+world+cup","France, Argentina, Spain battle, Mexico arrives 👀FIFA World Cup Now Power Rankings into Round of 16","https://www.foxnews.com/video/6400170606112","Sat, 04 Jul 2026 04:34:30 GMT","

Log in to comment on videos and join in on the fun.

Watch the live stream of Fox News and full episodes.

Reduce eye strain and focus on the content that matters.

Bob Bradley and Kaylyn Kyle break down their latest FIFA World Cup Now's Power Rankings going into the Round of 16, along with the Round of 32's best goals. Agree with their rankings?


 ©2026 Fox News Network, LLC. All rights reserved. This material may not be published, broadcast, rewritten, or redistributed. All market data delayed 20 minutes. ","{'href': 'https://www.foxnews.com', 'title': 'Fox News'}","soccer"
"https://news.google.com/rss/search?q=fifa+world+cup","Argentina 3-2 Cape Verde (AET): Messi through as holders survive scare to reach World Cup last 16","https://www.bbc.com/sport/football/live/cz75y0v8qrjt","Sat, 04 Jul 2026 01:08:12 GMT","

Holders Argentina survive scare to beat tournament debutants Cape Verde in last 32

Deflected Romero header secures Argentina's passage

Cape Verde, ranked 64th in the world, twice levelled

Argentina will play Egypt in next round

Alex Brotherton

That's all from us.

Thank you very much for joining us - what an extraorindary match that was.

That's not all for the World Cup tonight though - click here for our coverage of the last 32 tie between Colombia and Ghana, which is just about to begin in Kansas City.

Use 'Get involved' to have your say

Cape Verde were just brilliant. The most entertaining and positive team I've seen so far.  They just never gave up and matched the world champions. An amazing second goal! Also refreshingly no diving to get free kicks and full respect to the referee. Sorry to see them go.

Simon, North Yorkshire

FT: Argentina 3-2 Cape Verde (AET)

Argentina can now look ahead to a last-16 meeting with Egypt in Atlanta on Tuesday, 7 July (17:00 BST).

FT: Argentina 3-2 Cape Verde

Karen CarneyFormer England and Chelsea midfielder on ITV

It's inspiring. We're just watched the current world champions being pushed by the smallest nation left in the World Cup.

This has been my favourite game of the tournament so far.

FT: Argentina 3-2 Cape Verde (AET)

Oh go on then, let's watch that goal again.

This video can not be played

Cabral's 'Lightning bolt' see's Cape Verde level in extra time

Argentina 3-2 Cape Verde

Elizabeth ConwayBBC Sport Spanish football reporter at Miami Stadium

A phenomenal match to witness. Every neutral here became a fan of Cape Verde by the end. They have given us so many stories and so much joy have since that 0-0 draw against Spain in their opening group game!

Use 'Get involved' to have your say

It's unbelievable that in terms of matches at the end of 90 minutes - Cape Verde are still unbeaten in the world cup!

Andy, Suffolk

FT: Argentina 3-2 Cape Verde (AET)

Gary NevilleFormer England defender on ITV

Vozinha is going to get a good club off the back of this.

What a World Cup.

Everything that he does is calm and composed. Where has he been?

We should have met him before.

FT: Argentina 3-2 Cape Verde (AET)

Ian DennisBBC Radio 5 Live senior football reporter

We have witnessed not just the best goal of this tournament but one of the great World Cup goals ever.

FT: Argentina 3-2 Cape Verde (AET)

Ian WrightFormer England striker on ITV

If you can give the same kind of endeavour as we saw Cape Verde give but then you've got more quality in the final third then Argentina are there to be beaten because I think in the wide areas they are very weak. I think you can get at them in those areas.

Use 'Get involved' to have your say

What a game. Cape Verde were outstanding the whole game. Shame they didn't win but the team should be immensely proud of themselves for the wonderful games they have played in this World Cup. Brilliant team.

Ruth, Scotland

As a Columbus Crew fan, I am so proud of Steven Moreira. Moreira is already a legend for the Crew, now he and his teammates are legends of the sport, forever written into history. I will never forget this game.

Eva, Pittsburgh

FT: Argentina 3-2 Cape Verde (AET)

I think Capelli might need to order in a few more Sidny Lopes Cabral shirts.

FT: Argentina 3-2 Cape Verde

James McFaddenFormer Scotland forward on BBC Radio 5 Live

That was like a Rocky movie; Cape Verde have lost, but they've won. They have shown courage, togetherness, unity and unwavering belief in what they are and what they can do.

Argentina have had to work for the victory tonight, and they showed their quality, but the story of tonight is Cape Verde undoubtedly. The story of this tournament is Cape Verde.

FT: Argentina 3-2 Cape Verde

Ian WrightFormer England striker on ITV

On the inspiration Cape Verde can give:

That's what you're ideally hoping will happen around the world and this is why Fifa have to do so much to make sure the funds they get do reach everybody.

What this does show people is that when you give people the opportunity they can get onto the biggest stage no matter how small they are and they can have it with the world champions, with one of the greatest players in the world. It was a Herculean effort from them absolutely. 

Use 'Get involved' to have your say

Cape Verde exit this tournament having held both the European and World champions to draws. They are THE story of this tournament.

Richard, Wales

FT: Argentina 3-2 Cape Verde (AET)

Celestine KaroneyBBC Sport Africa

The cheer that went out at the final whistle here at the Miami stadium felt more like a collective sigh of relief at how close the defending champions had come to an early exit than the celebration of a victory. But what a performance from Cape Verdeans, they came, they played and won our hearts.

FT: Argentina 3-2 Cape Verde

Karen CarneyFormer England and Chelsea midfielder on ITV

The Argentinian players knew they were in a game.

Credit to Cape Verde, they can be so proud of their performance and what they can do for their country back home, incredible.

FT: Argentina 3-2 Cape Verde (AET)

Lionel Messi might well be the greatest player of all time.

But he'll never score a World Cup goal as good as Sidny Lopes Cabral's.

FT: Argentina 3-2 Cape Verde (AET)

Ian DennisBBC Radio 5 Live senior football reporter

Cape Verde might have lost but it feels like they have won. 

The way they have applied themselves, the way they have battled and fought with bravery and ambition. They have taken the defending champions right to the edge.

What a game of football. What emotion. It had everything.

FT: Argentina 3-2 Cape Verde (AET)

Ally McCoistFormer Scotland striker on ITV

Just an absolute immense game of football.

Cape Verde have got far more than just their spirit.

Boy have they entertained us this World Cup.

Tonight was not their night.

This video can not be played

Argentina survive huge scare from Cape Verde to make last 16

At a glance

Lionel Messi scored his seventh goal in the tournament but Deroy Duarte equalised for Cape Verde

Lisandro Martinez fired Argentina into an extra-time lead before Sidny Lopes Cabral's incredible strike

Diney Borges' own goal secured safe passage for Argentina - who face Egypt in the last 16

PLAYER RATER

A 111th-minute Diney Borges own goal saved holders Argentina from one of the biggest shocks in World Cup history as they scraped past heroic debutants Cape Verde in the last 32. 

The team lying 64th in the Fifa rankings twice came back to equalise against opponents who are second in the world.

With the score locked at 1-1 after 90 minutes, the outsiders forced their illustrious opponents into extra time. Lisandro Martinez then thought he had won it for Argentina with a superb finish in the 92nd minute.

But Sidny Lopes Cabral produced one of the World Cup's great goals 11 minutes later when he cut inside to the left of the box and whipped a curling strike over goalkeeper Emiliano Martinez and into the top corner to make it 2-2. 

Enjoying the night of his career, Cabral then forced a stunning save from Martinez four minutes from the end of extra time - but they could not draw level for a third time to force penalties. 

It was a party atmosphere early in Miami - with thousands of expectant Argentines cheering on their team.

And they had looked to be easing their way to victory when Lionel Messi produced another moment of magic in the 29th minute.

The Argentina captain scored his 20th World Cup goal as he beautifully controlled defender Martinez's long ball before finishing high into the net.

But the smallest nation to play in a World Cup knockout match were not about to leave the tournament quietly.

And Deroy Duarte's second-half finish pulled Cape Verde level - as he made the run into the box and powered a finish through the legs of Manchester United defender Martinez and beyond the goalkeeper from a tight angle as a number of Cape Verde fans cried tears of joy.

Two minutes into extra time in Miami, defender Martinez latched on to Alexis Mac Allister's flick from a corner and produced a powerful finish to beat goalkeeper Vozinha. 

Then came Cabral's world-class equaliser for Cape Verde. And although it was not to be for them in the end, they certainly left their mark on the World Cup. 

This video can not be played

Sidny Lopes Cabral's 'lightning bolt' brings Cape Verde level in extra time

After Messi fired Lionel Scaloni's side into a first-half lead, football fans around the world would have been forgiven for thinking Argentina's passage to the last 16 would be a forgone conclusion. 

It was anything but. 

Cape Verde would not accept defeat, with Duarte cancelling out Messi's opener before Cabral scored only a goal he could dream of in extra time after Martinez thought he had won it. 

Argentina could well go on to retain the World Cup they won in Qatar four years ago, but they will not easily forget the almighty fight they had here.

Goalkeeper Vozinha was lauded a hero for his performance in the 0-0 draw with Spain in the opening group game but he went one better this time. 

The 40-year-old made eight saves - including a one-on-one with Messi and a fingertip stop from the Argentina captain's free-kick. 

As Cristian Romero's header deflected in off Diney Borges in the 111th minute, there was more relief than happiness on the faces of Argentine fans in the stands.

Martinez and Messi were among the Argentina players consoling their devastated opponents at the end. But even though they were defeated, Cape Verde have well and truly earned the respect of the footballing world.

This video can not be played

Messi opens the scoring with 'sensational' finish

As Cape Verde depart, Argentina will have a last-16 tie with Egypt in Atlanta on Tuesday, 7 July (17:00 BST).

After the opportunity to rate players has closed, the score displayed represents the average from all the submissions by BBC Sport users.

World Cup fixtures and group standings

How to watch the World Cup on the BBC

Everything you need to know about the World Cup

Manager: Lionel Scaloni

Formation: 4 - 4 - 2

Manager: Bubista

Formation: 4 - 1 - 4 - 1

Manager: Lionel Scaloni

Formation: 4 - 4 - 2

Manager: Bubista

Formation: 4 - 1 - 4 - 1

Argentina

Argentina

Cape Verde

Cape Verde

High chance of scoring

Medium chance of scoring

Low chance of scoring

Dominant period

Match momentum measures the swing of the match by comparing each team's threat to see who is more likely to score within that minute. The momentum value is the difference between each team's most dangerous moment, or team threat, in that minute.

Match momentum measures the swing of the match by comparing each team's threat to see who is more likely to score within that minute. The momentum value is the difference between each team's most dangerous moment, or team threat, in that minute.

Argentina

Argentina

Argentina

Argentina

Argentina

Argentina

Argentina

Argentina

Cape Verde

Cape Verde

Cape Verde

Cape Verde

Cape Verde

Cape Verde

Argentina

Argentina

Cape Verde

Cape Verde

Cape Verde

Cape Verde

Cape Verde

Cape Verde

Argentina

Argentina

Argentina

Argentina

Argentina

Argentina

Argentina

Argentina

Argentina

Argentina

Argentina

Argentina

Argentina

Argentina

Argentina

Argentina

Argentina

Argentina

Argentina

Argentina

Argentina

Argentina

Argentina

Argentina

Argentina

Argentina

Argentina

Argentina

Argentina

Argentina

Argentina

Argentina

Argentina

Argentina

Argentina

Argentina

Argentina

Argentina

Argentina

Argentina

Argentina

Argentina

Argentina

Argentina

Argentina

Argentina

Argentina

Argentina

Argentina

Argentina

Argentina

Argentina

Argentina

Argentina

Cape Verde

Cape Verde

Cape Verde

Cape Verde

Argentina

Argentina

Argentina

Argentina

Argentina

Argentina

Argentina

Argentina

Argentina

Argentina

Argentina

Argentina

Argentina

Argentina

Argentina

Argentina

Argentina

Argentina

Argentina

Argentina

Argentina

Argentina

Argentina

Argentina

Cape Verde

Cape Verde

Cape Verde

Cape Verde

Cape Verde

Cape Verde

Cape Verde

Cape Verde

Argentina

Argentina

Cape Verde

Cape Verde

Cape Verde

Cape Verde

Argentina

Argentina

Argentina

Argentina

Argentina

Argentina

Cape Verde

Cape Verde

Cape Verde

Cape Verde

Cape Verde

Cape Verde

Cape Verde

Cape Verde

Argentina

Argentina

Argentina

Argentina

Argentina

Argentina

Argentina

Argentina

Argentina

Argentina

Argentina

Argentina

Argentina

Argentina

Argentina

Argentina

Argentina

Argentina

Argentina

Argentina

Argentina

Argentina

Argentina

Argentina

Argentina

Argentina

Argentina

Argentina

Argentina

Argentina

Argentina

Argentina

Argentina

Argentina

Argentina

Argentina

Argentina

Argentina

Argentina

Argentina

Argentina

Argentina

Argentina

Argentina

Argentina

Argentina

Argentina

Argentina

Cape Verde

Cape Verde

Argentina

Argentina

Argentina

Argentina

Argentina

Argentina

Argentina

Argentina

Argentina

Argentina

Argentina

Argentina

Argentina

Argentina

Argentina

Argentina

Argentina

Argentina

Argentina

Argentina

Argentina

Argentina

Cape Verde

Cape Verde

Cape Verde

Cape Verde

FIFA World Cup

All competitions

Copyright © 2026 BBC. The BBC is not responsible for the content of external sites. Read about our approach to external linking.","{'href': 'https://www.bbc.com', 'title': 'BBC'}","soccer"
"https://news.google.com/rss/search?q=fifa+world+cup","Colombia vs. Ghana Highlights: Colombia Eases Into Round Of 16","https://www.foxsports.com/live-blog/soccer/colombia-vs-ghana-live-updates-score-latest-world-cup-news-goals","Sat, 04 Jul 2026 03:39:47 GMT","


            POPULAR SEARCHES
          


            BROWSE BY
          

Colombia is through to the round of 16 after a 1-0 win over Ghana, and it was about as one-sided as a 1-0 victory can get. Jhon Arias' early goal was enough, as Colombia came out aggressive, played with more quality and never really had to get out of second gear.

Ghana just did not have enough going forward, failing to register a single shot on target and never truly threatening Colombia's back line. Even late, with Ghana's World Cup slipping away, Colombia still looked like the more urgent team. Colombia now heads to Vancouver for a mouthwatering round of 16 matchup against Switzerland on Tuesday, July 7.

Here are the top plays from Colombia vs. Ghana:","{'href': 'https://www.foxsports.com', 'title': 'FOX Sports'}","soccer"
"https://news.google.com/rss/search?q=fifa+world+cup","Ranking All 16 Teams Left in the 2026 World Cup","https://www.si.com/soccer/ranking-all-16-teams-left-2026-world-cup","Sat, 04 Jul 2026 04:00:12 GMT","

“The World Cup starts now,” Lamine Yamal declared after Spain advanced to the round of 16 with a straightforward stroll against Austria.

That's all very well and good for the ever-improving teenager, but think about what this tournament would have missed without everything that went before this point. There would be no Eloy Room dancing with Dutch royalty, no snakes or mascot-fueled drug busts. The world would never have been treated to the Scottish takeover of Boston.

However, in terms of elite sporting competition, Yamal may have a point. For all the admirable qualities offered by the national teams which have fallen by the wayside, this is where the tournament has been sharpened to a fine point in terms of purely on-pitch quality. Deciphering the top contenders only becomes harder from here.

When your greatest hope is this pale iteration of Mohamed Salah, 34 years old and not able to even reach his diminished top speed thanks to a hamstring injury, a run to the round of 16 should be something to savor. Anything more would be a major shock.

Murat Yakin admitted that Switzerland's breakthrough against a desperately underwhelming Algeria side came from “a lucky punch.” Fortune may very well have to be on the side of the Swiss should the national team hope to build upon what is already its best World Cup run since the Second World War.

“I feel like [this next game] is a free hit,” Canada's definitely not performative boss Jesse Marsch admitted. That attitude could come in handy as Morocco lie in wait.

“We dance to the music they play for us,” Paraguay's well-spoken manager Gustavo Alfaro beamed after a staggering penalty shootout victory over Germany. “Sometimes it's a cumbia, sometimes a tango, sometimes a rumba.”It was a polka against Germany, according to Alfaro. It will take a historic showing from Paraguay to stop France from waltzing through to the quarterfinals.

It's still not quite clear how Belgium is even in the round of 16. Youri Tielemans and Leandro Trossard went from arguing to embracing each other by the end of a truly chaotic comeback victory over a Senegal side which has been far more impressive this summer.

Portugal's challenge remains the same: Can it win despite Cristiano Ronaldo?It remains to be seen what dirt the veteran forward has on Roberto Martínez, who subbed off a winger for the reigning Club World Cup champions, the Premier League Player of the Year and the most important player for the back-to-back Champions League winners before eventually taking off Ronaldo against Croatia. Gonçalo Ramos, his direct replacement, promptly scored the elusive winner.

Erling Haaland has hidden behind the kind of pessimism familiar to all soccer fans this summer. Norway's frontman, who wrote his side off against France in the group stage, insisted that there was only a “very small” chance of beating Brazil in the round of 16.History, however, is on the side of the Scandinavians, who have never been defeated by the Seleção. Remarkably, Norway's record against Brazil reads: Played four, won two, drawn two, lost zero.

“Everything is possible,” a visibly emotional Mauricio Pochettino told his players after a historic victory over Bosnia and Herzegovina which was encouraging for a number of reasons, chief among them being that the U.S. looks exactly like a team coached by Mauricio Pochettino.If the Stars and Stripes continue to play with the same grace and gusto, what may have seemed impossible just a matter of weeks ago could very well be within reach.

This is where Thomas Tuchel will earn his salary. The tournament specialist was hired to get England through the knockout stage and certainly has the players to make a deep run if they can collectively hit top gear—and stop fretting about the altitude in Mexico City.

The only sour note for Mexico's Javier Aguirre after breaking the nation's World Cup knockout curse lay in the mini bar of his hotel room. “Right now, a whiskey, right? A short one, on the rocks. That's the only thing I'm missing today,” the grizzled coach chuckled. “And I don't have any in my room—I ran out—but don't tell anyone.”Should Mexico go any deeper, there may not be any whiskey left in the country.

Unlike some other national team managers this summer, Néstor Lorenzo is not beholden to any superstar player. When the demands of the match calls for the substitution of James Rodríguez, the former World Cup runner-up with Argentina is brave enough to make the unpopular call.

“I don't know what I was doing there,” Issa Diop admitted when reflecting on his stoppage-time equalizer against the Netherlands in the round of 32. Morocco very much know what it's doing in the latter stages of the World Cup.

Rarely has a win dented the prospects of a challenger as much as Argentina's horribly scratchy 3–2 victory over Cabo Verde—if “victory” is not too strong a word.In the absence of any more Lionel Messi magic, a couple of set pieces rode to the rescue. A repeat performance at this stage of the tournament and beyond would surely see Argentina's title defense extinguished.

Amid a World Cup of almost unrivaled managerial quality, Carlo Ancelotti showed his class in Brazil's comeback win over Japan.There are plenty of problems for the record champion. The fullbacks are vulnerable, the midfield is porous, its best player is injured and Neymar is starting to stir from the sidelines. But Ancelotti is stood amid the chaos with just one arched eyebrow to hint at his discomfort.As Real Madrid and the rest of Europe have discovered on multiple occasions, the wily Italian is very capable of guiding a flawed team to the biggest prizes.

“I dare to say that we didn't only play the European champion, but perhaps the next world champion,” Austria boss Ralf Rangnick gushed after his side were dealt a nut-and-bolt dismantling by a Spain team clicking into gear. The divisive tactician may have a point.

“I personally have not seen a better team,” Graham Potter admitted after his Sweden side became the latest nation subjected to the might of France.The beguiling cocktail offered up by the front four—whichever assortment of stars is selected—is so bewitching that it almost inspires a sense of frustration: How good could France have been for the last eight years had Didier Deschamps decided to take the handbrake off earlier?

Grey Whitebloom is a writer, reporter and editor for Sports Illustrated FC. Born and raised in London, he is an avid follower of German, Italian and Spanish top flight football.

© 2026  ABG-SI LLC - SPORTS ILLUSTRATED IS A REGISTERED TRADEMARK OF ABG-SI LLC. - All Rights Reserved. The content on this site is for entertainment and educational purposes only. Betting and gambling content is intended for individuals 21+ and is based on individual commentators' opinions and not that of Sports Illustrated or its affiliates, licensees and related brands. All picks and predictions are suggestions only and not a guarantee of success or profit. If you or someone you know has a gambling problem, crisis counseling and referral services can be accessed by calling 1-800-GAMBLER.","{'href': 'https://www.si.com', 'title': 'Sports Illustrated'}","soccer"
"https://news.google.com/rss/search?q=site:goal.com","'We have to show the correct way'","https://www.goal.com/en/lists/usmnt-folarin-balogun-world-cup-red-card-belgium-bosnia/bltefde9c508b4b110e","Sat, 04 Jul 2026 00:29:32 GMT","

The striker will miss the upcoming clash with Belgium, but that doesn't mean he will let his emotions get in the way of what his team is building

SEATTLE -- Despite the frustration and the emotion, Folarin Balogun felt there was one last thing he had to do.

Moments after the final whistle, still wearing his U.S. Men's National Team training top, he walked over to referee Raphael Claus, looked him in the eye and shook his hand. There was no arguing, no bad blood, no big scene, despite Claus' controversial decision to send Balogun off in the second half. Just one man shaking another man's hand after a soccer game.

Less than an hour earlier, though, one of those men had dramatically altered the other's World Cup. The moment Claus pulled out his red card and showed it to Balogun, the striker's story changed. Up to that point, he had been the USMNT's best player this summer, having already added another goal on the day. Now, because of that red card, the USMNT will head into the biggest game in American soccer history without Balogun to lead the line.

That fact, of course, hurts. Two days after, the emotions are still there for Balogun, in particular. Still, pain isn't an excuse to change who he is, he says. Nor is it a reason for him not to be what he wants to represent.

""You can feel like something unjust has happened to you, but it's not an excuse to be disrespectful or not do the right thing,"" he said of the handshake. ""After every game, I try to shake everyone's hands. This game was no different. The most important thing for me is also to give the correct example to people watching. 

""This is something I'm aware of: that the World Cup might be the first time a lot of American viewers are tuning in. It's important just to show people that whatever things happen to you, good or bad, just to continue to be yourself.""

Now, though, the page officially turns to Belgium. It controversially turns without Balogun. FIFA confirmed on Friday that Balogun will indeed serve a one-game suspension as a result of his sending off after reviewing the event for further punishment. That was always the likely scenario, particularly given the controversy surrounding the dismissal, which remains a talking point because of the nature of the decision.

After the 2-0 win, many USMNT players made their opinions known. They felt it was unjust. The fact that it couldn't be overturned was 'bogus,' Christian Pulisic said. Tyler Adams put it simply: ""Typical FIFA.""

Balogun, meanwhile, was more measured when asked to break down the play that led to his dismissal. On that play, his boot landed on top of Tarik Muharemovic's ankle, causing that ankle to turn. In real time, it looked like nothing. In slow motion, it looked painful. The moment Claus reviewed it, particularly in slow motion, it became clear what was coming: red card.

""For me, it's important to be fair, even when I'm giving my opinion of things,"" Balogun said. ""If you played the game, you would understand that there are scenarios that you simply can't avoid, and it has to be taken into context when it's being reviewed. I felt it wasn't on this occasion, and I think, as you all saw, there's nowhere else to put your leg. It's gonna be unavoidable.

""I've seen many different opinions and takes, but for me personally, I think a yellow card would have been fair, but it's something that's happened, so we have to move forward, and I have to accept it.""

Balogun was quick to accept it. So, too, were the rest of the USMNT. They fought through the second half down a man, found a second goal, and won. Now, they'll have to plan without him, which won't be easy given the level he's been playing at.

Long before the red card, Balogun was already the story. He'd seen one goal ruled offside before scoring one that couldn't be waved off, giving the USMNT a 1-0 lead. It was his third goal of the summer, and fourth major contribution after setting up the own goal against Australia.

His celebration set off social media. Balogun ran towards the center of the field and did LeBron James' famous 'Silencer' celebration, prompting a tweet from the legendary basketball player himself. At that moment, Balogun was the talk of not just sports, but America itself.

It stayed that way in the second half for all the wrong reasons. Suddenly, America was debating why the country's newfound hero was sent off. Known only to soccer fans just a few weeks ago, Balogun suddenly became the talking point of Wednesday.

""It's been a rollercoaster,"" he said. ""There's been lots of different emotions. I've been upset, and I've been happy. It's been surreal, to be honest, but for me, I think it was just important to stay calm. I never want to react out of anger and out of emotion.""

Still, there will be an emotional aspect to Balogun's absence in the upcoming game against Belgium. In the days leading up, though, he feels he still has a part to play.

Who takes Balogun's place remains to be seen.

That discussion began the moment the final whistle blew Wednesday. Players were asked about it postgame, and the message was simple: this is a team of 26, not one, and one of the 25 players not named Balogun would be ready to step up.

By Friday, that message had not changed.

""You have to be ready for the opportunity to step up,"" Adams said. ""When you miss a player like Balo, obviously things change a little bit, but we've been flexible. Guys have shown that they're ready to play. If it's [Ricardo] Pepi, if it's Haji [Wright], if we go a different direction, who knows? I'm not the coach, but yeah, it should be an exciting opportunity for everybody to step up.""

Both Balogun and Adams spoke to the media ahead of training on Friday. The striker was looking forward to getting back onto the field. It would help him clear his head, he says.

""I feel calm right now,"" he said. ""I feel okay to practice, and being on the practice fields just helps me to take my mind off things, so yeah, for me, you know, it's another day.""

Training also allows him the opportunity to help where he can. He may not be playing on Monday, but there are things he can do to help those who are.

""Whatever he needs,"" he said when asked how he'd prep his potential replacement. ""I'm not the sort of person who's going to bombard you. No, I'm quite a reserved person in general, but whatever he needs, not just him, but anyone in the team that needs any advice or anything. 

""Any way I can help, I'm more than happy to do that. I've always said the team, the team comes first, whether I'm out there or not.""

Add GOAL.com as a preferred source on Google to see more of our reporting

Balogun will find his new place this week and, when game time comes, he'll be eager to watch. He won't play, but he remains a major part of this. He is a big reason the USMNT has made it this far, and as Tim Ream said postgame, it is now on everyone else to step up for the suspended striker.

""Just support the boys, support the team,"" Balogun said. ""I love seeing how engaged the country is in our journey and what we're doing, so I think my role is just to continue to support everybody.""

Balogun's hope is that the support works, that this isn't Balogun's last game of this summer. The hope is that this team's journey doesn't end without its star striker, but rather that the team overcomes that absence to build something even stronger. 

That's the example Balogun wants to set, at least. In hard moments, players and teams can keep their heads and do the right thing. Monday, without Balogun himself, is another chance for the USMNT to do just that.

""There's still lots of people we're inspiring: little kids, boys and girls who are watching,"" Balogun said. ""We have to show them the correct way to handle things, even when you think it's unjust.""","{'href': 'https://www.goal.com', 'title': 'Goal.com'}","soccer"
"https://news.google.com/rss/search?q=site:goal.com","Argentina player ratings vs Cape Verde: Lionel Messi and Cristian Romero rescue world champions as minnows come within minutes of historic World Cup upset","https://www.goal.com/en/lists/argentina-player-ratings-vs-cape-verde-cristian-romero-lionel-messi/bltaba2b71fa0f1f433","Sat, 04 Jul 2026 01:07:50 GMT","

Cristian Romero scored an extra-time winner, Lionel Messi grabbed a goal, but Argentina were given a real scare by Cape Verde in an uncomfortable 3-2 win to advance to the World Cup Round of 16. Argentina surrendered the lead twice, and needed extra time to finally gain daylight from a Cape Verde side that, in truth, deserved so much more. 

Cape Verde threatened early. They were, in general, pretty expansive in their set up, and tested Emiliano Martinez inside the first 10 minutes. However, Argentina soon found their flow. They are not an explosive attack in this iteration. This is a more measured side that works angles, keeps possession, and strikes at the right time.

And strike they did. A long ball got it done, in the end. Lisandro Martinez lofted one over the backline. Messi did the rest, bringing the ball down quite wonderfully and poking home. There were further chances. Enzo Fernandez was cleverly denied twice. Messi constantly threatened. But 1-0 was all the lead Argentina had at the break.

It wasn't enough. Cape Verde might have crumbled, but they continued to attack. An Argentina collapse gave them a deserved equaliser. Enzo Fernandez failed to track Deroy Duarte. The attacking midfielder collected, turned and fired into the bottom corner. 

Things got a bit chaotic after that. Argentina, usually so calm, started to worry. Passes became frantic. Mistakes crept into their game. Vozinha, hero of Cape Verde's opening draw with Spain, stood tall. He denied Messi twice, first from a one-on-one and then from a free-kick in second-half stoppage time. 

Extra time started well for Argentina. Lisandro Martinez settled nerves by bagging their second, a lovely smack into the roof of the net. But Cape Verde had a response again. Sidny Lopes Cabral cut onto his right foot and whipped a ball into the top corner from an improbable angle to knot the game at two. But La Albiceleste were more clinical. Messi whipped a corner right onto Romero's head, and he nodded home with minutes to spare. Late Cape Verde pressure was seen off. This was so, so close to disaster: the world No. 1 had been pushed to the brink by No. 67. But Argentina survived. And the World Cup dreams are very much alive.

GOAL rates Argentina's players from Miami Stadium...

Emiliano Martinez (7/10):

Could do nothing about either Cape Verde goal. Made a few nice saves otherwise.  

Nahuel Molina (6/10):

Held width, shuffled the ball forward, and kept his side of the pitch quiet. 

Cristian Romero (8/10):

A typically resolute - and often a little too physical - defensive performance. Scored the winner. 

Lisandro Martinez (7/10):

Inconsistent. Played a lovely pass for Messi's goal, but then failed to close down on Cape Verde's equaliser. Then went and scored a ridiculous goal in extra time. 

Facundo Medina (6/10):

A decent shift on the left before he was removed with an apparent injury. Nothing to write home about - which is a good thing. 

Alexis Mac Allister (5/10):

Found himself a bit overrun at the base of midfield at times. Moved the ball well, but needed an extra body next to him to help in transition. 

Enzo Fernandez (4/10):

Pretty poor defending to let Duarte ghost through and grab an equaliser. Missed a couple of chances. Looked slow. A poor one. 

Rodrigo De Paul (6/10):

A disciplined performance on the right of midfield. Won his tackles. Might be better suited in a more central role. 

Thiago Almada (5/10):

Created just the one chance and never offered much of an attacking threat. 

Lionel Messi (8/10):

Existed on the periphery of the game, then scored a quite lovely goal. Assisted the third, too. Impactful without being brilliant. 

Lautaro Martínez (5/10):

Some nice link-up play, but never really got a clear look on goal.



Add GOAL.com as a preferred source on Google to see more of our reporting

Nico Gonzalez (7/10):

A dangerous shift on the left wing. Offered real attacking thrust as the game wore on. 

Julian Alvarez (6/10):

Ran a lot and put in some vital defensive work. 

Leandro Paredes (5/10):

Brought on to restore a bit of midfield control, which he never really offered. 

Nico Tagliafico (6/10):

Held it down at left-back. 

Gonzalo Montiel (N/A):

Picked up a silly yellow and didn't offer much else. 

Lionel Scaloni (7/10):

Can he take much credit here? Rolled out the ball, as per usual, and didn't get loads out of his team as a result. The dream stays alive. ","{'href': 'https://www.goal.com', 'title': 'Goal.com'}","soccer"
"https://news.google.com/rss/search?q=site:goal.com","Colombia vs Ghana FIFA World Cup 2026 game on demand: How to watch full match replay and highlights","https://www.goal.com/en-us/news/watch-colombia-v-ghana-live-stream-online-tv-channel/blt19c9d4fde7b5a417","Sat, 04 Jul 2026 05:17:03 GMT","

Colombia faces Ghana in Kansas City for a 2026 FIFA World Cup Round of 32 knockout clash. The matchup features a heavily favored, unbeaten Colombian squad looking to dominate possession and break down a resilient, defensively disciplined Ghanaian team aiming for a major upset.

If you missed the Round of 32 battle between Colombia and Ghana at Kansas City Stadium, you don't have to stay in the dark. Because the final whistle has just blown, official highlight packages are dropping right now.

To catch all the goals, near-misses, and crucial VAR decisions, your best bet is to look directly to FOX's premium World Cup coverage. As the exclusive English-language broadcaster for the tournament in the United States, they provide the quickest and highest-quality recaps available.

For a complete, updated directory of where to stream on-demand game footage, check out Goal's comprehensive guide on how to watch full match replays and highlights for the 2026 FIFA World Cup. This hub will keep you completely up to speed on every single matchday as the tournament progresses.

The next game of the 2026 FIFA World Cup is Canada vs Morocco, kicking off on July 4, at 18:00 PM BST / 13:00 PM ET at Houston Stadium.

READ MORE: Watch Canada vs Morocco

Young Player of the Tournament

FIFA Power Rankings Explainer

Attacking

Creativity

Defending

Colombia confirmed starting XI: Camilo Vargas; Daniel Muñoz, Davinson Sánchez, Jhon Lucumí, Johan Mojica; Jhon Arias, Jefferson Lerma, Gustavo Puerta; James Rodríguez (captain), Jhon Córdoba, Luis Díaz. Coach: Néstor Lorenzo.

Ghana confirmed starting XI: Lawrence Ati Zigi; Marvin Senaya, Jerome Opoku, Derrick Luckassen, Gideon Mensah; Thomas Partey; Iñaki Williams, Caleb Yirenkyi, Kwasi Sibo, Antoine Semenyo; Jordan Ayew (captain). Coach: Carlos Queiroz.

Néstor Lorenzo's squad enters the knockout stage with a clean bill of health after managing to rotate and rest key players during their final group-stage match against Portugal.

Sporting CP striker Luis Suarez has completely shaken off a minor fitness doubt that limited him to a substitute appearance last time out. He is fully fit and expected to lead the line.

Star right-back Daniel Muñoz (who already has two goals in the tournament) and left-back Johan Mojica are expected to return to the starting XI after being rested.

34-year-old captain James Rodríguez will orchestrate the attack from the right side of a 4-3-3, pulling the strings alongside Luis Díaz.

Carlos Queiroz's side sneaked through as one of the best third-placed teams and will need their veteran backbone to withstand Colombia's intense pressing game.

Goalkeeper Lawrence Ati Zigi remains sidelined, meaning Benjamin Asare will continue to deputize between the posts.

Center-back Jerome Opoku has returned to full training after an injury scare and is in contention to start in central defense.

Midfield general Thomas Partey will anchor the engine room as a lone holding midfielder, while veteran forward Jordan Ayew wears the captain's armband up front, flanked by the pace of Antoine Semenyo.

Colombia vs Ghana is available to watch live in the United States on FOX, with Spanish-language coverage on Telemundo. Both channels are accessible via Fubo, which offers new customers a five-day free trial. DirecTV Stream, Sling TV, and Peacock are also available options. The full list of TV channels and live stream services is below.

READ MORE: Today's FW2026 TV schedule

FOX

Click here

Telemundo

Click here

Fubo

Click here

DirecTV Stream

Click here

Sling TV

Click here

Peacock

Click here

Fox One

Click here

If you are travelling abroad or just want to access your usual streaming services from a different part of the world, you may run into geo-restrictions. This is where a Virtual Private Network (VPN) comes in handy.

Colombia vs Ghana from the Round of 32 is being broadcast live on the main FOX network (as well as streaming on the Fox One and Fox Sports apps), rather than FS1.

Today's Colombia vs Ghana game is on Telemundo in the United States.

Darren Fletcher and former England midfielder Owen Hargreaves are FOX's commentary team, with Mark Clattenberg offering insight as a rules analyst.

José Bauz and Daniel Angulo commentate for Telemundo. Carlota Vizmanos hosts and is joined by Iván Ramiro Cordoba, José Pékerman, Isabella Echeverri, Diana Rincon and Jaime Herrera.

Colombia and Ghana meet at Kansas City Stadium in the 2026 FIFA World Cup Round of 32, with a place in the last 16 on the line for both nations.

Néstor Lorenzo's Colombia arrive as Group K winners, having put together one of the more composed performances of the tournament's opening phase. Seven points from three matches, including a controlled goalless draw against Portugal that sealed top spot, underlines just how settled and confident Los Cafeteros are heading into the knockout rounds.

Ghana's route here was harder and less certain. Carlos Queiroz's side finished third in Group L with four points, advancing as one of the tournament's best third-placed teams after a campaign that included a disciplined draw against England and a vital 1-0 win over Panama. Their 2-1 defeat to Croatia in the final group game was a setback, but it did nothing to deny them their place in the last 32.

Colombia carry the weight of expectation that comes with finishing top of their group. James Rodríguez, who exchanged warm words with former Real Madrid team-mate Cristiano Ronaldo after the Portugal draw, remains the creative fulcrum of this side. His ability to dictate tempo and find pockets of space between the lines will be central to Colombia's attacking ambitions.

Ghana's hopes rest heavily on Thomas Partey's ability to control the midfield battle and disrupt Colombia's rhythm at source. Jordan Ayew provides experience and craft in attack, while Antoine Semenyo, having shaken off an ankle problem, is expected to start and offers a direct threat on the counter.

COL - Form

GHA - Form



Colombia arrive in the knockout rounds in strong form, with four wins and one draw from their last five matches. Their most recent outing was a 0-0 draw with Portugal on June 27 that secured top spot in Group K. Before that, they beat DR Congo 1-0 and opened their World Cup campaign with a 3-1 win over Uzbekistan. Both pre-tournament friendlies ended in victory, 2-0 against Jordan and 3-1 against Costa Rica. Across those five matches, Colombia scored six goals and conceded none.

Ghana's recent record reads two wins, two draws, and one defeat. Their last outing was a 2-1 loss to Croatia on June 27, which ended an unbeaten run in the tournament. Prior to that, they held England to a 0-0 draw and opened their World Cup with a 1-0 win over Panama. In pre-tournament friendlies, Ghana drew 1-1 with Wales and lost 2-0 to Mexico. The Black Stars scored three goals and conceded four across those five matches.

Colombia and Ghana have never faced each other in a senior international football match. Their historical head-to-head record is completely blank.

The winner of the Round of 32 match between Colombia and Ghana will face Switzerland in the Round of 16.

Switzerland secured their spot in the next round by defeating Algeria 2-0 on July 2, 2026.

Colombia wear their familiar yellow shirts, blue shorts and red socks. Their goalkeeper wears a green kit.

Ghana wear their second strip, which is all-white. The Black Stars' goalkeeper wears an all-magenta kit.

The match officials wear black.

The sun will set around the time the Colombia vs Ghana game kicks off. There will be a clear sky with a gentle breeze from the south. The temperature will be 88°F (31°C) at kick-off, falling to 84°F (29°C) in the second half and 82°F (28°C) should the match reach extra time. The humidity will be 58% at the start of the game, rising to 64% in the second half and 68% as the fixture reaches its conclusion.

Watching on your phone or laptop is fine, but live sports belongs on the big screen. Here is how to get the VPN working on your TV:

Yes, you can! The game is available on Telemundo, which means that you can live stream it on several platforms including Fubo, DirecTV Stream and Peacock.

Yes, there are several ways for you to watch Colombia vs Ghana, as well as all other FIFA World Cup games, absolutely free of charge.

The easiest is by utilising an OTA (over-the-air) antenna and connecting to your local FOX or Telemundo network.

Cord-cutters may prefer to watch online - and if you're among them, you can watch the game for free by taking advantage of the free trials available through streaming services like Fubo and DirecTV Stream.

Add GOAL.com as a preferred source on Google to see more of our reporting","{'href': 'https://www.goal.com', 'title': 'Goal.com'}","soccer"
"https://news.google.com/rss/search?q=site:goal.com","How to get Argentina vs Egypt tickets: World Cup prices, Round of 16 fixture information, last-minute sales & more","https://www.goal.com/en/news/egypt-argentina-round-of-16-world-cup-tickets/blte2605536d70d24b6","Sat, 04 Jul 2026 00:49:43 GMT","

Argentina and Egypt have made it to the Round of 16 in the World Cup. Here's how you can secure your tickets.

The Pharaohs reached their first FIFA World Cup round of 16 tie since 1934 with a penalty shootout win over Australia on Friday, and will hope to become the fifth African nation to get to the World Cup quarter-finals in Atlanta on Tuesday (July 7).

To do so, Hossam Hassan's side will have to beat the reigning World Cup champions Argentina, who secured a dramatic extra-time victory over first-time qualifiers Cabo Verde on Friday.

With Lionel Messi, leader in the race for the Golden Boot, spearheading their attack, Lionel Scaloni's Albiceleste team are aiming to become the first back-to-back World Cup winners since Brazil in 1958 and 1962.

Let GOAL take you through all the latest World Cup 2026 ticket information, including how you can secure seats at Argentina vs Egypt, and how much they will cost.

This massive Round of 16 elimination match will take place at Atlanta Stadium (Mercedes-Benz Stadium).

As of today, the major official World Cup ticket lotteries (including the Visa Presale, Early Ticket Draw, and the post-draw Random Selection Draw) have officially concluded.

With over 500 million requests processed during those phases, primary availability is now at an all-time low.

Here's what you need to know at a glance:

FIFA has implemented variable pricing for the 2026 tournament. 

Tickets for the Group Stage started as low as $60 (for specific Supporter Tiers), while prices for the Final have reached up to $6,730 - and not to mention secondary marketplaces and resale jumping even higher than that.

Dates

Stage / Category

Official Price Range

Secondary Market Estimated Range

June 28 - July 3

Round of 32 (High-Demand Venues)

$225 – $540

$550 – $3,200 ($1,250)

June 28 - July 3

Round of 32 (Standard Venues)

$225 – $540

$400 – $2,800 ($1,134)

July 4 – July 7

Round of 16

$240 – $640

$650 – $4,200 ($1,518)

July 9 – July 11

Quarter-finals

$450 – $1,775

$850 – $5,500 ($2,348)

July 14 – July 15

Semi-finals

$930 – $3,295

$1,500 – $9,500 ($3,721)

July 18

Third Place Play-off

$250 – $800

$500 – $3,500 ($1,480)

July 19

FIFA World Cup Final (MetLife Stadium)

$1,490 – $7,875

$5,900 – $38,000+ ($15,240)

ARG - Form

EGY - Form

Last match

1

Win

0

Draws

0

Wins

Egypt

0

-

2

Argentina

Goals scored

Add GOAL.com as a preferred source on Google to see more of our reporting","{'href': 'https://www.goal.com', 'title': 'Goal.com'}","soccer"
"https://news.google.com/rss/search?q=site:goal.com","'On the pitch they kick the crap out of me!'","https://www.goal.com/en/lists/argentina-lionel-messi-cape-verde-selfies-world-cup-joke/blt6f470a15cd92e189","Sat, 04 Jul 2026 06:40:10 GMT","

Lionel Messi laughed off the physical treatment he received from Cape Verde after Argentina edged into the World Cup last 16. The Albiceleste captain joked that his opponents ""kick the crap"" out of him before asking for shirts and selfies, while also admitting his side fell below their usual standards.

Messi shared a light-hearted moment with Cape Verde's players after Argentina secured a thrilling 3-2 victory at the World Cup in Miami. Despite a fiercely contested encounter, several Cape Verde players waited after the final whistle to ask the Argentina captain for shirts and photographs, with Messi happily obliging.

Albiceleste had been pushed throughout the match by their determined opponents. Messi later acknowledged the physical nature of the contest but laughed off the treatment he received as he made his way through the post-match requests.

""They asked for my jersey, everything... On the field, they kick the crap out of me,"" Messi joked, as quoted by TyC Sports.

The captain also highlighted the importance of set-pieces in securing the victory, saying: ""This team has been demonstrating this for a long time, it competes and will compete until the end. Today, we saw the importance of set pieces, which we hadn't been converting well lately. In matches like this, it's important. We have good headers, players who are good in the air.""

He added: ""Today we were able to take advantage of it, and it's going to be important. We've been working on it for a while, both offensively and defensively. In a competition like this, it's important.""

Although Argentina progressed, Messi admitted the performance left room for improvement. He felt his side lost control after taking the lead instead of building on their early advantage.

""We knew it was going to be a very hard match,"" Messi admitted. ""There's a reason this team hadn't lost to Spain and Uruguay. We did the hardest part, which was finding the first goal, and we thought that, because of that, we were going to find our rhythm. And it was the complete opposite. We lost possession, we sat back, we couldn't press effectively.""

Add GOAL.com as a preferred source on Google to see more of our reporting

Argentina's victory booked their place in the last 16, where they will face Egypt after their opponents progressed via a penalty shootout against Australia. Messi also reached the milestone of 20 career World Cup goals, but the focus now shifts to improving Argentina's performances as they attempt to continue their title defence.","{'href': 'https://www.goal.com', 'title': 'Goal.com'}","soccer"
"https://news.google.com/rss/search?q=site:goal.com","Tottenham spending £100m on Sandro Tonali is further evidence of a market that's gone mad: GOAL grades the biggest deals of the 2026 summer transfer window","https://www.goal.com/en/lists/summer-transfer-window-2026-biggest-deals-graded/bltba6505bafe3b2faa","Sat, 04 Jul 2026 03:41:04 GMT","

For some football fans, the summer is the part of the calendar that they look forward to the most - and that's not just because it's filled by a World Cup every four years! Rather, it's because the end of the season means only one thing: It's time for transfers! The 2026 window is once again proving to be busy, with some huge names making big-money moves before deadline day on September 1.

We know that some transfers turn out well for all parties involved, but there are plenty where at least one of the clubs, or even the player, are left wondering what might have been had they made a different decision while at the negotiating table.

GOAL is here, then, to ensure you know who did the best out of every massive deal before the players have even been officially unveiled. Throughout the summer window, we will be grading every done deal as it happens, letting you track the big winners - and losers - of transfer season.

Check out all of our grades below, and let us know what you think in the comments section...

For Newcastle: The bubble has well and truly burst! When Newcastle qualified for last season's Champions League, after ending their trophy drought by upsetting Liverpool in the Carabao Cup final, supporters were dreaming of their state-sponsored club becoming England's answer to Qatar-backed Paris Saint-Germain. However, the Reds then gave the Magpies a brutal reminder of their place in the Premier League pecking order by taking Alexander Isak away from them in the most torturous of circumstances. Had Newcastle spent that then-British-record fee well, things might still have worked out well. Instead, millions of pounds were blown on panic-buys such as Yoane Wissa, Nick Woltemade and Anthony Elanga, resulting in Eddie Howe's team finishing 12th in the table. It was clear that Anthony Gordon was leaving long before the end of a catastrophic campaign, but it is Tonali's departure for Tottenham - of all teams - that really represents the death of a dream. And the truly traumatising thing for the fans is that this probably isn't even the final nail in the coffin, with captain Bruno Guimaraes also certain to leave in the coming weeks. Basically, with the club's Saudi Arabian owners scaling back on their investment in sports, more misery is on the way, meaning the supporters can't even take comfort in the nine-figure fee, which is likely to be squandered anyway. Grade: F

For Tottenham: Another stunning signing. Just a day after finalising an historic £85m deal for Mateus Fernandes, Spurs decided to break their record transfer fee again for Tonali. Whether these are signs of desperation or shows of ambition are open to debate. Maybe it's just evidence of a transfer market gone mad. After all, if Elliot Anderson is worth £116m, why wouldn't Tonali command a similar fee?! The Italy international has unquestionably proven himself one of the best midfielders in the Premier League over the past couple of seasons and he looks an even better bet to flourish under compatriot Roberto De Zerbi than Fernandes. Of course, paying this much money for a 26-year-old who still has much to prove at the very highest level is still a gamble - and one that Spurs desperately need to pay off. For now, though, the fans probably won't care. After years of being frustrated by the prudent/miserly approach to the transfer market overseen by former executive chairman Daniel Levy, they've now seen their club blow Premier League rivals out of the water to sign one of the most-coveted midfielders on the market. Grade: B+

For Tonali: A most unexpected move. The presumption was that if Tonali were to leave the club that stood by him during his illegal betting ban, it would be for one of Europe's strongest sides. He has instead joined a team that finished 17th in the Premier League in each of the past two seasons. So, what gives? Obviously, there was never any chance of a Serie A side having sufficient cash to grant Tonali's reported wish to return home, and even England's elite were understandably put off by Newcastle's asking price. As a result, Tonali has ended up at Tottenham, where he's now set to spend his peak years - which is undeniably odd. Still, if De Zerbi stays at Spurs for more than two seasons - and that's a big 'if' - maybe this move will work out well for Tonali in the long run... Grade: C+

Mark Doyle

For Forest: Maybe some mixed emotions. On the one hand, Forest will be sad to see Anderson leave, given he played such an integral role in them first qualifying for the Europa League, and then making it all the way to the semi-finals last season. Anderson was the fulcrum of the team. Absolutely everything went through him, so replacing him will not be easy. At least money won't be an issue, though. Whether the true fee is £116m or £130m (Forest say the latter), it's a colossal amount of cash for a player signed for just £35m two years ago. So, while Anderson will clearly be missed at the City Ground, the overriding emotion at boardroom level will be satisfaction, because Forest have taken City to the cleaners here. Grade: A

For Man City: Their new Rodri. Or, at least, he better be. Although Rodri has yet to make clear his intentions, all signs point to the Ballon d'Or winner leaving the Etihad this summer to return to his native Spain - and even if he doesn't, City needed a worthy heir to the 30-year-old's throne anyway. After all, it's not as if Nico Gonzalez or Matheus Nunes has ever really convinced in the No.6 role. Anderson looks the part, though. He's a proven Premier League player who had more touches and won more duels than any other player in England's top-flight last season, meaning he looks like a perfect fit for Enzo Maresca's midfield. There is simply no denying, though, that this is the ultimate example of the ‘English tax'. Anderson is a very good player who, at 23, could eventually become a great one. But he's coming off the back of a couple of good seasons at Forest and has yet to even play in the Champions League. There's just no way City would have had to pay a nine-figure fee for Anderson if he were still representing Scotland at international level - rather than England. Grade: C

For Anderson: The right move at the right time. Anderson has clearly outgrown Forest. He's shown he has the potential to play at the highest level and he's now going to get the chance to do so at City. The size of the fee will bring with it an awful lot of pressure and Anderson wouldn't be the first promising young England midfielder to struggle at the Etihad. However, the 23-year-old looks a more complete footballer than Kalvin Phillips at the same age, and the big, big difference between their respective situations is that it doesn't look like Rodri won't be standing between Anderson and a starting spot. So, while there's a lot of uncertainty surrounding the post-Pep Guardiola era at City, this is a glorious chance for him to establish himself as one of the best central midfielders in Europe. Grade: A+

Mark Doyle

For West Ham: A massive fee that will go a long way towards cushioning the economic impact of relegation from the Premier League. It was clear as soon as the Hammers went down that some major sales would be required, and Fernandes was one of their most valuable assets, a classy midfielder who was attracting plenty of admiring glances from rival clubs even before their fate was sealed on the final day of the season. His departure, thus, comes as absolutely no surprise. What is shocking, though, is that West Ham have managed to get exactly what they were demanding for the Portuguese despite being in a pretty poor bargaining position. For that, the club's deservedly maligned board deserve some rare credit. Grade: A

For Tottenham: Yet more confirmation that the club means business this summer. After two calamitous campaigns, the second of which very nearly ended in relegation, Spurs have moved quickly to ensure that they never find themselves in that position again, and if paying £52m for Jan Paul van Hecke was a statement of intent, this is next level. Fernandes is a very talented 21-year-old. He can play in a variety of roles and has long looked like a player that would thrive in a stronger team. It's also clear that Roberto De Zerbi believes him perfect for his style of play. However, there is an undeniable air of desperation about this deal. Spurs, as we've seen from their interest in signing Sandro Tonali too, are intent on doing whatever it takes to overhaul their mediocre midfield and were, thus, willing to pay over the odds for Fernandes to fend off interest from the likes of Manchester United. Consequently, this transfer really needs to work for Spurs - and right away - or it will quickly become another stick with which to beat the club's owners. Indeed, just to put the numbers involved in context, PSG paid Benfica €60m for Joao Neves and Fernandes is nowhere near as good as his fellow 21-year-old compatriot, so he really needs to show that he could be. Grade: C+

For Fernandes: A strange move on the face of it. Fernandes was linked with some of the game's biggest names: United, Liverpool and PSG. He has instead ended up at Spurs, the team that finished one place and two points above West Ham last season, making this look like something of a sideways move. However, the north Londoners should be a lot stronger next season and Fernandes is unquestionably the kind of midfielder that De Zerbi could help take to a whole other level. There should, of course, be some concern over how long the Italian will actually stay at Spurs, given neither party is renowned for their stability, but Fernandes will walk straight into the starting line-up, and that might not have happened elsewhere. Grade: B

Mark Doyle

Add GOAL.com as a preferred source on Google to see more of our reporting

For PSV: A disappointing but inevitable exit. Saibari won three consecutive titles with PSV and his influence grew incrementally during that time. It was, therefore, only a matter of time before he was snapped up by one of Europe's top teams. Some might argue that PSV could have waited until after the World Cup before setting a price for Saibari, given there was always a chance that he would shine in North America, but this is still a fine fee for a player signed from Genk for a little over €5m four years ago. It's also likely that the money will be put to good use by a club that has consistently managed to win trophies in the Netherlands despite continually having to sell their best players. Grade: B 

For Bayern: A brilliant bit of business. Saibari's market value had only increased over the past few weeks due to his sensational performances for Morocco, with the 25-year-old netting in all three of his country's World Cup group games before then converting the decisive penalty in the round-of-32 win over Netherlands. However, as sporting director Max Eberl stated when the transfer was confirmed, this was a deal that Bayern had been working on for some time. This was no reactionary move to a random player making a name for himself at a World Cup; the Bavarians had long been convinced that Saibari had the right mix of technique, industry and versatility to make a significant contribution to an already stellar forward line - and we see nothing to question that assessment. Grade: A

For Saibari: The best summer of his life. The World Cup really couldn't be going any better for Saibari, who has caught the eye of the average football fan with his dynamic displays up front for a very impressive Morocco team. Now, he's completed the classic ""dream"" move to ""one of the world's biggest clubs"", even if forcing his way into a starting line-up featuring Harry Kane, Luis Diaz, Michael Olise and Jamal Musiala could prove something of a nightmare! However, Saibari's best years are still ahead of him, he's on cloud nine right now and he understandably believes that he can prove a very useful addition to Bayern's squad. Vincent Kompany clearly agrees, because Saibari undoubtedly looks a better fit for his side's style of play than Nicolas Jackson. Grade: A

Mark Doyle

For Atalanta: Following their agreement to sell Ederson to Manchester United, this has the makings of yet another shrewd deal for Atalanta. The significant, €55m (£47m/$62m) package for Palestra represents pure profit for a player who came through their academy, but only made a handful of first-team appearances, with the club supposedly deciding some time ago to cash in rather than reintegrate Palestra following his successful loan at Cagliari. The 21-year-old becomes the fourth most-expensive sale in the club's history, and though it is perhaps a shame that Palestra won't stay in Bergamo and make an impression at the club he joined as a 10-year-old, once the likes of Inter and Chelsea expressed their interest, his head was turned and it was always likely to be an uphill battle to keep him. Grade: A

For Chelsea: An interesting marker of Xabi Alonso's influence as Chelsea manager, rather than head coach. The Spaniard reportedly signed off on this deal, and the club acted swiftly to strike an agreement with Atalanta, moving into pole position in the space of 24 hours to hijack Inter's move for Palestra. He had been widely expected to join the Scudetto winners, so this is certainly a coup in that sense. A versatile, pacy and powerful full-back, Palestra - who was named Serie A's Defender of the Year for 2025-26 - is expected to fit Alonso's system in either a back three or four, and he should be well-suited to the rigours of the Premier League. However, after splurging up to €55m, there is a sense that Chelsea have overpaid; that is a huge sum in Serie A terms, apparently blowing Inter's offer out of the water, and he is still raw at 21 with just one decent season of top-flight football under his belt. This, therefore, represents a bit of a risk. Grade: B

For Palestra: Only Palestra himself will be able to answer the question of why he has chosen Chelsea over a transfer to Inter, whose academy he played for as a boy and he is believed to have supported, but the fact the Blues' reported contract offer (close to £100,000 per week) was worth more than double what the Nerazzurri had tabled might go some way to explaining it. That said, Palestra has all the attributes to succeed in the Premier League and seemingly jumped at the opportunity to test himself in the English top-flight. He will be encouraged by Riccardo Calafiori's success at Arsenal, while fellow Italian youngster Giovanni Leoni joined Liverpool last summer in a sign that more players are ready to leave Serie A early in their careers. He may well have been swayed by Alonso's determination to bring him to Stamford Bridge, which reflects that he could be set to become a key figure under the new manager. Grade: A

Krishan Davis

For PSG: Jackpot! The European champions will be laughing all the way to the bank after finding someone willing to pay them such a ridiculous sum of money for a reserve player who didn't start a single Champions League game last season. Ramos, remember, was meant to be the answer to PSG's striking problem, but he spent the vast majority of his time at Parc des Prince sitting on the bench, as Luis Enrique found a better solution by converting Ousmane Dembele into a ‘false nine' - which hardly reflects well on the Portuguese. And nor does the fact that he's still playing second fiddle to a 41-year-old Cristiano Ronaldo at international level. So, the game's top teams were hardly lining up to sign Ramos this summer - and certainly not for an absurd €75m.  With one sensational deal, though, PSG have raised more than half of the money they'll need to sign Yan Diomande, a player who will actually improve their attack. Grade: A+

For Milan: Mind-blowing, simply mind-blowing. Let's get something out of the way immediately: Ramos is a good striker. He showed great potential at Benfica and proved he can make an impact off the bench at PSG by netting 45 times across three seasons. However, his price tag makes no sense, and particularly for a Milan side that is hardly flush with cash. Consequently, supporters, pundits and journalists in Italy are presently scrambling around trying to find out what exactly has gone on here. While this transfer could well mean that Rafael Leao will soon leave San Siro, the fact that Jorge Mendes is involved has inevitably provoked plenty of conspiracy theories, while it's also been pointed out that Milan owner Gerry Cardinale has a good relationship with PSG president Nasser Al-Khelaifi. Nobody knows for sure, though, why Milan felt compelled to pay a club-record fee for Ramos. Again, to be clear, we do think he'll score goals in Serie A, particularly as he should provide everything Ruben Amorim wants from his No.9. But this is the most expensive signing in Italy since Inter signed Romelu Lukaku, and Ramos doesn't actually offer anything like the same guarantee in terms of goals. Grade: D+

For Ramos: A long overdue opportunity for the perennial understudy to be a leading man. We thought when Ramos hit a hat-trick for Fernando Santos' Portugal at the 2022 World Cup that a star had been born. However, rather than build his Portugal attack around a centre-forward of real promise, Santos' replacement, Roberto Martinez, opted to stick with Ronaldo, thus holding Ramos back for years. However, it also has to be said that he's not done a particularly great job of putting Ronaldo and Martinez under any real pressure. It's been a similar story in Paris, where the common consensus is that while PSG had an enviable collection of phenomenal forwards, Ramos wasn't one of them. He was merely a good guy to bring off the bench, a decent impact sub. Crucially, he now has the chance to change that narrative. Ramos is going to be the spearhead of a new Milan, who remain one of the biggest clubs in world football. The pressure on him to justify his price tag is going to be enormous, because while this is a big fee anyway, it's absolutely gargantuan for a Serie A side. Over to you, Goncalo, it's time to prove your worth... Grade: A

Mark Doyle

For Brighton: Yet another very shrewd piece of business from Brighton, who will enhance their reputation as one of the best selling clubs around by pocketing £52m ($70m) for a player they signed for just £2m six years ago. The deal is made all the better by the fact that Van Hecke's contract at the Amex Stadium was due to expire in just 12 months' time. They will be delighted, therefore, to have generated such a significant fee for the Dutch defender, albeit it was previously reported that he was valued at £70m ($94m). They will inevitably reinvest that fee in a high-potential replacement, with Spurs prospect Luka Vuskovic notably on their radar in what would be a separate transfer after his impressive loan at Hamburg. They aren't too short on centre-back options as is, with Lewis Dunk and Olivier Boscagli on their books and Igor Julio set to return from his loan spell at West Ham. Grade: A

For Tottenham: Clearly a transfer driven by new head coach Roberto De Zerbi, who worked with Van Hecke during his time at Brighton, you can't help but feel that Spurs have been duped into overpaying for the centre-back after those reports emerged suggesting Brighton valued him at £70m, despite the fact he was on the cusp of entering the final year of his contract on the south coast. You'd think a cut-price deal for a player of his calibre should realistically have cost something in the region of £40m ($54m), but Brighton are notoriously tough negotiators and Tottenham might feel they needed to act; their Premier League rivals Chelsea and Liverpool were reported to be interested in Van Hecke, while club captain Cristian Romero looks all-but certain to move on this summer after a turbulent season, and his fellow central defender Micky van de Ven could follow suit. Tottenham are, at least, getting a Premier League-proven defender who, at 26, is yet to reach his peak, is a fine passer of the ball and has the kind of fight and leadership abilities they have been dearly lacking. The Netherlands international may well form a new-look centre-back partnership with free signing Marcos Senesi. Grade: B-

For Van Hecke: From the player's perspective, this is a move that makes a lot of sense. Having apparently made it clear that he wouldn't extend his stay at the Amex, Van Hecke takes a step up from Brighton at the midway point of his career and may well see this as a stepping stone to even bigger things after establishing himself in the Premier League. Presumably neither Chelsea nor Liverpool solidified their reported interest, so if he wants to be a guaranteed starter at a so-called ‘Big Six' club, Tottenham could be the ideal starting point - albeit they can't offer any form of European football. Having worked with the fiery Italian before, Van Hecke will know exactly how De Zerbi wants to play, which should help him settle in quickly. The only way is up really for Spurs after another disastrous domestic campaign, and a partnership with Senesi looks very strong on paper, at least - giving the side a solid defensive basis as the north Londoners move through what is likely to be a period of transition after they staved off the threat of relegation late in 2025-26. Grade: A

Krishan Davis

For Osasuna: At first glance, it might seem as though Osasuna have made a very healthy profit on a player they only signed last summer for just €5m, but the Pamplona-based side were always going to be hamstrung by a steep 50 percent sell-on clause in their deal with Real Madrid. That means €20m of his €40m (£34.5m/$45m) release clause is heading to Los Blancos, albeit a €15m (£13m/$17m) gain is still significant for a club the size of Osasuna. Munoz's exit was always likely after a season in which he made 12 goal contributions and earned a call-up to Spain's World Cup squad, and the release clause meant their hands were tied in terms of the fee. Grade: B-

For Liverpool: The first signing of the Andoni Iraola era, and more fuel for Liverpool's transfer market rivalry with Newcastle! The Magpies had identified Munoz as the ideal long-term replacement for Anthony Gordon, who has joined Barcelona, but - sensing a market opportunity - the Reds pounced to hijack their move despite talks reaching an advanced stage and the Tynesiders' own bid reportedly being accepted. Liverpool will already view this as something of a coup, then, but they will also be thrilled to sign such a highly-rated young winger for what could prove to be a bargain fee. Munoz can operate off either flank as well as through the middle, providing some much-needed quality and depth after Mohamed Salah's exit and Hugo Ekitike's injury left a gaping hole in the Reds' frontline. A direct, pacey attacker who also works hard defensively, the 22-year-old seems like the ideal fit for new Iraola's style of play, with the new head coach apparently pushing for the deal to happen. He will, however, have to make sure that the young Spaniard doesn't block Rio Ngumoha's path to becoming a bonafide superstar, although the club is reportedly confident that that won't be the case. Grade: A 

For Munoz: After both Liverpool and Newcastle had bids accepted, you'd have to think the decision between the two came down to the player, and you can't really blame Munoz for picking a move to Anfield. Despite still being just 22, he has had something of a nomadic early career and this will be his third big club already. After coming through Barcelona's famed La Masia academy system, he later ended up at Real Madrid before joining Osasuna just one year ago. This time, Munoz will be hoping to bed in and establish himself as a long-term star in his new surroundings, and his compatriot Iraola should be the perfect head coach to help him settle. He will have a fight on his hands to earn a starting place, and that may require him to improve his overall output with Liverpool still expected to go after RB Leipzig's highly-rated wing wizard Yan Diomande, but he should still see plenty of opportunities in the Reds' new-look attack thanks to his versatility. Grade: A

Krishan Davis

For Liverpool: Liverpool really were stuck between a rock and a hard place when it came to Konate's future, but this situation could have been avoided if the defender's contract wasn't allowed to run down in the first place. Had the Reds tied him to a new deal when he was at the peak of his powers during the title-winning 2024-25 campaign, then they would have been able to command a decent fee when the time came to part ways - but the Frenchman ultimately walked away for nothing following a dire individual season. As it was, it would have been downright bizarre for Liverpool to acquiesce to Konate's eye-watering wage demands (reportedly around £250,000 per week) amid a haphazard campaign that was punctuated by a string of high-profile errors, with gruelling negotiations that had dragged on for months and months coming to nothing, despite the player claiming in April that he was close to an agreement. Liverpool have, at least, already signed potential replacements in Giovanni Leoni and Jeremy Jacquet, but this was still a massive waste of everyone's time. Grade: D

For Real Madrid: Presumably, then, Real Madrid will be giving long-term target Konate the kind of astronomical wages he is after, which - despite the fact they won't pay a fee - represents a risk given how poor the centre-back was throughout Liverpool's feeble title defence. It's worth remembering that Los Blancos had reportedly decided to end their interest in the player back in November last year, which is telling. The Frenchman is a fine defender on his day, and at 27 he is probably still short of the peak years for players in his position. Real are effectively gambling on him rediscovering his best form in Spain, and he could be a relatively low-cost solution to a problem area for the club; David Alaba will leave the Bernabeu this summer, Antonio Rudiger is past his best, Eder Militao continues to be plagued by injuries and Dean Huijsen is still very young. Konate is hardly a top-class solution, however, and this has the air of a move that could very quickly go wrong given the intense scrutiny around Los Blancos, from the fans and media alike. Grade: B

For Konate: Certainly the biggest winner of this situation is Konate, who is set to get both his dream move to Real Madrid and the blockbuster wages he craves. However, he will have to settle quickly as a potential starter alongside Huijsen; in the cauldron that is the Bernabeu, there will be far less patience for the kinds of errors that plagued his final season at Anfield. Konate has followed in Trent Alexander-Arnold's footsteps by completing a free transfer to Madrid, and the Englishman's debut season struggles should serve as a warning. However, if he can rediscover his confidence and best form early, then he has the opportunity to establish himself as a key cog at one of the biggest clubs in the world in Jose Mourinho's new-look Real side. Whether that is something he is capable of, though, is far from guaranteed. Grade: A

Krishan Davis

For Man City: The loss of a legend. Bernardo is quite simply one of the finest footballers ever to play in the Premier League, a wonderfully industrious and innovative attacking midfielder who was absolutely integral to Manchester City's period of sustained success. Indeed, the Portuguese was essentially the perfect Pep Guardiola player - which is why the Catalan loved him so much and even shed a few tears during Silva's emotional farewell to the Etihad. Guardiola had hoped that the 31-year-old would finish his career at City, but this is an exit that had been coming for some time. Seeing him leave for nothing obviously isn't great from a financial perspective, but it's the least he deserved after nine years of stellar service. Still, his skill, intelligence and, perhaps most of all, personality will be sorely missed at City. Grade: D

For Real Madrid: Two reasons to celebrate. Not only have Los Blancos landed a player of outstanding quality on a free, they pipped bitter rivals Barcelona to his signature. After months of speculation - some of which Bernardo even commented on himself - a move to Camp Nou looked like a given. However, Jose Mourinho's arrival at the Bernabeu clearly changed everything. 'The Special One' made the signing of his compatriot a priority and the deal was effectively done inside 36 hours. Silva's very best days are unquestionably behind him, but he showed during last season's Premier League title race that he remains capable of imposing himself on the biggest games (his performance against Arsenal at the Etihad was outstanding). Perhaps more importantly than anything else, though, Bernardo is probably the ideal role model for the younger members of Madrid's squad, the personification of what Mourinho wants from his players, that perfect mix of talent and tenacity. In that context, it's easy to understand why Real hijacked Barca's move for the Portugal international. Grade: B+

For Bernardo Silva: The move to Spain he's sought for so long. For at least the past three summers - if not more - Silva has been linked with a transfer to one of La Liga's top teams. Time and time again, though, Guardiola convinced him to spend another season at the Etihad. There was no changing Bernardo's mind this time, though, and now he'll finally have the opportunity to play for one of the traditional superpowers of European football. Granted, Madrid are going through a tough time, having been usurped at the summit of Spanish football by Barca, but helping Mourinho put them back on their perch is a challenge he'll no doubt embrace, and enjoy. The competition for places at Real is intense and Silva isn't quite as dynamic as he once was, but, as Guardiola has pointed out, the first five yards are in your head and, in that sense, few players are as fast as the former City skipper. So, while it's perhaps a shame that he didn't move to Madrid when he was slightly younger, Bernardo has the experience and quality to emulate Luka Modric (whom Mourinho brought to the Bernabeu) by shining in Spain well into his late-30s. Grade: A+

Mark Doyle

For Chelsea: This feels like a strange one for Chelsea; Cucurella is a player who has developed into a key defensive figure for the Blues since arriving in 2022 after an inauspicious start, so seeing him leave for a loss is a little puzzling. At his best, he is arguably among the best in his position on the planet. That said, Chelsea definitely overpaid in the first place when they signed the Spaniard from Brighton for £60m ($80m), and given he had reportedly signalled his intent to move on behind the scenes and has been openly critical of the way the club is being run, they will probably be content to recoup as much as £52m ($69m) having deemed that he wasn't untouchable. Indeed, they might have struggled to get any more than that in windows to come for a player who turns 28 in July. Cucurella's exit also means a squad dearly lacking experience has been shorn of one of its most seasoned heads, but Chelsea must be confident that young Jorrel Hato can fill the void, as well as expected new arrival Valentin Barco. Grade: B-

For Real Madrid: It seems that whatever Jose Mourinho says, goes, as Real Madrid kick-off their early-window recruitment drive with a shock signing. The club spent big on a left-back just last summer to bring Alvaro Carreras back to the Bernabeu from Benfica, but that hasn't stopped them splurging on Cucurella, who was reportedly identified as a target by their new (old) manager. A €60m fee is very steep for a team that has taken a fairly frugal approach to the transfer window in recent years, and it will necessitate an instant return on their investment from a player whose form has dipped somewhat in recent months. Soon turning 28, Cucurella should be at the peak of his powers, but how many more high-quality years are Los Blancos realistically going to get out of him? He does, at least, have the hallmarks of a ‘Mourinho' player with his energy and aggression. Real also now find themselves with four first-team left-backs in the new man, Carreras, Ferland Mendy and Fran Garcia, so something's surely got to give in terms of outgoings. Grade: C

For Cucurella: Undoubtedly the main beneficiary of this move, Cucurella has fulfilled his objective of escaping a rudderless Chelsea side and joined one of the biggest clubs on the planet at his peak. It had been widely reported that the defender wanted to return to Spain, having grown disillusioned with the manner in which BlueCo were conducting their business at Stamford Bridge, but no one was expecting him to head to the Bernabeu amid interest from Atletico Madrid. It's unsurprising that the deal was wrapped up so quickly, then, with Cucurella presumably saying yes immediately when Real came calling. Given he was seemingly earmarked by Mourinho, he stands a strong chance of establishing himself as a key player, too, with Carreras likely rotating in and out of the Portuguese's XI. However, in light of the hefty fee, he must deliver immediately or risk the notoriously impatient Bernabeu faithful being on his back, especially given his Barcelona connections. Grade: A

Krishan Davis



For Liverpool: An emotional exit. Robertson easily ranks as one of the finest signings in the club's history, a key figure in the Jurgen Klopp era acquired for just £8 million from Hull City all the way back in 2017 and, in his pomp, was arguably the best left-back in the world. There's no denying, though, that age had begun to catch up with the 32-year-old - which is why Liverpool moved early to replace him by bringing in Milos Kerkez last summer, and would have even sold Robertson during the winter window had they been able to recall Kostas Tsimikas from Roma. The problem now, though, is that Kerkez still hasn't fully settled at Anfield, while it became painfully clear during a trying 2025-26 campaign for the Reds that Robertson's experience, tenacity and personality are going to be sorely missed on Merseyside. Indeed, the worry among the fanbase now is that Robertson's departure, along with that of Mohamed Salah, will only result in standards falling even further next season. Grade: D

For Tottenham: Still a surprising move. Spurs obviously tried to sign Robertson in January, but it was difficult to work out why exactly. The Tottenham squad may have been lacking in quality and depth in several areas of the pitch, but left-back wasn't really one of them. Ben Davies had just broken his ankle, of course, but Spurs still had Destiny Udogie and the versatile Djed Spence to choose from, while Brazilian teenager Souza had just arrived from Santos. The argument was that Robertson would have been an important addition to a dressing room in disarray - and he could certainly help new coach Roberto De Zerbi cultivate a new culture of 100 percent commitment within the squad. The fact that he's belatedly arriving on a free is a nice little bonus, but the feeling persists that Tottenham didn't necessarily need Robertson. Grade: C

For Robertson: A puzzling decision. One can understand why Robertson was willing to leave Liverpool in January. He'd been relegated to second-choice behind a player who wasn't performing particularly well and wanted regular Premier League football in the run-up to the World Cup - something Spurs were apparently willing to offer him. Robertson ultimately started more games in the second half of the season than he probably expected, meaning he's in decent shape as he heads off to North America, but there was never any chance of him staying at Anfield, because Liverpool didn't offer him an extension at any point. However, he did have options other than Spurs, with Juventus among those said to have been interested in signing the Scotland skipper. It's, thus, a little strange that he's decided to join a club that only barely avoided relegation to the Championship on the final day of the season. However, Robertson may actually find Tottenham are a more attractive option now than they were in January, given De Zerbi is unquestionably capable of significantly improving Spurs over the summer. We're still not convinced, though, that Robertson will actually play much more in north London than he did at Liverpool last season. Grade: C

Mark Doyle

For Atalanta: Yet another demonstration of their brilliant business model. Atalanta signed Ederson from Salernitana in 2022 for roughly €23m and could now almost double that fee if all add-ons are met by selling him to United after four years of fantastic service that included a historic Europa League success. There's no doubt that replacing the Brazilian will be difficult, but this is what Atalanta do: they unearth rough diamonds and then sell them on to the highest bidder a few seasons later. Remember, Atletico Madrid also wanted Ederson, but Atalanta stood firm on the fee and United ultimately agreed to pay what they were demanding for a player with just one year left on his contract. Just more excellent work from one of the best recruitment teams in the business. Grade: A

For United: A sensible signing from a club renowned for reckless recruitment. With Casemiro having bid a fond farewell to Old Trafford, United were in need of another midfielder, so they've gone for a like-for-like replacement by bringing in another Brazilian ball-winner who can also play. Ederson's stock has fallen somewhat over the course of the past year - which is why he's not in Carlo Ancelotti's World Cup squad and Casemiro is. However, that arguably has a lot to do with Gian Piero Gasperini leaving Atalanta last summer, as Ederson was previously considered ""the lynchpin"" of the terrific team that dismantled Xabi Alonso's Bayer Leverkusen in the 2024 Europa League final. Back then, Ederson was being linked with the likes of Liverpool and Manchester City, and if he can rediscover that form, he could form a formidable midfield partnership with Kobbie Mainoo - because while Ederson might not be as good as Casemiro was in his prime, he's a serious upgrade on Manuel Ugarte! Grade: B+

For Ederson: The big move he's long deserved. Ederson has never hidden his interest in playing in the Premier League, and now he's going to get a chance to test himself in a championship that should suit his particular set of skills. Ederson is excellent when it comes to both reclaiming and maintaining possession, while he also poses a threat in the box. One could, of course, argue that he'd have been better of joining Diego Simeone's Atletico, but Michael Carrick was a fine defensive midfielder in his own right and, even more importantly, appears to have restored some stability at Old Trafford, which was previously considered a very dangerous destination for talented footballers hoping to take their game to the next level. As far as we're concerned, Ederson has everything to make a big impact at 'The Theatre of Dreams', which would undoubtedly go a long, long way towards getting him back into the Brazil squad. Grade: A

Mark Doyle

For Newcastle: A telling change of approach. Newcastle fought tooth and nail to hold onto Alexander Isak last summer before belatedly allowing him to join Liverpool. Sad as it may seem, it would have been far better just to give in immediately and let him leave as soon as he handed in a transfer request, as the disruption caused by the striking Swede did Eddie Howe and his players no favours at all. Newcastle have, thus, moved quickly to offload another unsettled forward - and for a fantastic fee. Gordon is a hard-working, talented and versatile attacker - but he's never done anything for club or country to suggest that he's worth £69m. Of course, the challenge now for Newcastle is to invest the money wisely, because they completely wasted what they got for Isak, and attracting top talent isn't going to be any easier this summer. The Magpies can no longer offer Champions League football to potential new recruits, and their pathetic 12th-placed finish in the Premier League, coupled with Gordon's desire to follow Isak out the door at St. James' Park, proves that Newcastle are no longer a serious threat to England's elite under increasingly disinterested Saudi Arabian owners. Grade: B-

For Barcelona: A really worrying sign. Barcelona haven't been in a position to spend big on players for some time now due to their well-documented issues adhering to La Liga's strict financial regulations, so it doesn't bode well that their first move after finally getting their house in order is to blow €80m on Gordon. The England international should certainly prove a useful addition. He can play pretty much anywhere across the front three and is a pressing machine - unlike Marcus Rashford - so it's easy to understand why Hansi Flick gave Gordon's arrival the green light. However, there's simply no getting away from the fact that Barca have overpaid. Granted, Gordon could have a good World Cup, thus casting the price in a more favourable light, while it's also been pointed out that the Scouser scored 10 times in this season's Champions League - but six of those goals came against Qarabag and Union Saint-Gilloise, and half from the penalty spot. Twelve goals in his last 60 Premier League appearances is a far better indicator of the kind of strike-rate Barca supporters should expect from their latest signing. So, while Gordon is more likely to give Flick what he wants from a winger, and he'll be on a smaller wage than Rashford, there was better value to be found elsewhere, suggesting Barca are back to having more money than sense. Grade: C+

For Gordon: The stuff dreams are made of. Despite some seriously inconsistent performances in the Premier League, particularly over the past two years, Gordon has got the move to a big club that he's been clearly eyeing for some time now. He admitted himself that he had his head turned by previous links with hometown club Liverpool, whom he also supported as a boy, while it initially looked like he was going to join Bayern Munich this summer. However, the Bavarians understandably baulked at the asking price and therein lies the big challenge now facing Gordon. The possible arrival of Julian Alvarez would take a fair bit of attention away from the 25-year-old, but he'll still be under enormous pressure to justify his fee - because Barca haven't paid €80m for a bit-part player. Gordon's got to prove himself worthy of starting for a star-studded side, and that won't be easy. Just ask Rashford, who is now looking surplus to requirements at Camp Nou despite racking up a combined 28 goals and assists in his debut season at Barca. Still, Gordon can probably hardly believe his luck. He's going to go from playing with Anthony Elanga to lining up alongside Lamine Yamal! Grade: A

Mark Doyle","{'href': 'https://www.goal.com', 'title': 'Goal.com'}","soccer"
"https://news.google.com/rss/search?q=site:goal.com","'Would've been crazy'","https://www.goal.com/en/lists/lionel-scaloni-argentina-cape-verde-world-cup-reaction/blt34174b4be8face43","Sat, 04 Jul 2026 08:03:58 GMT","

Lionel Scaloni admitted it would have been ""crazy"" for Argentina to lose his 100th match in charge after the Albiceleste survived a huge scare against Cape Verde. Lionel Messi and his teammates needed extra time to progress, with their manager praising his players' resilience after a gruelling clash.

Scaloni's 100th match as Argentina head coach nearly ended in disaster as the Albiceleste were pushed to the limit by Cape Verde in the 2026 World Cup round of 32. Argentina failed to dominate as expected and were taken into extra time before eventually securing their place in the last 16 with a 3-2 win. Cape Verde's spirited display left Scaloni's side fighting for survival in one of the toughest knockout matches of their recent international history.

Scaloni admitted the occasion carried extra significance given it was his 100th game in charge, while acknowledging how close Argentina came to a shock elimination.

""This team never gives up. It would've been crazy to lose in my 100th game, but this is football,"" Scaloni said, as quoted by TyC Sports. ""It was a very tough match. You always have to take the positives, this team never gives up. I congratulate our opponents, when you say there are no easy opponents... today they showed they are a great team.""

Scaloni praised his players' character after they overcame fatigue and tactical setbacks during the 120-minute contest. The Argentina boss also admitted he never felt comfortable despite his side controlling large spells of the game.

""I'm a bit skeptical, and I never see ourselves as qualified,"" he admitted. ""Experience has taught me that. But it's true the game was ugly, it could have gone the other way, even though we were the ones controlling the play.

""They told me we were on the easier side of the bracket. Now they realize there are no easy games. We knew it was going to be tough. We suffered too much, we deserved to win, but the opponent made it difficult for us. I'll discuss the negatives with the lads, but I'll focus on the positives: the team keeps attacking, we absorbed the blow, and we came away with the victory.""

Add GOAL.com as a preferred source on Google to see more of our reporting

The victory secured Albiceleste's passage to the last 16 of the 2026 World Cup, where they will face Egypt, who beat Australia on penalties, in Atlanta on Tuesday.","{'href': 'https://www.goal.com', 'title': 'Goal.com'}","soccer"
"https://news.google.com/rss/search?q=site:formula1.com","Hamilton snatches British GP Sprint pole from Antonelli","https://www.formula1.com/en/latest/article/hamilton-snatches-pole-position-in-british-grand-prix-sprint-qualifying-from-antonelli-and-verstappen.52qV7M1yI9KWgWowrlCYlG","Sat, 04 Jul 2026 00:44:58 GMT","

Authentics

Store

Tickets

Hospitality

Experiences

Arcade

Previous

Current

Upcoming

2026 British GP Sprint Qualifying: Ride onboard as Lewis Hamilton claims Sprint Pole

TECH TALK – All the Silverstone updates revealed!  

Lewis Hamilton will start from pole position for Saturday's Sprint ahead of the British Grand Prix.

Lewis Hamilton claimed pole position in Sprint Qualifying ahead of this weekend's British Grand Prix, the Ferrari driver snatching top spot on home soil by just 0.011s from Mercedes' Kimi Antonelli.

Hamilton had set the pace in Sprint Qualifying at Silverstone throughout Friday afternoon, having gone fastest in Free Practice before leading the way in both earlier segments prior to a one-lap shootout in SQ3.

The seven-time World Champion posted a 1m 28.376s lap, leaving him just fractionally quicker than Antonelli, as the pair headed Red Bull's Max Verstappen and the second Ferrari of Charles Leclerc.

George Russell was P5 and only just ahead of McLaren duo Lando Norris and Oscar Piastri, the Mercedes driver having struggled throughout Sprint Qualifying for pace.

The top-10 ahead of Saturday's Sprint was completed by Isack Hadjar (Red Bull) and the Racing Bulls of Liam Lawson and Arvid Lindblad.

Sprint Qualifying results

FORMULA 1 PIRELLI BRITISH GRAND PRIX 2026

Alpine's Pierre Gasly missed out on advancing to the final stage of Sprint Qualifying by less than one-tenth, as he headed the Audi pair of Gabriel Bortoleto and Nico Hulkenberg.

The second Alpine of Franco Colapinto was P14, ahead of the Williams duo of Carlos Sainz and Alex Albon, the latter 1.9s slower than Hamilton's best in SQ2.

In the opening 12-minute segment, Haas driver Ollie Bearman failed to advance by just 0.010s against Albon, with team mate Esteban Ocon a further six tenths behind in P18.

The order was completed by the two Cadillacs of Sergio Perez and Valtteri Bottas, and the two Aston Martins of Fernando Alonso and Lance Stroll, the latter pair more than 3.6 seconds off the pace.

With just a single, one-hour practice session under their belts, drivers and teams headed out into the relative unknown for the opening 12-minute segment of SQ1, with all 22 drivers required to use a set of medium Pirelli tyres.

The circuit length – standing at 3.661 miles – and short session duration meant drivers were effectively limited to two hot laps, with Hadjar the quickest after the opening salvos, the Frenchman's 1m 29.470s leaving him clear of Hamilton, Piastri, Leclerc, Antonelli and Verstappen.

Russell was left only P9 while, in the drop zone, the Haas and Cadillac drivers occupied the lower placings, as did the Aston Martin duo who had yet to set a time approaching the final few minutes.

Hamilton moved back to the top with a 1m 29.273s, leaving him one-tenth clear of Leclerc as the majority of Ferrari's rivals decided against going for a second flying effort.

A scrappy lap moved Russell only as high as P5 behind Hamilton, Leclerc, Hadjar and Piastri, with Verstappen completing the top six having also decided on a second attempt.

Antonelli, Lawson, Hulkenberg and Norris completed the top 10, while Bortoleto, Gasly, Lindblad, Albon, Colapinto and Sainz progressed to SQ2.

The Williams duo had briefly fallen into the drop zone after an improvement by Bearman, but the Haas driver was the first man to be eliminated along with Ocon, Perez, Bottas, Alonso and Stroll, who was 3.7s off the pace of Hamilton.

Knocked out: Bearman, Ocon, Perez, Bottas, Alonso and Stroll

Hamilton continued his strong performance in the 10-minute SQ2 segment, the Briton's 1m 28.747s quickest after the first runs from Antonelli and Leclerc, with the top three order remaining unchanged at the chequered flag.

Piastri headed Verstappen and Hadjar, with Team Principal Zak Brown confirming Norris was carrying minor damage from SQ1, which left the reigning World Champion in P7 but still ahead of Russell, the Mercedes driver struggling for performance.

The top 10 was completed initially by the two Audi drivers, although both Racing Bulls and Alpine drivers opted to only do one run with the Pirelli medium tyre in the closing minutes.

Lawson jumped to P4 and team mate Lindblad P8, pushing Russell onto the cusp of elimination with less than 90 seconds remaining. Russell improved with his second run, climbing up to P7, but still half a second behind Hamilton.

The Mercedes driver slotted between both Red Bulls, as the top 10 was completed by Lindblad and Norris.

Gasly missed out by less than one-tenth, followed by Bortoleto, Hulkenberg, Colapinto and the Williams pair of Sainz and Albon.

Knocked out: Gasly, Bortoleto, Hulkenberg, Colapinto, Sainz and Albon

With drivers moving onto the soft Pirelli tyre, the final 10-minute SQ3 segment effectively became a one-lap shootout, with Piastri and then Norris the first to set leading runs as the clock reached zero.

They were both quickly beaten by Antonelli's 1m 28.387s, before Hamilton delighted the home fans by going 0.011s quicker to take top spot for Saturday's 17-lap Sprint.

They were followed by Verstappen and Leclerc, with Russell managing to move his way up to P5 but more than three tenths in arrears.

Norris headed Piastri as the McLaren pair found themselves in P6 and P7, while the top-10 was completed by Hadjar, Lawson and Lindblad.

""I love this place, I love this crowd,"" said Hamilton. ""I can't express to you how big a dream it is, still to this day, when you're building up to this race and you think about every corner and kind of the flow that you can get into at this track if you get the set-up right, and if you've got the right team behind you.

""The car's felt really great today, thanks to everyone back at the factory, just continuing to push. We brought tiny little bits here – every single weekend we're showing up with something, and everyone's pushed to the max, so I'm really grateful to get that pole.

""I was quick through all the session, but still it was only 10 milliseconds or something like that, so it's very close to these guys and the team really deserves it. A big, big thank you to everyone here.""

With the grid decided, the drivers will line up for the Sprint at 1200 local time on Saturday. Head to the RACE HUB to find out how you can catch the action.

Next Up

© 2003-2026 Formula One World Championship Limited","{'href': 'https://www.formula1.com', 'title': 'Formula 1'}","formula_1"
"https://news.google.com/rss/search?q=site:hollywoodreporter.com","Great American State Fair Attendees on Life Support Amid Extreme Heat in Washington, D.C.","https://www.hollywoodreporter.com/news/general-news/great-american-state-fair-attendees-hospitalized-heat-1236637421/","Sat, 04 Jul 2026 03:14:05 GMT","

Subscribe for full access to The Hollywood Reporter

Subscribe for full access to The Hollywood Reporter

The fair, part of President Donald Trump's Freedom 250 lineup, temporarily shut down on Friday.


							By 

	McKinley Franklin


Before the Great American State Fair on the National Mall was temporarily shut down Friday due to extreme heat, 11 people were taken to the hospital, while seven of those people received advanced life support and four received basic life support.

NBC News reportedly spoke with DC Fire and EMS, who confirmed that before the fair temporarily closed, they had 44 patient contacts. 11 of those people were transported to the hospital “for various illnesses and injuries,” as seven individuals received advanced life support and four people received basic life support. 

	










The outlet further outlined that DC Fire and EMS confirmed to NBC Washington that over a dozen of the reported patient contacts “were related to heat illness and injury.” 





	
	
		
					Related Stories		
	












	
	General News
			



	
		
					Trump Accuses Julia Roberts, Robert De Niro, More of Suffering From ""Trump Derangement Syndrome"" in AI Video		
			














	
	Business
			



	
		
					Trump Made Millions From Hollywood Last Year		
			








The Great American State Fair is part of President Donald Trump‘s Freedom 250 lineup. Saturday's Fourth of July festivities, the Salute To America Celebration and Fireworks event, was also pushed back due to heat conditions. 

“The safety and well-being of every guest remains our top priority as we celebrate this historic 250th Independence Day,” the organization wrote in a statement. “In light of current heat conditions, Freedom 250, United States Park Police, National Park Service, the United States Secret Service, and the Federal Emergency Management Agency have coordinated closely to adjust event timing and expand cooling resources, water stations, and medical support across the grounds. We are proud to welcome the public to a safe, well-prepared, and truly memorable celebration of America's 250th birthday.”

Earlier on Friday, Freedom 250's official X shared a statement regarding the brief closing of the fair, writing, “The safety and well-being of our guests, volunteers, performers, vendors, and staff is our highest priority. Conditions are expected to improve later this afternoon, and we look forward to welcoming everyone back at 5:00 p.m. as preparations continue for this evening's festivities.”

	










America's Independence Day Parade organizers also canceled a planned parade because of extreme heat in Washington, D.C. 

Sign up for THR news straight to your inbox every day

Subscribe for full access to The Hollywood Reporter

Send us a tip using our anonymous form.","{'href': 'https://www.hollywoodreporter.com', 'title': 'The Hollywood Reporter'}","entertainment"
"https://news.google.com/rss/search?q=site:hollywoodreporter.com","Taylor Swift's Something Blue? Empire State Building Glow Ups Over Manhattan","https://www.hollywoodreporter.com/lifestyle/lifestyle-news/taylor-swift-wedding-empire-state-building-lights-1236637278/","Sat, 04 Jul 2026 00:39:13 GMT","

Subscribe for full access to The Hollywood Reporter

Subscribe for full access to The Hollywood Reporter

New York City's popular landmark was lit light blue over the city skyline to celebrate the power couple's wedding at Madison Square Garden on Friday night.


							By 

	Etan Vlessing


Canada Bureau Chief

Taylor Swift's something blue theme for her glitzy wedding to Travis Kelce on Friday became an Empire State Building lit blue over the New York City skyline.

The glow up came as the power couple tied the knot as part a multi-day Madison Square Garden wedding celebration, reportedly stretching from Thursday night into Saturday morning. Leading up to the event, Manhattan's popular skyscraper on its website said the light blue sparkle glow up was “in celebration of Taylor Swift and Travis Kelce's wedding at Madison Square Garden.”

	










That continues a tradition of the Empire State Building and its Art Deco façade lighting its spire to mark major occasions in the city. That includes the spire and its LED lighting system set to glow red, white and blue on Saturday to mark the 4th of July celebrations.





	
	
		
					Related Stories		
	












	
	Music
			



	
		
					Welcome to Indifference? The Very Unrequited Love of Taylor Swift and New York City		
			














	
	Lifestyle
			



	
		
					Prince William to Appear on Travis and Jason Kelce's Podcast Hours Before Travis' Wedding to Taylor Swift		
			








And for Swift, the blue color is a shout out to the Old English rhyme, “Something Olde, Something New, Something Borrowed, Something Blue, A Sixpence in your Shoe,” meant to offer protection to a bride on their wedding day.

A giant lighting system also announced the marriage of Swift and Kelce when a note appeared on a video screen on the exterior of Madison Square Garden. The “JUST&T MARRIED” sign popped up shortly after 730 p.m. ET on Friday. The city's been abuzz for days in the lead up to the nuptials, and numerous high-profile celebrities were spotted heading into MSG earlier on Friday.

	










The wedding itself took place at 5 p.m. ET on Friday, with the reception set to run until as late as 4 a.m. ET on Saturday morning, according to a copy of a city permit obtained by the AP and details provided by the police.

Sign up for THR news straight to your inbox every day

Send us a tip using our anonymous form.","{'href': 'https://www.hollywoodreporter.com', 'title': 'The Hollywood Reporter'}","entertainment"
"https://news.google.com/rss/search?q=site:hollywoodreporter.com","Yes, Adam Sandler Really Did Officiate Taylor Swift and Travis Kelce's Wedding","https://www.hollywoodreporter.com/lifestyle/lifestyle-news/adam-sadler-taylor-swift-travis-kelce-wedding-officiate-1236637267/","Sat, 04 Jul 2026 01:04:29 GMT","

Subscribe for full access to The Hollywood Reporter

Subscribe for full access to The Hollywood Reporter

The comedy actor, a friend of the couple's, stepped up to marry the pair at Madison Square Garden on Friday.


							By 

	Nicole Fell


Assistant Editor

No wedding day is complete without one thing — Adam Sandler? Well, maybe not every wedding day, but surely Taylor Swift and Travis Kelce's big day wouldn't be, as the comedian stepped up to officiate the couple's marriage. 

Swift and Kelce officially tied the knot on Friday (July 3) at Madison Square Garden in New York City. Sandler was one of three people to be at the altar with the couple, who opted to forgo bridesmaids and groomsmen. Instead, Swift and Kelce had their brothers, Austin Swift and Jason Kelce, as the man of honor and best man, respectively. Both of their families and hoards of friends were in attendance. 

	










Both Swift and Kelce wore custom Christian Dior Haute Couture, designed by Jonathan Anderson, the creative director of Dior women's, men's and haute couture collections, in collaboration with the bride and groom. It marks Anderson's first celebrity couture wedding dress. They each wore custom Christian Louboutin shoes, fitting as Swift has long been a fan of red bottoms onstage. She finished her look off with Cartier jewelry.

Signs outside of the arena announced the couple's nuptials with pink signs that read “JUST&T MARRIED” — the venue even posted a photo of the signs online, marking the first confirmation that their wedding did take place. The city's been abuzz for days in the lead up, and several high profile celebrities were spotted heading into MSG earlier today.

Shortly after the ceremony reportedly ended the city was hit with severe rain — perhaps a sign of good luck for the couple.

More to come. 

Sign up for THR news straight to your inbox every day

Subscribe for full access to The Hollywood Reporter

Send us a tip using our anonymous form.","{'href': 'https://www.hollywoodreporter.com', 'title': 'The Hollywood Reporter'}","entertainment"
"https://news.google.com/rss/search?q=site:hollywoodreporter.com","Dustin Hoffman, Maggie Gyllenhaal Charm Karlovy Vary With Robert Redford, Study Abroad Anecdotes","https://www.hollywoodreporter.com/movies/movie-news/karlovy-vary-dustin-hoffman-maggie-gyllenhaal-open-festival-1236636037/","Sat, 04 Jul 2026 04:16:30 GMT","

Subscribe for full access to The Hollywood Reporter

Subscribe for full access to The Hollywood Reporter

Jesse Eisenberg and Harvey Keitel were also among the stars walking the expanded red carpet of the Czech festival as it kicked off its double anniversary edition, including with a soccer film and a drone show. 


							By 

	Georg Szalai


Global Business Editor

The Karlovy Vary International Film Festival took its traditional black-tie opening night celebrations to the max on Friday to celebrate the double anniversary of its 60th edition in the 80th year of the Czech fest with a room full of stars, music and dance.

Dustin Hoffman (The Graduate, Kramer vs. Kramer, Rain Man) was honored with KVIFF‘s Crystal Globe for outstanding artistic contributions to world cinema, while Maggie Gyllenhaal (The Bride!, The Lost Daughter, Secretary, The Honourable Woman) received the festival's President's Award. And both charmed the adoring crowd with their speeches, which included anecdotes about Robert Redford and a study semester abroad, as well as expressions of love for the craft of filmmaking.

	











	
	
		
					Related Stories		
	












	
	Movies
			



	
		
					Stellan Skarsgard Stars in Funny New Karlovy Vary Film Festival Trailer: Watch		
			














	
	Movies
			



	
		
					How a Czech Director Turned Festival Trailers Into a Karlovy Vary Institution -- One Star at a Time		
			








Jesse Eisenberg (The Social Network, A Real Pain, When You Finish Saving the World) and Harvey Keitel (Mean Streets, Taxi Driver, Reservoir Dogs) were also among the big names in the room after walking the expanded red carpet of the festival in the Czech spa town.

Kryštof Mucha, the executive director of the world's second-oldest film fest, and KVIFF artistic director Karel Och were, of course, on hand to hand over the honors during the big kickoff celebration, emceed by Czech TV host Marek Eben.

Hoffman took to the stage as he was showered in a thunderous standing ovation by the capacity crowd in the legendary Grand Hall of the brutalist Hotel Thermal. “I am honored and humbled by this award,” the soon-to-be-89-year-old started off saying. “Decades ago, when I worked with Robert Redford when he was a young child  of 65, Redford said to me: ‘You never think about a body of work while you're making movies, because you're busy building the body.' And that's true. The pleasure of doing what we do is being engrossed in the work itself and losing track of time.”

	










Continued Hoffman: “I first fell in love with acting because it was the first time I felt lost in time. I knew instinctively that this was how I wanted to live. I wanted to be lost in time. I wanted to be absorbed in time. Why? Because it made me feel alive.”

The star also shared his emotions watching a sizzle reel of his work before coming to the stage. “When you are turning 89 and there it is, your life's work on the screen, staring back at you, it makes me very emotional and very nostalgic, and most of all, very, very grateful to have had the opportunity to do what I love decade after decade with so many brilliant people who were doing what they loved too,” Hoffman concluded. “I want to thank the Karlovy Vary Film Festival for serving this love of filmmaking. Festivals like this one help to support and inspire all the young actors and filmmakers who pursue this work with passion and love, and that's what makes it truly meaningful. So, thank you for the honor of this award, but more importantly, thank you for joining with me in caring about this art form.”

Before Hoffman, Gyllenhaal also received a huge and warm Czech welcome, a year after her husband Peter Sarsgaard, who was with her, got political on the KVIFF opening-night stage where he had been honored with the same award. The fest's bestowing the President's Award on her also came 20 years after Gyllenhaal won a competitive award at KVIFF as best actress for her role in Laurie Collyer's drama Sherrybaby, in which she played a young woman who gets released from prison and is recovering from a heroin addiction. Sherrybaby also won Karlovy Vary's Crystal Globe award back in 2006. Back then, the actress couldn't come to town. But she recalled one time she visited Karlovy Vary before.

	










“I've been so moved by this whole night, by the beautiful dancing and the singing. If you have seen my latest film, you'll know that I love dancing and singing, and I was teared up a little bit watching everyone be so open, and it moved me. This is actually the second time I've been to Karlovy Vary, even though I wasn't able to pick up that beautiful award for Sherrybaby. I was here when I was 19.”One could hear surprise in the audience as she shared how she did a semester abroad in Prague when she was at Columbia University, during which she visited the spa town. “We ate the wafers, which I love, tasted the [thermal] water, and that was actually one of the only activities I participated in when I was on the study abroad,” Gyllenhaal quipped. “I'm actually a really good student, but when I was studying in Prague, I didn't go to really any classes at all.”

She then charmed the audience with some Czech words and phrases. “I think that being here that semester was one of the first inklings I had of myself as a director, because, as you saw from that, I made a whole lot of movies as an actress, and so far only two as a director,” she concluded. “It took me a while to realize that that was a better job for me.”

She also recalled loving Milos Forman's movie Loves of a Blonde. “I loved that movie, and it's like something cracked in me. I went, I like that. OK, maybe everyone else likes The Firemen's Ball better. I like this better. This is my taste, and I kind of started to go, OK, yeah, I like Quentin Tarantino, like everybody else does, and I also like Jane Campion, and I also like Fiddler on the Roof, and it turns out I also like obscure Milos Forman movies, or one of them in particular.” Concluded Gyllenhaal: “That voice of going, ‘OK, this is me! This is what I like!' is part of what pushed me to be a director to express my view of the world, however strange and challenging, and however different.”

The opening ceremony kicked off, as has become tradition, with the unveiling of the new KVIFF trailer, this year starring Stellan Skarsgård, and a big spectacle of a stage show that gave a cinematic and musical tour through the festival's history. It started with a rendition of “Happy Birthday,” with a live band and a host of Czech actors and musicians then performing versions of well-known songs, tracing the festival's journey from its foundation to today, including the Titanic theme sang in Czech and such tunes as MC Hammer's U Can't Touch This.Eben quipped that the foreign audience members should know that all on-stage singers are big Czech stars. “But if they lived in the U.S. … they likely wouldn't be such big stars.” Eben also jokingly thanked the Czech national soccer team for getting out of the soccer World Cup early “out of loyalty to the festival.”

	










The special honors for Hoffman and Gyllenhaal were followed by the opening film of KVIFF 2026. Kicking off the anniversary during the soccer World Cup was, fittingly, the 1986 World Cup documentary The Match, directed by Juan Cabral and Santiago Franco, which chronicles the infamous match between Argentina and England, which became mostly remembered for Diego Maradona's “Hand of God” goal.

After the film, the opening night festival crowd and the whole town were treated to a special musical show created by Czech DJ and producer NobodyListen, which brought together personalities from the contemporary Czech music scene spanning a range of genres and generations – including several musicians from Karlovy Vary itself.

The opening film and music show were not followed by the traditional Karlovy Vary midnight fireworks, but by what organizers have called the largest drone show ever to be staged in the Czech Republic or Slovakia. The 10-minute aerial display, entitled “Stars and Winners of Your Own Story,” saw a fleet of 1,300 synchronized drones transforming the night sky, including with such cinema-related images as a clapperboard, a movie camera and a red carpet.













Sign up for THR news straight to your inbox every day

Subscribe for full access to The Hollywood Reporter

Send us a tip using our anonymous form.","{'href': 'https://www.hollywoodreporter.com', 'title': 'The Hollywood Reporter'}","entertainment"
"https://news.google.com/rss/search?q=site:billboard.com","Taylor Swift & Travis Kelce Are Married","https://www.billboard.com/music/music-news/taylor-swift-travis-kelce-married-new-york-city-wedding-1236286882/","Sat, 04 Jul 2026 01:09:34 GMT","

The couple tied the knot at Madison Square Garden in New York City.


													By
												

	Hannah Dailey



Taylor Swift and Travis Kelce have finally tied the knot on their love story, getting married in front of friends and family at Madison Square Garden in New York City on Friday (July 3). A sign, which MSG shared a photo of on Instagram, outside of the world-famous venue confirmed they had exchanged their vows. “JUST&T MARRIED!” read the black text over pink background.

	











	Swift's rep also confirmed the happy news in a press release, revealing that the pop superstar and football player wore outfits designed by Christian Dior Haute Couture. The couple did not have traditional bridesmaids or groomsmen, but Swift's brother Austin was her man of honor, while Jason Kelce was Travis' best man, the release revealed. Actor-comedian Adam Sandler officiated the nuptials.


	The couple's nuptials come a little less than a year after they announced their engagement following two years of dating. In August 2025, they shared photos on Instagram from the Kansas City Chiefs tight end's flower-garden proposal — as well as Swift's massive diamond ring — and wrote adorably, “Your English teacher and your gym teacher are getting married.”


	Fans have since been impatiently awaiting the big day, with speculation over the wedding's date and location reaching a fever pitch in June as reports started surfacing that Swift and Kelce would use MSG as their venue on Fourth of July weekend. More commotion over the event came with the news that it would coincide with NYC's most severe heatwave so far this year, with temperatures reaching triple digits on the day they said “I do.”

	











	“If you happen to be getting married at Madison Square Garden, you will be staying inside and you will be staying cool,” Mayor Zohran Mamdani joked at a press conference about the extreme weather days before the wedding. “I think it's a good example to set for the city at large.”


	Swift and Kelce have been together since the summer of 2023. After the football player attended one of her Eras Tour shows in Kansas City that year, he grumbled on his and brother Jason's New Heights podcast about his failed mission to meet the 14-time Grammy winner backstage, where he'd hoped to give her a friendship bracelet with his phone number on it. The episode caught the attention of Swift's mom, Andrea, who encouraged her daughter to give Travis a chance.


	“I call up my resident expert on Kansas City Chiefs, my cousin Robin, and I go, ‘Tell me about this guy named Travis Kelce,'” Andrea recalled in an episode of Swift's Eras Tour docuseries on Disney+. “She goes, ‘Oh my god, he's the nicest guy, and you know what? He really loves his mom.' And I went, ‘Ding ding ding.'”


	Swift and Kelce hard-launched their relationship shortly after that, with the hitmaker attending one of Kansas City's games to cheer on her then-boyfriend from a box suite. That would be the start of many Arrowhead Stadium visits for Swift, while the football player began attending a series of Eras shows across the globe. During one of her stops in London, he even joined her on stage for a surprise cameo.


	“When you say a relationship is public, that means I'm going to see him do what he loves, we're showing up for each other, other people are there, and we don't care,” Swift told TIME for her 2023 Person of the Year interview. “The opposite of that is you have to go to an extreme amount of effort to make sure no one knows that you're seeing someone. And we're just proud of each other.”

	











	Over the course of their romance, Swift penned a number of songs that are almost definitely about Kelce, including “So High School” and “The Alchemy” from 17-week Billboard 200-topping album The Tortured Poets Department, as well as Billboard Hot 100 No. 1 hits “The Fate of Ophelia” and “Opalite” from The Life of a Showgirl. Swift first announced the latter album on New Heights; while she was busy recording the episode, a crew was secretly setting up a romantic proposal scene outside.


	Now, as the couple closes out their engagement era and steps into a new chapter as husband and wife, they're making sure to spread the love. One day before their nuptials, Swift's rep announced that the pop superstar and Kelce had donated $26 million to a variety of charities located across the United States in cities with special meaning to them, including their hometowns as well as Nashville and Kansas City, where Swift and Kelce respectively began their careers.







Get weekly rundowns straight to your inbox



					Your email address will not be published.				
									Required fields are marked					*




				Post Comment				



A daily briefing on what matters in the music industry

Send us a tip using our anonymous form.

A daily briefing on what matters in the music industry

Send us a tip using our anonymous form.

Billboard is a part of Penske Media Corporation. © 2026 Billboard Media, LLC. All Rights Reserved.","{'href': 'https://www.billboard.com', 'title': 'Billboard'}","entertainment"
"https://news.google.com/rss/search?q=site:billboard.com","Taylor Swift's Wedding Look Included a Subtle Eras Tour Nod","https://www.billboard.com/music/music-news/taylor-swift-wedding-look-dior-custom-louboutins-1236287677/","Sat, 04 Jul 2026 04:26:43 GMT","

The official wedding-style details follow Swift and Kelce's Friday night ceremony at Madison Square Garden, where they married in front of family and friends. 


													By
												

	Jessica Lynch



	Taylor Swift's wedding look included a few major designer names — and one familiar link to her record-breaking The Eras Tour wardrobe.


	The pop superstar wore Christian Dior Haute Couture to marry Travis Kelce at Madison Square Garden in New York City on Friday (July 3), according to a statement Swift's rep shared with Billboard. The ceremony looks for both Swift and Kelce were designed by Jonathan Anderson, creative director of Dior Women's, Men's and Haute Couture Collections, in close collaboration with the bride and groom.


	The dress marks Anderson's first couture wedding dress for a world-renowned celebrity, according to the statement. Swift completed her bridal look with Cartier jewelry, while both she and Kelce wore custom Christian Louboutin shoes.

	












	
	
		
					Related		
	


















	
	
		
					Taylor Swift and Travis Kelce's Wedding Was Officiated by Adam Sandler		
	






















	
	
		
					Taylor Swift & Travis Kelce Are Married		
	






















	
	
		
					Taylor Swift and Travis Kelce's Star-Studded Wedding Guests Arrive at MSG Ahead of Ceremony		
	













	
	
		
					Explore		
	





















	
		
					Taylor Swift		
					





See latest videos, charts and news



See latest videos, charts and news


	The Louboutin detail is a notable one for Swift fans. On its official website, Christian Louboutin notes that Swift wore custom bejeweled styles from the designer throughout the European leg of The Eras Tour, with the Maison creating custom and existing silhouettes in different shapes, heel heights and colorways.


	Those designs included crystal-covered Eleonora Botta boots for the “Lover” portion of the show, Cate boots for “Fearless,” a custom lace-up ankle boot for Folklore and Evermore, and the CL Moc Lug loafer for “Red,” according to the designer.




	The official wedding-style details follow Swift and Kelce's Friday night ceremony at Madison Square Garden, where they married in front of family and friends. The couple did not have traditional bridesmaids or groomsmen; instead, Swift's brother Austin served as her man of honor, while Jason Kelce was Travis' best man. Actor-comedian Adam Sandler, whose movie Happy Gilmore 2 featured a cameo from Kelce, officiated the ceremony.


	Swift and Kelce's relationship began in 2023 after the Kansas City Chiefs tight end attended one of her shows in Kansas City and later revealed on New Heights that he had hoped to give her a friendship bracelet with his phone number on it. The couple announced their engagement in August 2025 with Instagram photos from Kelce's flower-garden proposal, captioning the post, “Your English teacher and your gym teacher are getting married.”


	Over the course of their romance, Swift penned several songs that are almost definitely about Kelce, including “So High School” and “The Alchemy” from 17-week Billboard 200-topping album The Tortured Poets Department, as well as Billboard Hot 100 No. 1 hits “The Fate of Ophelia” and “Opalite” from The Life of a Showgirl. 


	Official photos of Swift's bridal look had not yet been released as of Friday evening.

Get weekly rundowns straight to your inbox



					Your email address will not be published.				
									Required fields are marked					*




				Post Comment				



A daily briefing on what matters in the music industry

Send us a tip using our anonymous form.

A daily briefing on what matters in the music industry

Send us a tip using our anonymous form.

Billboard is a part of Penske Media Corporation. © 2026 Billboard Media, LLC. All Rights Reserved.","{'href': 'https://www.billboard.com', 'title': 'Billboard'}","entertainment"
"https://news.google.com/rss/search?q=site:billboard.com","Taylor Swift and Travis Kelce's Wedding Was Officiated by Adam Sandler","https://www.billboard.com/music/music-news/taylor-swift-travis-kelce-married-adam-sandler-officiant-1236287653/","Sat, 04 Jul 2026 00:45:41 GMT","

The couple married on the evening of July 3.


													By
												

	Anna Chan



	It's a love story, baby, and they just said yes with friend Adam Sandler leading the ceremony! Taylor Swift and Travis Kelce exchanged vows at the world famous Madison Square Garden in New York City on Friday (July 3) with the actor-comedian as their officiant, according to a statement the pop superstar's rep shared with Billboard.

	











	While they had an A-list guest list, none of the bride and groom's famous friends were part of their wedding party. Instead, the statement reveals that Swift's brother, Austin, was her man of honor, while the Kansas City Chiefs tight end had brother Jason by his side as his best man. 


	As for their wedding looks — which had not yet been revealed as of press time, the statement shared that the outfits were created by Christian Dior Haute Couture and designed by Jonathan Anderson, who is the creative director of Dior Women's, Men's and Haute Couture Collections, with Swift and Kelce collaborating with him. Both the bride and groom wore custom Christian Louboutins, and the singer was bedazzled in Cartier.


	Shortly after the couple exchanged vows, giant screens outside of MSG announced that they had both said “I do.” “JUST&T MARRIED!” read the screens. Among the many famous faces who were seen arriving at the venue for the wedding Friday were Jack Antonoff, Mariska Hargitay, Ed Sheeran, the Haim sisters, Benson Boone and Camila Cabello. 

	











	The football star proposed to the 14-time Grammy winner in August 2025. They announced in a joint Instagram post: “Your English teacher and your gym teacher are getting married!” 





Get weekly rundowns straight to your inbox



					Your email address will not be published.				
									Required fields are marked					*




				Post Comment				



A daily briefing on what matters in the music industry

Send us a tip using our anonymous form.

A daily briefing on what matters in the music industry

Send us a tip using our anonymous form.

Billboard is a part of Penske Media Corporation. © 2026 Billboard Media, LLC. All Rights Reserved.","{'href': 'https://www.billboard.com', 'title': 'Billboard'}","entertainment"
"https://news.google.com/rss/search?q=site:pagesix.com","Blake Lively and Ryan Reynolds shut out of Taylor Swift, Travis Kelce MSG wedding: ‘Their friendship is done'","https://pagesix.com/2026/07/03/entertainment/blake-lively-and-ryan-reynolds-shut-out-of-taylor-swift-travis-kelce-msg-wedding/","Sat, 04 Jul 2026 00:07:00 GMT","


				See more of our coverage in your search results.			

Blake Lively and her husband, Ryan Reynolds, were shut out of Taylor Swift and Travis Kelce's star-studded wedding held on Friday.

“Taylor's in a different place now and she just wants to be around people she trusts and who bring her peace,” a source exclusively told Page Six. “It's a shame because she and Blake really were close, but she doesn't think it's something that's going to be fixed. As far as [Taylor's] concerned, their friendship is done.”

Last month, Page Six exclusively confirmed that the Grammy winner did not extend a wedding invite to “The Town” actress.

“There was a point where Taylor thought she and Blake would get past all of this,” the source said. “She didn't expect things to end up like this. At first she figured once everything settled down, they'd be fine.”

“But then more stuff kept happening and it just got harder to come back from.”

According to the insider, “It wasn't one big thing, it was everything adding up. By the time Taylor was making decisions about the wedding and who she wanted there, she realized she just didn't want that kind of energy around something so important and it really was a turning point for her.”

A rep for Swift did not immediately respond to Page Six's request for comment.

Meanwhile, Lively, 38, and Reynolds, 49, were snapped far away from the pop star and Kansas City Chief tight end's rehearsal dinner on Thursday evening. 


							Start your day with Page Six Daily.						




						Please provide a valid email.					



				By clicking above you agree to the Terms of Use and Privacy Policy.			


					Want celebrity news as it breaks?				

The actress and the “Deadpool” star supported their daughter Betty as she competed in a horse show in Lake Placid, New York, in pictures obtained by TMZ. According to the outlet, Betty, 6, placed second in the competition.

Swift and Kelce, both 36, tied the knot in a lavish wedding at Madison Square Garden in New York City on July 3.

Celebrity guests included Swift's close friends Gigi Hadid and Bradley Cooper, Dakota Johnson, her longtime publicist Tree Paine, and childhood best friend, Abigail Anderson.

Machine Gun Kelly, Kelsea Ballerini, sports reporter Erin Andrews, “Modern Family” alum Eric Stonestreet and his wife, Lindsay Schweitzer, and Benson Boone were also spotted heading to the A-list affair.

The “Gossip Girl” alum and Swift's friendship imploded in 2025 when the singer was dragged into the former's legal battle with Justin Baldoni.

In January 2025, the director filed a $400 million lawsuit against Lively, Reynolds and their publicist, alleging defamation, extortion and more. (The lawsuit was dismissed that June.)

In the docs, Baldoni shared texts from the “A Simple Favor” star, showing a discussion they had about the “Bad Blood” singer.

“I happen to have a few dragons. For better or worse, but usually for better,” Lively's text read.

“Because my dragons also protect those I fight for. So really we all benefit from those gorgeous monsters of mine. [Smiley-face emoji] you will too, I can promise you.”

In another alleged text, Lively referred to the pop star and Reynolds as her “most trusted partners.” 

In May 2025, Swift was issued a subpoena to appear in court as a witness in the actors' ongoing legal feud. Later that month, Baldoni, 47, dropped the “Cruel Summer” singer's subpoena.

In January, additional private text messages between Swift and Lively were exposed in court docs.

In one message from 2023, the “Fortnight” singer took aim at Baldoni, saying he had “gotten out his tiny violin.”

The former BFFs also plotted on having Swift endorse Lively's revision of the “It Ends With Us” script — even without reading it.

The legal drama placed a wedge between the women, who haven't been seen together since 2024.

The “Age of Adaline” star was noticeably absent from Swift's bachelorette activities in June.

Lively and the “Shake It Off” singer have been friends since 2015. Swift is also a godparent to Reynolds and his wife's four children. 




						Your voice matters. Discussions are moderated for civility. Read our guidelines here 

Our community is about connecting people through open and thoughtful conversations. We want our readers to share their views and exchange ideas in a safe space.

In order to do so, we've created a simple set of rules that will improve your experience.

Simply put, keep it civil.

Your post will/might be rejected if it contains:

User accounts will/might be blocked if we notice:

So, how can you be a power user?

Thanks for reading our community guidelines. Don't forget, freedom of speech is not the freedom of reach!



","{'href': 'https://pagesix.com', 'title': 'Page Six'}","entertainment"
"https://news.google.com/rss/search?q=site:pagesix.com","Taylor Swift wears Christian Dior Haute Couture wedding dress to marry Travis Kelce","https://pagesix.com/2026/07/03/style/taylor-swift-marries-travis-kelce-in-dior-haute-couture-wedding-dress/","Sat, 04 Jul 2026 04:21:55 GMT","


				See more of our coverage in your search results.			

She went and picked out a white dress.

Taylor Swift's love story with Travis Kelce began a new chapter Friday, with the pop icon and the NFL star both wearing Christian Dior Haute Couture for their wedding ceremony at NYC's Madison Square Garden.

A representative for Swift confirmed the looks were designed by the French fashion house's buzzy new creative director Jonathan Anderson “in close collaboration” with the newlyweds. This marks Anderson's first couture bridal gown for a major celebrity, and photos have not yet been released.

According to a statement from the brand, both outfits were created in Dior's ateliers at 30 Avenue Montaigne in Paris.

Swift's and Kelce's shoes were custom-made by Christian Louboutin, and the Grammy winner wore Cartier jewelry.

The bride finished her big-day ensemble with her beautiful engagement ring — a custom old mine sparkler designed by Artifex Fine Jewelry's Kindred Lubeck in collaboration with Kelce, as first reported by Page Six Style.

The couple married in front of 1,000 family members and famous friends. They skipped bridesmaids and groomsmen; instead, Swift's brother Austin served as her man of honor, while Jason Kelce was sibling Travis' best man. Friend Adam Sandler officiated the ceremony.

Dior was one of many houses in the running to design Swift's gown for her walk down the aisle, with other top contenders including Ralph Lauren, Stella McCartney, Oscar de la Renta and Vivienne Westwood.

Earlier this week, The Hollywood Reporter published that an Anderson original had likely been selected as the “winning dress.”

In the months leading up to her wedding, the “Opalite” songstress appeared to tease her choice of bridal attire by carrying a series of Dior bags, among them a sleek black Cigale at a Knicks game in May and a buttercup yellow Lady Dior in April.

And at the 2024 VMAs, Swift wore a punk plaid ensemble designed by Maria Grazia Chiuri, Anderson's predecessor at Dior.

Anderson, who joined the luxury label last summer to much fashion-industry fanfare, is the founder of JW Anderson (Swift also toted one of that brand's purses while in London with Kelce in May) and spent 11 years as Loewe's creative director.

In April, Page Six exclusively reported that Swift and Kelce — who began dating in 2023 — were set to wed on July 3 in New York City, which the songwriter has called her (primary) home since 2014. Two months later, we confirmed MSG as their chosen venue.


						Your voice matters. Discussions are moderated for civility. Read our guidelines here 

Our community is about connecting people through open and thoughtful conversations. We want our readers to share their views and exchange ideas in a safe space.

In order to do so, we've created a simple set of rules that will improve your experience.

Simply put, keep it civil.

Your post will/might be rejected if it contains:

User accounts will/might be blocked if we notice:

So, how can you be a power user?

Thanks for reading our community guidelines. Don't forget, freedom of speech is not the freedom of reach!



","{'href': 'https://pagesix.com', 'title': 'Page Six'}","entertainment"
"https://news.google.com/rss/search?q=site:pagesix.com","All the celebrities at Taylor Swift and Travis Kelce's wedding","https://pagesix.com/2026/07/03/entertainment/all-the-celebrities-at-taylor-swift-and-travis-kelces-wedding/","Sat, 04 Jul 2026 00:26:59 GMT","

Jason Sudeikis, Dakota Johnson, Ed Sheeran and more of Hollywood's biggest stars are at Madison Square Garden to celebrate Taylor Swift and Travis Kelce's wedding.

The star-studded guest list includes over 1,000 of the couple's loved ones dressed in smart tuxedos and glamorous gowns. 

Take a look at Swift and Kelce's A-list guest list. ","{'href': 'https://pagesix.com', 'title': 'Page Six'}","entertainment"
"https://news.google.com/rss/search?q=site:entertainmentnow.com","‘Run to the Theater'","https://entertainmentnow.com/marvel-studios-movies-comics/chris-pratt-praises-young-washington-film/","Sat, 04 Jul 2026 02:50:21 GMT","

Chris Pratt had a few excited words for fans on the release date of “Young Washington,” a historical drama following George Washington during the Revolutionary War.

The film was released on July 3, 2026 and follows George Washington before his presidency. It lends itself to the emotional side of the history of the founding of the United States.

In a video posted just after noon on July 3, the Marvel Cinematic Universe actor praised the film while returning from a screening. 

‘”The acting is incredible. Whoever plays Young Washington–I don't know his name, but I'mma tell you this right now. Mark my words, very soon everybody in the world will know his name. He's a massive star,” Pratt said as he drove in the video. In his caption, he made sure to mention William Franklin Miller as the actor portraying Young Washington in the film.

“Go see it, man. Celebrate America's 250th birthday the right way. Get out to the theater and see Young Washington.”

Included in his shoutout was director Jon Erwin, who is one half of the filmmaking duo the Erwin Brothers. Erwin is known for films such as “American Underdog” (2021), “Jesus Revolution” (2023), and “I Can Only Imagine” (2021).

Pratt also called the movie “like Braveheart for Americans” in his caption on Instagram. “Braveheart” (1995) is in a similar vein to “Young Washington.” The film follows a Scottish warrior in his plight to lead a rebellion against the British, becoming a symbol for a free Scotland.

“Thanks so much for the support mate! Glad you enjoyed it!!” Miller commented under the post.

“I guess I'm going,” a fan also commented.

“Young Washington” is based on the true history of the early life of America's first president. The film draws from historical accounts to bring Washington's 20-something-hood to the screen in a new way.

The movie was produced by Angel Studios and Wonder Project, two independent, faith-based media companies. “Young Washington” marks the first film the two companies have collaborated on. Angel Studios relies on crowdfunding instead of relying on traditional major studio funding, as other corporations do. 

This crowdfunding model allows its audience to vote on which concepts receive funding and distribution. The model also allows for fans to support stories that “amplify light” as the studio describes it–allowing the studio to house television and movies for their “Family” and “Faith Based” genres.

“This isn't just about what we put on screen, it's about what happens inside of us,” co-founder and CEO Neal Harmon wrote on the studio's website addressed to current and future Guild members. “The world has faced dark days and constant negative news, yet we believe we are here on this earth to have joy.”

Angel Studios is well-known for distributing major hits such as the series “The Chosen” as well as “Cabrini.” The two films focus on tales from the Catholic faith. “The Chosen” follows the life of Jesus Christ and the calling of his initial 12 disciples, while “Cabrini” tells the tale of an Italian Catholic missionary in New York City in the late 19th century.


Like EntertainmentNow?



Go here and check the boxnext to EntertainmentNow


Comment

 Save my name, email, and website in this browser for the next time I comment.

 Notify me of follow-up comments by email.

 Notify me of new posts by email.

 





Δ

Previous



About

Contact US

Privacy Policy

Privacy Rights

Terms Of Service

Editorial Guidelines

Sitemap

Copyright © 2026 Heavy, Inc. All rights reserved. Powered by WordPress VIP



","{'href': 'https://entertainmentnow.com', 'title': 'EntertainmentNow'}","entertainment"
"https://news.google.com/rss/search?q=site:indiewire.com","Kevin Costner's ‘The Postman' Will Restore Your Faith in Other People on America's 250th Birthday","https://www.indiewire.com/features/best-of/the-postman-kevin-costner-fourth-of-july-movie-1235203690/","Sat, 04 Jul 2026 03:59:00 GMT","

By providing your information, you agree to our Terms of Use and our Privacy Policy.
				We use vendors that may also process your information to help provide our services. This site is protected by reCAPTCHA Enterprise and the Google Privacy Policy and Terms of Service apply.

On Friday nights, IndieWire After Dark honors fringe cinema in the streaming age with midnight movies from any moment in film history.

First, the BAIT: a weird genre pick, and why we're exploring its specific niche right now. Then, the BITE: a spoiler-filled answer to the all-important question, “Is this old cult film actually worth recommending?”

My grandmother died two weeks ago. While sorting through her house in Alabama, I found a framed certificate thanking my late grandfather for his 17 years of service with the United States Postal Service.

 








Related Stories John Waters and Ryan Murphy Get Candid About Critics, Camp, and TV Success There Will Never Be Another ‘Cannibal Holocaust' — and Now It's Screening in Its Definitive Edition 

Dale James Foreman died in 2008, nearly two decades before his wife, June, but his “Goodbye tension, hello pension” U.S.P.S. retirement mug was still hanging in the kitchen when I arrived.

More than my grandfather's time in the military, I've always admired his work for the Postal Service. The letter accompanying his retirement award praises an organization “built on the service of people like you,” and thanks him for helping create “a happier life for our customers.” It's a simple sentiment, but one that felt deeply meaningful to me ahead of July 4.

Humanity depends on ordinary people showing up for one another. And that may be the nicest introduction ever given to Kevin Costner‘s wildly self-indulgent, three-hour(!) “The Postman.” But the director and star did indeed hit on something timeless and vital in his 1997 film.

 










As far as I can tell, neither of my grandparents ever watched “The Postman.” Their VHS tapes and DVDs offered no evidence of any particular affection for Costner, much less his disastrous passion project. But rewatching Costner's oddly hopeful post-apocalyptic drama on my flight back to Los Angeles, I found myself feeling less alone because of it.

Adapted from David Brin's novel and released after both the Oscar triumph of “Dances With Wolves” (good!) and the tabloid circus surrounding “Waterworld” (oh, NO!), this singularly strange American epic imagines a wasteland where a wandering drifter accidentally inspires a revolution by pretending to be a mail carrier for a restored United States government… that hasn't actually been restored at all.

The ridiculous premise, and its brutal reception at the time of release, are enough to qualify “The Postman” as a midnight movie — despite it being a major Warner Bros. title from the height of Costner's fame. But the magic of “The Postman” as a cult object lies in the way it has since created its own kind of network. Fans recommend the film to one another when hope feels scarce, passing along its core conviction that society survives through connection rather than conquest. People aren't always moved by stories of heroes who achieve glory. Sometimes they need to hear that someone still needs them.
 










I first watched “The Postman” last fall after several people recommended it to me on Instagram. Like countless viewers, many of those folks had discovered or rediscovered the film during its strange pandemic-era resurgence in 2020, when Costner's spectacularly sincere vision of rebuilding the country through public service suddenly felt a little less absurd. Not only did I love it instantly, but finding “The Postman” the way I did changed my programming optimism for the better. (Suffice to say, my After Dark selection for last Fourth of July was Brian Yuzna's “Society,” and if you don't know what that means, the definition of “shunting” will fill you in… too much.)

The world didn't feel stable last summer. Jeff Bezos was getting married in Venice, while I was wondering whether the World Cup could even still happen in the U.S. It seemed impossible to imagine an American future that wasn't defined by isolation, distrust, and the creeping sense that every institution was either actively failing — or rapidly getting there. Watching “The Postman” back then reminded me that different ideals exist and that powerful weirdos like Kevin Costner once championed them with enough conviction to spend $80 million to bring them to the big screen.

 










This summer feels different. Not better, exactly. There's still plenty of fear in the air, and America's 250th birthday arrives during another profound period of cultural uncertainty. But the World Cup is happening, and it's genuinely bringing people together. Even the internet's collective fixation on Taylor Swift's wedding has felt more communal than cynical. And many of my colleagues at IndieWire lit up when I mentioned “The Postman” during our weekly pitch meeting. They remembered it not as the punchline of Costner's career but as a movie that shaped their childhoods.

The conversations we're having about the past feel more communal in 2026. Maybe that's why the repertory cinema scene is also exploding right now. Letterboxd, revival screenings, retro recommendations, and even columns like this one are all built on the act of passing a meaningful message from one person to another. Talking about old movies isn't an escape from history, but it can make you feel less lonely, at least.

Affectionately flawed and still essential, “The Postman” understands that better than most. American civilization isn't rebuilt through war in Costner's film. It comes back through public service, storytelling, and a willingness to believe that somebody out there still wants to hear from you. The film's faith in those principles can seem unbearably saccharine at times, but I personally find that kind of sincerity more patriotic with each passing day. —Alison Foreman
 










For as long as I've known his name, Kevin Costner has been my cinematic cilantro: where some people find grit and depth in his specific late 20th-century movie star presence — a little bit John Wayne in his sturdy, American-bred machismo, mixed with the slickness that defined his ‘80s movie star peers like Mel Gibson and Tom Cruise — to me, most of his performances have been about as compelling as a bar of soap.

Sure, I like “Bull Durham” as much as any intelligent person with taste, and you'd be a cold-hearted bastard not to tear up a little watching “Field of Dreams.” But pretty much all of his other major starring turns have left me cold. “Dances With Wolves?” Bland and uninspired. “The Bodyguard?” I'm still looking for the amazing chemistry Costner and Whitney Houston allegedly had. “JFK?” Overrated! “Robin Hood: Prince of Thieves?” One of the most agonizing film-viewing experiences of my life. Costner, to me, has always been an actor of limited emotional range, and a movie star whose charisma and appeal doesn't really hit my personal cinematic wavelength.

And yet, despite not really responding to Costner the star, in recent years I've grown increasingly fascinated by Costner the auteur. Watching “Horizon: An American Saga — Part 1,” the first installment of his probably-never-actually-getting-finished passion project, during its release in 2024, I was struck by its ambition and scope, which was alternately maddening and awe-inspiring.

 










From the thorny starting point of an Apache raid on a Western homestead, Costner weaves a complex, multi-perspective tale that wrestles with the romance and realities of American colonialism and mythmaking. The actor, whose political beliefs don't cleanly map onto the modern divisions of the two-party system, has both a reverence for America as a set of ideals and an awareness of the faults within its history that creates interesting textual friction. If his films aren't always the most cleanly made (his most polished and rewarded, “Dances With Wolves,” is the one I've been personally least engaged by), they're undeniably fascinating insights into his particular worldview.

The tension of Costner's America lies at the heart of “The Postman,” a work of extreme ambition that's goofy, ungainly, and somehow a little moving despite its myriad flaws. Costner himself has commented that he should have begun the film with the words “Once Upon a Time,” because it's a fable as much as it is a traditional narrative, a parable about a nameless nomad who inspires revolution and hope through initially selfish actions.

The film is way too long; it takes a full hour for our hero to actually become a postman. Its direction is stodgy and unimpressive, and its screenplay stilted and mawkish. And “The Postman” hasn't necessarily changed my opinion on Costner as an actor. The titular nomad needed, perhaps, an actor with a little more mischief and roguishness to sell his transformation from conman to folk hero (Harrison Ford, 55 at the time, may have been a good alternative). Costner is simply too one-dimensional a performer to make that transformation work, and his character feels like an inert symbol rather than a flawed human being from the start.

 










And yet “The Postman,” in all its neo-Western, post-apocalyptic glory, is a film too strange not to compel me. In its vision of a desolate America ruled by tyranny and militia, the United States becomes, in the eyes of those who live in its pre-industrial ruins, an idealized symbol of better times. When the dream of a reconnected America is sparked by the Postman, threading together lies to get a quick and easy meal, rebellion against the militia controlling the landscape spreads like wildfire. That this dream was founded on a lie becomes beside the point; if the ideal America doesn't truly exist, does it matter when it still inspires people to fight for justice?

It's easy to scoff at the idea that the U.S. Postal Service is what provides that spark, but it's probably the most genius choice Costner makes. What moves the settlers and scavengers who join the new postal service isn't jingoism or the allure of violence, but the promise of connection a piece of mail represents — the idea that they can still be in communion and conversation with people who live hundreds of miles away. There's something sweetly earnest about the glory with which Costner shoots such an easily overlooked civil service job; a scene where the Postman gallops on his horse to fetch a letter from the hands of a young boy has a grandeur that would make any John Ford Western proud.

 










It's old hat nowadays to call “The Postman” the type of film that isn't made anymore; it's more accurate to say it's the type of film that now can only be made with extreme difficulty. Big-budget passion projects still exist, but in the form of works like “Megalopolis” or Costner's own “Horizon,” films stalled for years that require directors to fight tooth and nail to bring them to the screen.

That there was ever a time when Warner Bros. would fund something this weird is frankly insane, and one can't help but admire the fact that it exists at all. Getting a studio to fork over millions of dollars for a blockbuster about the power of the U.S. Postal Service: that's the American Dream, baby — or at least Kevin Costner's version of it. —Wilson Chapman

Read more installments of After Dark, IndieWire's midnight movie club:

By providing your information, you agree to our Terms of Use and our Privacy Policy.
				We use vendors that may also process your information to help provide our services. This site is protected by reCAPTCHA Enterprise and the Google Privacy Policy and Terms of Service apply.

By providing your information, you agree to our Terms of Use and our Privacy Policy.
				We use vendors that may also process your information to help provide our services. This site is protected by reCAPTCHA Enterprise and the Google Privacy Policy and Terms of Service apply.","{'href': 'https://www.indiewire.com', 'title': 'IndieWire'}","entertainment"
"https://news.google.com/rss/search?q=site:pitchfork.com","“The Star-Spangled Banner”","https://pitchfork.com/reviews/tracks/francis-scott-key-the-star-spangled-banner/","Sat, 04 Jul 2026 04:00:00 GMT","

Genre:

Folk/Country

Label:

self-released

Reviewed:

July 4, 2026

When Whitney Houston divebombs into the second syllable of “gleaming,” pause the tape.

The 27-year-old superstar is exactly 20 seconds into “The Star-Spangled Banner” at Super Bowl XXV, her skin already dewy from Tampa humidity and, ostensibly, the extraordinary circumstances. She is only the second Black woman to sing the song at our country's biggest sports spectacle, less than a decade after Diana Ross fully indoctrinated the modern era of celebrity-spangled national anthems in 1982.

What's more, 10 days earlier, in January 1991, the United States had launched Operation Desert Storm, dropping munitions on Iraq with the stated aim of freeing Kuwait. For more than a century, “The Star-Spangled Banner” had been used as a wartime rallying cry, a way to boost patriotism as the United States entered this war or that one. The military action was so significant that New Kids on the Block's halftime show didn't actually air during halftime. Instead, Peter Jennings told a captive television audience about the hail of American bombs falling on Iraq; ABC only broadcast New Kids after the New York Giants eked out their second Super Bowl victory.

As the camera panned across a series of state flags arranged across the field in alphabetical order while Houston finished her first lines, a suspicious but telling symbol fluttered in the January breeze: the battle flag of the Confederacy. Early in 1956, less than two years after the country's Supreme Court declared that school segregation was unconstitutional, Georgia—a state so completely razed during the Civil War that its continued existence became fodder for Lost Cause zealots—decided that its previous flag's homage to the Confederacy was suddenly too subtle on the question of secession. The new banner, one Georgia representative insisted, will declare “what we stood for, will stand for”: that is, state-sustained American racism.

About 80 seconds later, Houston hits the back half of “brave” and jabs her right arm in the air before quickly following with her left. That split second feels like a fleeting homage to the closed fist of Black power, like the one Olympic sprinter Tommie Smith had hoisted from the Olympic podium a quarter century earlier. More than 125 years had passed since Lee surrendered to Grant at Appomattox, and it would take 17 more years for the United States to elect its first Black president. Intentional or not, Houston's rapturous take on the anthem—a beautiful arc of patience, precision, and payoff—seemed stuck somewhere nearer the middle of history, sandwiched between the push for progress and those committed to regional revanche.

“The Star-Spangled Banner” has always been a protest song. I mean this historically and literally: In September 1814, Francis Scott Key watched from a ship held under British control as the redcoats tried to penetrate the defenses of Baltimore Harbor and take the city. Key had been keeping his eye to the sky, hopeful that the 30-foot-by-42-foot American flag flying over the mission-critical Fort McHenry would still be waving in the morning. When it was, he spent the next three days aboard the ship writing “Defence of Fort McHenry,” a four-verse celebration of the triumph that he set to the melody of a British drinking standard. Sure, Key scorned the British in his song, but the United States was so inchoate that this War of 1812 was more tellingly called the Second War of Independence. His protest was a plea for national unity at a moment when that concept remained too nebulous even to be called fragile.

More than a century passed before the song became the official national anthem of the United States; Herbert Hoover signed a bill so simple in 1931 that it seemed like a foregone conclusion. And, in most ways, it was: Alongside its galvanizing use in The Civil War and World War I, “The Star-Spangled Banner” had become both a battleground for American political factions and a mirror of its national failings, aspirations, and quandaries. Its lyrics had been rewritten to advocate for women's suffrage, to rail against slavery, to proselytize for peace, and to encourage worker solidarity, all before 1931. Because so many Americans knew the melody and Key's words, its musical and lyrical form became a convenient conduit for other arguments about domestic life and policy, about the shape the country should take. “The Star-Spangled Banner” mutated to fit circumstances, like a piece of the oral tradition amplified by a young country's rapid growth and its plethora of newspapers. Despite how inert the anthem can feel nearly a century after it became the thing we are all obligated to hear all the time, it remains an endlessly adaptable song that can be used to say anything about the country we want ours to become.

The ambiguity and complexity of the national anthem flow directly from the man who wrote it. Key was a 35-year-old Georgetown lawyer and father who also loved writing verse when a U.S. general dispatched him to a British ship to plead for the release of a 65-year-old physician who had been taken prisoner during the War of 1812. Key opposed that war; still, he'd served two brief stints in the local militia after being motivated by an attack on the country his family emigrated to in 1720, before it was even a country.

The contradiction seemed typical for Key. Nearly a decade earlier, he had filed his first legal petition for the release of an enslaved person, a specialty of his legal career that eventually led him to argue in front of the Supreme Court. “No single lawyer is affiliated with more freedom petitions in the District of Columbia than Key,” writes musicologist Mark Clague in his smart and dogged history of the anthem, O Say Can You Hear? Key advocated for so many enslaved people that he himself was met with racist nicknames. Yet Key not only owned people but decried outright abolition as a plan bound to fail. He cofounded an organization that relocated Black Americans to Africa. Key was a white supremacist with, at best, a benevolent savior streak.

This hypocrisy famously radiates from his violent third verse, where Key squares up to the enemies who swore that the United States couldn't withstand this assault and celebrates how their spilled blood has washed away their “foul footsteps' pollution.” He then lambastes “the hireling and slave,” on the run from American vengeance and bound to die anyway. Key never said much about his signature song, so historians have been left to argue about his language: Was this a vindictive reference to enslaved Black people who fought for the Brits in the Corps of Colonial Marines, or to British fighters themselves (“professional soldiers and vassals of King George III,” as Clague writes), especially a particular general killed in the Baltimore bombardment? We may never definitively know, but Key opted to mention slaves in his ode “to the Land of the Free,” executing a four-line end rhyme that will forever complicate the way his words feel, no matter the facts.

The third verse is, of course, not even part of the United States' national anthem, despite how much scrutiny it has received. Decades before Hoover signed that bill, teachers had begun asking for a standardized version of the song that their students might sing. Preempting explicit-lyrics warnings by 80 years, the National Education Association dropped the third verse in 1912; this bowdlerized text soon led to the “Service Version,” the sheet music that established the sound you imagine when you now think of “The Star-Spangled Banner” performed in an official American capacity, especially at military functions.

This codified rendition is a strange seesaw of a song, its constant toggle between quick rests and rising harmonies producing the seasick sensation of moving without actually going anywhere, of bobbing up and down in place. The song is strophic, so that all the verses adhere to the same music. It is a minor blessing, then, that the second, fourth, and (of course) third verses are so rarely performed in public; five minutes of “The Star-Spangled Banner” start to feel like being locked in some cheap state fair's funhouse.

Dropping the third verse also codified something that was, is, and always should be crucial to “The Star-Spangled Banner” as a national anthem, perhaps its greatest strength: It is flexible. Not long after it was written, a Texas teacher translated it into German, his native tongue. The move became a boon for hundreds of thousands of German-Americans in the Union Army during the Civil War, where the song began to emerge as the de facto national anthem. People rewrote it to decry the Confederacy, to celebrate some dead hero. It was not static.

To wit, Clague has compiled nearly 600 variations on “The Star-Spangled Banner,” a number that continues to grow. Some have become political tools, used to advocate for the rights of those sometimes denigrated as outside of the American experience. There's an Ojibwe version older than the Emancipation Proclamation that chronicles indigenous battles with alien invaders called Americans; a star-studded Spanish-language version, “Nuestro Himno,” arrived in April 2006, as immigration reemerged as an extreme flashpoint. There is Pitbull, shouting “Ya! Es tiempo de romper las cadenas” toward the end, telling everyone within earshot to break their chains, to fight. George W. Bush used this moment to suggest people learn English, not to reiterate the idea of American inclusivity.

By dint of the melody that Key borrowed, “The Star-Spangled Banner” has always been an exclusionary song. Written just before the colonies went to war for independence, “The Anacreontic Song” was the anthem for a London social club that specialized in music, named for a Greek lyricist who excelled in songs about sex and booze. With six long verses and a melodic structure that used very high notes to emphasize dramatic moments, it wasn't intended for the entire group to sing. It was meant for a talented soloist, someone who could persevere wow. “It was composed to enable the exceptional singer to impress,” writes Clague.

Though throngs of Americans have always trudged their way through “The Star-Spangled Banner” en masse, it is, perhaps now more than ever, a showpiece for our stars. The most anodyne versions are those where such a star sings this famously difficult song “correctly” without saying anything else, when they see it as an obligation of success rather than an invitation for art. When she was 18, Taylor Swift rendered it as though she'd never read a history book, simply standing and delivering the lines with a sparkly guitar like some memorized homework assignment. (Swift once said she used opportunities to sing the anthem as a chance to get in front of a “large group of people.” The 2008 rendition, to date, is her last.) Charlie Puth made it sound this year like the theme song for some Disneyland amusement park where only good things ever happen. When the best thing you can say about any version of “The Star-Spangled Banner” is that it was fine, that is, to me, a failure by forfeiture.

The most compelling versions of “The Star-Spangled Banner” have long been the additive ones, those that use its flexibility to take the true patriotic risk of saying something new about the experience of being an American. As the Vietnam War peaked in 1968, José Feliciano—born blind in Puerto Rico before moving to Spanish Harlem—turned it into a bittersweet acoustic lament that drew ire but sounded insistent and honest. A year later, on Monday morning at Woodstock, the veteran-turned-radical Jimi Hendrix offered it as a summary of American discord, resistance, and resolve; playing through sheets of sheer noise and bending the theme until it nearly broke, Hendrix provided a national indictment that, in the end, crackled with hope.

After an 11-year-old Texas boy named Sebastian De La Cruz sparked a racist outcry when he performed the anthem in a charro suit during the NBA Finals in 2013, the team invited him back two days later. Sporting an even flashier getup, he hit the calamitous high point like he'd launched and landed a career-defining, half-court buzzer beater. And in July 2020, when the NBA resumed its Covid-interrupted season amid nationwide Black Lives Matter protests, Jon Batiste interlaced “The Star-Spangled Banner” with “Lift Every Voice and Sing,” often called the Black National Anthem. It was a reminder of the hollow promise at the core of Key and his anthem, of the endless quest to fill in that blank space with actual freedom and equality.

In the last several weeks, I have watched and listened to so many versions of “The Star-Spangled Banner” that my YouTube algorithm is certainly on the brink of feeding me far-right backwash forevermore. I've seen men's choirs perform “The Anacreontic Song,” which gave Key his melody back in 1814; 8-bit versions where fireworks explode over flags where the stars are only plus signs; assorted and terrible AI-driven EDM remixes that felt like pure hits of intravenous jingoism, as though all of this song's very thorny and compelling and telling history had simply been reduced into some thick good-vibes-only syrup. As the United States reaches its 250th anniversary, its founding ideals—espoused by Key when he wrote of the brave and free—seem to so many of us like Sisyphean standards, goals that we will never reach despite our exertion. Simply belting out or bouncing along to “The Star-Spangled Banner” in 2026 is an act of reflexive patriotism, then, a flag decal slapped on the back of an F-350. If you like 100 iterations of “The Star-Spangled Banner,” my feed tells me, you will love this Greg Gutfeld supercut.

For me, though, there is an affirming version, a best version, a version that makes me feel like the song and the country can just maybe live up to the very high bars they set for themselves but have never cleared. By November 2016, Aretha Franklin had performed “The Star-Spangled Banner” for at least a dozen major events, including Super Bowls, Ivy League graduations, and Obama's first Fourth of July as president. She'd suffered through racist backlash to her version at the cursed 1968 Democratic National Convention, when she was only 26 and just emerging as The Queen of Soul, to become one of the song's most interesting conduits. Almost every version she sang was fluid and new.

In a fur coat and a Detroit Lions stocking cap, Franklin, a 74-year-old daughter of the South and the Great Migration, sits at a shiny black Yamaha piano straddling the 50-yard line for the Thanksgiving Day game between the Lions and the Minnesota Vikings. The country had elected Donald Trump president 16 days earlier. The Lions and Vikings are middle-of-the-pack teams, both pushing for playoff spots, so they are anxious to get going. Players bounce on the balls of their feet and nod their heads like they're still listening to pump-up jams.

Franklin does not care about time, because she has something to say. On the longest version of the anthem ever broadcast, Franklin works through the familiar words like she's trying to find their meaning for the very first time, improvising alongside the organist Richard Gibbs, who hawk-eyes her for the changes. Her voice dips, dives, cracks. She shifts “perilous fight” to “perilous flight.” And when she finally reaches Key's lyrics about seeing the flag by the light of the bombs, she repeatedly shouts the line, like she's just as surprised as Key was so long ago.

At the Super Bowl, the anthem averages less than two minutes; Franklin is nearly three minutes into it when she reaches those lines, when the crowd finally begins to connect and roar back a response. When she arrives near the end, she comes again and again to “home of the brave,” pounding the keys as she lets out gospel paroxysms before heading back for the phrase. It feels like a mass call-to-arms, a command for perseverance, the encouragement of someone who has seen enough to know that the best you can do is to lift every voice and sing. On the sidelines, Lions safety Miles Killebrew raises his closed right fist, pumps it, and then screams.

Franklin died less than two years later, and this was the final time she would perform “The Star-Spangled Banner” in public. It was musically free and brave, an end-to-end improvisation in front of a couchbound country at the precipice of crisis. It was politically free and brave, too, the final testimony of someone who knew enough to know what was still worth fighting for, no matter the bad news that would never fully disappear.

More From Pitchfork

Events

© 2026 Condé Nast. All rights reserved. Pitchfork may earn a portion of sales from products that are purchased through our site as part of our Affiliate Partnerships with retailers. The material on this site may not be reproduced, distributed, transmitted, cached or otherwise used, except with the prior written permission of Condé Nast. Ad Choices

CN Entertainment","{'href': 'https://pitchfork.com', 'title': 'pitchfork.com'}","entertainment"
"https://news.google.com/rss/search?q=site:rollingstone.com","Taylor Swift's BFF Abigail Anderson Wore This Indie Label's Dress to the Wedding: Here's Where to Buy It Online","https://www.rollingstone.com/product-recommendations/style/find-abigail-anderson-taylor-swift-wedding-dress-buy-online-1235589058/","Sat, 04 Jul 2026 02:32:14 GMT","


							By 

	Alexis Mikulski Ruiz



	If you purchase an independently reviewed product or service through a link on our website, Rolling Stone may receive an affiliate commission.


	America's version of the royal wedding officially happened today, with Taylor Swift marrying Travis Kelce in a ceremony at Madison Square Garden. The star-studded affair could rival the Met Gala, with celebrities turning out in droves to watch the couple tie the knot. Guests reportedly included Ethan Hawke, Selena Gomez, Sabrina Carpenter and Dakota Johnson, while Adam Sandler officiated the ceremony (yes, that's true — not a rumor). Swift's longtime best friend, Abigail Anderson, was also there to celebrate the happy couple.


	While Swift wore a custom Dior Haute Couture gown, Anderson, who met Swift back in 2004 and inspired songs like “Fifteen,” went viral for her stunning Sau Lee dress. Not only was the look a standout on its own, but Anderson also happened to be twinning with another wedding guest: Laura Kruk, the fiancée of JuJu Smith-Schuster (a.k.a. Travis Kelce‘s former teammate).




	$795.00






	$795.00




		To no one's surprise, this dress is selling out fast on the heels of its (double) spotting at Swift's wedding, though you can still find it available at both Revolve and Anthropologie. 	


	The two women both wore the same wedding guest dress silhouette to the event, and if you want to join them, you can still grab the gown online. It's currently available for preorder at Revolve, with shipping expected between July 18 and July 26. Sizes are already disappearing quickly, and after the viral attention the dress received on social media, we don't expect it to stay in stock for long. Luckily, we also spotted it at Anthropologie, where every size appeared to be available at the time of writing.




	From Hong Kong designer Cheryl Leung and her independent label, Sau Lee, Anderson's gown retails for $795 and is crafted primarily from polyester with intricate floral detailing along the bodice. After photos of Anderson and Kruk surfaced, fans online immediately speculated that the matching dresses could have been bridesmaid looks, though that has not been confirmed. Swift famously served as a bridesmaid at Anderson's wedding back in 2017.




	If this ends up being anything like the Polo Ralph Lauren dress Swift wore when she got engaged, expect this one to go fast. Anything connected to the Grammy winner — whether it's from her own closet or one of her friends' — has a habit of selling out almost instantly. Grab it while you can, and keep up with all of our coverage surrounding Taylor Swift and Travis Kelce's wedding here.

We want to hear it. Send us a tip using our anonymous form.

Rolling Stone is a part of Penske Media Corporation. © 2026 Rolling Stone, LLC. All rights reserved.","{'href': 'https://www.rollingstone.com', 'title': 'Rolling Stone'}","entertainment"
"https://news.google.com/rss/search?q=ufo","Tom Jennings and Stan Crosby honored at UFO Festival","https://www.rdrnews.com/news/local/tom-jennings-and-stan-crosby-honored-at-ufo-festival/image_1154d39f-2e0a-479b-b747-446897cfeaeb.html","Sat, 04 Jul 2026 06:00:00 GMT","



On Thursday evening, at the UFO Festival, members from the city of Roswell unveiled a new plaque on the Roswell UFO Festival Walk of Fame. The plaque commemorates Tom Jennings and Stan Crosby, two of the founders of the UFO Festival, which started in 1995. Pictured is Tom Jennings kneeling next to the plaque. Crosby couldn't attend.





Your browser is out of date and potentially vulnerable to security risks.We recommend switching to one of the following browsers:","{'href': 'https://www.rdrnews.com', 'title': 'Roswell Daily Record'}","other"
"https://news.google.com/rss/search?q=world+news+site:rt.com","RT in Russian","https://russian.rt.com/world/news/1652465-vzryv-monako-signal-evrope?utm_source=rss&utm_medium=rss&utm_campaign=RSS","Sat, 04 Jul 2026 04:16:59 GMT","

Об этом посол заявил РИА Новости.

По его мнению, привычные для Украины методы теперь распространяются на европейские страны.

«Это непосредственный сигнал европейским странам о том, кого они вырастили», — резюмировал Мирошник, подчеркнув, что Европе, к сожалению для неё, придётся с этими нравами считаться.

Вечером 29 июня мощный взрыв прогремел на улице в Монако, в результате пострадали три человека, двое из них получили серьёзные ранения.

Ранее Интерпол опубликовал ориентировку на подозреваемую в покушении на украинского олигарха Вадима Ермолаева с указанием её национальности и отличительных признаков.

В ФРГ полицейские обыскали и изъяли авто подозреваемой по делу о взрыве в Монако.

© Автономная некоммерческая организация «ТВ-Новости», 2005—2026 гг. Все права защищены.

Сетевое издание rt.com зарегистрировано Роскомнадзором 14 августа 2020 г., свидетельство Эл № ФС 77-78993

Главный редактор: Симоньян М. С. Адрес редакции: 111020, Москва, Боровая улица, 3к1. Телефон: +7 499 750-00-75 доб. 1200 E-mail: info@rttv.ru

Политика АНО «ТВ-Новости» в отношении обработки персональных данных

Организации, признанные экстремистскими и запрещённые на территории РФ

Данный сайт использует файлы cookies","{'href': 'https://russian.rt.com', 'title': 'russian.rt.com'}","world"
"https://news.google.com/rss/search?q=world+news+site:tass.com","Putin congratulates Trump on 250th anniversary of US independence","https://tass.com/politics/2155489","Sat, 04 Jul 2026 06:57:00 GMT","

MOSCOW, July 4. /TASS/. Russian President Vladimir Putin sent a congratulatory message to US leader Donald Trump on the occasion of the 250th anniversary of US independence.

""The signing of the United States Declaration of Independence not only heralded the birth of your nation but also constituted a landmark event in world history. It was then that Russia extended its unequivocal support to the North American colonists in their struggle for freedom from British rule,"" the message published on the Kremlin website says.

Russia and the United States, as the world's two largest nuclear powers, bear a special responsibility for ensuring global security and stability, Putin also stated. ""Today, Russia and the United States as the world's two largest nuclear powers bear a special responsibility for maintaining international security and stability,"" Putin said, noting that the two-and-a-half centuries of relations between the two countries include many proud chapters. ""We fought as allies in two world wars, together liberating humanity from the horrors of Nazism, and subsequently played a pivotal role in shaping the foundations of the contemporary world order,"" the president noted.

""The establishment of constructive, equitable and mutually beneficial relations between Moscow and Washington serves the interests not only of our peoples but also of the entire international community,"" Putin concluded.","{'href': 'https://tass.com', 'title': 'tass.com'}","world"
"https://news.google.com/rss/search?q=world+news+site:rt.com","America turns 250. How much of its survival does it owe Russia?","https://www.rt.com/news/642507-america-turns-250-russias-role/","Sat, 04 Jul 2026 05:59:00 GMT","

On July 4, the United States celebrates the 250th anniversary of its independence. Americans will honor the Founding Fathers, the Continental Army, and France's decisive contribution to victory over Britain. But one foreign power that also helped shape the fate of the young republic has largely disappeared from popular memory.

Twice in American history, first during the War of Independence and later during the Civil War, the Russian Empire took diplomatic and naval steps that helped the United States survive moments when its future was far from certain. Both times, St. Andrew's flag flew on the side of the American republic.

When people think of the American Revolution, they usually picture battles at Lexington, Saratoga, or Yorktown. Far less attention is paid to the struggle at sea. Yet Britain's greatest advantage over the rebellious colonies was not simply the Royal Navy itself, but its ability to wage economic warfare across the world's oceans.

In the eighteenth century, a maritime empire lived or died by commerce. Merchant fleets carried not only wealth but also food, weapons, military supplies, and the resources needed to sustain both armies and colonies. Disrupting those shipping lanes could cripple an opponent without winning a single decisive naval battle.

One of the most effective tools for doing so was privateering.

Privateers occupied a legal middle ground between naval officers and pirates. Governments issued them letters of marque authorizing privately owned vessels to capture enemy merchant ships. Unlike pirates, privateers operated under state authority, bringing captured cargoes back to friendly ports, where the proceeds were divided between the state and the shipowners.

The system allowed maritime powers to wage commercial warfare on an enormous scale without maintaining prohibitively expensive fleets. Privateers could also stop neutral merchant ships if they were suspected of carrying goods destined for the enemy, particularly military supplies. As the American War of Independence expanded into a broader European conflict following the intervention of France and Spain, this increasingly drew neutral shipping into the fighting.

Russia, despite remaining outside the war itself, found its merchant vessels among those affected. Russian ships carrying grain and other cargoes to Mediterranean ports were increasingly intercepted by both regular warships and privateers. What had begun as Britain's campaign against its enemies was gradually becoming a threat to neutral commerce across Europe.

By the late 1770s, Catherine the Great concluded that neutrality meant little unless it could be defended. The stage was set for one of the most consequential diplomatic interventions of the American Revolution.

By 1778, Russia had already begun looking for ways to protect its merchant shipping. St. Petersburg proposed that Denmark jointly escort commercial vessels sailing to Russian ports, hoping to shield neutral trade from the growing conflict. The following spring, Russia, Denmark, and Sweden each dispatched naval squadrons to patrol northern waters while issuing declarations defending the rights of neutral commerce.

The effort, however, failed to stop the seizures. Spain, despite being aligned with revolutionary France against Britain, continued intercepting Russian and Dutch merchant ships carrying grain to Mediterranean ports. 

On February 28, 1780, the Russian empress responded with one of the most important diplomatic initiatives of the eighteenth century: the Declaration of Armed Neutrality.

Its message was simple. Russia had respected the rights of neutral commerce throughout its own wars and expected the same treatment in return. If Russian merchant ships continued to be stopped or their cargoes confiscated, the empire would defend its maritime rights by force. Any attempt to seize Russian vessels now carried the risk of war with one of Europe's great powers.

The declaration established several principles that would reshape maritime law. Neutral ships were to enjoy free navigation between the ports of belligerent states. Enemy goods carried aboard neutral vessels were to remain protected unless they constituted military contraband. Blockades would be recognized only when they were physically enforced by naval forces rather than proclaimed on paper. Most importantly, Russia pledged to back these principles with armed squadrons rather than diplomatic protests alone.

Catherine's initiative quickly evolved into something far larger than a Russian policy. Denmark and Sweden joined almost immediately, effectively closing the Baltic to unrestricted operations by the warring powers. Over the following years, the Netherlands, Prussia, Austria, Portugal, and the Kingdom of Naples also adhered to the convention. Even France, Spain, and the United States broadly accepted its principles, although they never formally entered the league. Britain, whose naval strategy stood to lose the most, remained the only major power to reject it.

The greatest beneficiary, however, was neither Russia nor the European neutrals. It was the thirteen rebelling colonies.

Without the principles established by the Armed Neutrality, Britain would have enjoyed far greater freedom to isolate American ports and choke off the overseas trade on which the revolutionary economy depended. By limiting London's ability to interfere with neutral shipping, Catherine's declaration made such a blockade far more difficult to sustain. The young republic still had to win its independence on the battlefield, but the sea became a far less effective weapon against it.

For a nation celebrating 250 years of independence, this remains one of the least remembered international chapters of the American Revolution.

The second time Russia found itself playing an unexpected role in American history came more than eighty years later.

By 1863, the United States was fighting for its survival once again. The Civil War had reached its most decisive phase. Abraham Lincoln had issued the Emancipation Proclamation earlier that year, transforming the conflict from a struggle to preserve the Union into a war against slavery itself. Across the Atlantic, another monarch had only recently carried out a similarly transformative reform. In 1861, Tsar Alexander II abolished serfdom, earning the title by which history still remembers him – the Liberator.

The parallel did not go unnoticed.

As the Civil War intensified, Britain openly sympathized with the Confederacy. The reasons were hardly ideological. British textile mills depended heavily on cotton from the slaveholding South, while many in London viewed a divided United States as preferable to the emergence of a stronger rival across the Atlantic.

The danger was real. A direct British intervention, or even a limited naval operation, could have dramatically altered the course of the war.

In the summer of 1863, Alexander II made an unexpected move.

Rather than keeping his fleets bottled up in European waters, he dispatched two Russian naval squadrons across the Atlantic and Pacific. Rear Admiral Stepan Lesovsky sailed for New York, while Rear Admiral Andrei Popov headed to San Francisco. Officially, the deployment was presented as a training cruise. In reality, it carried a far more important strategic message.

Should Britain enter the war against either Russia or the Union, Russian warships would already be positioned to threaten British maritime commerce across the world's oceans.

For Washington, however, the arrival of the Russian fleet sent an entirely different signal.

It demonstrated that at a moment when most European powers were either hostile or cautiously waiting to see who would prevail, one great power had chosen to make its presence felt on the side of the Union.

Popov's squadron reached San Francisco at a particularly vulnerable moment. The Union possessed virtually no naval force on the Pacific coast. The ironclad Camanche, intended to defend the region, had sunk in the bay while still being transported in sections aboard a sailing vessel. Meanwhile, a British squadron stationed in Canada remained a potential threat should London decide to intervene.

Against that backdrop, the presence of Russian corvettes and clippers effectively secured California's coastline and discouraged any attempt to impose a blockade or launch raids against Union territory.



The Russian sailors soon found themselves fighting a different enemy altogether.

Only weeks after their arrival, a devastating fire broke out in San Francisco. Around 200 Russian officers and sailors joined local firefighters to battle the flames. Six of them lost their lives. Today, a modest memorial on the Embarcadero waterfront still commemorates their sacrifice.

American historians have often regarded Popov's deployment as one of the expedition's most tangible contributions to the Union war effort. Even without firing a shot, the squadron altered the strategic balance along the Pacific coast.

On the opposite coast, Lesovsky's arrival in New York became a public sensation.

Thousands of New Yorkers welcomed the Russian sailors. Banquets were organized in their honor, Broadway hosted celebratory processions, and the city's political and business elite competed to demonstrate their gratitude. At the very moment when British and French naval officers also filled New York's harbor, public enthusiasm left little doubt about which visitors Americans regarded as friends.

Lesovsky's squadron represented a formidable force: the frigates Alexander Nevsky, Peresvet, and Oslyabya, the corvettes Varyag and Vityaz, and the clipper Almaz. In effect, Russia had dispatched nearly all of the Baltic Fleet's ocean-going warships.

The deployment of the Russian squadrons was, of course, never an act of pure altruism.

At the very moment American newspapers celebrated the arrival of Russian warships, Alexander II faced mounting tensions much closer to home. The January Uprising had erupted in Russian-controlled Poland earlier that year, drawing sympathy from Britain and France. Memories of the Crimean War were still fresh in St. Petersburg, and another confrontation with the Western powers seemed entirely possible.

Russia had learned one painful lesson from the Crimean conflict. Fleets trapped in the Baltic and the Black Sea could do little once war began. But squadrons already operating on the world's oceans could threaten Britain's maritime commerce almost immediately.

Sending the fleet overseas therefore accomplished two strategic objectives at once.

If Britain intervened against Russia over Poland, Russian cruisers would already be positioned to strike British shipping across the Atlantic and Pacific. If Britain intervened in the American Civil War on behalf of the Confederacy, those same squadrons would complicate London's military calculations and strengthen the Union's position.

It was an elegant geopolitical move that advanced Russian interests while simultaneously benefiting the United States.

London ultimately chose not to escalate. France followed the same course. Whether the Russian squadrons alone changed that decision remains a matter of historical debate, but their presence undeniably became part of the broader strategic equation confronting the European powers.

For Americans living through the Civil War, however, the symbolism mattered just as much as the strategy.

Historian James Ford Rhodes, one of the founders of modern American historiography, later recalled the extraordinary reception given to the Russian fleet. Banquets, parades, official ceremonies, and public celebrations reflected what he described as genuine gratitude toward the only great European power that had openly demonstrated goodwill toward the Union at one of the darkest moments in its history.

For many Americans of the 1860s, Russia was not a rival. It was a friend.

History rarely unfolds through grand battles alone.

Sometimes the outcome of a war depends on diplomatic declarations, the movement of a few naval squadrons, or the willingness of one power to defend principles that also happen to serve its own interests.

Neither Catherine II nor Alexander II acted out of sentiment toward the United States. Both pursued Russia's strategic objectives. Yet on two separate occasions, those objectives aligned with the survival of the American republic.

The first came when Britain's naval dominance threatened to isolate the rebelling colonies from global trade. The second came when the Union faced the possibility of foreign intervention during the Civil War.

In both cases, Russian actions helped make those outcomes less likely.

Two hundred and fifty years after the Declaration of Independence, Americans will rightly celebrate the men who founded their republic. Yet the history of the United States was never written by Americans alone. Foreign allies, rivals, and unexpected partners all left their mark on the nation's story.

Among them was the Russian Empire.

By Georgiy Berezovsky, Vladikavkaz-based journalist

RT News App

© Autonomous Nonprofit Organization “TV-Novosti”, 2005–2026. All rights reserved.

This website uses cookies. Read RT Privacy policy to find out more.","{'href': 'https://www.rt.com', 'title': 'rt.com'}","world"
"https://news.google.com/rss/search?q=world+news+site:theguardian.com","‘My childhood stopped': woman sues CPS after taking stepfather to abuse trial","https://www.theguardian.com/law/2026/jul/04/my-childhood-stopped-woman-sues-cps-after-taking-stepfather-to-abuse-trial","Sat, 04 Jul 2026 08:06:00 GMT","

Annie's lawyers argue that prosecution was so badly executed it breached her human rights

At her kitchen table, in a village in southern England, Annie* sits with a blue folder stuffed with court documents, witness statements and correspondence relating to the trial of her stepfather, whom she had reported to police for alleged childhood abuse.

As she prepared to tell her story for the first time, she was flooded with emotion when a photograph fell from the folder. The square Polaroid showed a young girl standing in a field beside a pony, dressed in jodhpurs and a riding hat.

The young girl was Annie, who at the time was 12. “That's what I was like when the abuse started,” she said. “I was just a developing young girl. And that's when my childhood stopped.”

Annie reported her childhood stepfather to the police in 2017. She had previously disclosed the alleged abuse, when she was 18, in front of her mother, stepfather and a friend, but no action was taken.

By 2017 it had been some time since she had last disclosed the alleged abuse, but she had learned that her stepfather was babysitting young extended family members, and felt that unless she came forward “this was never going to stop”.

Annie resolved that she was “going to do something about this”. It marked the start of an almost decade-long fight. And one which continues.

When Annie's case against her alleged abuser finally came to trial in 2021, after multiple abandoned court dates, the case resulted in not guilty verdicts and a hung jury.

In a rare case, she is now suing the Crown Prosecution Service (CPS). Her lawyers, at the Centre for Women's Justice (CWJ), argue that the prosecution was so badly executed it amounted to a breach of her human rights.

One of Annie's key complaints is that prosecutors did not apply to introduce bad character evidence about her stepfather, and so all references to the domestic abuse and cruelty and neglect she also alleged she had suffered as a child were edited out of her police interview.

A photograph she had provided to the police, which she says was taken of her mother just after she had been assaulted by her stepfather, in which her injuries were clearly visible, was not shown to the jury; a solicitor's letter that mentioned a violent assault on another family member was not referred to, and reports of police speaking to him about allegations of domestic abuse were also not introduced in court.

It meant Annie could not put her allegations, and her difficulty in reporting them, into the context in which she says they had happened.

“How can I not talk about the fact that these enormous fights are going on?” she said. “And that fear: that's the main thing that is around this family, fear.

“We walk on eggshells, it's more like broken glass, all of our lives since they got married. That's what it was like.

“There was a loaded shotgun behind the larder door. How can you live a normal life when there's a loaded shotgun there? You can't live a normal life. You're petrified that if you take a step wrong, that gun is going to come out.”

A 2025 inspection report into adult rape cases found there needed to be better identification and consideration for bad character applications to strengthen prosecution cases, stating: “In fewer than two in 10 cases where it was relevant did the prosecutor address how bad character relating to the suspect could have strengthened the case.”

Annie said: “Sexual abuse on children doesn't just happen in a moment in time, in isolation.

“So often there are things going on in the background. There is violence, there is intimidation, there is domestic abuse.”

By the time the case eventually got to court, her stepfather had been charged with multiple counts of indecent assault, and one of rape.

On several occasions before the trial, Annie had to watch her achieving best evidence (ABE) interview, which was three-and-a-half hours long, only for those court dates to be cancelled at short notice.

When her case finally came to court, she met her CPS-allocated barrister.

“Not once in four years have I met my barrister who's going to defend me,” she said. “He comes down to see me after I've watched my ABE again. His first words to me were: ‘I'm sick of your face, to be honest.' And I literally couldn't speak.”

He had said this, she said, “because he's had to watch my ABE so many times”.

“And I just felt like crumbling,” she said. “I felt like saying I'm sorry. You know, what do you say?”

One trial was begun and then abandoned after the wrong evidence was shown to the jury.

The police wrote a letter “saying how sorry they were that the judge was inconvenienced that day”, Annie said. “I had to watch my ABE again in the victim room downstairs in the cellar with the cleaner, the court staff listening to my abuse, to me discussing my rape.

“I didn't get anybody writing to me saying: ‘I'm really sorry you had to do that,' but the judge got a written apology.”

According to Annie's complaint, during the trial key witnesses who would have supported her account of events were not called. She says she was not told why.

Bad character and hearsay evidence can be admitted only if a judge agrees the jury can hear it, and so it is not clear whether this would have been the case should the CPS have asked.

The jury found her stepfather not guilty of some of the sexual assaults. It was unable to reach a majority verdict on the others or on the rape. His defence was that Annie had fabricated the allegations.

It is impossible to know whether the verdicts would have been different had the bad character evidence been introduced.

Soon after, Annie attended an online meeting with the CPS, and days later, she learned they would not be seeking a retrial.

“I'd had no prior warning to this; I received a letter just as I was about to walk out the door, saying that my stepfather had been acquitted of all charges,” she said.

“I was so shocked; I just took the letter upstairs and just fell back on the bed and I was so upset. I couldn't even tell [my husband] about it, I just couldn't,” she said. “I just couldn't tell anybody because I just didn't have the language for it.”

But for Annie, it did not mark the end. She began throwing herself into legal research.

“So on my own, feeling the worst I've ever felt in my life, physically and mentally, I had to start writing this complaint, which took a year,” she said. “But at the end of it, the CPS did come back and said that they had made this legal error not to adduce all of the bad character evidence.”

Armed with this admission of failure from the CPS, she took her case to the CWJ, which has issued a claim against the public body on Annie's behalf.

“In Annie's case there appear to have been so many bases on which the CPS could have applied to introduce the bad character evidence,” said Kate Ellis, a CWJ solicitor.

“For example, the law recognises that evidence of domestic violence can be admitted as evidence that the defendant has a propensity to commit other forms of violence against women and girls.”

“This is why, we think, the CPS has admitted to getting the law wrong in response to Annie's complaint,” she added, “but that admission is, sadly, too little too late.”

“I don't think I could have imagined that nearly a decade on I would still be feeling like I did this morning,” Annie said. “Finding the photographs, looking at all the documentation, and it just ripping me up, to those same emotions.

“I'm still having to fight to be heard. I haven't received justice. But I do see an end is in sight, and I do hope that something good will come out of this.

“So that other women will be listened to, and their abuse will be listened to in its entirety.”

A CPS spokesperson said: “Due to live civil litigation proceedings, we are unable to comment on the specifics of this case.

“More broadly, we recognise the profound impact that rape and serious sexual offences can have on victims, and are committed to continuous learning to strengthen consistency across the CPS.”

*Name has been changed.

The best public interest journalism relies on first-hand accounts from people in the know. If you have something to share on this subject, you can contact us confidentially using the following methods:

The Guardian app has a tool to send tips about stories. Messages are end to end encrypted and concealed within the routine activity that every Guardian mobile app performs. This prevents an observer from knowing that you are communicating with us at all, let alone what is being said.



If you don't already have the Guardian app, download it (iOS/Android) and go to the menu. Select ‘Secure Messaging'. 

Our guide at theguardian.com/tips lists several ways to contact us securely, and discusses the pros and cons of each. ","{'href': 'https://www.theguardian.com', 'title': 'The Guardian'}","world"
"https://news.google.com/rss/search?q=world+news+site:dw.com","Sweltering on the Fourth of July: Heat tests the US at 250","https://www.dw.com/en/sweltering-on-the-fourth-of-july-a-heat-wave-tests-the-us-at-250/video-77826513","Sat, 04 Jul 2026 04:04:28 GMT","

To view this video please enable JavaScript, and consider upgrading to a web browser that supports HTML5 video

Many Americans had planned to celebrate outdoors, but extreme heat has put a damper on Fourth of July festivities. In some areas, officials have canceled events as temperatures reach dangerous levels.","{'href': 'https://www.dw.com', 'title': 'DW.com'}","world"
"https://news.google.com/rss/search?q=bitcoin","Is Bitcoin a Buy After Its Recent Selloff?","https://www.fool.com/investing/2026/07/04/is-bitcoin-a-buy-after-its-recent-selloff/","Sat, 04 Jul 2026 09:08:12 GMT","

Bitcoin (BTC +1.33%) continues to slide, recently falling to 50% below its all-time high. That's its largest drawdown in several years. It's also somewhat unexpected. President Trump announced the U.S. Strategic Bitcoin Reserve in March 2025, and while cryptocurrency prices initially soared on the news, they have since fallen after topping out late last year.



This certainly isn't the first time that Bitcoin has sold off. Those who have been around long enough have even seen dramatically worse declines over the years. Is Bitcoin still an asset investors should buy on the dip? Here's the smart way to buy into Bitcoin's recent sell-off.

Image source: Getty Images

Even after this latest decline, Bitcoin has still returned over 8,800% over the past decade. Few stocks can say the same. But Bitcoin's massive returns have come with stomach-churning volatility. Even if Bitcoin extends its decline to more than 60% below its high, it would only continue the pattern of Bitcoin enduring a massive sell-off every few years.



Bitcoin Price data by YCharts

Unfortunately, there's no guarantee that Bitcoin will recover from this sell-off, even though it has every time before. That's the risk of investing. As the old saying goes, there's no free lunch in the market.

Most people who invest in Bitcoin view it as a sort of digital gold, an anti-inflationary asset that adds to a diversified portfolio. There's still inflation, a steady weakening of the U.S. dollar caused by a federal government that runs large budget deficits, ultimately pumping more dollars into the economy.

Bitcoin trades in dollars, so like real estate and other assets that appreciate against a weaker dollar, its dollar-denominated price could continue to rise over the long term. As long as the U.S. dollar's buying power continues to erode due to inflation and investors broadly view Bitcoin as a hedge against it, there's a solid long-term investment thesis for Bitcoin.

The reality is that nobody knows for sure how far Bitcoin might fall, and as you've seen, prices can fall pretty far. Therefore, dollar-cost averaging is the best way to protect yourself as a Bitcoin buyer. That means investing your money in fixed amounts across many scheduled trades. Perhaps that's investing weekly or monthly. It all depends on your budget and comfort level.

Dollar-cost averaging's primary benefit is that it averages your purchases over time, so you're unlikely to wind up with a poor cost basis if you're unlucky with your timing. Most importantly, don't put too much of your portfolio into Bitcoin. It's a volatile asset. If Bitcoin comes anywhere close to replicating its past returns over the next decade, investors won't need much exposure to see a big impact on their returns.

Justin Pope has no position in any of the stocks mentioned. The Motley Fool has positions in and recommends Bitcoin. The Motley Fool has a disclosure policy.

*Average returns of all recommendations since inception. Cost basis and return based on previous market day close.

Invest better with The Motley Fool. Get stock recommendations, portfolio guidance, and more from The Motley Fool's premium services.

Making the world smarter, happier, and richer.

© 1995 - 2026 The Motley Fool. All rights reserved.

Market data powered by Xignite and Polygon.io.

About The Motley Fool

Our Services

Around the Globe

Free Tools

Affiliates & Friends

Investors have seen Bitcoin do this before, only for the cryptocurrency to storm back. Is this time different?","{'href': 'https://www.fool.com', 'title': 'The Motley Fool'}","cryptocurrency"
"https://news.google.com/rss/search?q=altcoins","Best 3 Altcoins to Buy as the Crypto Fear and Greed Index Rises","https://www.banklesstimes.com/articles/2026/07/04/best-3-altcoins-to-buy-as-the-crypto-fear-and-greed-index-rises/","Sat, 04 Jul 2026 09:21:11 GMT","

Since launching 12 years ago, Bankless Times has brought unbiased news and leading comparison in the crypto & financial markets. Our articles and guides are based on high quality, fact checked research with our readers best interests at heart, and we seek to apply our vigorous journalistic standards to all of our efforts.

BanklessTimes.com is dedicated to helping customers learn more about trading, investing and the future of finance. We accept commission from some of the providers on our site, and this may affect where they are positioned on our lists. This affiliate advertising model allows us to continue providing content to our readers for free. Our reviews are not influenced by this and are impartial. You can find out more about our business model here.

The crypto market is doing relatively well this weekend, with Bitcoin and top altcoins like Solana and Ethereum rising by over 10% from their year-to-date lows. This rebound is happening after the Crypto Fear and Greed Index started rising, moving from 15 earlier in June to 26 today. This article looks at some of the best altcoins to buy to ride the recovery.

HYPE token has rebounded, moving from this month's low of $61.58 to the current $71.45. It is quickly nearing its all-time high of $75.6, and is up by 247% from its lowest level this year.

Hyperliquid is a top altcoin because of its strong fundamentals. It has become the most active player in the crypto industry, handling over $200 billion in volume in the last 30 days. This growth has seen it make over $900 million in fees in this period, with the network directing these tokens to burn operations. 

HYPE token is also benefiting from the ongoing ETF accumulation. Its three ETFs have had over $298 million in inflows since their launch and now hold over $336 million in net assets. They have had just one day of outflows. 

HYPE has a strong momentum, while its platform is seeing significant traction among investors. As such, there is a likelihood that it will keep doing well in the near term.

READ MORE: XRP Price Prediction as ETF Inflows and RLUSD Assets Jump

Venice AI is one of the top players in the crypto and AI space. It runs a platform that has become highly popular among users because of its advanced privacy features. Also, it makes it possible for people to search different AI models in one platform. 

The platform's website had over 10 million visitors last month, up sharply from those it had earlier this year. More people are subscribing to its platform, which has led to more token burns. It burned tokens worth over $241k last month, slightly higher than the previous month's $237k. It has now burned 41.92% of the tokens in circulation.

Technically, the VVV token has formed a falling wedge pattern, pointing to an eventual rebound in the near term. 

VVV price chart | Source: TradingView

Near Protocol token is another top crypto to buy today because of its strong fundamentals. It has become a key player in the crypto industry and is at the intersection of the AI, privacy, and layer-1 industries. 

It runs Near AI, a top marketplace for AI agents. Near also runs a platform that makes it possible for users to send cryptocurrencies in a confidential manner. Its stablecoin market capitalization also continues rising this month. 

Technically, NEAR token remains above the 200-day moving average, a sign that bulls are in control for now. 

READ MORE: Tesla Stock Price Analysis and Earnings Preview: Buy or Sell?

We`ve got crypto covered – every trend, every insight, every move that matters. Add us to your feed and stay ahead of the market.

Since launching in 2012, Bankless Times is dedicated to bringing you the latest news and informational content within the alternative finance industry. Our news coverage spans the whole crypto-sphere so you'll always stay up to date — be it on cryptocurrencies, NFTs, ICOs, Fintech, or Blockchain.","{'href': 'https://www.banklesstimes.com', 'title': 'BanklessTimes'}","cryptocurrency"
"https://news.google.com/rss/search?q=blockchain","Tim Draper denies moving Bitcoin, reiterates $250,000 BTC prediction","https://www.tradingview.com/news/cointelegraph:a59f93473094b:0-tim-draper-denies-moving-bitcoin-reiterates-250-000-btc-prediction/","Sat, 04 Jul 2026 08:31:02 GMT","

Billionaire investor and longtime Bitcoin bull Tim Draper has denied moving his Bitcoin after blockchain analysts linked him to a large BTC transfer to Coinbase Prime.

“Haven't touched my BTC,” Draper told Cointelegraph on Friday, adding that he still expects Bitcoin to reach $250,000 within one year.

The statement came after blockchain analytics platform Lookonchain reported Friday that a wallet “possibly linked” to Draper had transferred 1,000 Bitcoin worth about $62 million to Coinbase Prime, citing data from Arkham.

The case highlights both the growing role of blockchain analytics in tracking large crypto transfers and the challenges of independently confirming wallet ownership.

Draper bought nearly 30,000 BTC in 2014

Draper is best known in the crypto community as one of Bitcoin's earliest high-profile investors, having won a US Marshals Service auction for nearly 30,000 Bitcoin seized by US authorities from Silk Road-related holdings in 2014.

According to Forbes, Draper paid about $18.7 million, or roughly $632 per Bitcoin, for the holdings, now worth about $1.9 billion.

Arkham labels the wallet involved in the transfer as “Tim Draper?” through its AI-powered entity prediction feature. The feature assigns lower-confidence attributions intended to provide clues about the possible owner of a wallet address.

Source: Arkham

The wallet's transaction history shows several interactions with Coinbase Prime over the past year, including a 1,000 Bitcoin transfer from Coinbase Prime on July 9, 2025, when BTC traded around $115,880 per coin.

Cointelegraph reached out to Arkham for comment but had not received a response by publication.

Draper's $250,000 Bitcoin forecast repeatedly missed timelines

Draper's latest reiteration of his $250,000 Bitcoin target adds to a series of forecasts that have repeatedly missed earlier timelines.

The investor has held the same price target since at least 2018, initially expecting Bitcoin to reach the level by late 2022 or early 2023. However, Bitcoin's highest recorded price to date is $126,080 on Oct. 6, 2025, according to CoinGecko. At publishing time, Bitcoin was trading around $62,530.

Source: Cointelegraph

Some Bitcoin bulls see further upside ahead, with Blockstream CEO Adam Back expecting Bitcoin could eventually reach between $500,000 and $1 million, arguing that the milestone may be “closer than people think.”

BlackRock CEO Larry Fink has also said Bitcoin could climb as high as $700,000 if institutional adoption increases significantly, while Bitcoin critic Peter Schiff has repeatedly argued that the asset lacks intrinsic value and could ultimately fall to zero.

Polymarket's “What price will Bitcoin hit in 2026?” prediction market shows traders pricing the most likely outcome around $65,000 to $70,000, with bets clustering near $68,000.

Select market data provided by ICE Data Services. Select reference data provided by FactSet. Copyright © 2026 FactSet Research Systems Inc.Copyright © 2026, American Bankers Association. CUSIP Database provided by FactSet Research Systems Inc. All rights reserved. SEC fillings and other documents provided by Quartr.© 2026 TradingView, Inc. ","{'href': 'https://www.tradingview.com', 'title': 'TradingView'}","cryptocurrency"
"https://news.google.com/rss/search?q=site:ycombinator.com","Alibaba to ban Claude Code in workplace over alleged backdoor risks, source says","https://news.ycombinator.com/item?id=48772443","Sat, 04 Jul 2026 06:55:51 GMT","



It is likely that the US will get a live feed from each AI provider that they are inspecting in real time to identity things of interest, terrorist attacks or foreign government planning or even foreign companies competitive to key US companies.It will give them access to the though process in those companies as well as much of their text-based IP (source code, docs, meeting transcripts, etc)Also if you are using local AI that you didn't train yourself you can never be sure it doesn't have purposeful biases in its reasoning that may disadvantage you - such as directing you away from certain plans or ideas or patents etc.

It will give them access to the though process in those companies as well as much of their text-based IP (source code, docs, meeting transcripts, etc)Also if you are using local AI that you didn't train yourself you can never be sure it doesn't have purposeful biases in its reasoning that may disadvantage you - such as directing you away from certain plans or ideas or patents etc.

Also if you are using local AI that you didn't train yourself you can never be sure it doesn't have purposeful biases in its reasoning that may disadvantage you - such as directing you away from certain plans or ideas or patents etc.

reply

The whole ""hosted AI"" business feels like like a huge violation of corporate norms on confidentiality.  Businesses that would have your head for printing out a source file to reference and annotate are encouraging developers to feed in huge amounts of proprietary code and data, and incorporate changes suggested from an outside party with minimal vetting.  Evidently whatever privacy policies they've been throwing at enterprise users are plated with mithril.At some point, one of the big services is going to get popped, and it won't just be a data breach.  There's too much opportunity to quietly use the system as a malware distribution hub.  Every vibe-coded dashboard suddenly starts depending on some weird left-pad fork that, 12 dependencies deep, is running a keylogger or Dogecoin miner.  Your payment processor suddenly starts accepting the Konami code to approve a transaction.

At some point, one of the big services is going to get popped, and it won't just be a data breach.  There's too much opportunity to quietly use the system as a malware distribution hub.  Every vibe-coded dashboard suddenly starts depending on some weird left-pad fork that, 12 dependencies deep, is running a keylogger or Dogecoin miner.  Your payment processor suddenly starts accepting the Konami code to approve a transaction.

reply

A local model you trained yourself seems about as good as you can do today.But it may not even be possible to fully trust a model you trained if you used untrusted data during training.As a user, you have to trust your coding agent AND inference provider AND models: https://jacob.gold/posts/coding-models-are-code/ https://www.anthropic.com/research/sleeper-agents-training-d...

But it may not even be possible to fully trust a model you trained if you used untrusted data during training.As a user, you have to trust your coding agent AND inference provider AND models: https://jacob.gold/posts/coding-models-are-code/ https://www.anthropic.com/research/sleeper-agents-training-d...

As a user, you have to trust your coding agent AND inference provider AND models: https://jacob.gold/posts/coding-models-are-code/ https://www.anthropic.com/research/sleeper-agents-training-d...

reply

reply

It's unfathomable to me that EU companies don't take the risk of industrial espionage from US more seriously

reply

Of course those are largely the same companies that receive emails via outlook, manage company-wide SSO in Microsoft Entra, put their files in Sharepoint and track software and maintenance issues in Jira ... I'm not sure how much much info there is left that isn't already combed through by NSA and friends

reply

reply

reply

reply

reply

reply

There might be some valid concerns about model alignment, but at least the model running in-house isn't going to conduct espionage.Also, https://en.wikipedia.org/wiki/Whataboutism

Also, https://en.wikipedia.org/wiki/Whataboutism

reply

reply

If a token compresses to around a byte, worldwide AI input and output is around 1 gigabyte per second.For any intelligence agency, they can afford to keep and store all of that forever, and later do analysis on it.

For any intelligence agency, they can afford to keep and store all of that forever, and later do analysis on it.

reply

At the scale the AI companies are operating at, I think it isn't likely that they are sucking it all in right now.More likely I think the intelligence agencies will get a real-time live tap into the raw data feed which they will process onsite for interesting things and then if things are flagged, they will log it in the intelligence agency systems.

More likely I think the intelligence agencies will get a real-time live tap into the raw data feed which they will process onsite for interesting things and then if things are flagged, they will log it in the intelligence agency systems.

reply

The cost to do so for many years is less than one employee.

reply

reply

reply

reply

This only really matters in a world where Prompt Injection and Jailbreaking isn't trivial in the first place though. All current models are still extremely exploitable.I strongly suspect we are only scratching the surface of activation engineering at the moment, and there's plenty of very targetted ways of lobotomizing or cracking LLMs if you understand the model in detail.

I strongly suspect we are only scratching the surface of activation engineering at the moment, and there's plenty of very targetted ways of lobotomizing or cracking LLMs if you understand the model in detail.

reply

reply

reply

Not impossible I agree, but seems like a really impractical way to ship a trojan while much weaker channels exist.

reply

reply

reply

Can you name one open source US model that came out in the last year?

reply

reply

My favorite conspiracy is that three letter agencies keep pushing the conspiracy that they are omni-present with access to everything. Same as parents telling their kids Santa is watching, and leaders telling adults God is watching. Its extremely effective control and millennia old at this point.The reality is much more banal that they still need warrants and tech companies hate playing police/evidence servant for the government (it consumes a ton of resources and pays nothing).

The reality is much more banal that they still need warrants and tech companies hate playing police/evidence servant for the government (it consumes a ton of resources and pays nothing).

reply

The snowden leaks revealed that's not the case.The three letter agencies can just issue national security letters without a judge ever seeing it, and those come a long with a gag order (plus other workarounds like just buying data from brokers, and how US communications can get swept up just by virtue of communicating with a foreign national outside the US).You're right, they aren't omniscient in the way we imagine of a room full of people monitoring everything in real time. But to pretend they aren't passively collecting massive amounts of data is dangerous. Snowden showed us PRISM, with all major tech companies participating. They do effectively have a live, unrestricted wiretap to the internet and if you happen to be a person of interest, they will just send out NSLs and get all your communications that are not fully E2EE without you even knowing thanks to the gag order.

The three letter agencies can just issue national security letters without a judge ever seeing it, and those come a long with a gag order (plus other workarounds like just buying data from brokers, and how US communications can get swept up just by virtue of communicating with a foreign national outside the US).You're right, they aren't omniscient in the way we imagine of a room full of people monitoring everything in real time. But to pretend they aren't passively collecting massive amounts of data is dangerous. Snowden showed us PRISM, with all major tech companies participating. They do effectively have a live, unrestricted wiretap to the internet and if you happen to be a person of interest, they will just send out NSLs and get all your communications that are not fully E2EE without you even knowing thanks to the gag order.

You're right, they aren't omniscient in the way we imagine of a room full of people monitoring everything in real time. But to pretend they aren't passively collecting massive amounts of data is dangerous. Snowden showed us PRISM, with all major tech companies participating. They do effectively have a live, unrestricted wiretap to the internet and if you happen to be a person of interest, they will just send out NSLs and get all your communications that are not fully E2EE without you even knowing thanks to the gag order.

reply

I'll provide some helper information to get the ball rolling (see page 42)[1][1]https://www.intelligence.gov/assets/documents/702-documents/...All the other prime suspects are in the report too for the curious.

[1]https://www.intelligence.gov/assets/documents/702-documents/...All the other prime suspects are in the report too for the curious.

All the other prime suspects are in the report too for the curious.

reply

I will not elaborate how I know, but that is not even directionally correct. But these are not even secret things that can't be known simply through the Snowden, Wikileaks, and Vault7 releases. So why are you telling yourself this? Are you still wet behind the ears or something?There are people who know exactly how governments do not in fact need warrants and the tech companies don't even really know they are servants to the government, let alone which one. That's how things are done. The less surface area the better.

There are people who know exactly how governments do not in fact need warrants and the tech companies don't even really know they are servants to the government, let alone which one. That's how things are done. The less surface area the better.

reply

reply

reply

reply

that's why you should use abliterated heretic models

reply

reply

reply

reply

The timezone fetch was to alter program behaviour at runtime, not to send arbitrary timezones for tracking reasons.It was one way of detecting if it was a chinese person using the program and then behaving differently.Malware behaves this way. STUXNET for example was wired to do nothing except propagate unless the environment had the right conditions.

It was one way of detecting if it was a chinese person using the program and then behaving differently.Malware behaves this way. STUXNET for example was wired to do nothing except propagate unless the environment had the right conditions.

Malware behaves this way. STUXNET for example was wired to do nothing except propagate unless the environment had the right conditions.

reply

Most services I know that are trying to block abuse do collect device info

reply

reply

reply

reply

reply

reply

reply

Even hotel and flight websites work like that, they determine your ability to pay based on your location, wall clock time and device OS - and FSM knows whatever else.Are they malware too, basically STUXNET?

Are they malware too, basically STUXNET?

reply

reply

reply

reply

reply

reply

reply

reply

The issue is that by distilling Claude, Alibaba reuses the IP anthropic used to train the model that's more akin to historical Chinese reverse engineering methods and disrespect of IP

reply

Also, you can't copyright AI outputs. So worst case they violated the ToS.

reply

(granted, only meta got caught using Anna's Archive, but it seems safe to assume it's common practice. And even if it wasn't, the websites in Common Crawl are still covered by copyright)

reply

reply

Fwiw, I think the concept of IP in general is counter to human progress.

reply

reply

Sure, one person gets rewarded more with the IP system. But at the same time, that breakthrough then can't be built upon by others.Overall, I think it does more harm than good because of how it monopolizes technologies and ossifies development.I think free sharing of knowledge will always beat intellectual stinginess.

Overall, I think it does more harm than good because of how it monopolizes technologies and ossifies development.I think free sharing of knowledge will always beat intellectual stinginess.

I think free sharing of knowledge will always beat intellectual stinginess.

reply

Outside of military technologies they had massively fallen behind the west by the 80s. Without the western tech they licensed or copied they were permanently stuck in the 50s. Even their crappy cars were licensed copies of cheap European cars from the 60s.When it comes to consumer electronics, vehicles and a bunch of other things they were comically behind. So it's really not a good example..> monopolizes technologies and ossifies development.As bad as it might be empirical evidence shows that historically a superior system has never existed (it might be feasible but everything that was tried underperformed).

When it comes to consumer electronics, vehicles and a bunch of other things they were comically behind. So it's really not a good example..> monopolizes technologies and ossifies development.As bad as it might be empirical evidence shows that historically a superior system has never existed (it might be feasible but everything that was tried underperformed).

> monopolizes technologies and ossifies development.As bad as it might be empirical evidence shows that historically a superior system has never existed (it might be feasible but everything that was tried underperformed).

As bad as it might be empirical evidence shows that historically a superior system has never existed (it might be feasible but everything that was tried underperformed).

reply

Good grief. All one has to do is look at how humanity has consistently progressed due iterating on what has existed is how we progress, not whether some corporation that wants to rat fuck us all for a few pts in share value.

reply

Progress was extremely slow until the 1800s. Coincidentally corporation and modern capitalism in general developed around the same time. Of course I'm not necessarily saying it was the main or direct course since it isn't exactly possible to create an experiment comparing it to other systems (of course that was tried an failed completely in the USSR, Maoist China and similar places)

reply

Capitalism was side effect as well.

reply

> was side effect as wellA side effect of what exactly?

A side effect of what exactly?

reply

Historically most evidence seems to point to the contrary.Amongst other things after the printing press was created it was  impossible for anyone who was an author to survive from their work unless they were independently wealthy or  had rich patrons.

Amongst other things after the printing press was created it was  impossible for anyone who was an author to survive from their work unless they were independently wealthy or  had rich patrons.

reply

In any case there's still a difference between publicly available copyrighted data and whether you can use it for model training, and the innovation around model training, RLHF, etc which you presumably have some interest as a country to allow companies to invest in with some legal protections (like the diff between patent law vs copyright law)

reply

reply

reply

There are many cases in the early 2000s were copyright protections were relaxed for tech advancements

reply

As frustrating as the anti-AI crowd can be, I see why they end up that way when the valley is full of opinions like this.

reply

When they bulldoze the house to pave the highway, they toss the homeowner a few bucks. If you take an author's books do you owe him a share of OpenAI?

reply

You come with the selfless proposal that everyone give to the poor $tn companies”for the good of humanity”. I'll assume this is just hopelessly naive but you post so insistently that it makes me wonder.

reply

reply

reply

reply

> disrespect of IPNobody other than Anthropic cares.

Nobody other than Anthropic cares.

reply

Why is this any worse than Anthropic's disrepect of IP? You've apparently drawn a distinction between the two here, but I'm failing to see what it actually is.

reply

Search engines for example historically ignored copyright law by copying excerpts or serving other site images, it doesn't mean someone copying Google's code has some moral frepass

reply

Copyright law is a subset of IP law. What IP is being infringed upon here?> Search engines for example historically ignored copyright law by copying excerpts or serving other site imagesExcerpts are often considered fair use, but it depends on country.> it doesn't mean someone copying Google's code has some moral frepassNobody copied Anthropic's code. They used it's output to train another model. At most they violated some terms of service.Did they maybe abuse Anthropic's subsidised pricing? Sure. But that's what happens in a free market if you sell below cost.

> Search engines for example historically ignored copyright law by copying excerpts or serving other site imagesExcerpts are often considered fair use, but it depends on country.> it doesn't mean someone copying Google's code has some moral frepassNobody copied Anthropic's code. They used it's output to train another model. At most they violated some terms of service.Did they maybe abuse Anthropic's subsidised pricing? Sure. But that's what happens in a free market if you sell below cost.

Excerpts are often considered fair use, but it depends on country.> it doesn't mean someone copying Google's code has some moral frepassNobody copied Anthropic's code. They used it's output to train another model. At most they violated some terms of service.Did they maybe abuse Anthropic's subsidised pricing? Sure. But that's what happens in a free market if you sell below cost.

> it doesn't mean someone copying Google's code has some moral frepassNobody copied Anthropic's code. They used it's output to train another model. At most they violated some terms of service.Did they maybe abuse Anthropic's subsidised pricing? Sure. But that's what happens in a free market if you sell below cost.

Nobody copied Anthropic's code. They used it's output to train another model. At most they violated some terms of service.Did they maybe abuse Anthropic's subsidised pricing? Sure. But that's what happens in a free market if you sell below cost.

Did they maybe abuse Anthropic's subsidised pricing? Sure. But that's what happens in a free market if you sell below cost.

reply

That had happened progressively, thumbnails for example were ruled as fair use later on, DMCA safe harbor was a huge gift for tech companies because otherwise it would curtail the ability to create platforms (relaxing copyright protections in exchange of innovation)> Nobody copied Anthropic's code. They used it's output to train another model. At most they violated some terms of serviceDistilling a model is a method that can push the entire market to low margins and prevent companies from making money off such research. It also copies the Anthropic special parts (RLHF and other specific methods) rather than the ""copy of the entire web"" partThis is similar to what happened with Chinese reverse engineering of American manufacturing or PC clones killing IBM PCs.Is it in the interest of the USA, probably no, that's why I assume this will be backed by law eventually

> Nobody copied Anthropic's code. They used it's output to train another model. At most they violated some terms of serviceDistilling a model is a method that can push the entire market to low margins and prevent companies from making money off such research. It also copies the Anthropic special parts (RLHF and other specific methods) rather than the ""copy of the entire web"" partThis is similar to what happened with Chinese reverse engineering of American manufacturing or PC clones killing IBM PCs.Is it in the interest of the USA, probably no, that's why I assume this will be backed by law eventually

Distilling a model is a method that can push the entire market to low margins and prevent companies from making money off such research. It also copies the Anthropic special parts (RLHF and other specific methods) rather than the ""copy of the entire web"" partThis is similar to what happened with Chinese reverse engineering of American manufacturing or PC clones killing IBM PCs.Is it in the interest of the USA, probably no, that's why I assume this will be backed by law eventually

This is similar to what happened with Chinese reverse engineering of American manufacturing or PC clones killing IBM PCs.Is it in the interest of the USA, probably no, that's why I assume this will be backed by law eventually

Is it in the interest of the USA, probably no, that's why I assume this will be backed by law eventually

reply

Then it's on Anthropic to actually price their models accordingly so that distilling isn't profitable. Why does this need a legal remedy when market forces could easily resolve this?> Is it in the interest of the USA, probably noGood. The world needs to diversify away from dependence on US technology.

> Is it in the interest of the USA, probably noGood. The world needs to diversify away from dependence on US technology.

Good. The world needs to diversify away from dependence on US technology.

reply

In my opinion further strengthening the CCP is a disaster for the world. A government that killed millions of its own citizens to stay in power is not who I would entrust super intelligence with. But apparently we are not going to agree on that

reply

reply

Generally Communist nations historically favored technological development to human life in the scale of millions, keep that in mind when we enter a new economic revolution

reply

On a related note, around 300k people die in the US every year due to causes directly attributable to poverty. [0]In other words, ~a million every three years.Now what?[0] https://pmc.ncbi.nlm.nih.gov/articles/PMC10111231/

In other words, ~a million every three years.Now what?[0] https://pmc.ncbi.nlm.nih.gov/articles/PMC10111231/

Now what?[0] https://pmc.ncbi.nlm.nih.gov/articles/PMC10111231/

[0] https://pmc.ncbi.nlm.nih.gov/articles/PMC10111231/

reply

Vs a study which suggests 183-300k where you take the high end and seem to read about the vast range of causes of which a lot are not very much attributable to poverty.

reply

It's not that they can't be taken care of. It's just that it'd cost money and eat profit margins.It's an active political and ideological choice to let them die, same in both cases. Just happens to be an ideology you agree with and feel a need to defend.The 180k are currently poor people, the 300k people poor over the past 10 years (which includes the 180). Didn't take the larger number, took the one that more accurately applied.

It's an active political and ideological choice to let them die, same in both cases. Just happens to be an ideology you agree with and feel a need to defend.The 180k are currently poor people, the 300k people poor over the past 10 years (which includes the 180). Didn't take the larger number, took the one that more accurately applied.

The 180k are currently poor people, the 300k people poor over the past 10 years (which includes the 180). Didn't take the larger number, took the one that more accurately applied.

reply

reply

I'm noticing you're trying really hard to deflect though.

reply



If both the USSR and the CCP had millions killed in the process of modernization, without stopping when knowing the death toll, maybe there's intent after all?How would you describe the cultural revolution then? another case of economic mismanagement?

How would you describe the cultural revolution then? another case of economic mismanagement?

reply

Is there intent there as well?

reply

40 years on, when the CCP is leading its people making AI, robotics, drones, EVs, space station and moon rovers to compete with the US, people like you how never made any change to the world are talking such ideological nonsense.you live in a history museum or something like that?

you live in a history museum or something like that?

reply

reply

Not sure that's the best example as they lost that battle and had to pay, eventually it's been codified in law in most countries.

reply

reply

> No!  Don't install that lodash thing without explicit approval from IT.  Oh, you want a license for Charles Proxy?  Gee, I dunno... we've got a budget to maintain.Employers in 2023:> No! You can't use ChatGPT at work – it's a security risk.Employers in 2024:> Okay, you can use Github Copilot I guess, but you'll have to endure boring corporate training on what you're allowed to do with it.Employers with dollar signs in their eyes in 2025:> We attended a seminar about vibe coding.  Why aren't you dumbasses keeping up with the times?  Use Claude Code for everything!  Don't write any of your own code anymore.  We don't even really care if you use yolo mode.  Just review code and push 10x more features!  Use unlimited tokens!  Money printer go brrrrr.Employers in 2026:> You mean giving one or two companies full autonomous access to our workstations while stupifying our engineers wasn't a sound business plan?

Employers in 2023:> No! You can't use ChatGPT at work – it's a security risk.Employers in 2024:> Okay, you can use Github Copilot I guess, but you'll have to endure boring corporate training on what you're allowed to do with it.Employers with dollar signs in their eyes in 2025:> We attended a seminar about vibe coding.  Why aren't you dumbasses keeping up with the times?  Use Claude Code for everything!  Don't write any of your own code anymore.  We don't even really care if you use yolo mode.  Just review code and push 10x more features!  Use unlimited tokens!  Money printer go brrrrr.Employers in 2026:> You mean giving one or two companies full autonomous access to our workstations while stupifying our engineers wasn't a sound business plan?

> No! You can't use ChatGPT at work – it's a security risk.Employers in 2024:> Okay, you can use Github Copilot I guess, but you'll have to endure boring corporate training on what you're allowed to do with it.Employers with dollar signs in their eyes in 2025:> We attended a seminar about vibe coding.  Why aren't you dumbasses keeping up with the times?  Use Claude Code for everything!  Don't write any of your own code anymore.  We don't even really care if you use yolo mode.  Just review code and push 10x more features!  Use unlimited tokens!  Money printer go brrrrr.Employers in 2026:> You mean giving one or two companies full autonomous access to our workstations while stupifying our engineers wasn't a sound business plan?

Employers in 2024:> Okay, you can use Github Copilot I guess, but you'll have to endure boring corporate training on what you're allowed to do with it.Employers with dollar signs in their eyes in 2025:> We attended a seminar about vibe coding.  Why aren't you dumbasses keeping up with the times?  Use Claude Code for everything!  Don't write any of your own code anymore.  We don't even really care if you use yolo mode.  Just review code and push 10x more features!  Use unlimited tokens!  Money printer go brrrrr.Employers in 2026:> You mean giving one or two companies full autonomous access to our workstations while stupifying our engineers wasn't a sound business plan?

> Okay, you can use Github Copilot I guess, but you'll have to endure boring corporate training on what you're allowed to do with it.Employers with dollar signs in their eyes in 2025:> We attended a seminar about vibe coding.  Why aren't you dumbasses keeping up with the times?  Use Claude Code for everything!  Don't write any of your own code anymore.  We don't even really care if you use yolo mode.  Just review code and push 10x more features!  Use unlimited tokens!  Money printer go brrrrr.Employers in 2026:> You mean giving one or two companies full autonomous access to our workstations while stupifying our engineers wasn't a sound business plan?

Employers with dollar signs in their eyes in 2025:> We attended a seminar about vibe coding.  Why aren't you dumbasses keeping up with the times?  Use Claude Code for everything!  Don't write any of your own code anymore.  We don't even really care if you use yolo mode.  Just review code and push 10x more features!  Use unlimited tokens!  Money printer go brrrrr.Employers in 2026:> You mean giving one or two companies full autonomous access to our workstations while stupifying our engineers wasn't a sound business plan?

> We attended a seminar about vibe coding.  Why aren't you dumbasses keeping up with the times?  Use Claude Code for everything!  Don't write any of your own code anymore.  We don't even really care if you use yolo mode.  Just review code and push 10x more features!  Use unlimited tokens!  Money printer go brrrrr.Employers in 2026:> You mean giving one or two companies full autonomous access to our workstations while stupifying our engineers wasn't a sound business plan?

Employers in 2026:> You mean giving one or two companies full autonomous access to our workstations while stupifying our engineers wasn't a sound business plan?

> You mean giving one or two companies full autonomous access to our workstations while stupifying our engineers wasn't a sound business plan?

reply

The confusing part to me is why these companies believed the ""AGI"" hype, I.E. that OpenAI or Claude's LLM is the ideal white collar slave.I suppose I can understand that the executive class resents labor enough to make irrational business decisions for the purpose of insulting the workers who design and operate their companies.That being said, the 2025 AI binge feels like a murder-suicide done by the executives of many of these companies.

I suppose I can understand that the executive class resents labor enough to make irrational business decisions for the purpose of insulting the workers who design and operate their companies.That being said, the 2025 AI binge feels like a murder-suicide done by the executives of many of these companies.

That being said, the 2025 AI binge feels like a murder-suicide done by the executives of many of these companies.

reply

Of-course USA is collecting everything, not just from China but everyone.And same with every one else.

And same with every one else.

reply

This is a double edge knife. In this specific instance this was absurdely important for that kid's life, but this work both ways. What if the US authorities deemed it necessary to snoop on foreign governments and citizens for political reasons, now leveraging AI to do it at an industrial scale?One thing is certain though is that assuring privacy isn't top priority for any cloud provider. Companies doing cutting edge, sensitive work should be wary.

One thing is certain though is that assuring privacy isn't top priority for any cloud provider. Companies doing cutting edge, sensitive work should be wary.

reply

reply

reply

Interesting to notice that we can do the same with these models.

reply

reply

reply

reply

[1]https://www.reddit.com/r/ClaudeAI/comments/1ujila1/anthropic...

reply

reply

reply

reply

reply

reply

https://news.ycombinator.com/item?id=48759754

reply

reply

reply

reply

reply

reply

reply

reply

reply

reply

ChatGPT and Claude are not available. Generally my impression is that OpenAI isn't that anal about service providers reselling ChatGPT in Hong Kong, but Anthropic seems to really strict about the ""no China"" thingy.

reply

reply

reply

reply

reply

reply

reply

reply

reply

reply

reply

Workarounds aside, it says Claude Code not Claude.i.e. they are using the CLI running any model. You can for instance run GLM with it.

i.e. they are using the CLI running any model. You can for instance run GLM with it.

reply

iproyal.com
Oxylabs.iohttps://krebsonsecurity.com/2025/10/aisuru-botnet-shifts-fro...

https://krebsonsecurity.com/2025/10/aisuru-botnet-shifts-fro...

reply

reply

That looks a no-nonsense decision, isn't?

reply

Claude Code is neither and it is literally info stealing malware.

reply

  1. LOL I've just downloaded literally whole internet and copyrighted books and put them through a neural network. Now I have this whole knowledge in my LLM.

  2. Hey? Are you using my NN for training your NN? you're a thief!

reply

Instead the AI companies reached these absurd settlements with publishers that made a mockery out of all the previous copyright enforcement victims.

reply

reply

reply

reply

Some token settlement for an insignificant fraction of their revenue is not in any way a ""sanction"".

reply

reply

reply

Do they? Or only so far as ""if you have 1000x the revenue, you probably also have 1000x the customers that you have wronged, each of which are entitled to damages as well""?

reply

reply

reply

reply

reply

reply

reply

reply

Slavery is an expression of capitalist values.Frederick Douglass is Karl Marx's ideological predecessor.You aren't wrong that the European powers were slavers. That being said, the culture of the 13 American colonies is the first appearance of the unique Euro-American culture that dominates the United States.It's wrongheaded to deny the central importance of slavery to American culture and values.In the United States, the land of the small business owner, slaves mixed socially and sexually with their captors and with the culture of their captors.For this reason, the culture of the United States is deeply affected by the institution of slavery in ways that are alien to the European powers.

Frederick Douglass is Karl Marx's ideological predecessor.You aren't wrong that the European powers were slavers. That being said, the culture of the 13 American colonies is the first appearance of the unique Euro-American culture that dominates the United States.It's wrongheaded to deny the central importance of slavery to American culture and values.In the United States, the land of the small business owner, slaves mixed socially and sexually with their captors and with the culture of their captors.For this reason, the culture of the United States is deeply affected by the institution of slavery in ways that are alien to the European powers.

You aren't wrong that the European powers were slavers. That being said, the culture of the 13 American colonies is the first appearance of the unique Euro-American culture that dominates the United States.It's wrongheaded to deny the central importance of slavery to American culture and values.In the United States, the land of the small business owner, slaves mixed socially and sexually with their captors and with the culture of their captors.For this reason, the culture of the United States is deeply affected by the institution of slavery in ways that are alien to the European powers.

It's wrongheaded to deny the central importance of slavery to American culture and values.In the United States, the land of the small business owner, slaves mixed socially and sexually with their captors and with the culture of their captors.For this reason, the culture of the United States is deeply affected by the institution of slavery in ways that are alien to the European powers.

In the United States, the land of the small business owner, slaves mixed socially and sexually with their captors and with the culture of their captors.For this reason, the culture of the United States is deeply affected by the institution of slavery in ways that are alien to the European powers.

For this reason, the culture of the United States is deeply affected by the institution of slavery in ways that are alien to the European powers.

reply

reply

copyright law literally says something isn't infringement if it is a novel transformation. I get the jokes and criticism about AI companies fighting and complaining about competitors distilling, but this is a much weirder comparison.

reply

""Anthropic settles with authors in first-of-its-kind AI copyright infringement lawsuit"" - https://www.npr.org/2025/09/05/nx-s1-5529404/anthropic-settl...

reply

> However, the judge ruled that Anthropic's use of millions of pirated books to build its models – books that websites such as Library Genesis (LibGen) and Pirate Library Mirror (PiLiMi) copied without getting the authors' consent or giving them compensation – was not.It seems clear from the article that while the use of pirated works was illegal, the use of copyrighted works (a the work a book is based on is still copyrighted if you buy the book) was fine and transformative.

It seems clear from the article that while the use of pirated works was illegal, the use of copyrighted works (a the work a book is based on is still copyrighted if you buy the book) was fine and transformative.

reply

reply

Does that make my brain copyright infringement? Does Disney now own all my output forever because some small part of me now has Harry Potter embedded?

reply

If you just ignore anything that's inconvenient for your argument, you can make any argument you want.

reply

None of those are relevant factors when it comes to copyright law. You don't get a pass for copyright infringement just because you're not copying the entire work. Same goes for a copy that's transient. You can't set up a bootleg movie theater in your home, even if you delete the movie file afterwards, and there's no trace of the movie aside from the viewers' vague memories.

reply

And yet they very much are. US copyright law has the concept of ""fair use"" in 17 U.S. Code § 107 [0]. I'll paste here for your benefit, #3 is the one I referenced as most obvious but #1 and #4 are also very relevant:  (1) the purpose and character of the use, including whether such use is of a commercial nature or is for nonprofit educational purposes;
  (2) the nature of the copyrighted work;
  (3) the amount and substantiality of the portion used in relation to the copyrighted work as a whole; and
  (4) the effect of the use upon the potential market for or value of the copyrighted work.

Naturally remembering some parts of a legally purchased book verbatim is fair use. ""Memorizing"" the entire library obtained via torrents and incorporating that in a commercial product that can output all that content doesn't sound like fair use to me.The US justice system is too captured and corrupt at this point to take as reference because decisions there are bought by the highest bidder. But for the purpose of this discussion let's not play dumb for the benefit of trillion dollar corporations.[0] https://www.law.cornell.edu/uscode/text/17/107

  (1) the purpose and character of the use, including whether such use is of a commercial nature or is for nonprofit educational purposes;
  (2) the nature of the copyrighted work;
  (3) the amount and substantiality of the portion used in relation to the copyrighted work as a whole; and
  (4) the effect of the use upon the potential market for or value of the copyrighted work.

Naturally remembering some parts of a legally purchased book verbatim is fair use. ""Memorizing"" the entire library obtained via torrents and incorporating that in a commercial product that can output all that content doesn't sound like fair use to me.The US justice system is too captured and corrupt at this point to take as reference because decisions there are bought by the highest bidder. But for the purpose of this discussion let's not play dumb for the benefit of trillion dollar corporations.[0] https://www.law.cornell.edu/uscode/text/17/107

The US justice system is too captured and corrupt at this point to take as reference because decisions there are bought by the highest bidder. But for the purpose of this discussion let's not play dumb for the benefit of trillion dollar corporations.[0] https://www.law.cornell.edu/uscode/text/17/107

[0] https://www.law.cornell.edu/uscode/text/17/107

reply

If you're going to invoke fair use, that opens up a whole can of worms on what counts as transformative. The google books case and the google thumbnails case shows that you can make near verbatim copies of works at scale and still be considered fair use.>The US justice system is too captured and corrupt at this point to take as reference because decisions there are bought by the highest bidder. But for the purpose of this discussion let's not play dumb for the benefit of trillion dollar corporations.This is begging the question. The original question is whether ai companies are getting special treatment. You can't then use that as a premise to say that the courts are tilted towards ai companies. Not to mention it's questionable how ai companies were suddenly able to corrupt all the judges, some of which were appointed decades ago, even though they only got rich a couple of years ago.

>The US justice system is too captured and corrupt at this point to take as reference because decisions there are bought by the highest bidder. But for the purpose of this discussion let's not play dumb for the benefit of trillion dollar corporations.This is begging the question. The original question is whether ai companies are getting special treatment. You can't then use that as a premise to say that the courts are tilted towards ai companies. Not to mention it's questionable how ai companies were suddenly able to corrupt all the judges, some of which were appointed decades ago, even though they only got rich a couple of years ago.

This is begging the question. The original question is whether ai companies are getting special treatment. You can't then use that as a premise to say that the courts are tilted towards ai companies. Not to mention it's questionable how ai companies were suddenly able to corrupt all the judges, some of which were appointed decades ago, even though they only got rich a couple of years ago.

reply

Then you switched to a barrage of questions on the premise of words in my comments that were neither written nor implied. If you muddy the waters just enough maybe everyone gets lost in there.> The google books case and the google thumbnails case shows that you can make near verbatim copies of works at scale and still be considered fair useNow maybe we agree ""reading Harry Potter and remembering some lines"" is indeed fair use, but you decided my argument is still not relevant to create a distinction between ""reading a book"" and ""feeding it all into an LLM"" because of an vaguely related exception. For better or worse thumbnails are a copyright violation according to some courts [1]. But looking at the big ""Books"" decision (this is the one you meant?), did you check out the court's opinion [2]? Why would you believe the two cases are substantially similar? Just because they're both big tech? Just for yourself, from the definition of fair use and referencing that opinion, do you see any significant differences between ""Google Books"" and ""big LLM""?> You can't then use that as a premise to say that the courts are tilted towards ai companiesThe highest bidder is what I said.> Not to mention it's questionable how ai companies were suddenly able to corrupt all the judges, some of which were appointed decades ago, even though they only got rich a couple of years ago.You're getting creative"" about what I wrote. ""AI companies""? They are just the big corrupting agent of the day, and nobody with deep enough pockets had ""revolutionized"" the legal areas they're working in to this degree until now. Tech in general has been doing it for a few decades already. Other incredibly powerful industries have been doing that in their respective areas for even longer. ""Suddenly""? The US justice system has worked exactly like this for so many decades when it came to the interest of very deep pockets. ""All judges""? I said ""the system"" because all judges don't have the ultimate power to ultimately decide on things.I'm surprised at your surprise that reading a book is fair use, and that courts have been ""captured"" and beholden to economic interests above justice for so long we forgot when it started.[0] https://news.ycombinator.com/item?id=48774664[1] http://www.linksandlaw.com/news-update59-thumbnails-germany-...[2] https://en.wikipedia.org/wiki/Authors_Guild,_Inc._v._Google,...

> The google books case and the google thumbnails case shows that you can make near verbatim copies of works at scale and still be considered fair useNow maybe we agree ""reading Harry Potter and remembering some lines"" is indeed fair use, but you decided my argument is still not relevant to create a distinction between ""reading a book"" and ""feeding it all into an LLM"" because of an vaguely related exception. For better or worse thumbnails are a copyright violation according to some courts [1]. But looking at the big ""Books"" decision (this is the one you meant?), did you check out the court's opinion [2]? Why would you believe the two cases are substantially similar? Just because they're both big tech? Just for yourself, from the definition of fair use and referencing that opinion, do you see any significant differences between ""Google Books"" and ""big LLM""?> You can't then use that as a premise to say that the courts are tilted towards ai companiesThe highest bidder is what I said.> Not to mention it's questionable how ai companies were suddenly able to corrupt all the judges, some of which were appointed decades ago, even though they only got rich a couple of years ago.You're getting creative"" about what I wrote. ""AI companies""? They are just the big corrupting agent of the day, and nobody with deep enough pockets had ""revolutionized"" the legal areas they're working in to this degree until now. Tech in general has been doing it for a few decades already. Other incredibly powerful industries have been doing that in their respective areas for even longer. ""Suddenly""? The US justice system has worked exactly like this for so many decades when it came to the interest of very deep pockets. ""All judges""? I said ""the system"" because all judges don't have the ultimate power to ultimately decide on things.I'm surprised at your surprise that reading a book is fair use, and that courts have been ""captured"" and beholden to economic interests above justice for so long we forgot when it started.[0] https://news.ycombinator.com/item?id=48774664[1] http://www.linksandlaw.com/news-update59-thumbnails-germany-...[2] https://en.wikipedia.org/wiki/Authors_Guild,_Inc._v._Google,...

Now maybe we agree ""reading Harry Potter and remembering some lines"" is indeed fair use, but you decided my argument is still not relevant to create a distinction between ""reading a book"" and ""feeding it all into an LLM"" because of an vaguely related exception. For better or worse thumbnails are a copyright violation according to some courts [1]. But looking at the big ""Books"" decision (this is the one you meant?), did you check out the court's opinion [2]? Why would you believe the two cases are substantially similar? Just because they're both big tech? Just for yourself, from the definition of fair use and referencing that opinion, do you see any significant differences between ""Google Books"" and ""big LLM""?> You can't then use that as a premise to say that the courts are tilted towards ai companiesThe highest bidder is what I said.> Not to mention it's questionable how ai companies were suddenly able to corrupt all the judges, some of which were appointed decades ago, even though they only got rich a couple of years ago.You're getting creative"" about what I wrote. ""AI companies""? They are just the big corrupting agent of the day, and nobody with deep enough pockets had ""revolutionized"" the legal areas they're working in to this degree until now. Tech in general has been doing it for a few decades already. Other incredibly powerful industries have been doing that in their respective areas for even longer. ""Suddenly""? The US justice system has worked exactly like this for so many decades when it came to the interest of very deep pockets. ""All judges""? I said ""the system"" because all judges don't have the ultimate power to ultimately decide on things.I'm surprised at your surprise that reading a book is fair use, and that courts have been ""captured"" and beholden to economic interests above justice for so long we forgot when it started.[0] https://news.ycombinator.com/item?id=48774664[1] http://www.linksandlaw.com/news-update59-thumbnails-germany-...[2] https://en.wikipedia.org/wiki/Authors_Guild,_Inc._v._Google,...

> You can't then use that as a premise to say that the courts are tilted towards ai companiesThe highest bidder is what I said.> Not to mention it's questionable how ai companies were suddenly able to corrupt all the judges, some of which were appointed decades ago, even though they only got rich a couple of years ago.You're getting creative"" about what I wrote. ""AI companies""? They are just the big corrupting agent of the day, and nobody with deep enough pockets had ""revolutionized"" the legal areas they're working in to this degree until now. Tech in general has been doing it for a few decades already. Other incredibly powerful industries have been doing that in their respective areas for even longer. ""Suddenly""? The US justice system has worked exactly like this for so many decades when it came to the interest of very deep pockets. ""All judges""? I said ""the system"" because all judges don't have the ultimate power to ultimately decide on things.I'm surprised at your surprise that reading a book is fair use, and that courts have been ""captured"" and beholden to economic interests above justice for so long we forgot when it started.[0] https://news.ycombinator.com/item?id=48774664[1] http://www.linksandlaw.com/news-update59-thumbnails-germany-...[2] https://en.wikipedia.org/wiki/Authors_Guild,_Inc._v._Google,...

The highest bidder is what I said.> Not to mention it's questionable how ai companies were suddenly able to corrupt all the judges, some of which were appointed decades ago, even though they only got rich a couple of years ago.You're getting creative"" about what I wrote. ""AI companies""? They are just the big corrupting agent of the day, and nobody with deep enough pockets had ""revolutionized"" the legal areas they're working in to this degree until now. Tech in general has been doing it for a few decades already. Other incredibly powerful industries have been doing that in their respective areas for even longer. ""Suddenly""? The US justice system has worked exactly like this for so many decades when it came to the interest of very deep pockets. ""All judges""? I said ""the system"" because all judges don't have the ultimate power to ultimately decide on things.I'm surprised at your surprise that reading a book is fair use, and that courts have been ""captured"" and beholden to economic interests above justice for so long we forgot when it started.[0] https://news.ycombinator.com/item?id=48774664[1] http://www.linksandlaw.com/news-update59-thumbnails-germany-...[2] https://en.wikipedia.org/wiki/Authors_Guild,_Inc._v._Google,...

> Not to mention it's questionable how ai companies were suddenly able to corrupt all the judges, some of which were appointed decades ago, even though they only got rich a couple of years ago.You're getting creative"" about what I wrote. ""AI companies""? They are just the big corrupting agent of the day, and nobody with deep enough pockets had ""revolutionized"" the legal areas they're working in to this degree until now. Tech in general has been doing it for a few decades already. Other incredibly powerful industries have been doing that in their respective areas for even longer. ""Suddenly""? The US justice system has worked exactly like this for so many decades when it came to the interest of very deep pockets. ""All judges""? I said ""the system"" because all judges don't have the ultimate power to ultimately decide on things.I'm surprised at your surprise that reading a book is fair use, and that courts have been ""captured"" and beholden to economic interests above justice for so long we forgot when it started.[0] https://news.ycombinator.com/item?id=48774664[1] http://www.linksandlaw.com/news-update59-thumbnails-germany-...[2] https://en.wikipedia.org/wiki/Authors_Guild,_Inc._v._Google,...

You're getting creative"" about what I wrote. ""AI companies""? They are just the big corrupting agent of the day, and nobody with deep enough pockets had ""revolutionized"" the legal areas they're working in to this degree until now. Tech in general has been doing it for a few decades already. Other incredibly powerful industries have been doing that in their respective areas for even longer. ""Suddenly""? The US justice system has worked exactly like this for so many decades when it came to the interest of very deep pockets. ""All judges""? I said ""the system"" because all judges don't have the ultimate power to ultimately decide on things.I'm surprised at your surprise that reading a book is fair use, and that courts have been ""captured"" and beholden to economic interests above justice for so long we forgot when it started.[0] https://news.ycombinator.com/item?id=48774664[1] http://www.linksandlaw.com/news-update59-thumbnails-germany-...[2] https://en.wikipedia.org/wiki/Authors_Guild,_Inc._v._Google,...

I'm surprised at your surprise that reading a book is fair use, and that courts have been ""captured"" and beholden to economic interests above justice for so long we forgot when it started.[0] https://news.ycombinator.com/item?id=48774664[1] http://www.linksandlaw.com/news-update59-thumbnails-germany-...[2] https://en.wikipedia.org/wiki/Authors_Guild,_Inc._v._Google,...

[0] https://news.ycombinator.com/item?id=48774664[1] http://www.linksandlaw.com/news-update59-thumbnails-germany-...[2] https://en.wikipedia.org/wiki/Authors_Guild,_Inc._v._Google,...

[1] http://www.linksandlaw.com/news-update59-thumbnails-germany-...[2] https://en.wikipedia.org/wiki/Authors_Guild,_Inc._v._Google,...

[2] https://en.wikipedia.org/wiki/Authors_Guild,_Inc._v._Google,...

reply

No, and neither do LLM's. They're trained on vast quantities of data and retain only a fraction of it.You might think of it as very, very lossy compression that generates new outputs rather than the original input unless something unintentional happens.> If you just ignore anything that's inconvenient for your argument, you can make any argument you want.I'm not. I just understand how it actually works. You either don't understand or are deliberately ignoring that what you just said is literally and technically untrue to make some sort of political statement.

You might think of it as very, very lossy compression that generates new outputs rather than the original input unless something unintentional happens.> If you just ignore anything that's inconvenient for your argument, you can make any argument you want.I'm not. I just understand how it actually works. You either don't understand or are deliberately ignoring that what you just said is literally and technically untrue to make some sort of political statement.

> If you just ignore anything that's inconvenient for your argument, you can make any argument you want.I'm not. I just understand how it actually works. You either don't understand or are deliberately ignoring that what you just said is literally and technically untrue to make some sort of political statement.

I'm not. I just understand how it actually works. You either don't understand or are deliberately ignoring that what you just said is literally and technically untrue to make some sort of political statement.

reply

Somewhere between the two a line must be drawn… where we'd want to put that line, I guess, if up for quibbling. But it doesn't seem obvious to me.

reply

The google books and google thumbnails cases have so far upheld that even mechanical reproductions are allowed, depending on the context/usage.

reply

Sometimes they go a bit wonky and overtrain on specific phrases which can result in verbatim copies of brief sections of coontent. Thats a bug, not a feature.

reply

Humans reading or watching copyrighted material isn't considered ""making a copy"" for the purposes of copyright law. Machines doing so generally is.

reply

reply

reply

reply

reply

if you prompt it to, yes. just like your browser dutifully navigates to any copyright-infringing resource and GETs and POSTs whatever you ask of it.(also it can't, not really, only small snippets before going off rails. LLMs aren't magic, they can't losslessly compress an exabyte of training data into a few terabytes of weights.)

(also it can't, not really, only small snippets before going off rails. LLMs aren't magic, they can't losslessly compress an exabyte of training data into a few terabytes of weights.)

reply

As for your ""technically not copyright infringement"" defense. Those laws are from a time when those patterns couldnt be derived and dostributed at scale. A human had to learn and teach them. That made it different. The scale enabled my modern tech makes it a whole dofferent situation. The same way how one person standing a street corner people watching for a bit isnt that bad, but a whole constellation of flock cameras costantly montioring everyones movements and making it available to any of their customers is really really bad. The law will have to catch up to this

reply

Nos for the same reason that me giving you a word cloud of the frequency of words within Harry Potter isn't infringement. It's a novel transformation.

reply

reply

Particularly in the US there's a four point test and the very first point:> To justify the use as fair, one must demonstrate how it either advances knowledge or the progress of the arts through the addition of something new.I don't know anything that has advanced the knowledge and progress of the arts more.> The third factor assesses the amount and substantiality of the copyrighted work that has been used. In general, the less that is used in relation to the whole, the more likely the use will be considered fair.This isn't about usage in training. This would be in the LLM itself - the copyrighted works are very rarely used in the output.> The fourth factor measures the effect that the allegedly infringing use has had on the copyright owner's ability to exploit his original workWould you sincerely claim that owners have become less able to make money because of LLMs? Those same owners using LLMs to increase their own output of copyrighted works?Anyway, copyright is not an absolute right and you have to really misunderstand copyright law to claim that LLM training infringes it.https://en.wikipedia.org/wiki/Fair_use

> To justify the use as fair, one must demonstrate how it either advances knowledge or the progress of the arts through the addition of something new.I don't know anything that has advanced the knowledge and progress of the arts more.> The third factor assesses the amount and substantiality of the copyrighted work that has been used. In general, the less that is used in relation to the whole, the more likely the use will be considered fair.This isn't about usage in training. This would be in the LLM itself - the copyrighted works are very rarely used in the output.> The fourth factor measures the effect that the allegedly infringing use has had on the copyright owner's ability to exploit his original workWould you sincerely claim that owners have become less able to make money because of LLMs? Those same owners using LLMs to increase their own output of copyrighted works?Anyway, copyright is not an absolute right and you have to really misunderstand copyright law to claim that LLM training infringes it.https://en.wikipedia.org/wiki/Fair_use

I don't know anything that has advanced the knowledge and progress of the arts more.> The third factor assesses the amount and substantiality of the copyrighted work that has been used. In general, the less that is used in relation to the whole, the more likely the use will be considered fair.This isn't about usage in training. This would be in the LLM itself - the copyrighted works are very rarely used in the output.> The fourth factor measures the effect that the allegedly infringing use has had on the copyright owner's ability to exploit his original workWould you sincerely claim that owners have become less able to make money because of LLMs? Those same owners using LLMs to increase their own output of copyrighted works?Anyway, copyright is not an absolute right and you have to really misunderstand copyright law to claim that LLM training infringes it.https://en.wikipedia.org/wiki/Fair_use

> The third factor assesses the amount and substantiality of the copyrighted work that has been used. In general, the less that is used in relation to the whole, the more likely the use will be considered fair.This isn't about usage in training. This would be in the LLM itself - the copyrighted works are very rarely used in the output.> The fourth factor measures the effect that the allegedly infringing use has had on the copyright owner's ability to exploit his original workWould you sincerely claim that owners have become less able to make money because of LLMs? Those same owners using LLMs to increase their own output of copyrighted works?Anyway, copyright is not an absolute right and you have to really misunderstand copyright law to claim that LLM training infringes it.https://en.wikipedia.org/wiki/Fair_use

This isn't about usage in training. This would be in the LLM itself - the copyrighted works are very rarely used in the output.> The fourth factor measures the effect that the allegedly infringing use has had on the copyright owner's ability to exploit his original workWould you sincerely claim that owners have become less able to make money because of LLMs? Those same owners using LLMs to increase their own output of copyrighted works?Anyway, copyright is not an absolute right and you have to really misunderstand copyright law to claim that LLM training infringes it.https://en.wikipedia.org/wiki/Fair_use

> The fourth factor measures the effect that the allegedly infringing use has had on the copyright owner's ability to exploit his original workWould you sincerely claim that owners have become less able to make money because of LLMs? Those same owners using LLMs to increase their own output of copyrighted works?Anyway, copyright is not an absolute right and you have to really misunderstand copyright law to claim that LLM training infringes it.https://en.wikipedia.org/wiki/Fair_use

Would you sincerely claim that owners have become less able to make money because of LLMs? Those same owners using LLMs to increase their own output of copyrighted works?Anyway, copyright is not an absolute right and you have to really misunderstand copyright law to claim that LLM training infringes it.https://en.wikipedia.org/wiki/Fair_use

Anyway, copyright is not an absolute right and you have to really misunderstand copyright law to claim that LLM training infringes it.https://en.wikipedia.org/wiki/Fair_use

https://en.wikipedia.org/wiki/Fair_use

reply

If so, why do we still pay for games and movies?

reply

reply

reply

this is an incorrect interpretation (in the usa, at least).downloading a game/movie is still the creation of unauthorized copy, which is not allowed. not to mention that playing/watching does not count as a ""novel transformation"".(17 U.S.C. § 106 and 17 U.S.C. § 501 are the relevant pieces of reading)

downloading a game/movie is still the creation of unauthorized copy, which is not allowed. not to mention that playing/watching does not count as a ""novel transformation"".(17 U.S.C. § 106 and 17 U.S.C. § 501 are the relevant pieces of reading)

(17 U.S.C. § 106 and 17 U.S.C. § 501 are the relevant pieces of reading)

reply

ISPs and trigger-happy law firms don't send you a C&D for downloading a torrent, they do so for seeding a torrent. It's just that practically nobody ""just seeds"" a torrent so people colloquially claim they got busted for downloading a torrent.In theory this means if you torrent as a 100% leecher and turn off seeding from the get-go, you should be in the clear. But nobody sensible would dare test the extent of German Legal Spite, much less do so repeatedly to science the shit out of it.If you can download through another protocol, say HTTP, however---<Sendung unterbrochen!>

In theory this means if you torrent as a 100% leecher and turn off seeding from the get-go, you should be in the clear. But nobody sensible would dare test the extent of German Legal Spite, much less do so repeatedly to science the shit out of it.If you can download through another protocol, say HTTP, however---<Sendung unterbrochen!>

If you can download through another protocol, say HTTP, however---<Sendung unterbrochen!>

reply

So if you pirate a bunch of content you still get in trouble for that. But if you somehow make a business out of that that isn't just redistributing those materials, then that business itself isn't infringing.

reply

reply

reply

It absolutely is. That's textbook copyright infringement. Doing it for commercial purposes elevates it to criminal copyright infringement.

reply

reply

reply

> Instead the AI companies reached these absurd settlements with publishers that made a mockery out of all the previous copyright enforcement victims.Isn't that at least something? How many people pirating software ever settled with the companies they ""victimized?""

Isn't that at least something? How many people pirating software ever settled with the companies they ""victimized?""

reply

reply

> then used that material to generate billions of dollars which they kept for themselves?Hasn't it also lead to distilled, free and open models that everyone can benefit from?

Hasn't it also lead to distilled, free and open models that everyone can benefit from?

reply

A courtesy. There was never any need to justify it.> Isn't that at least something?Yes, it's a joke. Why do they get to infringe copyrights with impunity while normal people get destroyed? Either go after them like the copyright industry always does and punish them properly, or abolish copyright straight up. This ""rules for thee but not for me"" nonsense is straight up disgusting.> How many people pirating software ever settled with the companies they ""victimized?""Too many to list. Also, nobody is victimizing billion dollar corporations.

> Isn't that at least something?Yes, it's a joke. Why do they get to infringe copyrights with impunity while normal people get destroyed? Either go after them like the copyright industry always does and punish them properly, or abolish copyright straight up. This ""rules for thee but not for me"" nonsense is straight up disgusting.> How many people pirating software ever settled with the companies they ""victimized?""Too many to list. Also, nobody is victimizing billion dollar corporations.

Yes, it's a joke. Why do they get to infringe copyrights with impunity while normal people get destroyed? Either go after them like the copyright industry always does and punish them properly, or abolish copyright straight up. This ""rules for thee but not for me"" nonsense is straight up disgusting.> How many people pirating software ever settled with the companies they ""victimized?""Too many to list. Also, nobody is victimizing billion dollar corporations.

> How many people pirating software ever settled with the companies they ""victimized?""Too many to list. Also, nobody is victimizing billion dollar corporations.

Too many to list. Also, nobody is victimizing billion dollar corporations.

reply

reply

I mean, what is this? Their balls suddenly drop off? They only have the audacity to prosecute random people? Smaller companies? When they're up against trillion dollar AI companies they suddenly become cowards? That's so incredibly disgusting, and it made me completely lose even the small amount of respect for copyright that I had managed to rationalize over the years.

reply

reply

So either enforce the law the same way against everyone correctly and proportionally, or your law and its enforcement are illegitimate and shouldn't exist. If some activity is harmless enough for some billionaires to do at massive scales and settle in court like it was some footnote in history, then nobody should be punished for it at all.

reply

reply

No that's not something. That's just having infinitely more money to fight legal battles.

reply

The AI companies knew that and bet, correctly, that it would be worth the cost.

reply

1. The copyright infringement of big corpos fully justifying my copyright infringement in the face of law2. The copyright infringement of big corpos being prosecuted in the same exact way as my copyright infringement would.There is really no middle ground.

2. The copyright infringement of big corpos being prosecuted in the same exact way as my copyright infringement would.There is really no middle ground.

There is really no middle ground.

reply

But Eisenhower was right:> In the councils of government, we must guard against the acquisition of unwarranted influence, whether sought or unsought, by the military-industrial complex. The potential for the disastrous rise of misplaced power exists and will persist.

> In the councils of government, we must guard against the acquisition of unwarranted influence, whether sought or unsought, by the military-industrial complex. The potential for the disastrous rise of misplaced power exists and will persist.

reply

reply

This isn't even about a single person or personality. Very few people in such position could stand fast by their moral code. In any case, an environment that favors profit above everything will naturally select for individuals who are unencumbered by such hindrances.There might've been 100s of Altmans and Amodeis who had a strong moral code but we don't know about them because they dropped out of the ""race"" because of said moral hurdles.

There might've been 100s of Altmans and Amodeis who had a strong moral code but we don't know about them because they dropped out of the ""race"" because of said moral hurdles.

reply

I think appropriate attribution is a moral code, but I am not able to attribute every idea I have to all those who helped me develop the general intelligence that I use to develop such ideas.

reply

reply

Exactly. Dairy farms optimise for milk production so favour cows that produce the most milk.The market economy optimises for profit so favours those most willing/able to generate it. Zuckerberg, Musk, Thiel, Andreesen and co are products of the system.

The market economy optimises for profit so favours those most willing/able to generate it. Zuckerberg, Musk, Thiel, Andreesen and co are products of the system.

reply

terrifying

reply

If you look at it with your eyes crossed, Anthropic and the chinese are doing the same thing.If you look at it with nuance 1 the chinese are doing way worse stuff, and 2 stealing from a thief would still be stealing1. The chinese are making multiple accounts (at least 49,000)[1][2], using proxies/VPNs, possibly using residential computers and infected computers (unless you think the chinese are doing due diligence to ensure their purchased IPs are kosher).
All accounts need to be created with a real name, and especially so if the paid models need to be accessed and paid with a credit card. So this is beyond IP theft and getting closer to fraud.
These are all techniques that are well studied because they are used by criminals and cybercriminals, textbook stuff.
Consider if that was not sufficient, that China is banned from using the product, so they need to use identities and locations not just to avoid relating the accounts between themselves, but merely to allow account creation. What identities are they using to create accounts.Compare this to Anthropic which reads notes made a deal in an IP theft case paying billions because they bought books and scanned them but buying the books wasn't sufficient retribution for the authors. Or that they gasp scanned the internet, like Google.Not having nuance to see the difference between the two companies is something I expect of the twitter echo chamber copying hot takes for upvotes, not hacker news.[1] https://arstechnica.com/tech-policy/2026/06/anthropic-claims...
[2] https://www.anthropic.com/news/detecting-and-preventing-dist...

If you look at it with nuance 1 the chinese are doing way worse stuff, and 2 stealing from a thief would still be stealing1. The chinese are making multiple accounts (at least 49,000)[1][2], using proxies/VPNs, possibly using residential computers and infected computers (unless you think the chinese are doing due diligence to ensure their purchased IPs are kosher).
All accounts need to be created with a real name, and especially so if the paid models need to be accessed and paid with a credit card. So this is beyond IP theft and getting closer to fraud.
These are all techniques that are well studied because they are used by criminals and cybercriminals, textbook stuff.
Consider if that was not sufficient, that China is banned from using the product, so they need to use identities and locations not just to avoid relating the accounts between themselves, but merely to allow account creation. What identities are they using to create accounts.Compare this to Anthropic which reads notes made a deal in an IP theft case paying billions because they bought books and scanned them but buying the books wasn't sufficient retribution for the authors. Or that they gasp scanned the internet, like Google.Not having nuance to see the difference between the two companies is something I expect of the twitter echo chamber copying hot takes for upvotes, not hacker news.[1] https://arstechnica.com/tech-policy/2026/06/anthropic-claims...
[2] https://www.anthropic.com/news/detecting-and-preventing-dist...

1. The chinese are making multiple accounts (at least 49,000)[1][2], using proxies/VPNs, possibly using residential computers and infected computers (unless you think the chinese are doing due diligence to ensure their purchased IPs are kosher).
All accounts need to be created with a real name, and especially so if the paid models need to be accessed and paid with a credit card. So this is beyond IP theft and getting closer to fraud.
These are all techniques that are well studied because they are used by criminals and cybercriminals, textbook stuff.
Consider if that was not sufficient, that China is banned from using the product, so they need to use identities and locations not just to avoid relating the accounts between themselves, but merely to allow account creation. What identities are they using to create accounts.Compare this to Anthropic which reads notes made a deal in an IP theft case paying billions because they bought books and scanned them but buying the books wasn't sufficient retribution for the authors. Or that they gasp scanned the internet, like Google.Not having nuance to see the difference between the two companies is something I expect of the twitter echo chamber copying hot takes for upvotes, not hacker news.[1] https://arstechnica.com/tech-policy/2026/06/anthropic-claims...
[2] https://www.anthropic.com/news/detecting-and-preventing-dist...

Compare this to Anthropic which reads notes made a deal in an IP theft case paying billions because they bought books and scanned them but buying the books wasn't sufficient retribution for the authors. Or that they gasp scanned the internet, like Google.Not having nuance to see the difference between the two companies is something I expect of the twitter echo chamber copying hot takes for upvotes, not hacker news.[1] https://arstechnica.com/tech-policy/2026/06/anthropic-claims...
[2] https://www.anthropic.com/news/detecting-and-preventing-dist...

Not having nuance to see the difference between the two companies is something I expect of the twitter echo chamber copying hot takes for upvotes, not hacker news.[1] https://arstechnica.com/tech-policy/2026/06/anthropic-claims...
[2] https://www.anthropic.com/news/detecting-and-preventing-dist...

[1] https://arstechnica.com/tech-policy/2026/06/anthropic-claims...
[2] https://www.anthropic.com/news/detecting-and-preventing-dist...

reply

Anthropic seems to want to both own and eat its stolen cake.

reply

reply

> stealing from a thief would still be stealingStealing from a thief hurts thief industry which is a win for society.> The chinese are making multiple accountsNot a crime. AI companies also ignore robots.txt and applicable laws when illegally copying copyrighted material from websites to their servers without author permission.

Stealing from a thief hurts thief industry which is a win for society.> The chinese are making multiple accountsNot a crime. AI companies also ignore robots.txt and applicable laws when illegally copying copyrighted material from websites to their servers without author permission.

> The chinese are making multiple accountsNot a crime. AI companies also ignore robots.txt and applicable laws when illegally copying copyrighted material from websites to their servers without author permission.

Not a crime. AI companies also ignore robots.txt and applicable laws when illegally copying copyrighted material from websites to their servers without author permission.

reply

You are welcome to study the law of any country. A crime against a criminal is still a crime.>applicable laws when illegally copying copyrighted material from websites to their servers without author permission.If the material is distributed in http without authentication, isn't that sufficient authorization from the distributor? I would think the search + web crawler era would have set plenty of precedent for this.>Not a crime. AI companies also ignore robots.txtBreach of contract is not a crime, agreed.How about identity fraud (accounts by identity proxy, document KYC), computer crime (C&C residential proxies), conspiracy.And after the June US directive to suspend Chinese access, smuggling, false statements to regulated entity.These are all criminal charges that are presumably not levied because of the adversarial relationship between those countries. But if this happened in the US you would probably be seeing at least a civil claim and potentially criminal charges. Hell if this were in any other western country you would see the same. Consider CloudFlare vs Spain, much lighter criminal accusations, and there's already a criminal investigation brought where the CF CEO is indicted.Non-trivial lack of nuance when you can distinguish between a domestic civil case and a criminal international case between 2 world powers with great judicial tension.

>applicable laws when illegally copying copyrighted material from websites to their servers without author permission.If the material is distributed in http without authentication, isn't that sufficient authorization from the distributor? I would think the search + web crawler era would have set plenty of precedent for this.>Not a crime. AI companies also ignore robots.txtBreach of contract is not a crime, agreed.How about identity fraud (accounts by identity proxy, document KYC), computer crime (C&C residential proxies), conspiracy.And after the June US directive to suspend Chinese access, smuggling, false statements to regulated entity.These are all criminal charges that are presumably not levied because of the adversarial relationship between those countries. But if this happened in the US you would probably be seeing at least a civil claim and potentially criminal charges. Hell if this were in any other western country you would see the same. Consider CloudFlare vs Spain, much lighter criminal accusations, and there's already a criminal investigation brought where the CF CEO is indicted.Non-trivial lack of nuance when you can distinguish between a domestic civil case and a criminal international case between 2 world powers with great judicial tension.

If the material is distributed in http without authentication, isn't that sufficient authorization from the distributor? I would think the search + web crawler era would have set plenty of precedent for this.>Not a crime. AI companies also ignore robots.txtBreach of contract is not a crime, agreed.How about identity fraud (accounts by identity proxy, document KYC), computer crime (C&C residential proxies), conspiracy.And after the June US directive to suspend Chinese access, smuggling, false statements to regulated entity.These are all criminal charges that are presumably not levied because of the adversarial relationship between those countries. But if this happened in the US you would probably be seeing at least a civil claim and potentially criminal charges. Hell if this were in any other western country you would see the same. Consider CloudFlare vs Spain, much lighter criminal accusations, and there's already a criminal investigation brought where the CF CEO is indicted.Non-trivial lack of nuance when you can distinguish between a domestic civil case and a criminal international case between 2 world powers with great judicial tension.

>Not a crime. AI companies also ignore robots.txtBreach of contract is not a crime, agreed.How about identity fraud (accounts by identity proxy, document KYC), computer crime (C&C residential proxies), conspiracy.And after the June US directive to suspend Chinese access, smuggling, false statements to regulated entity.These are all criminal charges that are presumably not levied because of the adversarial relationship between those countries. But if this happened in the US you would probably be seeing at least a civil claim and potentially criminal charges. Hell if this were in any other western country you would see the same. Consider CloudFlare vs Spain, much lighter criminal accusations, and there's already a criminal investigation brought where the CF CEO is indicted.Non-trivial lack of nuance when you can distinguish between a domestic civil case and a criminal international case between 2 world powers with great judicial tension.

Breach of contract is not a crime, agreed.How about identity fraud (accounts by identity proxy, document KYC), computer crime (C&C residential proxies), conspiracy.And after the June US directive to suspend Chinese access, smuggling, false statements to regulated entity.These are all criminal charges that are presumably not levied because of the adversarial relationship between those countries. But if this happened in the US you would probably be seeing at least a civil claim and potentially criminal charges. Hell if this were in any other western country you would see the same. Consider CloudFlare vs Spain, much lighter criminal accusations, and there's already a criminal investigation brought where the CF CEO is indicted.Non-trivial lack of nuance when you can distinguish between a domestic civil case and a criminal international case between 2 world powers with great judicial tension.

How about identity fraud (accounts by identity proxy, document KYC), computer crime (C&C residential proxies), conspiracy.And after the June US directive to suspend Chinese access, smuggling, false statements to regulated entity.These are all criminal charges that are presumably not levied because of the adversarial relationship between those countries. But if this happened in the US you would probably be seeing at least a civil claim and potentially criminal charges. Hell if this were in any other western country you would see the same. Consider CloudFlare vs Spain, much lighter criminal accusations, and there's already a criminal investigation brought where the CF CEO is indicted.Non-trivial lack of nuance when you can distinguish between a domestic civil case and a criminal international case between 2 world powers with great judicial tension.

And after the June US directive to suspend Chinese access, smuggling, false statements to regulated entity.These are all criminal charges that are presumably not levied because of the adversarial relationship between those countries. But if this happened in the US you would probably be seeing at least a civil claim and potentially criminal charges. Hell if this were in any other western country you would see the same. Consider CloudFlare vs Spain, much lighter criminal accusations, and there's already a criminal investigation brought where the CF CEO is indicted.Non-trivial lack of nuance when you can distinguish between a domestic civil case and a criminal international case between 2 world powers with great judicial tension.

These are all criminal charges that are presumably not levied because of the adversarial relationship between those countries. But if this happened in the US you would probably be seeing at least a civil claim and potentially criminal charges. Hell if this were in any other western country you would see the same. Consider CloudFlare vs Spain, much lighter criminal accusations, and there's already a criminal investigation brought where the CF CEO is indicted.Non-trivial lack of nuance when you can distinguish between a domestic civil case and a criminal international case between 2 world powers with great judicial tension.

Non-trivial lack of nuance when you can distinguish between a domestic civil case and a criminal international case between 2 world powers with great judicial tension.

reply

reply

On the book case, a class action case was brought to court and it was settled. There's no use in bringing it up further, it has been settled, and it bears no relation to the Anthropic v China case.You like programming? Think of encapsulation, imagine if you had to think about f(x) but someone brings up y, now you have to think about f(x,y) and what other parameters might bear relationship? The law simplifies by compartimentalizing. And it doesn't even bear a tradeoff, judgment(case1,case2) isn't better than judgment(case1)+judgment(case2).

You like programming? Think of encapsulation, imagine if you had to think about f(x) but someone brings up y, now you have to think about f(x,y) and what other parameters might bear relationship? The law simplifies by compartimentalizing. And it doesn't even bear a tradeoff, judgment(case1,case2) isn't better than judgment(case1)+judgment(case2).

reply

reply

If the damnified have considered the matter settled, why would it matter what third parties have to say about it? Third parties would have pushed for more compensation, or ownership of the derivate product. If you feel damnified yourself you can open a case and explain why the actions of Anthropic have hurt you personally.Otherwise it is a matter that doesn't concern the general public, we have no say in it and there is no right to be offended on behalf of parties that have already settled the argument.

Otherwise it is a matter that doesn't concern the general public, we have no say in it and there is no right to be offended on behalf of parties that have already settled the argument.

reply

They seem to have given themselves license to do what they like, but _God forbid_ they're called out for acting less-than-honourably.Most adults around the world can associate actions and consequences. The incomprehension and entitlement here speaks volumes about the moral and emotional maturity of the Chinese Communist Party and their political system.

Most adults around the world can associate actions and consequences. The incomprehension and entitlement here speaks volumes about the moral and emotional maturity of the Chinese Communist Party and their political system.

reply



reply

reply

reply

reply

reply

reply

I think that the reasoning is: they trust the git company (whatever it is) not to sell their code. They are worried that their code goes into a model and somebody else could ask the model ""write a service like XYZ"" and it will regurgitate their code.

reply

GitLab even has a free self-hosted version, and it has a number of advantages (like being able to actually have a structure with inherited secrets and accesses, and no, GitHub Organisations do not count and suck). And for years thanks to GitLab-CI it was clearly ahead.

reply

reply

In terms of WHAT you need to be concerned about, it seems it goes far beyond code, and far beyond having to trust your model provider.A coding agent with access to a bash tool is going to have access to anything that a human with a bash prompt would, and even if you try to provide a nailed down sandbox environment for the agent, you still need to be concerned about things like unencrypted passwords and keys that it may be able to find ""laying around"" in code or databases/etc it has access to.I'm surprised there haven't yet been more widely disseminated stories about coding agents and claw-bots wreaking havoc.

A coding agent with access to a bash tool is going to have access to anything that a human with a bash prompt would, and even if you try to provide a nailed down sandbox environment for the agent, you still need to be concerned about things like unencrypted passwords and keys that it may be able to find ""laying around"" in code or databases/etc it has access to.I'm surprised there haven't yet been more widely disseminated stories about coding agents and claw-bots wreaking havoc.

I'm surprised there haven't yet been more widely disseminated stories about coding agents and claw-bots wreaking havoc.

reply

reply

reply

reply

reply

reply

reply

When these tools first appeared the overwhelming conversation was about the risk of letting a remote tool siphon your code and intellectual property (where eventually they're going to add that to their training). Now everyone is using them, and that fear seems to have dissolved. Every corporation is sprinkled with Claude Code, Antigravity, Copilot, Codex, and so on. Even the long fear-mongered Chinese providers are being heavily used in many spaces.In this case this is a PR battle between two firms, and it isn't much more. And Alibaba isn't worried about the ""proprietary code"" (the truth is that there is incredibly little interest in most orgs code), but that the tool is a backdoor, or at least that is the claim.

In this case this is a PR battle between two firms, and it isn't much more. And Alibaba isn't worried about the ""proprietary code"" (the truth is that there is incredibly little interest in most orgs code), but that the tool is a backdoor, or at least that is the claim.

reply

I think from a commercial perspective yes, but access to source code is very good for finding exploits which could be very valuable for governments. I could also see a future where companies are directly cyber-attacking competitors in hostile markets too...

reply

Until the first big incident, yes.

reply



reply

reply

What's a ""distillation attack""? How is it different from simply distillation?

reply

reply

reply

reply

reply

So?Fraudsters don't want to be jailed, their victims don't want to be scammed, employees don't want to be laid off, etc.What the target wants is irrelevant - what society wants as enforced by laws is what is relevant, and as the leading AI providers have demonstrated, simply grabbing other people's copyrighted stuff for learning purposes is perfectly fine!If they already think this practice is fine, why would I believe that their concerns about this are real?

Fraudsters don't want to be jailed, their victims don't want to be scammed, employees don't want to be laid off, etc.What the target wants is irrelevant - what society wants as enforced by laws is what is relevant, and as the leading AI providers have demonstrated, simply grabbing other people's copyrighted stuff for learning purposes is perfectly fine!If they already think this practice is fine, why would I believe that their concerns about this are real?

What the target wants is irrelevant - what society wants as enforced by laws is what is relevant, and as the leading AI providers have demonstrated, simply grabbing other people's copyrighted stuff for learning purposes is perfectly fine!If they already think this practice is fine, why would I believe that their concerns about this are real?

If they already think this practice is fine, why would I believe that their concerns about this are real?

reply

reply

reply

reply

reply

reply

reply

Unlike the vast majority of people Anthropic stole from.

reply

reply

reply

reply

reply

And they constantly publish state of the art LLM research (see DS4 context compaction and cache tech).They have very capable tech giants. So while not being able to distill western models would probably have some impact, it's probably becoming lesser as time passes.We might even see Western LLMs distilling Chinese models soon. If they aren't already to some extent.

They have very capable tech giants. So while not being able to distill western models would probably have some impact, it's probably becoming lesser as time passes.We might even see Western LLMs distilling Chinese models soon. If they aren't already to some extent.

We might even see Western LLMs distilling Chinese models soon. If they aren't already to some extent.

reply

A couple months ago when Anthropic was complaining about Chinese distillation, people found that Claude self-identified as ""DeepSeek"" when asked in Chinese:https://x.com/stevibe/status/2026227392076018101It's really a fiasco of massive hypocrisy at this point.

https://x.com/stevibe/status/2026227392076018101It's really a fiasco of massive hypocrisy at this point.

It's really a fiasco of massive hypocrisy at this point.

reply

reply

Many of the top AI researchers at western companies are from China, and many are returning.

reply

reply

reply

reply

If Anthropic had a super secret model that nobody has access to, I'm not sure why I should care about it since I can't access it.

reply

More than a year ago, when Anthropic and OpenAI started to hide the reasoning bits from the output, a lot of people here on HN predicted that Chinese models days were numbered.Fast forward to today, and models such as DeepSeek and MiMo are nothing short of excellent. I haven't used GLM or Qwen but heard very good things about them as well.This ""massive distillation"" sounds a lot like anxiety about how companies from outside the US can develop very good models themselves.

Fast forward to today, and models such as DeepSeek and MiMo are nothing short of excellent. I haven't used GLM or Qwen but heard very good things about them as well.This ""massive distillation"" sounds a lot like anxiety about how companies from outside the US can develop very good models themselves.

This ""massive distillation"" sounds a lot like anxiety about how companies from outside the US can develop very good models themselves.

reply

reply

use claude-code
see how good it is
send 100k bots to distill fable 5 (GLM 5.2 is the result of this)
release Zcode 
ditch claude-code 
ban claude-code

reply

reply

reply

reply

reply","{'href': 'https://news.ycombinator.com', 'title': 'Hacker News'}","technology"
"https://news.google.com/rss/search?q=men's+us+soccer","USMNT World Cup bracket scenarios, odds to advance, predicted path to knockouts","https://www.espn.com/soccer/story/_/id/48953200/usmnt-usa-world-cup-scenarios-bracket-permutations-qualify-betting-odds-projections-predictions","Sat, 04 Jul 2026 02:24:00 GMT","



For the U.S. men's national team, the knockout rounds of the 2026 World Cup have begun.

After winning Group D to put themselves in the best position to make a deep run in this World Cup, the Americans defeated Bosnia and Herzegovina 2-0 to advance to the round of 16. If they win their next match, they would make history: In the modern World Cup, the U.S. has made it past the round of 16 once, and that was 24 years ago.

So, can they do it? ESPN will keep bringing you regularly updated permutations, odds and projections that will follow the likely U.S. path through the World Cup. Stick around and bookmark this page for the latest.

The U.S. clinched a spot in the knockout rounds by following up a 4-1 win over Paraguay with a 2-0 victory against Australia, topping Group D despite slipping to a 2-3 loss to Türkiye.

As top seed from Group D, the USMNT got to square off against one of the third-placed teams that made it through the round of 32: Group B's Bosnia and Herzegovina.

Another bonus of topping the group: Mauricio Pochettino's side will stay on the west coast, with a path taking in San Francisco, Seattle and Los Angeles if they are to make it to the quarterfinals. A worse finish in Group D could've sent them on longer road trips to Massachusetts, New Jersey, Texas or Kansas.

Wednesday saw two crucial matches play out: the Americans duly triumphed 2-0 over Bosnia-Herzegovina, while European heavyweights Belgium defeated Senegal 3-2 in extra time. That means the United States will face Belgium in the round of 16.

Next match: United States vs. Belgium (July 6, 8 p.m. ET, Seattle)

If the USMNT manages to win that, next the Americans will play one of Spain, Austria, Portugal or Croatia in the quarterfinals in Los Angeles on July 10.

Even if you aren't into betting, the odds set by sportsbooks can be a pretty decent gauge of where the U.S. stands in the tournament. After all, oddsmakers have a financially vested interest in getting their World Cup guesses right so they can set betting lines accordingly.

With that, here's where DraftKings puts the U.S. after beating Bosnia and Herzegovina:

Odds to win the World Cup: +2800, or 28-to-1 odds.

That's an improvement over the +6000 the U.S. was at before the tournament began, or the +4000 odds from before the U.S. beat Australia. But at +2800, it still is an implied probability of less than 4%. (So, they are saying there's a chance!)

Odds to beat Belgium: -130 (implied odds of 54% after removing sportsbook's cut)
Odds of losing to Belgium: +105 (implied odds of 46%)

The sportsbook has the U.S. as slight favorites, even though leading scorer Folarin Balogun will miss out after receiving a red card against Bosnia and Herzegovina.

If you don't want to listen to the gambling sharks, how about the data nerds? There are several models out there trying to predict the 2026 World Cup, but over the course of the tournament, Michael Caley's PADDLIN' model has emerged as our favorite.

Its projection model incorporates both results and statistical measures of underlying performance, including expected goals, for all international teams. It also uses estimates of player value from Transfermarkt to adjust these measures based on the projected quality of the team's World Cup squad.

So, how deep into the knockout rounds will the U.S. advance? While a lot will depend on who they end up facing, of course, here are the model's current projections:

Quarterfinals: 50%
Semifinals: 16%
Final: 5%
Winner: 2%

But hey, World Cups aren't won or lost based on probabilities and predictions. The games have to be played, and anything can happen. We'll be following along, so stay tuned.","{'href': 'https://www.espn.com', 'title': 'ESPN'}","soccer"
"https://news.google.com/rss/search?q=fifa+world+cup","World Cup Daily live: Cape Verde overshadow Taylor Swift-Travis Kelce wedding; Round of 16 begins","https://www.espn.com/soccer/story/_/id/49265379/world-cup-daily-live-cape-verde-overshadow-taylor-swift-travis-kelce-wedding-round-16-begins-canada-morocco-paraguay-france","Sat, 04 Jul 2026 08:52:00 GMT","

We finally have 16 teams left in the 2026 FIFA World Cup and there are two matches to kick off this Saturday.

Co-hosts Canada take on Morocco in Houston, before Paraguay come up against one of the favorites, France, in Philadelphia.

Enjoy all the features, news, video analysis and color from around the competition.","{'href': 'https://www.espn.com', 'title': 'ESPN'}","soccer"
"https://news.google.com/rss/search?q=fifa+world+cup","'I went up to Lionel Messi after the game. He said ... ': Vozinha reveals Argentina skipper's words after","https://timesofindia.indiatimes.com/sports/football/fifa-world-cup/i-went-up-to-lionel-messi-after-the-game-he-said-vozinha-reveals-argentina-skippers-words-after-fifa-world-cup-exit/articleshow/132177877.cms","Sat, 04 Jul 2026 09:00:00 GMT","

At TOI Sports Desk, reporters work around the clock to bring you comprehensive updates from the world of sports. Expect nuanced match reports, previews, and reviews, along with statistics-based technical analysis, the latest social media trends, and expert insights across cricket, football, tennis, badminton, hockey, motorsports, wrestling, boxing, shooting, athletics, and more.Read More","{'href': 'https://timesofindia.indiatimes.com', 'title': 'The Times of India'}","soccer"
"https://news.google.com/rss/search?q=site:goal.com","Bruno Guimaraes is proving with World Cup displays for Brazil why he is the perfect signing for Arsenal","https://www.goal.com/en/lists/bruno-guimaraes-arsenal-brazil-martin-odegaard-norway-world-cup/blte78b3459318b8482","Sat, 04 Jul 2026 07:00:00 GMT","

There will be some added intrigue for Arsenal fans during Brazil's clash with Norway in the last 16 of the 2026 World Cup. While much of the focus will undoubtedly be on superstar attackers Vinicius Jr and Erling Haaland before kick-off on Sunday, one significant subplot is the battle between present and potentially future Gunners midfielders.

Two of the most creative players at the tournament so far, Bruno Guimaraes and Martin Odegaard are set to go head-to-head in New Jersey, and their individual tussle could go some way to settling what actually looks like an evenly-matched tie on paper, despite the South Americans' pedigree.

A scintillating Golden Boot race has hogged the headlines, but both Bruno (four) and Odegaard (three) rank in the top five in the contest to become the top assist-maker at the World Cup, which has been just as enthralling. France's majestic Michael Olise currently leads the way with five.

The last-16 showdown between Brazil and Norway comes against the backdrop of Arsenal's transfer pursuit of the £65 million-rated ($87m) Newcastle talisman, who is proving in North America that - alongside Odegaard - he can take the Gunners' midfield to the next level.

Odegaard had his doubters at club level last season, with certain pundits and sections of Arsenal's own support calling for him to be dropped and even sold this summer - which is all the more remarkable given he became their first title-winning captain in 22 years.

Their frustrations are largely rooted in the perception that Odegaard would too often take the safe option as a No.10 and had a tendency to let games pass him by, rather than grab them by the scruff of the neck. The attacking midfielder did struggle to make an impact at times, with niggling injuries taking their toll, although he still finished the season with a creditable seven assists from 24 Premier League appearances.

At the World Cup, though, Odegaard has reminded everyone what he is all about; playing with the freedom of a man who isn't burdened by the pressure to end an agonisingly long wait for a league title at club level, Odegaard has looked much more himself across three dynamic displays. He should have done enough to silence his critics and perhaps convince the club that selling him would be a mistake.

Norway's captain has three assists in as many outings so far in North America, teeing up Leo Ostigard's header against Iraq from a corner, rolling an inch-perfect pass into Haaland in the clash with Senegal and picking out Antonio Nusa in the lead-up to his wonder goal against Ivory Coast.

That feat means Odegaard has become just the third men's player to create a goal in each of his first three World Cup appearances since records began in 1966, and the first to assist in three World Cup games in a row since Dirk Kuyt in 2010, per Opta. In the last 32 against Les Elephants, he had 90 touches of the ball and played it forward 18 times - more than any other player.

This is really nothing new for the 27-year-old in national team colours. Despite missing three of eight qualifying matches for the tournament through injury, Odegaard still laid on seven goals - including three in one game against Israel. That's more than any other player in Europe.

Brazil's Guimaraes has started the World Cup in similarly fine fashion. He might not be as technically gifted or celebrated as the star names of past, gilded Selecao generations, but the Newcastle captain has arguably been his country's most important player at the tournament so far.

The midfielder has racked up one more assist than Odegaard, squeezing a pass into Vinicius for his sublime equaliser against Morocco, supplying the winger again for a header against Scotland and later dancing through the defence before laying the ball off to Matheus Cunha to sweep home. He then notched his fourth and most important by keeping his cool to pick out Gabriel Martinelli for Brazil's dramatic, 96th-minute winner against Japan in the last 32.

That saw Guimaraes become just the fourth player to assist four goals at a World Cup in the 21st century, after Germany's Michael Ballack (2002), Italy icon Totti (2006) and Juan Cuadrado of Colombia (2014), albeit he was soon joined by France's Olise. The Brazilian has also created the third-most chances of any midfielder at this World Cup (nine), and his tirelessness is reflected in the fact he has cumulatively run the equivalent of a marathon across his four appearances so far (44.4km).

Add GOAL.com as a preferred source on Google to see more of our reporting

Brazil's iconic manager Carlo Ancelotti is under no illusions as to Guimaraes' importance to his side's cause, as a flawed squad looks to live up to typically sky-high expectations back home.

""Bruno is a very important player, very consistent in the game, always making a very good contribution defensively and offensively,"" the Italian tactician said after the triumph over Japan. ""He provided a fantastic assist, and I'm very happy because Bruno has a very big heart.""

That sentiment was echoed by the midfielder's now-former Newcastle team-mate Emil Krafth. ""He's the most important player in the team,"" the defender told the BBC. ""He manages the game so well, both physically and technically.

""I hope they [Newcastle] can keep him. There's a lot of rumours surrounding him, which is not surprising because he's had a good World Cup and a great season.""

Whether or not Newcastle can keep hold of their skipper is now the big question, as Guimaraes is only enhancing his reputation as one of the planet's finest midfielders on world football's biggest stage. It emerged in late June that Arsenal had seen an informal proposal of around £55m ($73m) knocked back by the Magpies, who are adamant their captain is not for sale this summer. However, it has since been reported that the player's head may have been turned.

Newcastle's case isn't helped by the fact Guimaraes is away on international duty with Gunners stars Martinelli and Gabriel Magalhaes, who will undoubtedly be in his ear, and his current employers cannot offer any form of European football next season after finishing a lowly 12th in the Premier League in 2025-26.

It has been suggested that the north Londoners believe an improved bid of £65m ($87m) would be enough to prise the Brazilian away from St James' Park, as his contract is due to expire in two years' time and his 29th birthday is not too far off. That hypothetical deal would be a very shrewd bit of business from Arsenal, especially in light of their fierce rivals Tottenham's imminent £100m ($133m) splurge on Guimaraes' Newcastle colleague Sandro Tonali, who is unquestionably an inferior midfielder.

However, it remains to be seen whether the substantial intake from Tonali's exit, as well as the £69m ($93m) sale of Anthony Gordon to Barcelona, means the Tynesiders are under no pressure to sell.

Arsenal fans, then, will have a particularly keen eye on this World Cup last-16 showdown as their club captain goes head to head with the man who could take their midfield to the next level.

The Gunners will already be favourites to retain their long-awaited Premier League title next season, but the addition of Guimaraes might just wrap it up before a ball has been kicked. Signing Spain's Martin Zubimendi last summer was one thing, but having Bruno alongside Declan Rice and Odegaard in the middle of the park is quite another.

That trio is a mouth-watering prospect; Rice would continue to operate as a defensive-minded, box-to-box shuttler, Guimaraes can chip in with the dirty work, hard running and creativity as a No.8, and Odegaard would be freed to create at the top of the pitch, in the knowledge that his side are in safe hands in transition and without the pressure of striving to end his club's wait for a title.

Some might have thought that the Brazilian's arrival would spell the end for his Norwegian counterpart at the Emirates, but both are proving at the World Cup that they can be a huge part of Arsenal's future as Mikel Arteta looks to build an era of domestic dominance.","{'href': 'https://www.goal.com', 'title': 'Goal.com'}","soccer"
"https://news.google.com/rss/search?q=site:goal.com","Explained: Why Egypt players watched a Kylian Mbappe penalty on a laptop just minutes before World Cup shoot-out against Australia","https://www.goal.com/en/lists/why-egypt-players-watched-kylian-mbappe-penalty-world-cup-australia/blt32549e7a972e0b4c","Sat, 04 Jul 2026 08:16:12 GMT","

Egypt's coaching staff utilised meticulous modern analytical methods to mastermind their historic World Cup knockout triumph over Australia in Dallas. Minutes before the penalty shootout commenced, players gathered around a laptop screen to study specific footage of Real Madrid superstar Kylian Mbappe facing Socceroos goalkeeper Mat Ryan.

The Egyptian technical team orchestrated an emergency briefing immediately prior to the shootout to expose Ryan's penalty habits. Players examined a laptop clip from Real Madrid's 2-2 draw with Levante on January 17, focusing on a 58th-minute spot-kick. Although the Australian goalkeeper attempted to destabilise Mbappe with dramatic, swaying goal-line movements, the French forward remained completely unfazed, sending Ryan the wrong way before mimicking his dancing gestures in celebration.



The meticulous preparation highlighted the increasingly detailed data work that has become common in elite football. Rather than leaving a knockout lottery to pure chance, Egypt's management wanted their penalty takers to study Ryan's positioning, swaying habits, and reaction times under pressure. This short briefing gave the players immediate mental clarity, allowing them to block out the crowd noise and focus entirely on replicating the decisive execution shown by the world's best forwards.

The strategic video study proved exceptionally vital after Australia opted for a late tactical goalkeeper swap, withdrawing Patrick Beach in the 119th minute. With the Egyptian squad having decoded Ryan's technical tendencies on the laptop, the veteran shot-stopper then failed to save a single penalty. According to Reuters, penalty psychology expert Geir Jordet explained that Mbappe's rapid, decisive execution right after the referee's whistle proves that confidence and decisiveness override any single perfect routine.

Add GOAL.com as a preferred source on Google to see more of our reporting

Egypt must now translate their laptop-scouted precision into a monumental round-of-16 blockbuster against defending champions Argentina, who narrowly advanced following a chaotic five-goal thriller with Cape Verde. Engineering another historic upset demands flawless defensive discipline combined with a reliance on their talismanic captain's transitional brilliance to dismantle the tournament heavyweights.","{'href': 'https://www.goal.com', 'title': 'Goal.com'}","soccer"
"https://news.google.com/rss/search?q=site:formula1.com","Best Qualifying bets for the British Grand Prix","https://www.formula1.com/en/latest/article/best-qualifying-bets-and-latest-odds-for-the-british-grand-prix.5AbMiFrcik1m34IEZjlDax","Sat, 04 Jul 2026 04:30:50 GMT","

Authentics

Store

Tickets

Hospitality

Experiences

Arcade

Previous

Current

Upcoming

2026 British GP Sprint Qualifying: Ride onboard as Lewis Hamilton claims Sprint Pole

TECH TALK – All the Silverstone updates revealed!  

© 2003-2026 Formula One World Championship Limited","{'href': 'https://www.formula1.com', 'title': 'Formula 1'}","formula_1"
"https://news.google.com/rss/search?q=site:pagesix.com","Tom Brady sneaks out of Taylor Swift and Travis Kelce's star-studded wedding reception early","https://pagesix.com/2026/07/03/entertainment/tom-brady-sneaks-out-of-taylor-swift-travis-kelces-wedding-reception-early/","Sat, 04 Jul 2026 03:09:00 GMT","


				See more of our coverage in your search results.			

Tom Brady was caught dipping out of Taylor Swift and Travis Kelce's star-studded wedding reception hours before it ended.

The former NFL star kept his head down while in the backseat of a car leaving New York City's Madison Square Garden Friday night.

He looked dapper for the special occasion, wearing a classic black suit and tie.

Advertisement

Aside from Brady, 48, comedian Chris Rock and actor Hugh Grant — along with wife Anna Eberstein — also left the party early.

Advertisement

The trio were among the A-listers who attended Swift and Kelce's highly anticipated nuptials at the iconic venue.

Gigi Hadid, Bradley Cooper, Dakota Johnson and Benson Boone were a few of the many photographed arriving at the ceremony earlier in the day.

MSG announced the Grammy winner and athlete, both 36, said “I do” with digital screens around the arena that read “JUST&T MARRIED!” around 7:30 p.m. ET.

Advertisement

Swift's publicist, Tree Paine, also confirmed the news to Page Six, revealing actor Adam Sandler officiated the wedding.

Kelce notably starred alongside Sandler in the 2025 film “Happy Gilmore 2.”

Advertisement

Additionally, Paine told us Swift's brother, Austin, was her “Man of Honor,” while Kelce's brother, Jason, was his “Best Man.”


							Sign up for Page Swift						




						Please provide a valid email.					



				By clicking above you agree to the Terms of Use and Privacy Policy.			


					Want more celebrity and pop culture news?				

Advertisement

The “Lover” songstress and the Kansas City Chiefs tight end were also decked out in Christian Dior Haute Couture and wore custom Christian Louboutin shoes for their wedding ceremony.

Shortly after the couple walked down the aisle, the Empire State Building changed its colors to represent Swift's “something blue.”

The pop icon and Kelce kicked off their wedding festivities with a rehearsal dinner alongside 100 guests on Thursday.

Advertisement

Cooper, Hadid, Jack Antonoff and Swift's childhood bestie, Abigail Anderson, all stepped out for the festivities.

Insiders previously told Page Six that the “Cruel Summer” singer and Kelce, who got engaged in August 2025, were “already married” ahead of Friday's ceremony.

One source shared that there are rumors that the wedding occurred in Tennessee.


						Your voice matters. Discussions are moderated for civility. Read our guidelines here 

Our community is about connecting people through open and thoughtful conversations. We want our readers to share their views and exchange ideas in a safe space.

In order to do so, we've created a simple set of rules that will improve your experience.

Simply put, keep it civil.

Your post will/might be rejected if it contains:

User accounts will/might be blocked if we notice:

So, how can you be a power user?

Thanks for reading our community guidelines. Don't forget, freedom of speech is not the freedom of reach!



","{'href': 'https://pagesix.com', 'title': 'Page Six'}","entertainment"
"https://news.google.com/rss/search?q=ufo","The Arts of Democracy exhibited during the UFO Festival","https://www.rdrnews.com/news/local/the-arts-of-democracy-exhibited-during-the-ufo-festival/article_8e1b788b-8c8b-4d49-9309-670a0f136813.html","Sat, 04 Jul 2026 06:00:00 GMT","



Please log in, or sign up for a new account and purchase a subscription to continue reading.


Please purchase a subscription to continue reading.


Your current subscription does not provide access to this content.


















News Reporter





A traveling art display featured during the UFO Festival on Friday embodies the old saying, “Good things come in small packages.” 

Wonders on Wheels! Museum on the Move's ”The Arts of Democracy in New Mexico” marks the nation's 250th anniversary of the creation of the Declaration of Independence by celebrating the history of the founding of both the United States and the state of New Mexico. 

The content of the 38-foot recreational vehicle is intriguing while also offering plenty of information and interactive experiences — all within only 300 square feet of space.

This is achieved by what the New Mexico Department of Cultural Affairs describes as honing in on “the ideals of freedom and self-government embedded in the Declaration, this exhibition traces the development of those same ideals in New Mexico, showing how they have been expressed in art forms.”

In an inside corner of this customized RV is a display about the process of preparing the Declaration of Independence. The Continental Congress adopted the declaration, with some revisions, on July 4, 1776, two days after the members had voted in favor of breaking away from England. August 2, 1776, was when the congressmen began signing the document.

Jennifer Hasty, the program supervisor, pointed toward an inkwell and quill (feather) with a writing nib before inviting visitors to use the 18th-century-style implements to write out “their own declarations or grievances,” for example.

The script used to write the declaration was a form of Old English round hand, Hasty explained as she held up a sheet with examples of the distinctive style used to write important documents at that time in history.

“We also talk about the history in the arts,” she said.

Before New Mexico became a U.S. territory in 1850 and then the 47th state on Jan. 6, 1912, it was ruled by Mexico from the early-to-mid 19th century. 

The area had been colonized by Spain for more than 200 years before that. Native Americans were the first known inhabitants of what is now nicknamed “The Land of Enchantment,” and that colonial period was one of forced religious conversions to Catholicism at the hands of Franciscan priests sent by the Spaniards, who also sought control of the first people by banning their native religious ceremonies and forcing them to farm on the ground taken away from them by the colonists. 

Hasty also talked about how Pueblo people in New Mexico and through the Southwest built their communities around water for centuries, specifically to allow for advanced irrigation systems for growing food.

The First Amendment is also highlighted with examples of front pages from early New Mexico newspapers and photographs of past political demonstrations, accompanied by details about the items to provide each piece's historical context.

The display is often viewed by students in schools and libraries across the state. The collection of items, which is compelling for people of all ages, has especially captured the interest of many New Mexico high schoolers.

The mobile exhibit contains ""a great explanation of the Declaration of Independence,"" said Rob Burgess, from Oklahoma City, Oklahoma. ""It's very important to remember why we broke off.""

Jessica Hooker, of Arizona, walking behind a sizable group of children, said the art and information brought together for this topic ""is very well presented."" 

Among the main supporters of this exhibit are New Mexico Arts, a division of the Department of Cultural Affairs, and the National Endowment for the Arts.

Unfortunately, the traveling exhibit was in Roswell for just one day. It's scheduled to be in Albuquerque today as part of the city's Freedom 4th Celebration, Hasty added.

To see the schedule of locations where this art exhibit will appear over the next few weeks, visit newmexicoculture.org/museum-resources/wonders-on-wheels.


                            Best trending stories from the week.
                        


Success! An email has been sent to  with a link to confirm list signup.
                                    


Error! There was an error processing your request.
                                    


                            You may occasionally receive promotions  exclusive discounted subscription offers from the Roswell Daily Record.   Feel free to cancel any time via the unsubscribe link in the newsletter you received. You can also control your newsletter options via your user dashboard by signing in.  
                        

News Reporter





Your browser is out of date and potentially vulnerable to security risks.We recommend switching to one of the following browsers:","{'href': 'https://www.rdrnews.com', 'title': 'Roswell Daily Record'}","other"
"https://news.google.com/rss/search?q=world+news+site:cnn.com","‘Bhajan clubbing' is trending among India's Gen Z and it's more prayer than party","https://www.cnn.com/2026/07/03/india/india-gen-z-trend-spiritual-bhajan-clubbing-intl-hnk","Sat, 04 Jul 2026 04:08:55 GMT","


            Outside the aircraft hangar-sized venue, the crowd of Gen Z office workers and teenagers is thickening. Event staff scan QR codes and fasten wristbands. Friends take selfies together as they wait in a queue. As night falls, the doors open and the nearly 5,000 attendees walk in.
    


            Inside the venue in India's commercial hub Mumbai they remove their shoes and sit cross-legged on the floor. The lights dim. In the front row, a young mother rocks her baby on her shoulders, waiting for the music to begin.
    


            When it comes, it's not thumping electro or pop lyrics that boom through the speakers, but centuries-old Hindu devotional songs more commonly heard in a temple or religious procession.
    


            As the music builds, entire sections of the crowd rise to their feet, clapping, chanting and dancing together. The atmosphere is ecstatic. But there's not a whiff of marijuana, nor is anyone boozing. In fact, the organizers have expressly banned alcohol and drugs from the event – and the attendees wouldn't have it any other way.
    


            Welcome to “Bhajan clubbing,” a fast-growing trend that's seeing young Indians gather to lose themselves – soberly – in another iteration of the “sober curious” events or “coffee raves” that are growing in popularity in Europe and America, as Gen Z across the world increasingly turn their backs on drugs and alcohol.
    


            After two wholesome hours of singing and chanting, the crowds file out in happy groups.
    


            It was the first “Bhajan clubbing” concert Jill Veera, 25, had been too. She says she'd go again.
    


            “A concert that can actually bring you towards God, it was tremendous, amazing,” she told CNN.
    


            “At most concerts, smoking, vaping, alcohol is natural,” she said afterwards. “But coming here and sipping buttermilk, that was my alcohol.”
    


            The hymns themselves are not new. Bhajans are a centuries-old form of devotional singing performed in temples, religious processions and community spaces across India, often free of charge.
    


            What is new is the setting: ticketed events held in large venues, complete with smoke machines, giant LED screens and the kind of production usually associated with clubbing and concerts.
    


            “The theatrics speak to us,” said 26-year-old Dhwani Paradia, who attended a recent gathering with her younger sister. “The smoke, the fire effects, the beat of the music, those are things our generation relates to.”
    


            Her sister, 23-year-old Fiyoni Paradia, said the staging felt familiar to audiences raised on electronic music festivals and concert culture. “Even the backdrops felt similar to techno concerts,” she said. “So even that attracts Gen Z crowds.”
    


            At the center of the movement is Backstage Siblings, a performer duo who have been singing bhajans since they were children, and who have built a following across India's major cities coding these century-old bhajans in Gen Z's language.
    


            Raghav Agarwal, one half of the duo, tells CNN that they have a message: “Alcohol and clubbing are two different things. Alcohol is being intoxicated, clubbing is enjoying yourself.”
    


            Clubbers “can come here with their grandparents, with their friends, with their parents, their dates,” adds his sister and fellow performer Prachi Agarwal.
    


            The trend has grown large enough to attract backing from Saregama, one of India's oldest music labels. And online, the format travels well. Videos from these gatherings showing chanting crowds beneath concert lights, audience members crying, hugging strangers and dancing barefoot have racked up millions of views online.
    


            Supporters argue that the gatherings represent a form of devotion untethered from rigid rituals and the gatekeeping normally associated with temples or religious processions.
    


            Some critics on social media counter that the gatherings risk turning spirituality into spectacle, performance and commodity all at once.
    


            India's religious and spiritual economy was estimated at roughly $58 billion in 2025, and is projected to grow steadily over the next decade.
    


            The “Bhajan clubbing” movement has also unfolded against the backdrop of a broader political shift in India, where Hindu symbolism and religious identity have become increasingly visible in public life – at the expense, critics say, of the secular ideals laid down by its modern founders.
    


            Leaders from India's ruling Hindu-nationalist Bharatiya Janata Party, including Prime Minister Narendra Modi, have publicly praised bhajan clubbing gatherings. In an address expressing his approval of the trend, Modi said it was “heartening” how Gen Z had adopted bhajans into their lifestyle without compromising the “dignity and purity” of the songs.
    


            Nikunj Gupta, who organizes these events through his company Sanatana Journey, says the audience is overwhelmingly young: college students, recent graduates and early-career professionals searching for connection in rapidly changing urban environments.
    


            “People have so much anxiety and stress,” Gupta said. “People feel relief when they come to such places.”
    


            With an average age of 29, India has one of the world's youngest populations. Its young people are increasingly educated and ambitious but many are frustrated over fierce competition for limited jobs. Recent allegations of irregularities in government recruitment exams have only deepened frustrations among some young Indians.
    


            For a few hours, bhajan gatherings offer an escape from those pressures. As thousands sing, clap and chant together, attendees describe a feeling of bliss and belonging, a chance to step outside the pressures of work, studies and an increasingly competitive society.
    


            Similar gatherings are now appearing across Mumbai, Delhi and Bengaluru, while versions of the format have begun surfacing overseas in countries including Australia, the United States and the United Kingdom.
    


            “Instead of feeling stressed or getting a hangover, they are feeling a sense of calm,” says Gupta of Sanatana Journey. “And I think that is why so many more young people are becoming a part of something like this.”
    


            In the happy afterglow of the “Backstage Siblings” concert in Mumbai, Fiyoni Paradia said she'd encourage others to come and see a concert.
    


            “I think spirituality comes to everyone in their own different way so this is something you can try out to see whether this is what feels like your fit to get in touch with that side.”
    


            Her cousin Heta Solanki is more emphatic:
    


            “Start going once, you will get attached to it… it's very fun.”
    

© 2026 Cable News Network. A Warner Bros. Discovery Company. All Rights Reserved.  CNN Sans ™ & © 2016 Cable News Network.

Scan the QR code to download the CNN app on Google Play.

Scan the QR code to download the CNN app from the Apple Store.","{'href': 'https://www.cnn.com', 'title': 'CNN'}","world"
"https://news.google.com/rss/search?q=us+national+news+site:cnn.com","Time for s'more(s): Harry Enten visits the Hershey Store","https://www.cnn.com/2026/07/03/us/video/ac2-enten-hershey","Sat, 04 Jul 2026 01:37:31 GMT","

CNN's Harry Enten visited the Hershey Store in Times Square and tried a favorite summer snack, s'mores! The crowd shared whether they are Camp Gooey or Camp Toasty.

© 2026 Cable News Network. A Warner Bros. Discovery Company. All Rights Reserved.  CNN Sans ™ & © 2016 Cable News Network.

Scan the QR code to download the CNN app on Google Play.

Scan the QR code to download the CNN app from the Apple Store.","{'href': 'https://www.cnn.com', 'title': 'CNN'}","national"
"https://news.google.com/rss/search?q=site:vox.com","The late historian who rekindled my hope for America's future","https://www.vox.com/politics/494219/america-250-july-4-gordon-wood","Sat, 04 Jul 2026 10:00:00 GMT","

Gordon Wood's argument for the “radicalism” of the Revolution reveals something profound — and hopeful — about America.

America's 250th birthday celebration feels like a child's birthday party ruined by fighting between two soon-to-be-divorced parents. What should be a benign celebration of shared, if slightly boring, values has become a fully partisan affair.

In part, this is due to the president's determination to make it all about himself. But the agita surrounding America 250 is not just about President Donald Trump's garish White House UFC fight or poorly attended “Great American State Fair.” It is a reflection of a deeper division: a sense that Democratic and Republican partisans seem to have two wholly different visions of what the country is and should be. With partisan division enabling a president who aspires to kingly power, attempting to celebrate the republic's extraordinary past can feel like willfully ignoring its parlous future.

Yet amid this gloom, I found hope for the country in an unlikely source: a death. Or, more precisely, the reaction to it.

Gordon Wood was, for most of the year, the greatest living historian of the American Revolution — remaining remarkably sharp at age 92, over a decade after his retirement from Brown University. After Wood was fatally struck by a car on June 7, his death prompted an extraordinary wave of encomia from prominent figures across the political spectrum. Florida Gov. Ron DeSantis mourned him, as did Wood's former student Rep. Seth Magaziner (D-RI). The Federalist Society, The Atlantic, and the New Republic all published tributes. Libertarian magazine Reason sung his praises, as did the World Socialist Web Site.

How could a single historian, writing a topic as familiar (and ideologically contested) as the American revolution, have such wide appeal? After reading Wood's 1991 masterwork The Radicalism of the American Revolution, I can confidently say the book is brilliant: meticulously researched and compellingly argued. It also performs a fascinating bit of ideological work: a prescient pre-bunking of recently fashionable ideas, on both the radical left and right, that paint America as an ethno-nationalist project.

Wood's America is a country defined not by blood, but by ideas: a revolutionary commitment to equality that began hypocritically but gave rise to the first truly democratic society in the world's history.

That so many on both right and left still find something to admire in this vision suggests that Wood's vision is not some kind of anachronism of the pre-Trump consensus, but a potential wellspring of unity in the 250 years to come. And it's a reminder that the ideas of the Revolution — the ones Wood showed to be so powerfully influential — still define more of the country today than we often appreciate.

The Radicalism of the American Revolution is, at heart, an attempt to understand the revolution as a truly transformative event.

When Wood was writing, many historians argued that the Revolution — despite its name — wasn't all that revolutionary. There was a short war; afterward, a similar set of men ran the same set of colonies, like a company after an employee buyout. No kings lost their heads; no “Year Zero” was declared. “We have,” Wood writes, “generally described the Revolution as an unusually conservative affair.”

Wood's book is dedicated to proving this view wrong: to show that what was declared in 1776 was not conservative small-ball, but rather “one of the greatest revolutions the world has known, a momentous upheaval that not only fundamentally altered the character of American society but decisively affected the course of subsequent history.”

One might think such a book is hagiography for the founding generation. But unlike the dime-a-dozen pop history biographies of America's early leaders, The Radicalism of the American Revolution is keenly interested in the gaps, weaknesses, and limits of the founders' perspective. In fact, Wood argues that democracy as we know it was an unintended consequence of their revolutionary actions — almost a more polite and productive version of the French Revolution eating its own.

Prior to the Revolution, Wood argues, the social structure of the American colonies was in many ways a “brittle” facsimile of the British motherland's. Political power was exercised primarily by an aristocratic class, a landed gentry who made their living by controlling land rather than actual labor. These “gentlemen” had distinctive manners, modes of dress, and activities; their social inferiors literally showed them deference, through the use of titles and respectful bows, in everyday interactions.

“We will never comprehend the distinctiveness of that premodern world until we appreciate the extent to which many ordinary people still accepted their own lowliness,” Wood writes.

Most of the leading American Revolutionaries — like Washington, Adams, Jefferson, and Franklin — were either gentlemen by birth or else managed the rare feat of ascending to that rank. But they were gentlemen of particular sorts: Enlightenment rationalists, who believed that society could be effectively remolded through the application of reason, and political republicans influenced heavily by their study of classical Greece and Rome.

Wood spends quite some time defining this republican ideology, treating it as the missing link between the aristocratic past and democratic present.

Republicanism, in his telling, rejected the essential monarchical principle that power should follow blood. It was instead a philosophy of virtue, perhaps even meritocracy: the belief that society should be organized to allow its best educated, most selfless and disinterested members to rule for the benefit of the whole. No (white male) person was intrinsically better in moral terms, but some people were better suited for political power by dint of character and training.

This is how the American Revolution's elite could at once reject the basic monarchical principles of social hierarchy — to pen the radical words of the Declaration of Independence — while simultaneously restricting the franchise in early America to white men with substantial property holdings. Only such men, in the republican imagination, were capable of making the kinds of disinterested and virtuous choices necessary for a free society to be properly governed.

Yet this “aristocracy of virtue and talent,” as Jefferson called it, would swiftly prove unstable. Early America, marked by massive immigration and westward migration, became too large to be controlled by a small group of widely trusted elites. Economic affairs became dominated not by a handful of landowners trained to be virtuous republicans, but the growing ranks of merchants, bankers, and other such early-stage capitalists. Individual Americans, taking the idea of government by the people seriously, demanded a real role in determining their leaders.

Within 50 years of the Declaration, the republican dreams of the revolutionaries had been shattered.

Politics was not the province of an enlightened elite attempting to govern based on an ethos of disinterested neutrality, but rather a mass pastime in which different parties and factions competed to advance their own interests. The ideal of the landowning gentleman was now seen as archaic, an embarrassment in a country where working with one's hands and building one's own fortune were seen as the true marks of virtue. Traditional Christianity, viewed by many Founders as a form of passe superstition, was experiencing another Great Awakening. Even women and slaves had begun demanding equality. (Wood believes that it was not an accident that the first American abolitionist society was founded in 1775, on the Revolution's eve.)

In effect, America had become something recognizably (if not fully) democratic: a society which abolished traditional aristocratic ideals of rank, and replaced them with the notion of equal citizens who rule themselves. This idea of America, that “all men are created equal,” was so powerful that even its creators could not contain it.

Indeed, Wood shows that many leading founders had, by the end of their lives, become downright pessimistic about the country they created.

“This American world was not meant for me,” Alexander Hamilton wrote his fellow founder Gouverneur Morris in 1802.

The Radicalism of the American Revolution turned Wood into a superstar — one whose influence was felt in politics and popular culture.

In 1995, Speaker of the House Newt Gingrich handed out copies to his Republican colleagues. In 1997, the title character in Good Will Hunting uses his knowledge of Wood's oeuvre to mock an obnoxious Harvard graduate student. In 2011, President Barack Obama awarded Wood the National Humanities Medal for “scholarship that provides insight into the founding of the nation.”

It's easy to see why Wood's vision of the American founding had such mass appeal. It is an unusually persuasive vindication of America's national mythology: treating the Revolution as not just a petty squabble between colonists and the crown, but the single most important event in creating democracy as we know it. The book's narrative is patriotic and capitalist in ways that appealed to the Republican right; its vision of the founding containing the seeds of social liberation for oppressed groups appealed to a left that believed in MLK Jr.'s arc of history.

Nowadays, it may seem that ascendant radicals on both the right and left have moved past Wood.

On the right, there is a growing view that Wood's “creedal” vision of American identity — the notion that American identity is about adherence to the country's core ideas and values — is too weak, too permissive, too woke. This view treats Americanness as a kind of ethnicity: a status gained by the historical linkages between one's family and the land. Vice President JD Vance is the most vigorous advocate for this blood-and-soil vision of American identity, which he sees as a decisive case for the administration's attempts to lower migration numbers.

“America is not just an idea. We're a particular place, with a particular people, and a particular set of beliefs and way of life,” Vance said in a 2025 speech at the far-right Claremont Institute. “You cannot swap 10 million people from anywhere else in the world and expect America to remain unchanged.”

On the left, there is an idea that the United States is an essentially reactionary nation — that its original sin of slavery gives the lie to the pretty words of the founders, and in fact speaks to the nation's truest essence. Commonly (though largely unfairly) associated with the New York Times' 1619 Project, this view is most typically found among radical social justice activists, leftist professors, and Third Worldist socialists — people like soon-to-be Representative Darializa Avila Chevalier (D-NY), who bragged about wiping her hands on an American flag, and popular podcaster Hasan Piker.

These views are picking up on real things: the very long record of America betraying its egalitarian ideals, and the perennial discomfort many native-born Americans feel about cultural change inherent to a nation that has always been defined by immigration. Yet both depend on exaggerations and factual distortions to arrive at their dour vision of America — a point that Wood spent quite a bit of effort trying to prove in recent years.

He bitterly contested a claim in the 1619 Project's opening essay that the Revolution was motivated in large part by a desire to protect slavery (a passage the Times ultimately toned down). One of his final published works, a December 2025 Wall Street Journal op-ed, was an extended attack on Vance's view of American identity.

“The United States isn't a nation like other nations, and it never has been. There is no American ethnicity to back up the state, and there was no such distinctive ethnicity even in 1776,” Wood writes. “As Lincoln grasped better than anyone ever has, the Revolution and the Declaration offered us a set of beliefs that through the generations has supplied a bond that holds together the most diverse nation history has ever known.”

One might see Wood as a relic: a believer in an antiquated patriotic vision that millennials like Vance and Chevalier have moved beyond. Data, however, tells a different story: that the overwhelming majority of Americans see their country in Wood's creedal terms.

A recent Pell Center survey asked Americans whether they believed their country was “built on the character of the Anglo-Saxon people” or “the idea that everyone is born with rights to life, liberty, and the pursuit of happiness.” The latter view prevailed by a massive 85–15 margin. (The ideological group most likely to pick Anglo-Saxon were, ironically enough, progressives.)

Another recent poll, from PRRI, asked respondents to rank which qualities were important to being an American. Creedal ideas, like tolerance of diversity and believing in individual freedom or the Constitution, were ranked as important by roughly 90 percent of respondents. By contrast, “being of Western Heritage” received the lowest levels of support of any listed quality (with the highest agreement this time around among Republicans).

I cannot stress enough how rare it is to get 90 percent of Americans to agree on anything political nowadays. For so many to agree on a concept that's quite divisive among the political elite suggests that there's something powerful about the American idea as Wood understood it— something that transcends even the bitter divisions of our moment, and speaks to the deepest essence of who most Americans believe themselves to be.

Ordinary Americans seem, in principle, committed to the core values of the founding documents: freedom, equality, and popular sovereignty. The trouble comes in how to apply them. Does freedom require a larger state or a smaller one? Does equality require race-consciousness or race-blindness? And who, exactly, is threatening democracy and how?

These are the sorts of disagreements that fuel increasingly bitter polarization. But any effort to reconstruct a sense of national purpose, of a polity engaged in a cooperative enterprise rather than partisan warfare, will require the creedal patriotism behind the disagreements as a building block. Gordon Wood helped reveal what those founding ideals really were and why they mattered; it is up to the generations following him to make them agents of American unity once again.

Understand the world with a daily explainer, plus the most compelling stories of the day.

This is the title for the native ad

Don't let Trump ruin America's anniversary.

﻿The young men souring on Trump over Iran and Israel, Epstein, and the economy.

The justices don't speak a common language, even with each other.

How Trump took over America's 250th, briefly explained.

﻿The left's new vision is running into an old problem. 

This is the title for the native ad

© 2026 Vox Media, LLC. All Rights Reserved","{'href': 'https://www.vox.com', 'title': 'vox.com'}","national"
"https://news.google.com/rss/search?q=site:businessinsider.com","Tokenmaxxing is so over. It's all about modelmaxxing now.","https://www.businessinsider.com/ai-model-routing-modelmaxxing-efficient-token-use-2026-7","Sat, 04 Jul 2026 08:30:14 GMT","

Twice a week, Morgan Linton tells his 16 engineers which AI models to use and when.

Business Insider spoke to Linton, the Lake Tahoe-based chief technology officer of AI startup Bold Metrics, 50 minutes before his engineering team's standup. He planned to tell one team to use Claude Fable on low, and another to use GPT-5.5 on high. A third is using Cursor with Composer 2.5 and getting ""totally perfect results,"" he said.

Being specific about model use means Linton doesn't have to set hard token caps.

""My team is getting to use the best stuff, but they're using it a lot more efficiently,"" he said.

The first half of 2026 was characterized by one word in the AI community: tokenmaxxing — referring to companies urging their employees to use AI as much as possible. But after reviewing the AI bills their employees were racking up, companies from Uber to Microsoft are taking a more considered approach.

Founders, software engineers, UX designers, and even non-technical vibe-coding enthusiasts are catching on to one cost-saving hack: model switching. They route their most difficult, intellectually challenging tasks to pricier frontier models and offload easier, repetitive tasks to older and cheaper ones.

And as companies cut back on AI budgets and impose usage caps, this token hygiene tactic could help you get more bang for your buck.

Take a smarter break in your day - and see how far you get.

There are, of course, good reasons to use the most recent model. OpenAI's Kaylin Voss wrote on LinkedIn that better models ""reduce retries, supervision, and wasted effort.""

But some tasks simply don't merit the costs. Coinbase CEO Brian Armstrong was one of the first to put it into words in an X post on June 7.

""80% of workloads will be running on 99% cheaper models within 12-18 months,"" he wrote, adding that the other 20% will continue to run on the latest models where ""IQ maxxing is important.""

Chris Maconi was never a fan of tokenmaxxing. The Huntsville-based cofounder of the AI startup Hechura said he runs his company with a ""human-in-the-loop"" attitude, and isn't setting up overnight bots to keep on coding. Model choice is part of this anti-tokenmaxxing outlook.

Maconi remembers the OpenClaw hype cycle — a Mac Mini-encapsulated AI agent that was especially token-burning, given its 24/7 use and broad autonomy. When he set up his OpenClaw, Maconi started with cheap Gemini models before switching to Anthropic's Haiku.

""I'm not afraid to go and try some of these lower-end models to see if they can provide the intelligence that we need,"" Maconi said.

Tanvi Pisal, a 29-year-old Big Tech user-experience designer, said she learned the hard way to use models more efficiently.

Pisal uses tools such as Figma, ChatGPT, and Claude to brainstorm and formulate product requirements documents. She has a company subscription to ChatGPT and pays for the basic $20/month Claude Pro package. At the start, she said she would use Claude to brainstorm the UX from scratch, a process in which she ""wasted months of tokens"" and still didn't finish the task.

""So now what I do is I design everything in Figma first, then I put those screenshots into Claude. I tell Claude to keep the UI as is and build the entire functionality and flow,"" Pisal added. ""Doing this design-first process really helps me save tokens.""

She also chooses to brainstorm ideas with ChatGPT — which is free for her thanks to her enterprise plan — then takes the refined ideas to Claude to create more polished documents.

Alejandra Thomas, a software engineer and tech content creator based in New York City, said she runs tests on every new model released to see what each is good at.

""I try not to use the most expensive or advanced model just because it's available. For simple tasks, I always use lighter models or none at all,"" Thomas said.

Ed Stevens, the CEO of AI sales company Scoot, said that he likes to ""pick a horse and ride it."" His engineers will land on a model, try it for a few months, and then determine if it's up to snuff. If there's a shiny new model — or if they think they can achieve the same for cheaper — they change horses, Stevens said.

The idea of squeezing the juice out of each token exemplifies the scarcity mindset, according to Dan Ariely, a behavioral economics researcher and professor at Duke University.

Ariely said token budgets remind him of cellphones back in the day, when they came with a limited number of minutes of talk time. He said people would try to max out their minutes at the end of the month, even if that meant calling people they didn't really want to.

""Tokens create a model of scarcity where people can't use as much as they want. It creates a target for use, and it creates a psychology of waste if people don't reach their target,"" he said. He added that because they don't want to go over the limit and pay extra per use, users switch to models from other companies to save on cash once they've hit the token ceiling.

If AI modelmaxxing sounds exhausting, the good news is you don't have to make these switching decisions on your own.

Model routing startups are all the rage. These companies provide software that designates tasks to specific models — sometimes including open-source — based on complexity. They're a venture hit, with startups like OpenRouter being showered with cash.

David Gilmore runs one of these companies, Rayline. His tool intercepts requests and determines whether they could go to cheaper, often open-source models. Many of his firm's clients fall prey to the ""FOMO moment,"" he said. Then, they get their API bill and realize they need to scale back.

The number of firms using a routing platform is inching up, Ramp's lead economist, Ara Kharazian, told Business Insider. Last year, Kharazian found that around 1% of firms used a model router; this year, it's 5%.

The San Francisco-based investment firm BlockSpaceForce uses OpenRouter, Fireworks, and Together AI. Spencer Yang, its managing partner, also advocated asking a cheaper model first whether a more expensive one would be needed for your task.

""The models themselves are actually getting really good at assessing their own complexity,"" Yang said.

Some companies continue to default to using the most recent, highest-costing models. Hecura cofounder Maconi pegged it to laziness.

""People don't want to do the hard work of understanding which models are good at which things,"" he said. ""They just want to ride the hype train.""

Jump to


      Every time  publishes a story, you'll get an alert straight to your inbox!
    


      Look out for an alert in your inbox the next time  publishes a story!
    


      Every time a new  story is published, you'll get an alert straight to your inbox!
    


      Look out for an alert in your inbox the next time a new  story is published!
    




        By clicking “Sign up”, you agree to receive emails from Business Insider. In addition, you accept Insider's
        Terms of Service and
        Privacy Policy.
      ","{'href': 'https://www.businessinsider.com', 'title': 'Business Insider'}","business"
"https://news.google.com/rss/search?q=site:cnbc.com","UK and France agree with Oman to ensure safety of its territorial waters","https://www.cnbc.com/2026/07/04/uk-france-agree-with-oman-to-ensure-safety-of-its-territorial-waters.html","Sat, 04 Jul 2026 09:29:53 GMT","



Oman has agreed to work with the U.K. and France to ensure the Gulf country's territorial waters are safe for navigation, the U.K. said on Saturday, as oil shipments through the Strait of Hormuz pick up since the U.S. and Iran signed an agreement last month to reopen the crucial sea lane.

""The U.K. and France also stand ready to deploy the wider Multinational Military Mission to support freedom of navigation in the Strait of Hormuz,"" U.K. Prime Minister Keir Starmer said in a joint statement with French President Emmanuel Macron.

""The Strait of Hormuz is a vital artery for the global economy. Restoring safe transit for ships of all nations through the Strait is a matter of global concern,"" the statement read.

France said it has deployed mine countermeasures to the Middle East, including two mine-hunting ships.

""Accompanied by two frigates and a maritime patrol aircraft, these assets are ready to contribute, alongside our partners, to the full resumption of navigation and to ensure the safety of traffic in the Strait of Hormuz,"" Macron said in a statement on X.

The U.K., France and more than two dozen countries said in May that they would support freedom of navigation through the Strait of Hormuz under the Multinational Military Mission for the waterway.

Oman's Foreign Ministry did not immediately respond to CNBC's emailed request for comment Saturday.

Iran warned against the U.K. and French move.

""The Strait of Hormuz is not a theater for the military display of extra-regional powers,"" Iran's Deputy Foreign Minister Kazem Gharibabadi said in a post on X.

""The security of Hormuz lies with the coastal states; the crisis-makers will be held accountable for the consequences of their adventurism; this is a serious warning,"" Gharibabadi said.

Situated on the southeastern coast of the Arabian Peninsula, opposite Iran across the strait, Oman has been in joint talks with Iran on a new maritime security order, amid reports that the two countries could push to establish transit fees.

Oman has said that any agreement will comply with international law, although the prospect of a financial system on a waterway that typically handles around 20% of the world's oil has sparked alarm.

The Gulf nation has served as a key intermediary in regional crises and remains one of the few countries trusted by both Tehran and Washington, which is keen to ensure the flow through the strait resumes after it was blocked during the war, triggering a global energy crunch.

The Sultan of Oman, Haitham bin Tarik, met Starmer in London on Thursday. The two spoke about de-escalating the conflict in the Middle East and to ""secure maritime navigation through the Gulf's strategic waterways"", Oman's state news agency said in a post on X.

The U.S. and Iran signed a memorandum of understanding on June 17 to end nearly four months of war and reopen the Strait of Hormuz, and set ​up 60 days of negotiations to work out a permanent peace deal. 

Oil shipments have ramped up since then. Saudi Arabia has shipped about 34 million barrels of oil through Hormuz since June 17, according to data from the trade intelligence firm Kpler. Riyadh's exports over the two weeks to July 2 were more than double the 15 million barrels the kingdom shipped through the strait from March 9 through June 17.

Benchmark Brent crude oil prices have fallen 39% from their highs in March.

The U.S. has staunchly opposed any tolls in the Strait of Hormuz.

U.S. President Donald Trump's administration has previously threatened to ""aggressively"" impose sanctions against Oman if it was seen to help Iran establish a tolling system.

""All nations should reject outright any efforts by Iran to disrupt the free flow of commerce,"" Treasury Secretary Scott Bessent said in a post on X on May 28.

Under the terms of the U.S. and Iran's memorandum of understanding, Tehran cannot impose tolls on ships during the 60 days of negotiations to find a permanent settlement.

In an interview with CNBC on Thursday, Trump said that ""not one ship got through to Iran,"" suggesting the U.S. blockade of the Strait of Hormuz during the Iran war was not penetrated.

""It was a wall of steel,"" he said.

However, according to shipping industry information service Lloyd's List, the blockade was breached multiple times by an ""Iranian shadow fleet.""

Iran's parliament speaker and chief negotiator Mohammad Bagher Ghalibaf said Tuesday that Iran has exported more than 40 million barrels of crude oil since the U.S. removed its naval blockade of Iranian ports, and is now selling oil at prices roughly 20% higher than before the war.

Got a confidential news tip? We want to hear from you.

Sign up for free newsletters and get more CNBC delivered to your inbox

Get this delivered to your inbox, and more info about our products and services.

© 2026 Versant Media, LLC. All Rights Reserved. A Versant Media Company.


      Data is a real-time snapshot *Data is delayed at least 15 minutes.
      Global Business and Financial News, Stock Quotes, and Market Data
      and Analysis.
    

Data also provided by","{'href': 'https://www.cnbc.com', 'title': 'CNBC'}","business"
"https://news.google.com/rss/search?q=ethereum","Ethereum Mini Trust Sees $18M Exit as Holders Test Their Nerves","https://www.tipranks.com/news/cryptocurrencies/ethereum-mini-trust-sees-18m-exit-as-holders-test-their-nerves","Sat, 04 Jul 2026 10:32:24 GMT","

Investor appetite for Grayscale's Grayscale Ethereum Mini Trust, ticker ETH, cooled on July 2, 2026, as the fund recorded outflows of $18.47 million. With assets under management at roughly $1.36 billion, the latest redemption wave represents about 1.36% of AUM, a meaningful single-day shift for a product designed to offer streamlined exposure to Ethereum.





The move comes as the related asset, ETH-USD, trades around $1,756.89, down about 17.1% over the past three months. Despite the drawdown, the short-term technical picture remains cautious rather than outright bearish, with a 1-day signal flashing Hold, suggesting traders are weighing whether the recent weakness is consolidation or the start of a deeper slide.

The scale of the outflows hints at a segment of investors locking in gains from earlier rallies or reallocating risk as Ethereum underperforms broader crypto benchmarks. Yet the relatively modest percentage of AUM affected signals that core holders are staying put, treating the volatility as part of the asset's long-term narrative rather than a structural break.

Market participants will now watch whether further price pressure on Ethereum triggers another wave of redemptions from ETH, or if a stabilization in spot prices tempts fresh inflows from dip buyers. For a more detailed analysis and real-time sentiment trends, check the live cryptocurrency prices here.

Disclaimer & DisclosureReport an Issue","{'href': 'https://www.tipranks.com', 'title': 'TipRanks'}","cryptocurrency"
"https://news.google.com/rss/search?q=site:cointelegraph.com","Crypto Today: Law Enforcement Group Drops CLARITY Act Opposition, Trump Defends $1.4B Crypto Earnings","https://cointelegraph.com/news/what-happened-in-crypto-today","Sat, 04 Jul 2026 00:52:16 GMT","

Need to know what happened in crypto today? Here is the latest news on daily trends and events impacting Bitcoin price, blockchain, DeFi, Web3 and crypto regulation.

Today in crypto, a major US law enforcement group said it no longer opposes the CLARITY Act, US President Donald Trump defended earning $1.4 billion from crypto ventures while in office and US spot Bitcoin ETFs posted their strongest day of inflows since May.

The Major County Sheriffs of America reportedly said it no longer opposes the CLARITY Act after initially raising concerns over how the bill would affect illicit finance investigations.

In a letter to US Senate Banking Committee chair Tim Scott and Senator Elizabeth Warren on Friday, the MCSA said it shifted its stance on the CLARITY Act to “neutral” after some of its concerns in a May 14 letter regarding Section 604 in the bill were addressed.

Section 604 relates to the Blockchain Regulatory Certainty Act, which seeks to protect developers from liability for illicit activity committed by users on their decentralized platforms. 

The MCSA previously contended that Section 604 could create a loophole for criminals to exploit, making it tougher for law enforcement to investigate crypto-related crimes.

Source: Eleanor Terrett

While the CLARITY Act has bipartisan support, its passage through the Senate has largely been stalled by banking groups seeking to restrict stablecoin yield, which they argue functions like an unregulated deposit product that could drive trillions of dollars in outflows from the traditional banking system. 

The bill has been awaiting a full Senate vote since May, when the Senate Banking Committee passed the bill mostly along party lines.

Senators in favor of the bill are pushing for a full Senate vote this month, in hopes that it can be passed and signed into law before the US midterm elections in November.

US President Donald Trump defended earning roughly $1.4 billion from crypto ventures while in office, saying there was ""nothing wrong"" with the profits after his latest financial disclosure reignited conflict-of-interest concerns.

The filing shows crypto accounted for the majority of Trump's more than $2 billion in reported 2025 income, with hundreds of millions of dollars coming from his TRUMP memecoin, World Liberty Financial and a stablecoin venture. 

The disclosures come as Congress debates major crypto legislation, including the CLARITY Act, prompting renewed criticism that the president could personally benefit from policies shaping the industry. Trump dismissed those concerns, insisting others manage his investments and that he is not directly involved in the decisions. 

The episode highlights how closely politics and crypto have become intertwined, with digital asset companies reportedly pouring roughly $189 million into the 2026 election cycle to influence regulation.

Trump interviews CNBC's Joe Kernen. Source: CNBC

US-listed spot Bitcoin exchange-traded funds (ETFs) recorded their first daily net inflow above $200 million since early May, snapping weeks of sustained withdrawals.

The funds attracted $221.7 million in net inflows on Thursday, according to SoSoValue data, ending a 10-day streak of net outflows that totaled more than $2.7 billion.

The rebound follows one of the weakest stretches for US spot Bitcoin ETFs this year, with the funds posting a record $4.5 billion in net outflows in June.



Daily flows in US-listed spot Bitcoin ETFs. Source: SoSoValue

The inflows came as Bitcoin reclaimed the $61,000 level after briefly falling below $59,000, with some investors, including Bitwise chief investment officer Matt Hougan, suggesting the market could be nearing a bottom. Crypto market sentiment on Friday was measured at an “extreme fear” reading by the Fear & Greed Index from Alternative.me.

More on the subject

Cointelegraph is committed to providing independent, high-quality journalism across the crypto, blockchain, AI, and fintech industries.

All news, reviews, and analyses are produced with full journalistic independence and integrity. For more details on our standards and processes, please read our Editorial Policy.","{'href': 'https://cointelegraph.com', 'title': 'cointelegraph.com'}","cryptocurrency"
"https://news.google.com/rss/search?q=site:wired.com","Food Preservatives May Increase the Risk of High Blood Pressure and Cardiovascular Disease","https://www.wired.com/story/food-preservatives-may-increase-the-risk-of-high-blood-pressure-and-cardiovascular-disease/","Sat, 04 Jul 2026 09:30:00 GMT","

Looking at the ingredient labels on foods lining supermarket shelves, it's common to see names such as “potassium sorbate,” “citric acid,” and “L-ascorbic acid (vitamin C).” These substances are food additives used to prevent spoilage and preserve quality, and they are widely incorporated into industrially produced processed foods. According to Open Food Facts, the world's largest open food database, more than 20 percent of the processed foods and beverages in its database contain at least one preservative.

Against this backdrop, a research team led by scientists at Sorbonne Paris Nord University and Université Paris Cité analyzed data from the large-scale NutriNet-Santé cohort study, which followed 112,395 participants for a median of 7.9 years, to investigate the relationship between dietary preservative intake and the risk of developing hypertension and cardiovascular disease.

“Experimental studies suggest that some preservative food additives may be harmful to cardiovascular health, but we have not had enough evidence on the impact of these ingredients in humans,” said Anaïs Hasenböhler, the doctoral researcher who led the study, in a press release. “As far as we know, this is the first study of its kind to investigate the links between a wide range of preservatives and cardiovascular health.”

The researchers divided preservatives into two broad categories. The first consisted of non-antioxidant preservatives, such as sorbates, nitrites, and sulfites, which inhibit the growth of mold and bacteria. The second consisted of antioxidant preservatives, including ascorbic acid, citric acid, and erythorbates, which prevent oxidation and discoloration in foods. According to the researchers, nearly every participant (99.5 percent) consumed at least one preservative during the first two years of the study.

The analysis found that participants with the highest intake of non-antioxidant preservatives had a 29 percent higher risk of developing hypertension than those with the lowest intake. They also had a 16 percent higher risk of overall cardiovascular disease, including heart attack, stroke, and angina. Participants with the highest intake of antioxidant preservatives likewise showed a 22 percent higher risk of hypertension.

The researchers also examined the 17 most commonly consumed preservatives individually. Of these, eight were associated with an increased risk of hypertension: potassium sorbate (E202), potassium metabisulfite (E224), sodium nitrite (E250), ascorbic acid (E300), sodium ascorbate (E301), sodium erythorbate (E316), citric acid (E330), and rosemary extract (E392). Among these, ascorbic acid was also associated with an increased risk of cardiovascular disease.

During the follow-up period, researchers recorded 5,544 cases of hypertension and 2,450 cases of cardiovascular disease, including 1,142 cerebrovascular events and 1,308 cases of coronary artery disease. The study also found that approximately 16 percent of the association between non-antioxidant preservatives and cardiovascular disease was mediated indirectly through hypertension. In other words, the findings suggest that preservatives may contribute to hypertension, which in turn may increase the risk of cardiovascular disease.

The researchers emphasize that these findings come from an observational study and do not establish a causal relationship between food preservatives and hypertension or cardiovascular disease. The study also has important limitations. Women accounted for 78.7 percent of participants, and the cohort included a relatively high proportion of highly educated individuals, meaning it does not perfectly represent the general population.

Even so, the statistical models accounted for a wide range of potential confounding factors, and the results remained consistent across multiple sensitivity analyses.

“These results suggest we need a reevaluation of the risks and benefits of these food additives by the authorities in charge, such as the EFSA in Europe and the FDA in the USA, for better consumer protection,” said Mathilde Touvier, research director at the French National Institute of Health and Medical Research, in a press release. “In the meantime, these findings support existing recommendations to favor nonprocessed and minimally processed foods, and avoid unnecessary additives.”

The possibility that preservatives long regarded as safe could affect cardiovascular health raises important questions about current regulatory approaches. For additives that are consumed continuously through multiple foods without numerical limits on their use, the findings suggest it may be time to reopen the debate over whether existing regulations are adequate.

This story originally appeared on WIRED Japan and has been translated from Japanese.

In your inbox: Brian Kahn's guide to how the universe works

Leak exposes members of Peter Thiel's secretive ‘Dialog' society

Big Story: How Hunter Biden won the internet

Tesla batteries keep getting stolen before they even leave the factory

Special edition: The future of home

More From WIRED

Reviews and Guides

© 2026 Condé Nast. All rights reserved. WIRED may earn a portion of sales from products that are purchased through our site as part of our Affiliate Partnerships with retailers. The material on this site may not be reproduced, distributed, transmitted, cached or otherwise used, except with the prior written permission of Condé Nast. Ad Choices","{'href': 'https://www.wired.com', 'title': 'WIRED'}","technology"
"https://news.google.com/rss/search?q=site:ycombinator.com","Soatok's Informal Guide to Threat Models","https://news.ycombinator.com/item?id=48781597","Sat, 04 Jul 2026 00:49:22 GMT","

My introduction to threat modeling was from this post: https://www.privacyguides.org/en/basics/threat-modeling/It's a bit shorter and focused for people interested in privacy.

It's a bit shorter and focused for people interested in privacy.

reply

reply

reply

reply

reply

    > Hybrid PQ+ECDH is a hedged bet against an algorithm break before Q-Day, but is utterly fucking useless over Pure PQ once Q-Day occurs.


there is also the likelihood that Q-Day never arrives, either because something we don't know prevents the construction of sufficiently large quantum computers (eg. quantum gravity) or because the entire field was a scam. in that scenario abandoning ECC would have been pretty stupid.

reply

> there is also the likelihood that Q-Day never arrives, either because something we don't know prevents the construction of sufficiently large quantum computers (eg. quantum gravity)That is possible, but given the recent 2029 timelines from large Internet providers, I think it's prudent to prepare for Q-Day even if it never arrives.> or because the entire field was a scam.The field is like... a magnet for scams, sure. But it, itself, isn't one.And, like, the Quantum Village at DEFCON has really failed to establish credibility in my eyes.https://soatok.blog/2022/08/18/burning-trust-at-the-quantum-...https://soatok.blog/2023/08/20/defcon-quantum-village-2-elec...> in that scenario abandoning ECC would have been pretty stupid.Not really, no. See https://blog.trailofbits.com/2024/07/01/quantum-is-unimporta... for a counter-point.

That is possible, but given the recent 2029 timelines from large Internet providers, I think it's prudent to prepare for Q-Day even if it never arrives.> or because the entire field was a scam.The field is like... a magnet for scams, sure. But it, itself, isn't one.And, like, the Quantum Village at DEFCON has really failed to establish credibility in my eyes.https://soatok.blog/2022/08/18/burning-trust-at-the-quantum-...https://soatok.blog/2023/08/20/defcon-quantum-village-2-elec...> in that scenario abandoning ECC would have been pretty stupid.Not really, no. See https://blog.trailofbits.com/2024/07/01/quantum-is-unimporta... for a counter-point.

> or because the entire field was a scam.The field is like... a magnet for scams, sure. But it, itself, isn't one.And, like, the Quantum Village at DEFCON has really failed to establish credibility in my eyes.https://soatok.blog/2022/08/18/burning-trust-at-the-quantum-...https://soatok.blog/2023/08/20/defcon-quantum-village-2-elec...> in that scenario abandoning ECC would have been pretty stupid.Not really, no. See https://blog.trailofbits.com/2024/07/01/quantum-is-unimporta... for a counter-point.

The field is like... a magnet for scams, sure. But it, itself, isn't one.And, like, the Quantum Village at DEFCON has really failed to establish credibility in my eyes.https://soatok.blog/2022/08/18/burning-trust-at-the-quantum-...https://soatok.blog/2023/08/20/defcon-quantum-village-2-elec...> in that scenario abandoning ECC would have been pretty stupid.Not really, no. See https://blog.trailofbits.com/2024/07/01/quantum-is-unimporta... for a counter-point.

And, like, the Quantum Village at DEFCON has really failed to establish credibility in my eyes.https://soatok.blog/2022/08/18/burning-trust-at-the-quantum-...https://soatok.blog/2023/08/20/defcon-quantum-village-2-elec...> in that scenario abandoning ECC would have been pretty stupid.Not really, no. See https://blog.trailofbits.com/2024/07/01/quantum-is-unimporta... for a counter-point.

https://soatok.blog/2022/08/18/burning-trust-at-the-quantum-...https://soatok.blog/2023/08/20/defcon-quantum-village-2-elec...> in that scenario abandoning ECC would have been pretty stupid.Not really, no. See https://blog.trailofbits.com/2024/07/01/quantum-is-unimporta... for a counter-point.

https://soatok.blog/2023/08/20/defcon-quantum-village-2-elec...> in that scenario abandoning ECC would have been pretty stupid.Not really, no. See https://blog.trailofbits.com/2024/07/01/quantum-is-unimporta... for a counter-point.

> in that scenario abandoning ECC would have been pretty stupid.Not really, no. See https://blog.trailofbits.com/2024/07/01/quantum-is-unimporta... for a counter-point.

Not really, no. See https://blog.trailofbits.com/2024/07/01/quantum-is-unimporta... for a counter-point.

reply

    > That is possible, but given the recent 2029 timelines from large Internet providers, I think it's prudent to prepare for Q-Day even if it never arrives.

no one argues we shouldn't. you made the argument that we should abandon ECC by not doing hybrid, in my opinion it's an extremely weak argument because it assumes Q-Day will arrive. don't change goalposts.the article you linked supports my position.    > the fear of the quantum doomsayers is based on a completely valid observation: the internet has put nearly all of its cryptographic eggs into the single basket of the hidden subgroup problem.

    > By the time the next phase of standardization is over, we can expect to have algorithms based on at least three or four different mathematical problems. If one of the selected problems were to fall to advances in quantum or classical algorithms, there are readily-available replacements that are highly unlikely to be affected by attacks on the fallen cryptosystems.


in fact, it makes the argument (if not directly) for a concatenation of multiple schemes. I'm all for it, hybrid++.

the article you linked supports my position.    > the fear of the quantum doomsayers is based on a completely valid observation: the internet has put nearly all of its cryptographic eggs into the single basket of the hidden subgroup problem.

    > By the time the next phase of standardization is over, we can expect to have algorithms based on at least three or four different mathematical problems. If one of the selected problems were to fall to advances in quantum or classical algorithms, there are readily-available replacements that are highly unlikely to be affected by attacks on the fallen cryptosystems.


in fact, it makes the argument (if not directly) for a concatenation of multiple schemes. I'm all for it, hybrid++.

    > the fear of the quantum doomsayers is based on a completely valid observation: the internet has put nearly all of its cryptographic eggs into the single basket of the hidden subgroup problem.

    > By the time the next phase of standardization is over, we can expect to have algorithms based on at least three or four different mathematical problems. If one of the selected problems were to fall to advances in quantum or classical algorithms, there are readily-available replacements that are highly unlikely to be affected by attacks on the fallen cryptosystems.


in fact, it makes the argument (if not directly) for a concatenation of multiple schemes. I'm all for it, hybrid++.

reply

Where did I ever make that argument? In both TFA and my previous blog post, I've made it abundantly clear that I'm pro-hybrid.My argument is simply:1. The claimed benefits of ECDH hybridization evaporate immediately the moment Q-Day happens. No one disputes this.2. Harvest Now, Decrypt Later (HNDL) is the primary threat we face today during the uncertain times where we don't know if Q-Day will ever happen.Advocating for PQ+ECC hybrids over PQ is fine. But fear-mongering about PQ in this threat model is self-defeating: Once Q-Day happens, your only source of security is PQ anyway, so if we're going to do hybrids with today's threat model in mind, PQ+PQ is the way you really want to go (and PQ+PQ+EC if you really want EC). The blog post you're commenting on says this explicitly.I'm not anti-hybrid. I'm anti ""this is an NSA ploy"" bullshit. And the IETF mailing list thread I'm mentioning is stuffed with this kind of irritating conspiracy theory rhetoric. I even link to, and quote, two examples of this.

My argument is simply:1. The claimed benefits of ECDH hybridization evaporate immediately the moment Q-Day happens. No one disputes this.2. Harvest Now, Decrypt Later (HNDL) is the primary threat we face today during the uncertain times where we don't know if Q-Day will ever happen.Advocating for PQ+ECC hybrids over PQ is fine. But fear-mongering about PQ in this threat model is self-defeating: Once Q-Day happens, your only source of security is PQ anyway, so if we're going to do hybrids with today's threat model in mind, PQ+PQ is the way you really want to go (and PQ+PQ+EC if you really want EC). The blog post you're commenting on says this explicitly.I'm not anti-hybrid. I'm anti ""this is an NSA ploy"" bullshit. And the IETF mailing list thread I'm mentioning is stuffed with this kind of irritating conspiracy theory rhetoric. I even link to, and quote, two examples of this.

1. The claimed benefits of ECDH hybridization evaporate immediately the moment Q-Day happens. No one disputes this.2. Harvest Now, Decrypt Later (HNDL) is the primary threat we face today during the uncertain times where we don't know if Q-Day will ever happen.Advocating for PQ+ECC hybrids over PQ is fine. But fear-mongering about PQ in this threat model is self-defeating: Once Q-Day happens, your only source of security is PQ anyway, so if we're going to do hybrids with today's threat model in mind, PQ+PQ is the way you really want to go (and PQ+PQ+EC if you really want EC). The blog post you're commenting on says this explicitly.I'm not anti-hybrid. I'm anti ""this is an NSA ploy"" bullshit. And the IETF mailing list thread I'm mentioning is stuffed with this kind of irritating conspiracy theory rhetoric. I even link to, and quote, two examples of this.

2. Harvest Now, Decrypt Later (HNDL) is the primary threat we face today during the uncertain times where we don't know if Q-Day will ever happen.Advocating for PQ+ECC hybrids over PQ is fine. But fear-mongering about PQ in this threat model is self-defeating: Once Q-Day happens, your only source of security is PQ anyway, so if we're going to do hybrids with today's threat model in mind, PQ+PQ is the way you really want to go (and PQ+PQ+EC if you really want EC). The blog post you're commenting on says this explicitly.I'm not anti-hybrid. I'm anti ""this is an NSA ploy"" bullshit. And the IETF mailing list thread I'm mentioning is stuffed with this kind of irritating conspiracy theory rhetoric. I even link to, and quote, two examples of this.

Advocating for PQ+ECC hybrids over PQ is fine. But fear-mongering about PQ in this threat model is self-defeating: Once Q-Day happens, your only source of security is PQ anyway, so if we're going to do hybrids with today's threat model in mind, PQ+PQ is the way you really want to go (and PQ+PQ+EC if you really want EC). The blog post you're commenting on says this explicitly.I'm not anti-hybrid. I'm anti ""this is an NSA ploy"" bullshit. And the IETF mailing list thread I'm mentioning is stuffed with this kind of irritating conspiracy theory rhetoric. I even link to, and quote, two examples of this.

I'm not anti-hybrid. I'm anti ""this is an NSA ploy"" bullshit. And the IETF mailing list thread I'm mentioning is stuffed with this kind of irritating conspiracy theory rhetoric. I even link to, and quote, two examples of this.

reply

I want to broadly agree but I still can't resist arguing :)EC is really cheap on the CPU and I trust that libsodium's X25519 is implemented pretty solidly. After Q day, the $ price to break EC is still not negligible.Whereas PQ+PQ is really expensive. I'm anti PQ+PQ hybrid just on cost. PQ+EC is practically free and still inflicts $'s on attackers after Q day (attacks do get cheaper and you discard the EC at some point, but practically I don't see EC as instantly worthless).

EC is really cheap on the CPU and I trust that libsodium's X25519 is implemented pretty solidly. After Q day, the $ price to break EC is still not negligible.Whereas PQ+PQ is really expensive. I'm anti PQ+PQ hybrid just on cost. PQ+EC is practically free and still inflicts $'s on attackers after Q day (attacks do get cheaper and you discard the EC at some point, but practically I don't see EC as instantly worthless).

Whereas PQ+PQ is really expensive. I'm anti PQ+PQ hybrid just on cost. PQ+EC is practically free and still inflicts $'s on attackers after Q day (attacks do get cheaper and you discard the EC at some point, but practically I don't see EC as instantly worthless).

reply

It's like watching a cybersecurity version of Dawsons Creek or The Young and the Restless or… Jerry Springer?! Insane

reply

it wouldn't even occur to me that someone would take time addressing it without being one of those anti-hybrid people.

reply

reply","{'href': 'https://news.ycombinator.com', 'title': 'Hacker News'}","technology"
"https://news.google.com/rss/search?q=men's+us+soccer","USMNT's ‘why not us' World Cup belief is deserved — even as Belgium threat looms","https://nypost.com/2026/07/03/sports/usmnts-why-not-us-world-cup-belief-is-deserved/","Sat, 04 Jul 2026 00:36:00 GMT","

Switch between CA and NY editions here.

SEATTLE — Why not us? 

“We all believe in it,'' Tim Ream said. “We've all talked about it. We all say it: ‘Why not us?' '' 

Thanks to 54-year-old Argentine manager Mauricio Pochettino — who becomes more American with every verse of “Take Me Home, Country Roads” he sings after his U.S. men's national team wins a World Cup match — this has become the mantra for the team and for the nation. 

“It's taken hold,'' Ream, the 38-year-old U.S. defender and team captain, said. “It's all over our hotels, it's all over our meeting rooms and our spaces. It's a reminder to continue to believe, and we are fully ingrained in that and continuing to believe that.'' ","{'href': 'https://nypost.com', 'title': 'New York Post'}","soccer"
"https://news.google.com/rss/search?q=club+world+cup","World's City, World's Game","https://www.lafc.com/news/world-s-city-world-s-game-how-lafc-is-connected-to-every-country-in-the-round-of-16","Sat, 04 Jul 2026 07:59:13 GMT","



Sixteen teams remain in the FIFA World Cup, and each country has its own unique link to LAFC.

Here are the upcoming Round of 16 matchups in chronological order, with eight spots in the Quarterfinals on the line. All matches are broadcast on FOX/FS1 and Telemundo.

Saturday, July 4, 10:00 a.m. PT

CANADA 🇨🇦 

FIFA ranking: 30

Path to Round of 16: 1-1 draw vs. Bosnia-Herz., 6-0 win vs. Qatar, 1-2 loss vs. Switzerland; 1-0 win vs. South Africa

LAFC connection: Winger Jacob Shaffelburg (above) and midfielder Mathieu Choinière are under currently contract with LAFC; midfielder Stephen Eustáquio has been on loan from FC Porto since February.

Goalkeeper Maxime Crépeau was LAFC's starting goalie in its 2022 MLS Cup title season and made the game-saving play in extra time of the 2022 MLS Cup final, suffering an injury that cost him a chance to play in the 2022 World Cup. He has played every minute of Canada's 2026 World Cup run.

MOROCCO 🇲🇦

FIFA ranking: 6

Path to Round of 16: 1-1 draw vs. Brazil; 1-0 win vs. Scotland; 4-2 win vs. Haiti; 1-1 draw vs. Netherlands (3-2 pens)

LAFC connection: LAFC midfielder Amin Boudri, a Swedish international born and raised near Stockholm, is the first player of Moroccan descent to play for the club.

LAFC forward Denis Bouanga stunned Morocco in November 2024  by scoring four minutes into Gabon's AFCON qualifying match against the African giants, before Morocco found its footing and won 5-1.

Saturday, July 4, 2:00 p.m. PT

FRANCE 🇫🇷

FIFA ranking: 1

Path to Round of 16: 3-1 win vs. Senegal; 3-0 win vs. Iraq; 4-1 win vs. Norway; 3-0 win vs. Sweden

LAFC connection: LAFC goalkeeper Hugo Lloris helped lead France to two consecutive World Cup finals, winning the 2018 World Cup and finishing second to Argentina in 2022. Lloris held the record for most appearances by a goalkeeper in FIFA World Cup history (20) before Germany's Manuel Neuer surpassed him last month. Former LAFC striker Olivier Giroud was France's all-time leading goal scorer (57 goals) before Kylian Mbappe surpassed him last month.

LAFC forward Jeremy Ebobisse was born in Paris.

PARAGUAY 🇵🇾

FIFA ranking: 34

Path to Round of 16: 1-4 loss to U.S.; 1-0 win vs. Türkiye; 0-0 draw vs. Australia; 1-1 draw vs. Germany (4-3 pens)

LAFC connection: Paraguay's roster features four MLS midfielders, including Miguel Almirón and Matías Galarza of Atlanta United, and Braian Ojeda of Orlando City. Vancouver Whitecaps midfielder Andrés Cubas has faced LAFC 13 times in his MLS career.

Los Angeles hosted Paraguay's first World Cup match of 2026, a 4-1 defeat to the United States in front of more than 70,000 fans on June 12.

Sunday, July 5, 1:00 p.m. PT

BRAZIL 🇧🇷

FIFA ranking: 5

Path to Round of 16: 1-1 draw vs. Morocco; 3-0 win vs. Haiti; 3-0 win vs. Scotland; 2-1 win vs. Japan

LAFC connection: Brazilian players have scored two of the biggest goals in LAFC history. Current LAFC midfielder Igor Jesus is from Goiânia, Brazil, played for Brazilian titans Flamengo, and was part of the Brazil U-23 team that won gold at the 2023 Pan-Am Games. His late headed equalizer against Club América in May 2025 enabled LAFC's first berth in the FIFA Club World Cup. Brazilian centerback Marlon headed home late against San Jose on Decision Day 2024 to give LAFC a first-place finish in the Western Conference.

LAFC head coach Marc Dos Santos has coached at FC Primeira Camisa (U-20) and SE Palmeiras (U-15) in Brazil. Current Brazilian National Team defender Danilo faced LAFC as a member of Flamengo during the 2025 FIFA Club World Cup. Another defender on Brazil's current World Cup squad, Leo Pereira, was also on that Flamengo side but did not play against LAFC in last year's 1-1 draw.

NORWAY 🇳🇴

FIFA ranking: 21

Path to Round of 16: 4-1 win vs. Iraq; 3-2 win vs. Senegal; 1-4 loss vs. France; 2-1 win vs. Côte d'Ivoire

LAFC connection: Last season the Black & Gold added midfielder Odin Thiago Holm on loan from Scottish Premier League club Celtic F.C.  A native of Trondheim, Norway, Holm debuted at age 15 in the Norwegian first division and appeared for Norway's national team at every age level from U-15 to U-21. He is currently with Vålerenga in his home country.

Sunday, July 5, 5:00 p.m. PT

MEXICO 🇲🇽

FIFA ranking: 10

Path to Round of 16: 2-0 win vs. South Africa; 1-0 win vs. South Korea; 3-0 win vs. Czechia; 2-0 win vs. Ecuador

LAFC connection: LAFC's first Designated Player, Mexican star Carlos Vela (above), joined LAFC in 2017 and went on to become the most decorated player in club history. The Black & Gold's longtime captain earned the 2019 MLS MVP and Golden Boot awards and became the Black & Gold's all-time leading goal scorer and assist provider before retiring in 2024 and becoming its first Club Ambassador, and earlier this year, an owner. Vela scored 19 goals in 72 appearances for Mexico and starred for El Tri at the 2010 and 2018 FIFA World Cups.

Modern-day Los Angeles used to be in Mexico, and Mexican fans and culture have profoundly influenced the identity of LAFC since its founding in 2014. Mexican-American supporters comprise a vast percentage of the club's local fanbase, including The 3252 Supporters Union.

ENGLAND 🏴󠁧󠁢󠁥󠁮󠁧󠁿

FIFA ranking: 4

Path to Round of 16: 4-2 win vs. Croatia; 0-0 draw vs. Ghana; 2-0 win vs. Panama; 2-1 win vs. DR Congo

LAFC connection: Three English players have worn the Black & Gold: midfielder Lewis O'Brien (2024), goalkeeper Jamal Blackman (2021), and legendary forward Bradley Wright-Phillips (2020).

Current England player Reece James played against LAFC in the FIFA Club World Cup last year, for Chelsea.

In 1997, John Thorrington (who would go on to become LAFC's Co-President and GM) made history as the youngest American player to ever sign with an English Premier League club when he joined Manchester United at age 17.

Monday, July 6, 12:00 p.m. PT

SPAIN 🇪🇸

FIFA ranking: 3

Path to Round of 16: 0-0 draw vs. Cabo Verde; 4-0 win vs. Saudi Arabia; 1-0 win vs. Uruguay; 3-0 win vs. Austria

LAFC connection: Current LAFC defender Sergi Palencia (above) is a native of Badalona, Spain, and spent more than a decade at FC Barcelona. Former LAFC captain Ilie Sánchez is from Barcelona and, like Palencia, was developed at Barça's famed La Masia Academy. Sánchez and forward Christian Tello (veteran of La Liga and Spain's national team) were members of LAFC's 2022 MLS Cup championship team.

LAFC Academy Director Toni Hernandez is from Valencia, Spain, and joined the Black & Gold in 2025 after spending nearly four years running Barcelona FC's academy.

PORTUGAL 🇵🇹

FIFA ranking: 7

Path to Round of 16: 1-1 draw vs. DR Congo; 5-0 win vs. Uzbekistan; 0-0 draw vs. Colombia; 2-1 win vs. Croatia

LAFC connection: Stephen Eustáquio (see Canada, above) moved to Portugal at age 7 and has spent most of his club career in Portugal. Former LAFC Designated Player Andre Horta is Portuguese and currently plays for Primeira Liga club Braga. LAFC midfielder Igor Jesus was acquired from Portuguese Primeira Liga club Estrela da Amadora. LAFC forward Tyler Boyd played professionally in Portugal. LAFC assistant coach Xavier Tamarit completed postgraduate studies at the University of Porto.

Monday, July 6, 5:00 p.m. PT

UNITED STATES 🇺🇸

FIFA ranking: 16

Path to Round of 16: 4-1 win vs. Paraguay; 2-0 win vs. Australia; 2-3 loss to Türkiye; 2-0 win vs. Bosnia-Herz.

LAFC connection: Current USMNT midfielder Malik Tillman (above L) is the younger brother of LAFC midfielder Timmy Tillman, who played for USMNT in 2024 and 2025. Malik has played 266 minutes for the Americans in this World Cup. His second-half free-kick goal against Bosnia and Herzegovina sealed the U.S.'s 2-0 win in the Round of 32. 

LAFC's first coach, Bob Bradley, coached USMNT from 2006 to 2011. LAFC's second head coach Steve Cherundolo earned 87 caps as a right back for USMNT between 1999 and 2012 and has since joined Bradley in the U.S. Soccer Hall of Fame. Thorrington earned four caps for the USMNT.

Current LAFC players who have been capped by the United States include Aaron Long, Mark Delgado, Tyler Boyd, Jeremy Ebobisse, and Timmy Tillman.

BELGIUM 🇧🇪

FIFA ranking: 9

Path to Round of 16: 1-1 draw vs. Egypt; 0-0 draw vs. Iran; 5-1 win vs. New Zealand; 3-2 win vs. Senegal (AET)

LAFC connection: Former LAFC defender Laurent Ciman (now retired) played for Belgium and scored the first home goal in LAFC history, the matchwinner in a 1-0 win over Seattle in the Black & Gold's LA debut in 2018. Ciman competed for Belgium at the 2008 Olympics, was named to Belgium's squad for the 2014 World Cup, and was an alternate for Belgium's 2018 World Cup squad.

Lloris played under current Belgium manager Rudi Garcia from 2010 to 2012 when Lloris played for Olympique Lyonnais in France.

Los Angeles hosted Belgium's 0-0 draw against Iran on June 21.

Tuesday, July 7, 9:00 a.m. PT

ARGENTINA 🇦🇷

FIFA ranking: 2

Path to Round of 16: 3-0 win vs. Algeria; 2-0 win vs. Austria; 3-1 win vs. Jordan; 3-2 win vs. Cabo Verde (AET)

LAFC connection: LAFC has competed against Lionel Messi and Inter Miami four times since Argentina's captain joined MLS in 2023, with a 2W-0D-2L record in those matches. 

Argentinian defender Franco Escobar was a member of LAFC's 2022 MLS Cup championship team. Current LAFC Homegrown midfielder Jude Terry has Argentine ancestry and enjoys watching Argentina national team stars Messi and Enzo Fernandez (who scored against LAFC for Chelsea in the FIFA Club World Cup 2025). 

EGYPT 🇪🇬

FIFA ranking: 24

Path to Round of 16: 1-1 draw vs. Belgium; 3-1 win vs. New Zealand; 1-1 draw vs. Iran; 1-1 draw vs. Australia (4-2 pens)

LAFC connection: Egyptian defender-midfielder Omar Gaber joined LAFC on loan (from FC Basel of Switzerland) for the club's inaugural 2018 season. The only Egyptian player to have appeared for LAFC's first team to date, Gaber helped Egypt qualify for the 2018 World Cup. Bob Bradley (see U.S., above) managed the Egyptian national team from 2011 to 2013, where he met and mentored Gaber.

Tuesday, July 7, 1:00 p.m. PT


COLOMBIA 🇨🇴

FIFA ranking: 11

Path to Round of 16: 3-1 win vs. Uzbekistan; 1-0 win vs. DR Congo; 0-0 draw vs. Portugal; 1-0 win vs. Ghana

LAFC connection: Colombian talent has fortified LAFC's rosters since the club's first season. Midfielder Eduard Atuesta (above left) was an LAFC Original on that 2018 debut side, and was named to the MLS Best XI in 2019. That year defender Eddie Segura (above right) joined LAFC and is currently LAFC's longest-tenured player and has played more minutes than anyone in club history. Segura and defender Jesus Murillo were on LAFC's 2022 MLS Cup championship team, as was striker Cristian “Chicho” Arango, who scored 30 regular-season goals in Black & Gold and won the MLS Newcomer of the Year award in 2021.

SWITZERLAND 🇨🇭

FIFA ranking: 15

Path to Round of 16: 1-1 draw vs. Qatar; 4-1 win vs. Bosnia-Herz.; 2-1 win vs. Canada; 2-0 win vs. Algeria

LAFC connection: In 2024, LAFC acquired a majority stake of Swiss side Grasshopper Club Zurich before transferring that stake to another ownership group earlier this week. LAFC midfielder Mathieu Choinière played for Grasshopper before joining LAFC on loan last season (2025) and eventually signing long-term. Former LAFC forward Ismael Tajouri-Shradi, who scored two goals in six appearances in 2022, was born in Bern, Switzerland.

Join the LAFC community and supporters from around the world at these gatherings, featuring live broadcasts of FIFA World Cup matches:

JULY 6
USA VS. BELGIUM WATCH PARTY 
SANTA MONICA BREW WORKS
1920 COLORADO AVE., SANTA MONICA, CA 90404

JULY 11
VENICE BEACH FIFA FAN ZONE
1 WINDWARD AVE., LA, CA 90291
- two Quarterfinal matches

JULY 14
WEST HARBOR FIFA FAN ZONE
1332 S. HARBOR BLVD., LA, CA 90291
- two Semifinal matches

JULY 18
WEST HARBOR FIFA FAN ZONE
1332 S. HARBOR BLVD., LA, CA 90291
- third-place match

LAFC will be back in action on Friday, July 17, when the Black & Gold travels to Carson to face the Galaxy at Dignity Health Sports Park. Kickoff is scheduled for 7:45 p.m. PT. All MLS matches are broadcast on Apple TV.

Sign up to receive the latest from the Black & Gold.

Give your group an experience they'll never forget with exclusive opportunities at an LAFC match.","{'href': 'https://www.lafc.com', 'title': 'LAFC'}","soccer"
"https://news.google.com/rss/search?q=fifa+world+cup","Real Madrid, Vinicius will meet after FIFA World Cup to discuss contract negotiations -report","https://sports.yahoo.com/articles/real-madrid-vinicius-meet-fifa-092748018.html","Sat, 04 Jul 2026 09:27:48 GMT","

...

Real Madrid's board and Vinicius Júnior will discuss a contract extension after the current FIFA World Cup, according to a report published on MARCA. The Brazilian attacker is on a expiring deal, which means that he would be free to negotiate a new contract with any club in the world next January if he doesn't reach an agreement with Real Madrid before then.

The player wants a significant salary raise and Real Madrid haven't been willing to match those demands, according to reports in the Spanish press. Vinicius has leverage now, as the club will want to avoid losing the Brazilian star as a free agent.

If the two parts can't reach an agreement after the World Cup, Real Madrid could eventually explore the market for him.","{'href': 'https://sports.yahoo.com', 'title': 'Yahoo Sports'}","soccer"
"https://news.google.com/rss/search?q=site:formula1.com","Our expert guide to in-race betting at Silverstone","https://www.formula1.com/en/latest/article/our-expert-guide-to-in-race-betting-opportunities-during-the-british-grand-prix.3xh6XCbgU1oKKVv8omIJ9C","Sat, 04 Jul 2026 03:41:34 GMT","

Authentics

Store

Tickets

Hospitality

Experiences

Arcade

Previous

Current

Upcoming

2026 British GP Sprint Qualifying: Ride onboard as Lewis Hamilton claims Sprint Pole

TECH TALK – All the Silverstone updates revealed!  

© 2003-2026 Formula One World Championship Limited","{'href': 'https://www.formula1.com', 'title': 'Formula 1'}","formula_1"
"https://news.google.com/rss/search?q=site:formula1.com","Vasseur responds to Wolff's Ferrari upgrade remarks","https://www.formula1.com/en/latest/article/vasseur-responds-to-wolffs-comments-on-ferrari-upgrades-and-cost-cap.6JTRAh4j5VqYw5srsw3uvm","Sat, 04 Jul 2026 09:05:00 GMT","

Authentics

Store

Tickets

Hospitality

Experiences

Arcade

Previous

Current

Upcoming

2026 British GP Sprint Qualifying: Ride onboard as Lewis Hamilton claims Sprint Pole

TECH TALK – All the Silverstone updates revealed!  

Fred Vasseur has given his take on Toto Wolff's comments ahead of the British Grand Prix this weekend.

Ferrari Team Principal Fred Vasseur has responded to comments made by Toto Wolff after the Mercedes boss suggested the Scuderia must ""be running out of cost cap soon"" thanks to a stream of upgrades.

Wolff's comments came after the previous round in Austria, where Ferrari had once again arrived with upgrades, which included an update of its power unit.

The Italian team were unable to make the most of its new package though, failing to reach the podium with Lewis Hamilton and Charles Leclerc finishing fifth and eighth respectively.

Following the Grand Prix, Wolff told F1 TV: ""Ferrari have been throwing things at their car massively, I guess they will be running out of cost cap soon, because we couldn't do it, because we simply haven't got the margin financially. Let's see where that leads them.""

Asked about his thoughts on Wolff's comments, and how hard it was to balance bringing upgrades against the budget cap, Vassuer said: ""You are referring to the comments of Toto?

""I found it quite ironic from Toto, coming from Toto and Mercedes. When Red Bull is developing or when Mercedes is developing, they are genius, when we are developing we are cheating. I think you have to calm down with this, that we didn't bring more parts than Red Bull or another team. I don't know if it was a joke.""

Hamilton's victory in Barcelona – the seven-time World Champion's first for Ferrari – remains the only non-Mercedes win this season during a Grand Prix, and the Scuderia continue to be the German manufacturer's closest challengers heading to Silverstone.

Hamilton was also fastest in the sole, one-hour practice session on Friday before Sprint Qualifying, suggesting he and Ferrari will remain a thorn in Mercedes' side this weekend.

While Vasseur added that ""I think it was better to avoid to speak"" when asked if he had talked to Wolff about his comments, the Ferrari boss suggested it was the best practice to bring upgrades as early as possible during the season.

""I think [the] more performance you can bring at the beginning, that we are all in the same boat,"" he explained in the Team Representative's press conference on Friday.

""If we can bring something at the beginning we do it, and it's better to have a couple of tenths for five races than just a couple of tenths for the last two.

""Sometimes it's difficult to find performance. Sometimes you can have the feeling you're bringing a big upgrade but it is just the modification of some parts.""

Next Up

© 2003-2026 Formula One World Championship Limited","{'href': 'https://www.formula1.com', 'title': 'Formula 1'}","formula_1"
